iteration,timestamp,aboxSizeOblig,queryKeyword,elapsedTimeInMillis,memoryUsedInKB,tboxLoadMs,aboxLoadMs,contextBuildMs,inferenceMs,queryMs,gcCount,gcTimeMs
1,10/09/2026 20:47,13500,obligation-state,5052,87257,1338,1715,222,1704,70,5,119
2,10/09/2026 20:47,13500,obligation-state,4013,89666,440,1655,223,1607,86,5,121
3,10/09/2026 20:47,13500,obligation-state,4041,90012,430,1680,295,1585,50,5,117
4,10/09/2026 20:47,13500,obligation-state,4013,88445,437,1635,284,1584,70,5,122
5,10/09/2026 20:47,13500,obligation-state,3998,104466,429,1630,271,1616,51,5,120
6,10/09/2026 20:47,13500,obligation-state,3982,104204,429,1623,274,1604,51,5,114
7,10/09/2026 20:47,13500,obligation-state,4059,108072,433,1646,302,1623,53,5,111
8,10/09/2026 20:47,13500,obligation-state,4011,104365,429,1626,279,1622,54,5,119
9,10/09/2026 20:47,13500,obligation-state,3957,82902,429,1617,263,1576,70,5,112
10,10/09/2026 20:48,13500,obligation-state,3976,108357,441,1635,227,1615,56,5,115
11,10/09/2026 20:48,13500,obligation-state,4013,87518,431,1642,225,1645,68,5,114
12,10/09/2026 20:48,13500,obligation-state,3952,104014,430,1656,225,1587,52,5,116
13,10/09/2026 20:48,13500,obligation-state,3936,108721,432,1644,223,1583,52,5,119
14,10/09/2026 20:48,13500,obligation-state,3920,87344,434,1618,225,1562,78,5,115
15,10/09/2026 20:48,13500,obligation-state,4011,104706,466,1669,225,1595,54,5,116
16,10/09/2026 20:48,13500,obligation-state,3942,103727,430,1646,224,1589,50,5,119
17,10/09/2026 20:48,13500,obligation-state,4067,109537,426,1677,297,1613,52,5,118
18,10/09/2026 20:48,13500,obligation-state,4009,87734,430,1649,272,1587,69,5,117
19,10/09/2026 20:48,13500,obligation-state,3983,94196,428,1640,266,1597,50,5,112
20,10/09/2026 20:48,13500,obligation-state,3991,104603,432,1624,267,1614,53,5,114
21,10/09/2026 20:48,13500,obligation-state,4032,94069,434,1622,287,1621,67,5,119
22,10/09/2026 20:48,13500,obligation-state,4059,87542,430,1644,291,1625,68,5,115
23,10/09/2026 20:48,13500,obligation-state,4021,103632,430,1639,269,1629,52,5,117
24,10/09/2026 20:48,13500,obligation-state,3988,93283,428,1636,302,1570,50,5,109
25,10/09/2026 20:49,13500,obligation-state,4040,88630,428,1633,290,1603,84,5,116
26,10/09/2026 20:49,13500,obligation-state,3993,108420,427,1619,233,1661,51,5,117
27,10/09/2026 20:49,13500,obligation-state,3998,104093,472,1654,223,1596,51,5,123
28,10/09/2026 20:49,13500,obligation-state,4021,110128,430,1629,297,1611,52,5,114
29,10/09/2026 20:49,13500,obligation-state,3945,89324,429,1621,227,1615,52,5,115
30,10/09/2026 20:49,13500,obligation-state,4004,109734,429,1646,287,1583,57,5,111
31,10/09/2026 20:49,13500,obligation-state,4014,105421,427,1626,290,1619,51,5,115
32,10/09/2026 20:49,13500,obligation-state,3945,87506,456,1659,224,1534,70,5,115
33,10/09/2026 20:49,13500,obligation-state,4012,103715,426,1626,282,1621,55,5,115
34,10/09/2026 20:49,13500,obligation-state,4022,108170,429,1654,233,1634,69,5,116
35,10/09/2026 20:49,13500,obligation-state,3940,99550,425,1630,225,1605,52,5,117
36,10/09/2026 20:49,13500,obligation-state,3907,104263,425,1614,222,1592,52,5,117
37,10/09/2026 20:49,13500,obligation-state,4009,104467,429,1626,276,1623,54,5,117
38,10/09/2026 20:49,13500,obligation-state,4065,83029,426,1679,316,1572,69,5,114
39,10/09/2026 20:50,13500,obligation-state,4027,87147,425,1671,262,1597,70,5,114
40,10/09/2026 20:50,13500,obligation-state,3966,94137,430,1625,286,1574,50,5,114
41,10/09/2026 20:50,13500,obligation-state,3990,89868,431,1638,272,1597,50,5,120
42,10/09/2026 20:50,13500,obligation-state,4016,109188,458,1687,223,1595,52,5,118
43,10/09/2026 20:50,13500,obligation-state,4043,87858,431,1631,283,1625,70,5,114
44,10/09/2026 20:50,13500,obligation-state,4010,109091,432,1634,287,1603,52,5,116
45,10/09/2026 20:50,13500,obligation-state,4006,89566,432,1625,286,1611,50,5,114
46,10/09/2026 20:50,13500,obligation-state,4047,108567,432,1610,284,1660,59,5,114
47,10/09/2026 20:50,13500,obligation-state,4056,92703,428,1658,292,1626,50,5,116
48,10/09/2026 20:50,13500,obligation-state,3994,108357,424,1642,264,1609,53,5,110
49,10/09/2026 20:50,13500,obligation-state,4001,104372,426,1617,281,1623,52,5,115
50,10/09/2026 20:50,13500,obligation-state,4081,105302,451,1696,235,1636,61,5,117
51,10/09/2026 20:50,13500,obligation-state,3999,104995,443,1686,221,1595,52,5,124
52,10/09/2026 20:50,13500,obligation-state,4024,88673,424,1665,239,1617,78,5,119
53,10/09/2026 20:51,13500,obligation-state,4002,110191,426,1636,222,1663,52,5,122
54,10/09/2026 20:51,13500,obligation-state,3956,88608,427,1635,223,1602,68,5,114
55,10/09/2026 20:51,13500,obligation-state,3949,108668,425,1651,222,1597,52,5,115
56,10/09/2026 20:51,13500,obligation-state,4020,87597,436,1622,283,1609,69,5,111
57,10/09/2026 20:51,13500,obligation-state,3999,104218,425,1635,288,1594,54,5,112
58,10/09/2026 20:51,13500,obligation-state,4073,104516,428,1638,312,1642,50,5,116
59,10/09/2026 20:51,13500,obligation-state,3999,88527,428,1641,290,1565,73,5,121
60,10/09/2026 20:51,13500,obligation-state,3982,108724,429,1623,224,1652,52,5,113
61,10/09/2026 20:51,13500,obligation-state,3964,102794,435,1642,224,1609,52,5,120
62,10/09/2026 20:51,13500,obligation-state,4026,92993,433,1642,290,1607,52,5,114
63,10/09/2026 20:51,13500,obligation-state,3964,93628,431,1653,226,1598,53,5,118
64,10/09/2026 20:51,13500,obligation-state,4030,103096,429,1616,272,1658,52,5,117
65,10/09/2026 20:51,13500,obligation-state,3950,103630,431,1631,223,1610,53,5,115
66,10/09/2026 20:51,13500,obligation-state,3950,107882,430,1646,222,1598,52,5,117
67,10/09/2026 20:51,13500,obligation-state,4032,113976,428,1648,292,1609,52,5,116
68,10/09/2026 20:52,13500,obligation-state,3917,103145,430,1632,221,1580,51,5,113
69,10/09/2026 20:52,13500,obligation-state,3980,105450,431,1650,224,1621,54,5,116
70,10/09/2026 20:52,13500,obligation-state,4020,89174,430,1634,225,1675,55,5,118
71,10/09/2026 20:52,13500,obligation-state,3962,104019,429,1634,225,1620,52,5,114
72,10/09/2026 20:52,13500,obligation-state,3990,87473,433,1636,261,1588,70,5,112
73,10/09/2026 20:52,13500,obligation-state,4029,104293,430,1626,286,1632,53,5,119
74,10/09/2026 20:52,13500,obligation-state,4062,108548,430,1636,299,1641,54,5,115
75,10/09/2026 20:52,13500,obligation-state,4053,88884,432,1666,228,1676,51,5,113
76,10/09/2026 20:52,13500,obligation-state,4057,108670,432,1661,288,1621,54,5,121
77,10/09/2026 20:52,13500,obligation-state,4037,89008,428,1633,268,1654,52,5,113
78,10/09/2026 20:52,13500,obligation-state,3952,83751,430,1638,225,1587,70,5,116
79,10/09/2026 20:52,13500,obligation-state,3953,109694,434,1621,269,1577,51,5,116
80,10/09/2026 20:52,13500,obligation-state,4043,108582,427,1624,291,1649,51,5,117
81,10/09/2026 20:52,13500,obligation-state,4038,104131,429,1641,291,1619,57,5,118
82,10/09/2026 20:53,13500,obligation-state,4019,89363,427,1671,285,1584,50,5,115
83,10/09/2026 20:53,13500,obligation-state,3972,87582,428,1661,225,1586,70,5,117
84,10/09/2026 20:53,13500,obligation-state,3980,108703,432,1632,266,1596,53,5,117
85,10/09/2026 20:53,13500,obligation-state,4044,103027,424,1639,291,1635,53,5,117
86,10/09/2026 20:53,13500,obligation-state,3946,103409,429,1644,226,1591,54,5,120
87,10/09/2026 20:53,13500,obligation-state,4018,94313,456,1668,222,1619,50,5,118
88,10/09/2026 20:53,13500,obligation-state,3988,89322,429,1637,223,1645,52,5,114
89,10/09/2026 20:53,13500,obligation-state,3949,94010,438,1654,224,1581,50,5,120
90,10/09/2026 20:53,13500,obligation-state,3971,105214,429,1633,265,1591,52,5,112
91,10/09/2026 20:53,13500,obligation-state,3976,93557,426,1620,269,1610,49,5,114
92,10/09/2026 20:53,13500,obligation-state,3972,87746,425,1633,285,1559,67,5,112
93,10/09/2026 20:53,13500,obligation-state,4008,87828,440,1609,294,1595,69,5,112
94,10/09/2026 20:53,13500,obligation-state,4045,94063,431,1647,294,1618,52,5,118
95,10/09/2026 20:53,13500,obligation-state,4018,108735,432,1631,288,1603,63,5,111
96,10/09/2026 20:53,13500,obligation-state,4066,104482,430,1654,290,1636,55,5,115
97,10/09/2026 20:54,13500,obligation-state,3955,108808,431,1624,223,1623,52,5,115
98,10/09/2026 20:54,13500,obligation-state,4004,103574,430,1661,228,1624,59,5,118
99,10/09/2026 20:54,13500,obligation-state,4011,88862,430,1619,291,1599,71,5,116
100,10/09/2026 20:54,13500,obligation-state,3998,88925,430,1650,228,1637,51,5,115
101,10/09/2026 20:54,13500,obligation-state,3967,82870,438,1635,226,1596,69,5,117
102,10/09/2026 20:54,13500,obligation-state,3999,103276,432,1625,271,1612,55,5,120
103,10/09/2026 20:54,13500,obligation-state,4061,104465,458,1675,227,1644,55,5,122
104,10/09/2026 20:54,13500,obligation-state,4023,94310,434,1629,289,1616,52,5,115
105,10/09/2026 20:54,13500,obligation-state,3970,93801,433,1633,240,1611,50,5,114
106,10/09/2026 20:54,13500,obligation-state,4030,94241,434,1621,295,1623,55,5,113
107,10/09/2026 20:54,13500,obligation-state,4042,109669,427,1650,289,1611,62,5,116
108,10/09/2026 20:54,13500,obligation-state,3984,103886,428,1633,225,1631,64,5,115
109,10/09/2026 20:54,13500,obligation-state,4033,109700,429,1650,266,1635,51,5,112
110,10/09/2026 20:54,13500,obligation-state,4079,87634,424,1662,311,1610,70,5,114
111,10/09/2026 20:55,13500,obligation-state,4044,88711,449,1693,224,1625,50,5,119
112,10/09/2026 20:55,13500,obligation-state,3952,88656,426,1616,273,1587,48,5,116
113,10/09/2026 20:55,13500,obligation-state,4005,94989,426,1606,279,1641,51,5,118
114,10/09/2026 20:55,13500,obligation-state,4052,83388,434,1710,227,1606,73,5,115
115,10/09/2026 20:55,13500,obligation-state,4028,88303,430,1654,285,1586,71,5,119
116,10/09/2026 20:55,13500,obligation-state,3918,103660,426,1614,222,1604,50,5,111
117,10/09/2026 20:55,13500,obligation-state,4016,87183,453,1661,224,1607,69,5,118
118,10/09/2026 20:55,13500,obligation-state,3995,113891,451,1676,224,1588,54,5,120
119,10/09/2026 20:55,13500,obligation-state,3942,82837,430,1630,223,1574,84,5,115
120,10/09/2026 20:55,13500,obligation-state,3957,87250,431,1645,227,1584,68,5,113
121,10/09/2026 20:55,13500,obligation-state,3936,108552,431,1636,225,1589,53,5,115
122,10/09/2026 20:55,13500,obligation-state,3989,103811,434,1666,225,1609,53,5,116
123,10/09/2026 20:55,13500,obligation-state,4045,103478,454,1638,285,1614,52,5,116
124,10/09/2026 20:55,13500,obligation-state,4000,102912,440,1622,270,1613,52,5,122
125,10/09/2026 20:55,13500,obligation-state,3968,102949,444,1651,226,1594,50,5,117
126,10/09/2026 20:56,13500,obligation-state,3979,109604,432,1641,228,1619,56,5,113
127,10/09/2026 20:56,13500,obligation-state,4007,103835,438,1637,285,1589,56,5,120
128,10/09/2026 20:56,13500,obligation-state,4045,98494,427,1631,289,1642,54,5,123
129,10/09/2026 20:56,13500,obligation-state,4051,103772,440,1620,280,1653,55,5,116
130,10/09/2026 20:56,13500,obligation-state,3989,94972,432,1641,227,1635,52,5,115
131,10/09/2026 20:56,13500,obligation-state,4040,109928,431,1636,291,1627,53,5,113
132,10/09/2026 20:56,13500,obligation-state,4031,107393,431,1630,283,1633,52,5,116
133,10/09/2026 20:56,13500,obligation-state,3934,104202,430,1646,224,1579,52,5,115
134,10/09/2026 20:56,13500,obligation-state,4031,99810,432,1627,292,1624,54,5,119
135,10/09/2026 20:56,13500,obligation-state,4036,87156,432,1662,271,1600,69,5,112
136,10/09/2026 20:56,13500,obligation-state,3937,87477,432,1627,227,1570,79,5,114
137,10/09/2026 20:56,13500,obligation-state,4037,87462,431,1662,273,1598,70,5,118
138,10/09/2026 20:56,13500,obligation-state,4022,108839,447,1667,225,1630,51,5,116
139,10/09/2026 20:56,13500,obligation-state,4020,103754,427,1639,288,1612,53,5,116
140,10/09/2026 20:57,13500,obligation-state,3995,93697,431,1629,285,1586,62,5,117
141,10/09/2026 20:57,13500,obligation-state,4052,109930,431,1637,301,1627,53,5,113
142,10/09/2026 20:57,13500,obligation-state,4053,87385,432,1630,292,1628,69,5,117
143,10/09/2026 20:57,13500,obligation-state,3925,108839,432,1627,224,1587,53,5,118
144,10/09/2026 20:57,13500,obligation-state,4071,104390,434,1676,274,1631,53,5,114
145,10/09/2026 20:57,13500,obligation-state,4018,103931,431,1638,291,1605,52,5,118
146,10/09/2026 20:57,13500,obligation-state,4000,109502,433,1620,273,1620,52,5,116
147,10/09/2026 20:57,13500,obligation-state,4000,87701,432,1627,275,1588,76,5,112
148,10/09/2026 20:57,13500,obligation-state,4040,103909,446,1658,284,1598,52,5,116
149,10/09/2026 20:57,13500,obligation-state,3965,108322,430,1634,231,1616,52,5,113
150,10/09/2026 20:57,13500,obligation-state,4022,108802,434,1612,275,1633,67,5,113
151,10/09/2026 20:57,13500,obligation-state,4027,87859,431,1618,274,1632,70,5,114
152,10/09/2026 20:57,13500,obligation-state,4005,104404,446,1651,284,1572,50,5,118
153,10/09/2026 20:57,13500,obligation-state,3970,87361,425,1647,265,1561,70,5,116
154,10/09/2026 20:58,13500,obligation-state,3954,104498,440,1642,225,1594,51,5,119
155,10/09/2026 20:58,13500,obligation-state,3990,90016,427,1622,294,1594,51,5,111
156,10/09/2026 20:58,13500,obligation-state,3976,94145,426,1623,237,1638,51,5,116
157,10/09/2026 20:58,13500,obligation-state,4024,103587,427,1620,287,1636,52,5,115
158,10/09/2026 20:58,13500,obligation-state,4017,83573,426,1617,271,1629,72,5,115
159,10/09/2026 20:58,13500,obligation-state,3956,88966,425,1615,283,1561,70,5,111
160,10/09/2026 20:58,13500,obligation-state,3981,109060,429,1632,289,1579,51,5,121
161,10/09/2026 20:58,13500,obligation-state,4055,103211,452,1683,236,1632,51,5,114
162,10/09/2026 20:58,13500,obligation-state,4048,103930,427,1643,290,1619,67,5,119
163,10/09/2026 20:58,13500,obligation-state,3974,102677,428,1629,224,1630,61,5,120
164,10/09/2026 20:58,13500,obligation-state,3976,87191,428,1615,267,1582,82,5,113
165,10/09/2026 20:58,13500,obligation-state,4033,93239,426,1645,284,1622,54,5,115
166,10/09/2026 20:58,13500,obligation-state,4013,104314,430,1630,293,1605,53,5,118
167,10/09/2026 20:58,13500,obligation-state,3995,104479,428,1644,227,1627,66,5,118
168,10/09/2026 20:58,13500,obligation-state,3966,103258,428,1620,224,1628,64,5,113
169,10/09/2026 20:59,13500,obligation-state,4007,108180,426,1616,292,1620,51,5,115
170,10/09/2026 20:59,13500,obligation-state,4057,86773,429,1629,271,1649,76,5,117
171,10/09/2026 20:59,13500,obligation-state,4001,89392,430,1641,223,1657,48,5,114
172,10/09/2026 20:59,13500,obligation-state,4021,82681,427,1637,284,1600,71,5,113
173,10/09/2026 20:59,13500,obligation-state,3900,88625,428,1620,221,1559,69,5,115
174,10/09/2026 20:59,13500,obligation-state,3998,90211,428,1632,286,1600,51,5,110
175,10/09/2026 20:59,13500,obligation-state,3999,109573,427,1626,268,1619,57,5,118
176,10/09/2026 20:59,13500,obligation-state,3912,108950,425,1644,222,1569,50,5,112
177,10/09/2026 20:59,13500,obligation-state,4040,105183,427,1627,289,1643,51,5,112
178,10/09/2026 20:59,13500,obligation-state,4076,83321,450,1656,290,1606,72,5,122
179,10/09/2026 20:59,13500,obligation-state,4046,103126,427,1617,231,1715,55,5,116
180,10/09/2026 20:59,13500,obligation-state,3961,88009,430,1616,281,1562,69,5,118
181,10/09/2026 20:59,13500,obligation-state,4053,87480,435,1622,313,1610,72,5,115
182,10/09/2026 20:59,13500,obligation-state,4033,108806,426,1614,282,1657,53,5,115
183,10/09/2026 21:00,13500,obligation-state,4011,104194,426,1635,265,1631,52,5,116
184,10/09/2026 21:00,13500,obligation-state,3988,104316,427,1659,269,1578,53,5,116
185,10/09/2026 21:00,13500,obligation-state,3981,109439,428,1659,227,1613,52,5,115
186,10/09/2026 21:00,13500,obligation-state,3951,93180,428,1621,222,1629,50,5,117
187,10/09/2026 21:00,13500,obligation-state,3992,109131,422,1612,273,1630,54,5,112
188,10/09/2026 21:00,13500,obligation-state,3975,114182,428,1632,272,1587,53,5,119
189,10/09/2026 21:00,13500,obligation-state,4027,102372,429,1645,283,1604,63,5,121
190,10/09/2026 21:00,13500,obligation-state,4055,89986,429,1647,290,1635,51,5,115
191,10/09/2026 21:00,13500,obligation-state,4019,86564,429,1632,263,1615,78,5,117
192,10/09/2026 21:00,13500,obligation-state,4043,103716,428,1619,282,1646,66,5,119
193,10/09/2026 21:00,13500,obligation-state,3999,90174,426,1612,286,1622,51,5,112
194,10/09/2026 21:00,13500,obligation-state,3986,88287,429,1632,227,1626,70,5,116
195,10/09/2026 21:00,13500,obligation-state,4007,87960,431,1635,237,1629,73,5,113
196,10/09/2026 21:00,13500,obligation-state,4013,103004,430,1685,262,1582,51,5,118
197,10/09/2026 21:00,13500,obligation-state,3907,103660,424,1618,220,1590,53,5,115
198,10/09/2026 21:01,13500,obligation-state,4096,104259,432,1661,287,1660,53,5,118
199,10/09/2026 21:01,13500,obligation-state,4042,109555,433,1641,289,1626,51,5,112
200,10/09/2026 21:01,13500,obligation-state,3914,104504,426,1614,222,1597,53,5,115
1,10/09/2026 21:06,27000,obligation-state,7189,261766,426,3164,522,3004,72,12,302
2,10/09/2026 21:06,27000,obligation-state,6934,282715,450,3056,470,2882,74,12,287
3,10/09/2026 21:06,27000,obligation-state,6909,247471,444,2996,461,2930,76,12,297
4,10/09/2026 21:06,27000,obligation-state,6933,149643,430,2984,483,2955,80,13,288
5,10/09/2026 21:06,27000,obligation-state,6930,255167,430,2989,533,2903,74,12,279
6,10/09/2026 21:06,27000,obligation-state,6926,162752,428,2989,535,2891,80,13,284
7,10/09/2026 21:07,27000,obligation-state,6917,270483,435,3037,472,2895,76,12,289
8,10/09/2026 21:07,27000,obligation-state,6904,263255,433,2947,530,2914,77,12,265
9,10/09/2026 21:07,27000,obligation-state,6978,165400,431,2992,511,2960,82,13,273
10,10/09/2026 21:07,27000,obligation-state,6904,153581,435,2975,473,2940,80,13,281
11,10/09/2026 21:07,27000,obligation-state,6926,159854,432,3007,475,2933,78,13,295
12,10/09/2026 21:07,27000,obligation-state,6889,256505,455,2969,469,2919,75,12,282
13,10/09/2026 21:07,27000,obligation-state,7026,263068,434,2988,527,3000,74,12,278
14,10/09/2026 21:07,27000,obligation-state,6998,160426,433,2979,526,2976,82,13,289
15,10/09/2026 21:07,27000,obligation-state,6884,160393,433,2950,501,2909,90,13,286
16,10/09/2026 21:08,27000,obligation-state,6997,256014,431,2991,542,2954,78,12,286
17,10/09/2026 21:08,27000,obligation-state,6919,160219,428,2988,464,2948,88,13,268
18,10/09/2026 21:08,27000,obligation-state,7030,258009,443,3030,536,2945,76,12,285
19,10/09/2026 21:08,27000,obligation-state,6939,265964,428,3009,506,2919,74,12,289
20,10/09/2026 21:08,27000,obligation-state,6954,148362,439,2990,504,2939,81,13,282
21,10/09/2026 21:08,27000,obligation-state,6979,258464,436,2987,509,2968,78,12,270
22,10/09/2026 21:08,27000,obligation-state,6865,157627,436,2959,480,2910,77,13,292
23,10/09/2026 21:08,27000,obligation-state,6886,265803,432,2982,471,2923,76,12,279
24,10/09/2026 21:09,27000,obligation-state,7044,250094,430,3013,541,2984,74,12,294
25,10/09/2026 21:09,27000,obligation-state,7017,256995,428,2951,527,3026,83,12,291
26,10/09/2026 21:09,27000,obligation-state,7038,262421,432,2975,533,3020,76,12,274
27,10/09/2026 21:09,27000,obligation-state,6935,154800,440,3052,463,2903,75,13,284
28,10/09/2026 21:09,27000,obligation-state,6906,154721,428,2959,531,2900,84,13,274
29,10/09/2026 21:09,27000,obligation-state,6912,157643,434,2972,474,2949,79,13,277
30,10/09/2026 21:09,27000,obligation-state,6879,260152,433,2958,508,2903,75,12,277
31,10/09/2026 21:09,27000,obligation-state,6896,265983,440,3007,501,2872,73,12,293
32,10/09/2026 21:09,27000,obligation-state,6914,260779,433,2985,487,2920,87,12,277
33,10/09/2026 21:10,27000,obligation-state,6994,154942,431,2973,534,2972,81,13,297
34,10/09/2026 21:10,27000,obligation-state,6909,157399,431,2981,467,2936,92,13,276
35,10/09/2026 21:10,27000,obligation-state,6907,260619,448,3025,475,2883,74,12,275
36,10/09/2026 21:10,27000,obligation-state,6850,256583,428,2969,467,2912,73,12,286
37,10/09/2026 21:10,27000,obligation-state,6834,152155,425,2969,462,2895,80,13,291
38,10/09/2026 21:10,27000,obligation-state,6904,152184,439,2982,524,2879,78,13,286
39,10/09/2026 21:10,27000,obligation-state,6988,158398,432,2985,537,2954,79,13,292
40,10/09/2026 21:10,27000,obligation-state,6894,257257,431,2982,465,2941,73,12,281
41,10/09/2026 21:11,27000,obligation-state,6947,157194,427,2974,546,2918,79,13,291
42,10/09/2026 21:11,27000,obligation-state,6974,268589,433,3029,530,2904,76,12,284
43,10/09/2026 21:11,27000,obligation-state,6887,148299,432,2990,469,2912,81,13,305
44,10/09/2026 21:11,27000,obligation-state,6892,158547,432,2963,534,2876,85,13,287
45,10/09/2026 21:11,27000,obligation-state,6974,259181,431,2979,528,2959,74,12,285
46,10/09/2026 21:11,27000,obligation-state,6853,265706,431,2995,470,2881,74,12,281
47,10/09/2026 21:11,27000,obligation-state,6851,155048,427,2986,498,2857,80,13,284
48,10/09/2026 21:11,27000,obligation-state,6812,152361,430,2970,467,2859,84,13,286
49,10/09/2026 21:12,27000,obligation-state,7002,152218,430,3000,533,2945,92,13,278
50,10/09/2026 21:12,27000,obligation-state,6897,148900,426,2996,510,2883,80,13,286
51,10/09/2026 21:12,27000,obligation-state,6813,260013,425,2942,466,2904,74,12,285
52,10/09/2026 21:12,27000,obligation-state,6852,165716,428,2960,472,2910,81,13,275
53,10/09/2026 21:12,27000,obligation-state,6901,262457,428,2982,500,2904,86,12,274
54,10/09/2026 21:12,27000,obligation-state,6865,149585,441,2997,468,2875,82,13,280
55,10/09/2026 21:12,27000,obligation-state,6873,265420,428,2980,472,2917,75,12,283
56,10/09/2026 21:12,27000,obligation-state,6934,151885,435,2958,467,2991,80,13,286
57,10/09/2026 21:12,27000,obligation-state,6846,151105,427,2965,468,2904,79,13,279
58,10/09/2026 21:13,27000,obligation-state,6858,148513,433,2961,467,2917,79,13,291
59,10/09/2026 21:13,27000,obligation-state,7003,261283,432,2958,509,3015,86,12,282
60,10/09/2026 21:13,27000,obligation-state,6864,265147,431,2961,503,2895,73,12,276
61,10/09/2026 21:13,27000,obligation-state,6919,257303,432,2985,469,2956,75,12,287
62,10/09/2026 21:13,27000,obligation-state,6915,152335,431,2990,524,2891,77,13,277
63,10/09/2026 21:13,27000,obligation-state,6923,154585,427,2972,529,2914,79,13,285
64,10/09/2026 21:13,27000,obligation-state,6955,160000,427,2981,538,2930,77,13,300
65,10/09/2026 21:13,27000,obligation-state,6950,166101,451,3029,467,2915,86,13,291
66,10/09/2026 21:14,27000,obligation-state,6967,149742,425,3014,518,2925,82,13,294
67,10/09/2026 21:14,27000,obligation-state,6839,151279,427,2961,500,2871,78,13,290
68,10/09/2026 21:14,27000,obligation-state,6925,263473,431,3018,502,2896,77,12,284
69,10/09/2026 21:14,27000,obligation-state,6849,158409,427,2974,511,2856,78,13,282
70,10/09/2026 21:14,27000,obligation-state,6958,258490,426,2997,515,2943,76,12,277
71,10/09/2026 21:14,27000,obligation-state,6892,160042,425,2972,518,2882,93,13,281
72,10/09/2026 21:14,27000,obligation-state,6949,154961,432,3010,536,2891,78,13,291
73,10/09/2026 21:14,27000,obligation-state,6872,151265,426,3026,470,2870,77,13,284
74,10/09/2026 21:14,27000,obligation-state,6869,280773,428,2988,467,2902,82,12,285
75,10/09/2026 21:15,27000,obligation-state,6966,154993,425,2964,537,2947,91,13,287
76,10/09/2026 21:15,27000,obligation-state,6890,157618,431,2970,501,2907,79,13,283
77,10/09/2026 21:15,27000,obligation-state,6936,155846,428,3017,537,2874,79,13,288
78,10/09/2026 21:15,27000,obligation-state,6976,155971,430,2988,536,2941,80,13,287
79,10/09/2026 21:15,27000,obligation-state,6959,156149,425,2956,529,2968,79,13,292
80,10/09/2026 21:15,27000,obligation-state,6831,257966,428,2962,498,2868,73,12,275
81,10/09/2026 21:15,27000,obligation-state,6964,159539,428,2987,539,2930,79,13,283
82,10/09/2026 21:15,27000,obligation-state,6966,165699,426,2963,535,2956,85,13,279
83,10/09/2026 21:16,27000,obligation-state,6872,257574,430,2962,527,2877,74,12,275
84,10/09/2026 21:16,27000,obligation-state,6922,150872,426,2966,538,2910,79,13,278
85,10/09/2026 21:16,27000,obligation-state,6923,280769,429,2975,532,2896,89,12,279
86,10/09/2026 21:16,27000,obligation-state,6954,153875,430,2984,558,2903,77,13,274
87,10/09/2026 21:16,27000,obligation-state,6857,150748,428,2942,464,2940,80,13,290
88,10/09/2026 21:16,27000,obligation-state,6910,257206,449,3001,463,2914,81,12,272
89,10/09/2026 21:16,27000,obligation-state,6866,260498,429,2985,463,2912,75,12,281
90,10/09/2026 21:16,27000,obligation-state,6871,157463,428,3013,466,2882,79,13,279
91,10/09/2026 21:16,27000,obligation-state,6836,159851,431,2982,467,2874,80,13,273
92,10/09/2026 21:17,27000,obligation-state,6890,270547,426,2973,523,2891,75,12,280
93,10/09/2026 21:17,27000,obligation-state,6943,154628,426,2962,529,2934,91,13,282
94,10/09/2026 21:17,27000,obligation-state,7003,160324,428,3004,529,2961,79,13,290
95,10/09/2026 21:17,27000,obligation-state,6881,154709,423,2961,524,2891,81,13,284
96,10/09/2026 21:17,27000,obligation-state,6939,154835,425,2985,472,2972,83,13,291
97,10/09/2026 21:17,27000,obligation-state,6862,155992,428,2966,466,2921,80,13,285
98,10/09/2026 21:17,27000,obligation-state,6970,254915,427,2993,529,2942,77,12,279
99,10/09/2026 21:17,27000,obligation-state,6882,162481,431,2986,470,2913,81,13,290
100,10/09/2026 21:18,27000,obligation-state,6976,157965,425,2998,543,2913,94,13,289
101,10/09/2026 21:18,27000,obligation-state,6876,157724,427,2946,527,2894,80,13,278
102,10/09/2026 21:18,27000,obligation-state,6930,157674,463,2989,464,2930,82,13,296
103,10/09/2026 21:18,27000,obligation-state,6850,158559,428,2939,523,2880,77,13,277
104,10/09/2026 21:18,27000,obligation-state,6895,282117,427,2947,542,2902,74,12,276
105,10/09/2026 21:18,27000,obligation-state,6969,248114,427,2992,541,2931,76,12,274
106,10/09/2026 21:18,27000,obligation-state,6784,147198,425,2944,462,2864,87,13,276
107,10/09/2026 21:18,27000,obligation-state,6949,253202,426,2984,531,2922,84,12,279
108,10/09/2026 21:18,27000,obligation-state,6906,262558,428,2963,524,2914,75,12,277
109,10/09/2026 21:19,27000,obligation-state,6886,259412,426,2965,467,2950,77,12,291
110,10/09/2026 21:19,27000,obligation-state,6884,253756,426,2998,497,2885,76,12,280
111,10/09/2026 21:19,27000,obligation-state,6907,280281,442,2970,505,2912,76,12,285
112,10/09/2026 21:19,27000,obligation-state,6865,157294,425,2957,509,2893,78,13,280
113,10/09/2026 21:19,27000,obligation-state,7005,260137,446,3012,472,2975,98,12,277
114,10/09/2026 21:19,27000,obligation-state,6876,165415,427,2952,532,2882,81,13,277
115,10/09/2026 21:19,27000,obligation-state,6844,154987,427,2986,463,2886,81,13,293
116,10/09/2026 21:19,27000,obligation-state,6904,162927,425,2976,521,2898,82,13,279
117,10/09/2026 21:20,27000,obligation-state,6893,153730,448,3013,467,2885,78,13,287
118,10/09/2026 21:20,27000,obligation-state,6968,153610,430,3028,464,2956,88,13,300
119,10/09/2026 21:20,27000,obligation-state,6857,157485,427,2970,465,2908,84,13,291
120,10/09/2026 21:20,27000,obligation-state,6842,153934,426,2966,463,2903,81,13,281
121,10/09/2026 21:20,27000,obligation-state,6905,266246,427,3025,501,2874,76,12,290
122,10/09/2026 21:20,27000,obligation-state,6891,284584,431,2986,469,2926,77,12,280
123,10/09/2026 21:20,27000,obligation-state,6925,148099,444,3026,467,2906,80,13,293
124,10/09/2026 21:20,27000,obligation-state,6861,153610,430,2986,468,2895,79,13,282
125,10/09/2026 21:20,27000,obligation-state,6950,156088,428,2997,511,2932,80,13,287
126,10/09/2026 21:21,27000,obligation-state,6817,160003,432,2965,463,2878,77,13,291
127,10/09/2026 21:21,27000,obligation-state,6857,283458,438,2979,498,2868,73,12,292
128,10/09/2026 21:21,27000,obligation-state,6884,157350,429,2998,470,2906,80,13,288
129,10/09/2026 21:21,27000,obligation-state,6911,257370,433,2974,534,2892,75,12,274
130,10/09/2026 21:21,27000,obligation-state,6905,154690,431,3005,468,2917,82,13,297
131,10/09/2026 21:21,27000,obligation-state,6924,157769,442,2967,533,2899,82,13,277
132,10/09/2026 21:21,27000,obligation-state,6946,157512,426,2994,531,2915,79,13,283
133,10/09/2026 21:21,27000,obligation-state,6868,160224,431,2961,527,2867,79,13,277
134,10/09/2026 21:22,27000,obligation-state,6997,157582,434,2976,536,2961,87,13,286
135,10/09/2026 21:22,27000,obligation-state,6940,278389,447,3004,469,2945,73,12,278
136,10/09/2026 21:22,27000,obligation-state,6948,157350,434,2977,535,2918,81,13,290
137,10/09/2026 21:22,27000,obligation-state,6901,157037,430,2963,530,2897,78,13,283
138,10/09/2026 21:22,27000,obligation-state,6882,259189,431,2987,469,2917,75,12,287
139,10/09/2026 21:22,27000,obligation-state,6840,155012,432,2973,471,2884,78,13,278
140,10/09/2026 21:22,27000,obligation-state,6862,154618,431,2961,467,2922,78,13,276
141,10/09/2026 21:22,27000,obligation-state,6859,160292,430,2964,542,2840,80,13,285
142,10/09/2026 21:22,27000,obligation-state,6968,160029,432,2994,529,2925,86,13,287
143,10/09/2026 21:23,27000,obligation-state,6902,260707,427,2977,463,2951,82,12,274
144,10/09/2026 21:23,27000,obligation-state,6968,271398,434,2984,539,2932,77,12,282
145,10/09/2026 21:23,27000,obligation-state,6973,155735,447,3038,479,2924,83,13,287
146,10/09/2026 21:23,27000,obligation-state,6882,159903,429,2971,512,2887,81,13,285
147,10/09/2026 21:23,27000,obligation-state,6868,259793,426,2967,463,2936,74,12,284
148,10/09/2026 21:23,27000,obligation-state,6928,262791,427,2985,518,2923,73,12,277
149,10/09/2026 21:23,27000,obligation-state,6934,158521,426,2987,535,2894,89,13,290
150,10/09/2026 21:23,27000,obligation-state,6923,274331,426,2951,531,2922,91,12,281
151,10/09/2026 21:24,27000,obligation-state,6924,278453,427,2999,519,2900,76,12,284
152,10/09/2026 21:24,27000,obligation-state,6864,152476,429,2950,529,2875,79,13,283
153,10/09/2026 21:24,27000,obligation-state,6847,152681,429,2963,512,2863,78,13,275
154,10/09/2026 21:24,27000,obligation-state,6928,152341,429,2953,536,2927,82,13,279
155,10/09/2026 21:24,27000,obligation-state,6890,155042,427,2963,524,2892,82,13,283
156,10/09/2026 21:24,27000,obligation-state,6916,261942,426,2976,538,2900,75,12,276
157,10/09/2026 21:24,27000,obligation-state,6961,152387,438,3020,550,2872,81,13,275
158,10/09/2026 21:24,27000,obligation-state,6889,153925,427,2982,502,2888,88,13,284
159,10/09/2026 21:24,27000,obligation-state,6959,155065,428,2985,533,2929,82,13,275
160,10/09/2026 21:25,27000,obligation-state,6813,245927,427,2941,462,2907,74,12,269
161,10/09/2026 21:25,27000,obligation-state,6929,152587,424,2974,532,2904,93,13,292
162,10/09/2026 21:25,27000,obligation-state,6889,264010,427,2989,477,2918,76,12,280
163,10/09/2026 21:25,27000,obligation-state,6847,281092,438,2956,468,2908,75,12,287
164,10/09/2026 21:25,27000,obligation-state,6874,149633,429,2977,520,2865,81,13,279
165,10/09/2026 21:25,27000,obligation-state,6812,154772,428,2964,461,2880,77,13,287
166,10/09/2026 21:25,27000,obligation-state,6870,268715,453,2990,466,2883,76,12,281
167,10/09/2026 21:25,27000,obligation-state,6959,157924,426,3000,536,2903,92,13,284
168,10/09/2026 21:26,27000,obligation-state,6925,165700,428,2941,507,2966,81,13,286
169,10/09/2026 21:26,27000,obligation-state,6923,157390,427,2980,466,2960,88,13,285
170,10/09/2026 21:26,27000,obligation-state,6929,250303,427,3006,502,2918,75,12,299
171,10/09/2026 21:26,27000,obligation-state,6830,235888,426,2949,466,2902,85,12,268
172,10/09/2026 21:26,27000,obligation-state,6908,152109,431,2992,473,2933,77,13,290
173,10/09/2026 21:26,27000,obligation-state,6942,162454,428,2991,529,2912,80,13,287
174,10/09/2026 21:26,27000,obligation-state,6931,262581,432,2991,465,2966,74,12,286
175,10/09/2026 21:26,27000,obligation-state,6917,159984,438,2997,524,2879,77,13,299
176,10/09/2026 21:26,27000,obligation-state,6972,155001,431,2974,529,2957,79,13,287
177,10/09/2026 21:27,27000,obligation-state,6932,160554,431,3003,534,2882,81,13,290
178,10/09/2026 21:27,27000,obligation-state,6925,154600,467,3000,478,2896,81,13,283
179,10/09/2026 21:27,27000,obligation-state,6938,155054,435,3008,468,2948,75,13,304
180,10/09/2026 21:27,27000,obligation-state,6921,154957,432,2987,512,2909,80,13,283
181,10/09/2026 21:27,27000,obligation-state,6897,264985,431,3005,508,2876,75,12,281
182,10/09/2026 21:27,27000,obligation-state,6958,162572,429,2996,527,2924,80,13,281
183,10/09/2026 21:27,27000,obligation-state,6998,162718,433,2990,525,2960,88,13,287
184,10/09/2026 21:27,27000,obligation-state,6824,163515,437,2977,469,2861,78,13,283
185,10/09/2026 21:28,27000,obligation-state,6901,260732,430,2975,465,2955,74,12,283
186,10/09/2026 21:28,27000,obligation-state,6940,165633,432,2979,548,2886,92,13,298
187,10/09/2026 21:28,27000,obligation-state,6884,155062,431,2990,472,2902,87,13,277
188,10/09/2026 21:28,27000,obligation-state,6918,154972,432,2998,471,2937,78,13,285
189,10/09/2026 21:28,27000,obligation-state,6884,156099,432,2978,466,2928,78,13,299
190,10/09/2026 21:28,27000,obligation-state,6922,155409,433,2982,513,2912,79,13,288
191,10/09/2026 21:28,27000,obligation-state,7002,149859,442,3014,553,2910,80,13,284
192,10/09/2026 21:28,27000,obligation-state,6952,245643,432,2984,558,2902,75,12,276
193,10/09/2026 21:28,27000,obligation-state,6809,155969,428,2957,464,2879,80,13,281
194,10/09/2026 21:29,27000,obligation-state,6944,258565,430,3015,468,2952,76,12,287
195,10/09/2026 21:29,27000,obligation-state,6961,159999,439,2978,528,2918,95,13,285
196,10/09/2026 21:29,27000,obligation-state,6988,161350,434,3047,535,2891,79,13,292
197,10/09/2026 21:29,27000,obligation-state,6999,259201,430,2956,521,3015,75,12,272
198,10/09/2026 21:29,27000,obligation-state,6935,153106,434,2991,497,2932,79,13,278
199,10/09/2026 21:29,27000,obligation-state,6852,256876,436,2972,466,2902,74,12,277
200,10/09/2026 21:29,27000,obligation-state,6911,152336,447,3041,469,2873,79,13,277
1,10/09/2026 21:34,40500,obligation-state,10401,290841,431,4660,813,4392,102,21,486
2,10/09/2026 21:35,40500,obligation-state,10220,299256,430,4451,863,4367,106,21,487
3,10/09/2026 21:35,40500,obligation-state,10093,297204,433,4449,817,4301,93,21,474
4,10/09/2026 21:35,40500,obligation-state,10286,258791,433,4497,893,4356,106,21,480
5,10/09/2026 21:35,40500,obligation-state,10246,290032,429,4464,887,4369,97,21,514
6,10/09/2026 21:35,40500,obligation-state,10122,282704,430,4395,841,4359,94,21,459
7,10/09/2026 21:36,40500,obligation-state,10197,249528,433,4418,875,4369,101,21,485
8,10/09/2026 21:36,40500,obligation-state,10225,273596,431,4433,833,4417,108,21,494
9,10/09/2026 21:36,40500,obligation-state,10187,241092,429,4446,880,4332,97,21,487
10,10/09/2026 21:36,40500,obligation-state,10183,298774,430,4458,823,4365,105,21,455
11,10/09/2026 21:36,40500,obligation-state,10173,325320,433,4458,859,4324,97,21,481
12,10/09/2026 21:36,40500,obligation-state,10194,308800,431,4444,814,4411,93,21,551
13,10/09/2026 21:37,40500,obligation-state,10203,247659,430,4420,883,4367,102,21,475
14,10/09/2026 21:37,40500,obligation-state,10162,284997,440,4451,823,4352,94,21,487
15,10/09/2026 21:37,40500,obligation-state,10105,277427,430,4442,857,4278,95,21,456
16,10/09/2026 21:37,40500,obligation-state,10208,273780,432,4455,875,4346,97,21,484
17,10/09/2026 21:37,40500,obligation-state,10118,315740,429,4378,857,4343,110,21,453
18,10/09/2026 21:37,40500,obligation-state,10210,292388,429,4507,816,4360,96,21,487
19,10/09/2026 21:38,40500,obligation-state,10199,273936,423,4450,827,4402,94,21,521
20,10/09/2026 21:38,40500,obligation-state,10088,287791,427,4402,846,4316,94,21,481
21,10/09/2026 21:38,40500,obligation-state,10045,291451,428,4376,836,4309,93,21,467
22,10/09/2026 21:38,40500,obligation-state,10094,307616,428,4413,848,4307,96,21,462
23,10/09/2026 21:38,40500,obligation-state,10158,298878,426,4409,860,4353,106,21,461
24,10/09/2026 21:38,40500,obligation-state,10184,246247,428,4415,813,4417,109,21,461
25,10/09/2026 21:39,40500,obligation-state,10253,279403,441,4493,827,4363,126,21,512
26,10/09/2026 21:39,40500,obligation-state,10120,283188,426,4439,855,4303,95,21,483
27,10/09/2026 21:39,40500,obligation-state,9996,296292,426,4379,800,4294,94,21,461
28,10/09/2026 21:39,40500,obligation-state,10177,287880,451,4413,844,4370,97,21,510
29,10/09/2026 21:39,40500,obligation-state,10219,247671,427,4429,818,4442,101,21,476
30,10/09/2026 21:39,40500,obligation-state,10118,289914,426,4432,858,4302,98,21,472
31,10/09/2026 21:40,40500,obligation-state,10212,305630,426,4443,886,4357,97,21,475
32,10/09/2026 21:40,40500,obligation-state,10076,290082,427,4421,837,4296,93,21,469
33,10/09/2026 21:40,40500,obligation-state,10156,300119,428,4408,841,4380,96,21,505
34,10/09/2026 21:40,40500,obligation-state,10217,265811,436,4473,824,4381,101,21,498
35,10/09/2026 21:40,40500,obligation-state,10099,294848,424,4463,839,4275,96,21,465
36,10/09/2026 21:40,40500,obligation-state,10188,291272,431,4476,859,4316,104,21,518
37,10/09/2026 21:41,40500,obligation-state,10158,307497,428,4497,821,4315,95,21,493
38,10/09/2026 21:41,40500,obligation-state,10085,317787,428,4408,831,4321,95,21,459
39,10/09/2026 21:41,40500,obligation-state,10221,233604,428,4523,849,4319,101,21,470
40,10/09/2026 21:41,40500,obligation-state,10170,259002,436,4467,831,4328,105,21,485
41,10/09/2026 21:41,40500,obligation-state,10262,259342,441,4470,866,4376,107,21,467
42,10/09/2026 21:42,40500,obligation-state,10176,298285,428,4455,876,4320,94,21,466
43,10/09/2026 21:42,40500,obligation-state,10224,249385,432,4472,867,4354,98,21,509
44,10/09/2026 21:42,40500,obligation-state,10174,314052,452,4455,833,4335,98,21,453
45,10/09/2026 21:42,40500,obligation-state,10193,295579,426,4408,848,4410,98,21,456
46,10/09/2026 21:42,40500,obligation-state,10001,321261,428,4396,809,4273,94,21,461
47,10/09/2026 21:42,40500,obligation-state,10076,288662,425,4449,840,4262,98,21,480
48,10/09/2026 21:43,40500,obligation-state,10108,277271,429,4384,849,4348,97,21,469
49,10/09/2026 21:43,40500,obligation-state,10113,278679,426,4420,847,4322,95,21,483
50,10/09/2026 21:43,40500,obligation-state,10176,302866,429,4420,869,4361,95,21,466
51,10/09/2026 21:43,40500,obligation-state,10120,296391,426,4396,807,4392,96,21,484
52,10/09/2026 21:43,40500,obligation-state,10166,311489,427,4438,874,4329,96,21,473
53,10/09/2026 21:43,40500,obligation-state,10170,265256,426,4440,815,4385,102,21,462
54,10/09/2026 21:44,40500,obligation-state,10128,308452,429,4445,840,4318,95,21,462
55,10/09/2026 21:44,40500,obligation-state,10090,241353,427,4431,880,4249,101,21,468
56,10/09/2026 21:44,40500,obligation-state,10144,258988,426,4443,807,4363,103,21,492
57,10/09/2026 21:44,40500,obligation-state,10147,306112,441,4481,810,4317,95,21,496
58,10/09/2026 21:44,40500,obligation-state,10069,231255,425,4401,850,4288,103,21,473
59,10/09/2026 21:44,40500,obligation-state,10086,310173,427,4466,811,4284,96,21,494
60,10/09/2026 21:45,40500,obligation-state,10033,275906,437,4425,806,4265,99,21,451
61,10/09/2026 21:45,40500,obligation-state,10041,278680,431,4432,814,4267,96,21,474
62,10/09/2026 21:45,40500,obligation-state,10141,246861,428,4432,835,4328,116,21,482
63,10/09/2026 21:45,40500,obligation-state,10200,293672,428,4449,856,4372,94,21,483
64,10/09/2026 21:45,40500,obligation-state,10120,302661,427,4426,810,4362,93,21,481
65,10/09/2026 21:45,40500,obligation-state,10150,307508,427,4406,865,4357,93,21,466
66,10/09/2026 21:46,40500,obligation-state,10121,302751,430,4436,870,4288,94,21,478
67,10/09/2026 21:46,40500,obligation-state,10135,297570,427,4402,879,4331,95,21,471
68,10/09/2026 21:46,40500,obligation-state,10111,302470,443,4418,820,4319,108,21,465
69,10/09/2026 21:46,40500,obligation-state,10296,246088,426,4496,862,4409,101,21,498
70,10/09/2026 21:46,40500,obligation-state,10065,297377,425,4400,866,4279,93,21,460
71,10/09/2026 21:47,40500,obligation-state,10160,293434,423,4418,847,4376,94,21,472
72,10/09/2026 21:47,40500,obligation-state,10159,296679,426,4470,854,4313,94,21,481
73,10/09/2026 21:47,40500,obligation-state,10084,303453,426,4390,841,4321,104,21,470
74,10/09/2026 21:47,40500,obligation-state,10186,300338,431,4453,876,4329,96,21,466
75,10/09/2026 21:47,40500,obligation-state,10163,315149,428,4423,853,4357,100,21,489
76,10/09/2026 21:47,40500,obligation-state,10121,285472,448,4412,876,4289,95,21,451
77,10/09/2026 21:48,40500,obligation-state,10138,279076,426,4388,863,4364,93,21,445
78,10/09/2026 21:48,40500,obligation-state,10184,282982,429,4447,847,4362,98,21,476
79,10/09/2026 21:48,40500,obligation-state,10225,296850,431,4469,866,4360,96,21,480
80,10/09/2026 21:48,40500,obligation-state,10282,265994,431,4497,853,4397,103,21,479
81,10/09/2026 21:48,40500,obligation-state,10140,297137,433,4456,816,4338,95,21,477
82,10/09/2026 21:48,40500,obligation-state,10256,236139,430,4455,862,4406,102,21,442
83,10/09/2026 21:49,40500,obligation-state,10114,278068,430,4439,824,4321,97,21,455
84,10/09/2026 21:49,40500,obligation-state,10171,315827,429,4414,852,4374,100,21,462
85,10/09/2026 21:49,40500,obligation-state,10199,298136,427,4371,871,4431,97,21,463
86,10/09/2026 21:49,40500,obligation-state,10201,291354,441,4441,870,4351,96,21,462
87,10/09/2026 21:49,40500,obligation-state,10140,284302,428,4442,815,4351,103,21,459
88,10/09/2026 21:49,40500,obligation-state,10178,289924,434,4421,867,4359,95,21,484
89,10/09/2026 21:50,40500,obligation-state,10133,311642,427,4423,866,4317,98,21,470
90,10/09/2026 21:50,40500,obligation-state,10312,250329,430,4492,868,4419,101,21,487
91,10/09/2026 21:50,40500,obligation-state,10125,282419,427,4425,833,4344,94,21,481
92,10/09/2026 21:50,40500,obligation-state,10082,288831,425,4401,845,4314,94,21,477
93,10/09/2026 21:50,40500,obligation-state,10231,297376,425,4415,870,4411,108,21,469
94,10/09/2026 21:50,40500,obligation-state,10111,255688,426,4403,810,4368,101,21,478
95,10/09/2026 21:51,40500,obligation-state,10192,236929,444,4446,849,4347,105,21,467
96,10/09/2026 21:51,40500,obligation-state,10225,312687,429,4460,863,4376,95,21,475
97,10/09/2026 21:51,40500,obligation-state,10186,292308,429,4460,849,4352,94,21,482
98,10/09/2026 21:51,40500,obligation-state,10186,305715,435,4453,861,4340,95,21,490
99,10/09/2026 21:51,40500,obligation-state,10178,259572,432,4452,816,4375,102,21,482
100,10/09/2026 21:52,40500,obligation-state,10182,296308,440,4487,805,4353,95,21,465
101,10/09/2026 21:52,40500,obligation-state,10159,288912,427,4456,814,4360,100,21,472
102,10/09/2026 21:52,40500,obligation-state,10203,288214,430,4439,822,4413,98,21,513
103,10/09/2026 21:52,40500,obligation-state,10249,281445,431,4487,854,4380,94,21,464
104,10/09/2026 21:52,40500,obligation-state,10230,241182,431,4408,863,4427,99,21,463
105,10/09/2026 21:52,40500,obligation-state,10214,294382,427,4478,845,4359,103,21,470
106,10/09/2026 21:53,40500,obligation-state,10221,300181,427,4459,826,4408,98,21,478
107,10/09/2026 21:53,40500,obligation-state,10343,262441,431,4490,854,4462,105,21,487
108,10/09/2026 21:53,40500,obligation-state,10231,285313,429,4494,844,4364,97,21,483
109,10/09/2026 21:53,40500,obligation-state,10126,295878,431,4459,812,4326,95,21,470
110,10/09/2026 21:53,40500,obligation-state,10162,294673,434,4411,832,4374,108,21,472
111,10/09/2026 21:53,40500,obligation-state,10221,295413,434,4459,868,4363,96,21,512
112,10/09/2026 21:54,40500,obligation-state,10204,279603,429,4487,883,4307,95,21,496
113,10/09/2026 21:54,40500,obligation-state,10132,292555,439,4425,876,4297,93,21,472
114,10/09/2026 21:54,40500,obligation-state,10132,238551,434,4458,817,4312,109,21,469
115,10/09/2026 21:54,40500,obligation-state,10205,295686,431,4466,852,4359,95,21,488
116,10/09/2026 21:54,40500,obligation-state,10276,238563,431,4472,861,4409,102,21,466
117,10/09/2026 21:54,40500,obligation-state,10263,252077,431,4457,895,4359,119,21,497
118,10/09/2026 21:55,40500,obligation-state,10152,265828,437,4442,812,4356,103,21,465
119,10/09/2026 21:55,40500,obligation-state,10241,286609,431,4464,905,4335,104,21,482
120,10/09/2026 21:55,40500,obligation-state,10203,239069,437,4419,861,4368,116,21,467
121,10/09/2026 21:55,40500,obligation-state,10251,318234,434,4413,884,4421,96,21,482
122,10/09/2026 21:55,40500,obligation-state,10266,383806,432,4501,814,4419,98,20,494
123,10/09/2026 21:55,40500,obligation-state,10144,297667,438,4415,872,4320,96,21,500
124,10/09/2026 21:56,40500,obligation-state,10151,309936,444,4475,820,4315,96,21,475
125,10/09/2026 21:56,40500,obligation-state,10155,288856,432,4440,815,4371,95,21,465
126,10/09/2026 21:56,40500,obligation-state,10222,297007,432,4464,867,4360,98,21,468
127,10/09/2026 21:56,40500,obligation-state,10182,284684,434,4503,820,4319,103,21,482
128,10/09/2026 21:56,40500,obligation-state,10123,260008,432,4438,833,4306,113,21,468
129,10/09/2026 21:57,40500,obligation-state,10131,308640,438,4429,870,4298,94,21,476
130,10/09/2026 21:57,40500,obligation-state,10245,307183,436,4434,878,4400,95,21,475
131,10/09/2026 21:57,40500,obligation-state,10095,276389,432,4451,843,4273,93,21,501
132,10/09/2026 21:57,40500,obligation-state,10318,235569,431,4470,890,4417,108,21,463
133,10/09/2026 21:57,40500,obligation-state,10216,282308,433,4450,876,4362,93,21,483
134,10/09/2026 21:57,40500,obligation-state,10264,299009,431,4428,884,4422,97,21,473
135,10/09/2026 21:58,40500,obligation-state,10163,315049,431,4421,811,4396,102,21,482
136,10/09/2026 21:58,40500,obligation-state,10135,244696,430,4427,829,4346,100,21,453
137,10/09/2026 21:58,40500,obligation-state,10196,311904,429,4519,815,4333,98,21,496
138,10/09/2026 21:58,40500,obligation-state,10186,297418,433,4478,820,4357,96,21,510
139,10/09/2026 21:58,40500,obligation-state,10179,282415,429,4414,882,4358,93,21,469
140,10/09/2026 21:58,40500,obligation-state,10158,234521,430,4477,808,4338,102,21,482
141,10/09/2026 21:59,40500,obligation-state,10130,313339,443,4429,813,4348,96,21,465
142,10/09/2026 21:59,40500,obligation-state,10260,262213,432,4439,873,4412,102,21,509
143,10/09/2026 21:59,40500,obligation-state,10187,296529,431,4437,837,4388,93,21,503
144,10/09/2026 21:59,40500,obligation-state,10210,297840,434,4510,817,4353,95,21,494
145,10/09/2026 21:59,40500,obligation-state,10144,268119,427,4406,875,4334,100,21,467
146,10/09/2026 21:59,40500,obligation-state,10116,253361,431,4430,829,4325,99,21,460
147,10/09/2026 22:00,40500,obligation-state,10207,265690,428,4468,819,4384,107,21,486
148,10/09/2026 22:00,40500,obligation-state,10211,287488,438,4478,893,4299,101,21,457
149,10/09/2026 22:00,40500,obligation-state,10215,296240,431,4460,860,4364,98,21,505
150,10/09/2026 22:00,40500,obligation-state,10214,240925,431,4441,890,4348,101,21,464
151,10/09/2026 22:00,40500,obligation-state,10163,301025,431,4437,835,4352,106,21,490
152,10/09/2026 22:00,40500,obligation-state,10173,298998,429,4478,816,4353,95,21,471
153,10/09/2026 22:01,40500,obligation-state,10204,257721,432,4445,883,4342,99,21,478
154,10/09/2026 22:01,40500,obligation-state,10158,240996,433,4434,809,4365,115,21,481
155,10/09/2026 22:01,40500,obligation-state,10180,258769,429,4424,878,4348,100,21,464
156,10/09/2026 22:01,40500,obligation-state,10189,282351,432,4461,874,4312,108,21,496
157,10/09/2026 22:01,40500,obligation-state,10142,252344,431,4447,825,4335,102,21,455
158,10/09/2026 22:02,40500,obligation-state,10168,305931,426,4397,822,4425,97,21,461
159,10/09/2026 22:02,40500,obligation-state,10163,324429,426,4455,821,4351,109,21,456
160,10/09/2026 22:02,40500,obligation-state,10135,297773,431,4449,835,4323,95,21,494
161,10/09/2026 22:02,40500,obligation-state,10159,237972,432,4418,883,4322,101,21,484
162,10/09/2026 22:02,40500,obligation-state,10187,233538,434,4398,864,4390,100,21,465
163,10/09/2026 22:02,40500,obligation-state,10203,239747,439,4441,810,4407,105,21,488
164,10/09/2026 22:03,40500,obligation-state,10247,299394,435,4469,875,4371,95,21,495
165,10/09/2026 22:03,40500,obligation-state,10161,256016,430,4402,863,4365,100,21,487
166,10/09/2026 22:03,40500,obligation-state,10144,279904,431,4449,838,4327,97,21,485
167,10/09/2026 22:03,40500,obligation-state,10200,240882,431,4423,846,4401,98,21,466
168,10/09/2026 22:03,40500,obligation-state,10090,299689,426,4421,847,4299,95,21,474
169,10/09/2026 22:03,40500,obligation-state,10151,296944,428,4405,867,4352,96,21,466
170,10/09/2026 22:04,40500,obligation-state,10192,262217,446,4469,813,4360,102,21,471
171,10/09/2026 22:04,40500,obligation-state,10189,284340,438,4449,813,4371,116,21,460
172,10/09/2026 22:04,40500,obligation-state,10106,297309,426,4421,814,4344,99,21,480
173,10/09/2026 22:04,40500,obligation-state,10034,293022,430,4395,808,4303,97,21,477
174,10/09/2026 22:04,40500,obligation-state,10103,308231,426,4394,845,4341,95,21,462
175,10/09/2026 22:04,40500,obligation-state,10134,292772,427,4416,836,4358,96,21,465
176,10/09/2026 22:05,40500,obligation-state,10162,297731,429,4419,821,4382,110,21,468
177,10/09/2026 22:05,40500,obligation-state,10160,265536,427,4457,825,4342,106,21,476
178,10/09/2026 22:05,40500,obligation-state,10210,294997,442,4438,841,4384,103,21,482
179,10/09/2026 22:05,40500,obligation-state,10201,292034,432,4500,877,4287,103,21,482
180,10/09/2026 22:05,40500,obligation-state,10201,262297,434,4519,872,4260,115,21,485
181,10/09/2026 22:05,40500,obligation-state,10250,262697,430,4500,851,4365,102,21,469
182,10/09/2026 22:06,40500,obligation-state,10195,275412,435,4510,821,4331,96,21,461
183,10/09/2026 22:06,40500,obligation-state,10272,255844,451,4503,822,4391,103,21,485
184,10/09/2026 22:06,40500,obligation-state,10211,261051,431,4439,813,4405,120,21,466
185,10/09/2026 22:06,40500,obligation-state,10141,331164,431,4449,855,4301,104,21,472
186,10/09/2026 22:06,40500,obligation-state,10153,298536,428,4471,806,4340,106,21,488
187,10/09/2026 22:07,40500,obligation-state,10234,261343,426,4433,826,4429,118,21,468
188,10/09/2026 22:07,40500,obligation-state,10119,287756,429,4432,810,4351,95,21,478
189,10/09/2026 22:07,40500,obligation-state,10097,289247,428,4414,852,4304,97,21,473
190,10/09/2026 22:07,40500,obligation-state,9998,279773,428,4419,804,4249,96,21,478
191,10/09/2026 22:07,40500,obligation-state,10043,278459,427,4382,857,4281,94,21,457
192,10/09/2026 22:07,40500,obligation-state,10072,316409,430,4406,809,4325,100,21,472
193,10/09/2026 22:08,40500,obligation-state,10294,262360,432,4460,818,4478,105,21,467
194,10/09/2026 22:08,40500,obligation-state,10244,300552,427,4425,867,4416,108,21,492
195,10/09/2026 22:08,40500,obligation-state,10164,290458,428,4453,847,4337,97,21,489
196,10/09/2026 22:08,40500,obligation-state,10178,250239,426,4443,833,4371,103,21,528
197,10/09/2026 22:08,40500,obligation-state,10061,258831,425,4415,837,4279,102,21,455
198,10/09/2026 22:08,40500,obligation-state,10132,296538,427,4416,812,4378,96,21,470
199,10/09/2026 22:09,40500,obligation-state,10162,295216,431,4468,865,4302,94,21,485
200,10/09/2026 22:09,40500,obligation-state,10111,304869,427,4417,862,4307,96,21,456
1,10/09/2026 22:14,54000,obligation-state,13068,396118,430,5930,1047,5545,114,26,706
2,10/09/2026 22:14,54000,obligation-state,12744,495921,427,5763,1016,5424,113,25,628
3,10/09/2026 22:14,54000,obligation-state,12891,390453,428,5748,1025,5571,116,26,631
4,10/09/2026 22:15,54000,obligation-state,13013,344207,469,5789,1019,5606,128,26,629
5,10/09/2026 22:15,54000,obligation-state,13085,382901,428,5778,1071,5679,127,26,639
6,10/09/2026 22:15,54000,obligation-state,12991,343888,433,5745,1093,5598,120,26,602
7,10/09/2026 22:15,54000,obligation-state,12799,348003,427,5713,1056,5480,121,26,612
8,10/09/2026 22:16,54000,obligation-state,12961,339163,434,5721,1015,5669,119,26,615
9,10/09/2026 22:16,54000,obligation-state,13126,341965,429,5842,1062,5659,132,26,625
10,10/09/2026 22:16,54000,obligation-state,12993,401284,430,5904,1043,5496,118,26,658
11,10/09/2026 22:16,54000,obligation-state,12975,394969,432,5809,1052,5565,115,26,637
12,10/09/2026 22:16,54000,obligation-state,12939,338935,433,5796,1049,5538,121,26,633
13,10/09/2026 22:17,54000,obligation-state,12852,388601,436,5774,1029,5495,117,26,614
14,10/09/2026 22:17,54000,obligation-state,12999,398826,432,5806,1067,5575,116,26,634
15,10/09/2026 22:17,54000,obligation-state,12988,392925,431,5788,1083,5557,127,26,643
16,10/09/2026 22:17,54000,obligation-state,12926,400502,433,5819,1015,5548,110,26,720
17,10/09/2026 22:17,54000,obligation-state,12886,345124,428,5749,1043,5535,130,26,648
18,10/09/2026 22:18,54000,obligation-state,12978,488027,428,5773,1024,5637,114,25,593
19,10/09/2026 22:18,54000,obligation-state,12913,380228,448,5834,1014,5499,116,26,624
20,10/09/2026 22:18,54000,obligation-state,12948,392823,440,5810,1033,5546,117,26,617
21,10/09/2026 22:18,54000,obligation-state,12919,326928,426,5778,1066,5527,121,26,624
22,10/09/2026 22:19,54000,obligation-state,12803,397847,440,5736,1017,5497,111,26,618
23,10/09/2026 22:19,54000,obligation-state,13034,315679,433,5803,1031,5640,125,26,665
24,10/09/2026 22:19,54000,obligation-state,12991,393808,434,5821,1060,5562,113,26,644
25,10/09/2026 22:19,54000,obligation-state,13143,316481,436,5871,1070,5629,134,26,637
26,10/09/2026 22:19,54000,obligation-state,12843,320405,432,5737,1020,5526,126,26,618
27,10/09/2026 22:20,54000,obligation-state,13071,494065,431,5798,1055,5667,116,25,632
28,10/09/2026 22:20,54000,obligation-state,12950,381011,432,5816,1064,5523,113,26,635
29,10/09/2026 22:20,54000,obligation-state,12890,397367,435,5779,1065,5499,110,26,627
30,10/09/2026 22:20,54000,obligation-state,12906,393962,426,5740,1009,5597,132,26,656
31,10/09/2026 22:21,54000,obligation-state,12864,386621,433,5706,1036,5571,116,26,601
32,10/09/2026 22:21,54000,obligation-state,12915,396336,428,5785,1075,5505,120,26,631
33,10/09/2026 22:21,54000,obligation-state,12899,401626,432,5729,1059,5543,133,26,622
34,10/09/2026 22:21,54000,obligation-state,12954,380282,432,5775,1053,5576,117,26,634
35,10/09/2026 22:21,54000,obligation-state,12970,330851,432,5820,1093,5506,117,26,631
36,10/09/2026 22:22,54000,obligation-state,12913,349475,433,5718,1036,5603,121,26,645
37,10/09/2026 22:22,54000,obligation-state,12983,401933,438,5805,1010,5609,119,26,643
38,10/09/2026 22:22,54000,obligation-state,13088,402742,442,5941,1016,5573,114,26,730
39,10/09/2026 22:22,54000,obligation-state,12936,398545,433,5790,1095,5498,118,26,630
40,10/09/2026 22:23,54000,obligation-state,12945,315816,431,5739,1051,5599,123,26,621
41,10/09/2026 22:23,54000,obligation-state,12916,392422,451,5843,1025,5481,114,26,635
42,10/09/2026 22:23,54000,obligation-state,12950,339991,433,5814,1054,5530,117,26,629
43,10/09/2026 22:23,54000,obligation-state,12980,379730,434,5810,1019,5598,117,26,613
44,10/09/2026 22:23,54000,obligation-state,12946,380381,448,5784,1022,5575,115,26,650
45,10/09/2026 22:24,54000,obligation-state,13085,325012,430,5731,1058,5740,123,26,643
46,10/09/2026 22:24,54000,obligation-state,12992,399861,441,5813,1033,5587,115,26,626
47,10/09/2026 22:24,54000,obligation-state,13007,395074,429,5794,1085,5582,115,26,657
48,10/09/2026 22:24,54000,obligation-state,12957,395318,431,5810,1024,5577,113,26,633
49,10/09/2026 22:24,54000,obligation-state,12945,387251,431,5790,1079,5528,115,26,658
50,10/09/2026 22:25,54000,obligation-state,12865,399312,433,5745,1063,5511,110,26,636
51,10/09/2026 22:25,54000,obligation-state,12970,398878,433,5803,1038,5579,116,26,647
52,10/09/2026 22:25,54000,obligation-state,12964,332211,449,5773,1019,5599,122,26,643
53,10/09/2026 22:25,54000,obligation-state,12972,396202,430,5768,1055,5592,125,26,627
54,10/09/2026 22:26,54000,obligation-state,12910,386224,432,5754,1077,5533,112,26,630
55,10/09/2026 22:26,54000,obligation-state,12888,383659,432,5727,1088,5527,112,26,609
56,10/09/2026 22:26,54000,obligation-state,12947,399915,429,5796,1021,5584,116,26,662
57,10/09/2026 22:26,54000,obligation-state,12962,380712,443,5802,1034,5568,113,26,639
58,10/09/2026 22:26,54000,obligation-state,13040,376696,433,5829,1129,5531,116,26,706
59,10/09/2026 22:27,54000,obligation-state,12922,395888,428,5737,1079,5565,110,26,618
60,10/09/2026 22:27,54000,obligation-state,13048,389149,428,5869,1056,5574,119,26,636
61,10/09/2026 22:27,54000,obligation-state,13044,331738,430,5832,1057,5601,121,26,642
62,10/09/2026 22:27,54000,obligation-state,12901,379848,432,5767,1053,5535,112,26,614
63,10/09/2026 22:28,54000,obligation-state,12872,376046,444,5784,1064,5463,115,26,663
64,10/09/2026 22:28,54000,obligation-state,12886,379500,441,5767,1049,5516,111,26,638
65,10/09/2026 22:28,54000,obligation-state,12891,385023,432,5721,1054,5560,122,26,603
66,10/09/2026 22:28,54000,obligation-state,12985,328803,432,5850,1068,5513,121,26,634
67,10/09/2026 22:28,54000,obligation-state,13024,372594,434,5812,1066,5580,129,26,643
68,10/09/2026 22:29,54000,obligation-state,12945,379913,459,5735,1045,5583,122,26,619
69,10/09/2026 22:29,54000,obligation-state,13099,392805,431,5869,1092,5581,124,26,677
70,10/09/2026 22:29,54000,obligation-state,13031,390666,432,5836,1076,5571,114,26,621
71,10/09/2026 22:29,54000,obligation-state,13026,332435,438,5839,1040,5581,126,26,721
72,10/09/2026 22:30,54000,obligation-state,12976,398767,456,5862,1021,5515,121,26,610
73,10/09/2026 22:30,54000,obligation-state,12950,395715,430,5796,1058,5550,113,26,639
74,10/09/2026 22:30,54000,obligation-state,12896,397647,429,5723,1089,5535,118,26,626
75,10/09/2026 22:30,54000,obligation-state,13056,377031,428,5870,1061,5581,114,26,702
76,10/09/2026 22:30,54000,obligation-state,12960,325425,426,5746,1047,5620,119,26,590
77,10/09/2026 22:31,54000,obligation-state,12907,311999,455,5771,1029,5528,122,26,602
78,10/09/2026 22:31,54000,obligation-state,12892,394760,425,5791,1029,5530,115,26,617
79,10/09/2026 22:31,54000,obligation-state,12909,319926,428,5754,1075,5533,117,26,631
80,10/09/2026 22:31,54000,obligation-state,13005,384773,427,5770,1010,5679,116,26,618
81,10/09/2026 22:31,54000,obligation-state,12902,330401,431,5777,1028,5547,117,26,634
82,10/09/2026 22:32,54000,obligation-state,12892,400021,425,5740,1068,5540,116,26,625
83,10/09/2026 22:32,54000,obligation-state,12922,398105,426,5768,1080,5535,112,26,658
84,10/09/2026 22:32,54000,obligation-state,12922,396617,425,5763,1023,5592,117,26,618
85,10/09/2026 22:32,54000,obligation-state,12887,384470,428,5779,1033,5530,115,26,607
86,10/09/2026 22:33,54000,obligation-state,12942,395897,422,5744,1056,5603,116,26,633
87,10/09/2026 22:33,54000,obligation-state,13028,360877,428,5812,1050,5622,115,26,665
88,10/09/2026 22:33,54000,obligation-state,12954,377052,426,5841,1045,5526,114,26,709
89,10/09/2026 22:33,54000,obligation-state,12820,400795,429,5768,1002,5504,115,26,626
90,10/09/2026 22:33,54000,obligation-state,12980,396697,429,5792,1077,5568,113,26,637
91,10/09/2026 22:34,54000,obligation-state,13001,393491,424,5772,1038,5646,118,26,629
92,10/09/2026 22:34,54000,obligation-state,13006,395915,438,5795,1065,5593,112,26,636
93,10/09/2026 22:34,54000,obligation-state,12906,496044,428,5746,1057,5562,112,25,633
94,10/09/2026 22:34,54000,obligation-state,12825,401906,427,5685,1021,5563,127,26,603
95,10/09/2026 22:35,54000,obligation-state,12963,310491,434,5746,1021,5638,122,26,617
96,10/09/2026 22:35,54000,obligation-state,12881,325251,426,5750,1008,5570,124,26,628
97,10/09/2026 22:35,54000,obligation-state,12944,389743,427,5779,1041,5575,120,26,666
98,10/09/2026 22:35,54000,obligation-state,12899,388549,442,5732,1063,5545,115,26,626
99,10/09/2026 22:35,54000,obligation-state,12811,340128,426,5725,1007,5535,117,26,612
100,10/09/2026 22:36,54000,obligation-state,12815,395548,427,5727,1018,5528,113,26,623
101,10/09/2026 22:36,54000,obligation-state,12909,309932,427,5748,1027,5575,130,26,601
102,10/09/2026 22:36,54000,obligation-state,12956,401049,426,5900,1016,5499,113,26,715
103,10/09/2026 22:36,54000,obligation-state,12896,397106,471,5831,1038,5440,113,26,636
104,10/09/2026 22:37,54000,obligation-state,12867,369747,426,5745,1062,5522,110,26,617
105,10/09/2026 22:37,54000,obligation-state,12888,395485,425,5736,1012,5596,117,26,616
106,10/09/2026 22:37,54000,obligation-state,13013,336959,430,5799,1061,5598,123,26,643
107,10/09/2026 22:37,54000,obligation-state,12970,380606,434,5776,1044,5602,113,26,617
108,10/09/2026 22:37,54000,obligation-state,12958,316061,439,5766,1067,5560,123,26,636
109,10/09/2026 22:38,54000,obligation-state,12993,383557,432,5787,1035,5625,112,26,643
110,10/09/2026 22:38,54000,obligation-state,13056,332582,444,5794,1017,5670,128,26,633
111,10/09/2026 22:38,54000,obligation-state,12963,396658,430,5815,1065,5531,120,26,632
112,10/09/2026 22:38,54000,obligation-state,12935,339734,432,5728,1074,5574,124,26,677
113,10/09/2026 22:38,54000,obligation-state,12908,407892,429,5814,1040,5505,117,26,622
114,10/09/2026 22:39,54000,obligation-state,12913,396502,439,5796,1043,5521,112,26,641
115,10/09/2026 22:39,54000,obligation-state,12840,362177,432,5720,1014,5545,126,26,606
116,10/09/2026 22:39,54000,obligation-state,13051,336296,441,5849,1027,5609,122,26,642
117,10/09/2026 22:39,54000,obligation-state,12905,371432,430,5732,1036,5590,115,26,608
118,10/09/2026 22:40,54000,obligation-state,12905,369343,432,5707,1088,5543,133,26,614
119,10/09/2026 22:40,54000,obligation-state,12854,396823,429,5784,1041,5485,112,26,622
120,10/09/2026 22:40,54000,obligation-state,13107,392941,436,5827,1076,5648,118,26,647
121,10/09/2026 22:40,54000,obligation-state,12990,383809,430,5841,1072,5532,113,26,652
122,10/09/2026 22:40,54000,obligation-state,12948,394275,430,5827,1059,5515,114,26,623
123,10/09/2026 22:41,54000,obligation-state,12961,324296,443,5742,1044,5608,122,26,633
124,10/09/2026 22:41,54000,obligation-state,13101,325028,443,5862,1043,5630,121,26,717
125,10/09/2026 22:41,54000,obligation-state,12992,396674,444,5848,1041,5533,124,26,650
126,10/09/2026 22:41,54000,obligation-state,12912,397158,432,5786,1060,5505,127,26,661
127,10/09/2026 22:42,54000,obligation-state,12967,376797,432,5897,1066,5457,114,26,752
128,10/09/2026 22:42,54000,obligation-state,12917,368087,430,5808,1023,5540,114,26,626
129,10/09/2026 22:42,54000,obligation-state,12880,387221,432,5713,1030,5570,133,26,627
130,10/09/2026 22:42,54000,obligation-state,12907,483362,434,5758,1057,5540,116,25,635
131,10/09/2026 22:42,54000,obligation-state,13042,340604,430,5772,1069,5650,119,26,615
132,10/09/2026 22:43,54000,obligation-state,13023,492677,432,5807,1033,5635,114,25,602
133,10/09/2026 22:43,54000,obligation-state,12990,401851,435,5804,1020,5616,113,26,635
134,10/09/2026 22:43,54000,obligation-state,12977,397626,447,5817,1019,5579,112,26,642
135,10/09/2026 22:43,54000,obligation-state,13041,331400,432,5803,1055,5614,135,26,620
136,10/09/2026 22:44,54000,obligation-state,12907,396850,430,5770,1058,5529,118,26,619
137,10/09/2026 22:44,54000,obligation-state,12957,395331,428,5777,1023,5612,115,26,639
138,10/09/2026 22:44,54000,obligation-state,12939,396122,443,5835,1017,5530,112,26,646
139,10/09/2026 22:44,54000,obligation-state,12807,492569,427,5724,1059,5483,112,25,606
140,10/09/2026 22:44,54000,obligation-state,12878,378034,427,5755,1048,5523,124,26,658
141,10/09/2026 22:45,54000,obligation-state,12974,328899,428,5761,1015,5636,131,26,624
142,10/09/2026 22:45,54000,obligation-state,12955,325218,430,5772,1036,5583,132,26,596
143,10/09/2026 22:45,54000,obligation-state,13034,320273,426,5809,1047,5618,133,26,639
144,10/09/2026 22:45,54000,obligation-state,12873,399148,426,5741,1016,5574,114,26,628
145,10/09/2026 22:45,54000,obligation-state,12819,396678,427,5750,1006,5520,113,26,633
146,10/09/2026 22:46,54000,obligation-state,12879,345302,427,5736,1047,5544,122,26,622
147,10/09/2026 22:46,54000,obligation-state,12975,340349,427,5751,1057,5599,139,26,637
148,10/09/2026 22:46,54000,obligation-state,12950,403055,440,5746,1080,5568,116,26,636
149,10/09/2026 22:46,54000,obligation-state,12847,320695,426,5746,1013,5538,122,26,654
150,10/09/2026 22:47,54000,obligation-state,13006,395481,439,5935,1016,5498,115,26,757
151,10/09/2026 22:47,54000,obligation-state,12868,371112,443,5709,1067,5531,115,26,617
152,10/09/2026 22:47,54000,obligation-state,12876,375749,427,5720,1080,5535,113,26,636
153,10/09/2026 22:47,54000,obligation-state,12875,400060,428,5795,1015,5523,112,26,637
154,10/09/2026 22:47,54000,obligation-state,12979,357300,431,5830,1032,5570,113,26,623
155,10/09/2026 22:48,54000,obligation-state,12958,388631,438,5739,1050,5614,115,26,605
156,10/09/2026 22:48,54000,obligation-state,12865,378389,431,5741,1015,5563,113,26,620
157,10/09/2026 22:48,54000,obligation-state,13006,397269,430,5800,1071,5590,114,26,648
158,10/09/2026 22:48,54000,obligation-state,13205,320102,431,5840,1068,5740,124,26,646
159,10/09/2026 22:49,54000,obligation-state,12819,387171,426,5731,1022,5527,110,26,605
160,10/09/2026 22:49,54000,obligation-state,13086,402381,432,5873,1077,5587,115,26,751
161,10/09/2026 22:49,54000,obligation-state,12939,314842,434,5725,1029,5611,139,26,610
162,10/09/2026 22:49,54000,obligation-state,13061,383760,428,5791,1068,5640,131,26,633
163,10/09/2026 22:49,54000,obligation-state,12919,323754,449,5773,1017,5559,118,26,633
164,10/09/2026 22:50,54000,obligation-state,13075,387999,446,5906,1022,5582,117,26,717
165,10/09/2026 22:50,54000,obligation-state,12769,331831,428,5725,1014,5482,117,26,633
166,10/09/2026 22:50,54000,obligation-state,12888,383617,430,5740,1071,5533,112,26,626
167,10/09/2026 22:50,54000,obligation-state,12918,410371,427,5739,1018,5621,112,26,616
168,10/09/2026 22:51,54000,obligation-state,13046,324580,431,5761,1068,5665,120,26,632
169,10/09/2026 22:51,54000,obligation-state,12904,401486,437,5742,1045,5565,114,26,627
170,10/09/2026 22:51,54000,obligation-state,12853,310526,429,5752,1031,5518,121,26,619
171,10/09/2026 22:51,54000,obligation-state,12861,400859,431,5752,1043,5524,109,26,617
172,10/09/2026 22:51,54000,obligation-state,12932,401102,433,5780,1058,5526,132,26,632
173,10/09/2026 22:52,54000,obligation-state,13019,336635,430,5794,1054,5620,118,26,644
174,10/09/2026 22:52,54000,obligation-state,12852,395744,432,5755,1031,5520,113,26,604
175,10/09/2026 22:52,54000,obligation-state,13023,396504,432,5836,1063,5575,116,26,655
176,10/09/2026 22:52,54000,obligation-state,12955,380266,431,5747,1085,5573,117,26,612
177,10/09/2026 22:52,54000,obligation-state,12922,344661,430,5782,1023,5564,121,26,636
178,10/09/2026 22:53,54000,obligation-state,12930,485300,433,5746,1027,5607,115,25,615
179,10/09/2026 22:53,54000,obligation-state,12945,400757,431,5794,1045,5545,127,26,638
180,10/09/2026 22:53,54000,obligation-state,12954,362079,431,5816,1042,5549,113,26,624
181,10/09/2026 22:53,54000,obligation-state,12901,392488,431,5768,1046,5541,113,26,647
182,10/09/2026 22:54,54000,obligation-state,12935,394339,437,5737,1081,5545,133,26,619
183,10/09/2026 22:54,54000,obligation-state,12940,397250,441,5776,1108,5499,114,26,647
184,10/09/2026 22:54,54000,obligation-state,12929,370581,427,5769,1073,5542,116,26,639
185,10/09/2026 22:54,54000,obligation-state,12893,392643,435,5736,1039,5569,111,26,611
186,10/09/2026 22:54,54000,obligation-state,12851,320689,430,5734,1058,5510,118,26,600
187,10/09/2026 22:55,54000,obligation-state,12922,396094,433,5739,1081,5553,114,26,632
188,10/09/2026 22:55,54000,obligation-state,12835,396299,430,5761,1048,5482,113,26,637
189,10/09/2026 22:55,54000,obligation-state,12925,400961,428,5751,1013,5619,112,26,655
190,10/09/2026 22:55,54000,obligation-state,12872,396976,426,5727,1064,5527,126,26,618
191,10/09/2026 22:56,54000,obligation-state,12944,348107,430,5770,1077,5537,128,26,646
192,10/09/2026 22:56,54000,obligation-state,12967,394719,430,5789,1025,5608,113,26,632
193,10/09/2026 22:56,54000,obligation-state,13135,329036,429,5847,1053,5680,125,26,669
194,10/09/2026 22:56,54000,obligation-state,12859,495091,430,5746,1027,5539,116,25,618
195,10/09/2026 22:56,54000,obligation-state,12981,397889,445,5868,1076,5472,118,26,680
196,10/09/2026 22:57,54000,obligation-state,12929,391331,434,5789,1074,5510,121,26,614
197,10/09/2026 22:57,54000,obligation-state,12884,401231,426,5793,1039,5512,112,26,627
198,10/09/2026 22:57,54000,obligation-state,12980,395415,432,5772,1078,5578,118,26,620
199,10/09/2026 22:57,54000,obligation-state,13002,395824,451,5797,1007,5611,134,26,673
200,10/09/2026 22:58,54000,obligation-state,13075,310238,429,5850,1076,5598,119,26,712
1,10/09/2026 23:03,67500,obligation-state,16245,468115,439,7314,1409,6934,147,32,809
2,10/09/2026 23:03,67500,obligation-state,15969,587036,432,7119,1399,6884,133,32,775
3,10/09/2026 23:03,67500,obligation-state,15975,522077,426,7210,1398,6805,133,32,767
4,10/09/2026 23:04,67500,obligation-state,16148,589923,429,7218,1405,6953,141,32,796
5,10/09/2026 23:04,67500,obligation-state,15990,581039,431,7164,1408,6855,129,31,775
6,10/09/2026 23:04,67500,obligation-state,16085,613985,432,7217,1415,6869,150,32,813
7,10/09/2026 23:04,67500,obligation-state,16133,449304,452,7241,1381,6927,130,32,784
8,10/09/2026 23:05,67500,obligation-state,15992,614135,431,7159,1418,6843,138,32,786
9,10/09/2026 23:05,67500,obligation-state,15972,588101,430,7148,1380,6884,128,32,796
10,10/09/2026 23:05,67500,obligation-state,16007,552728,440,7142,1388,6897,139,32,797
11,10/09/2026 23:05,67500,obligation-state,16020,509215,429,7172,1395,6890,132,32,792
12,10/09/2026 23:06,67500,obligation-state,16025,601112,431,7139,1410,6917,128,32,837
13,10/09/2026 23:06,67500,obligation-state,15907,592321,429,7137,1394,6810,135,32,781
14,10/09/2026 23:06,67500,obligation-state,16110,611144,445,7256,1404,6857,146,32,822
15,10/09/2026 23:07,67500,obligation-state,16009,607129,431,7237,1417,6795,128,31,793
16,10/09/2026 23:07,67500,obligation-state,16072,546876,447,7184,1391,6920,128,32,791
17,10/09/2026 23:07,67500,obligation-state,16072,608329,427,7220,1425,6854,143,32,797
18,10/09/2026 23:07,67500,obligation-state,16029,492519,434,7175,1412,6877,130,32,812
19,10/09/2026 23:08,67500,obligation-state,16164,507758,431,7279,1400,6916,136,32,886
20,10/09/2026 23:08,67500,obligation-state,16013,413750,430,7202,1410,6836,134,32,750
21,10/09/2026 23:08,67500,obligation-state,16283,512121,470,7293,1415,6972,131,32,828
22,10/09/2026 23:08,67500,obligation-state,15989,498204,432,7214,1386,6828,127,32,850
23,10/09/2026 23:09,67500,obligation-state,15953,594941,430,7090,1418,6859,153,32,788
24,10/09/2026 23:09,67500,obligation-state,16139,506104,432,7156,1391,7021,136,32,772
25,10/09/2026 23:09,67500,obligation-state,16231,400638,430,7342,1421,6899,137,33,908
26,10/09/2026 23:10,67500,obligation-state,15995,594475,426,7127,1421,6878,141,32,808
27,10/09/2026 23:10,67500,obligation-state,15964,591263,430,7129,1409,6859,134,32,774
28,10/09/2026 23:10,67500,obligation-state,16005,603637,440,7266,1379,6787,131,32,781
29,10/09/2026 23:10,67500,obligation-state,16254,516919,429,7293,1421,6964,145,32,826
30,10/09/2026 23:11,67500,obligation-state,16150,613388,455,7180,1384,6994,134,32,782
31,10/09/2026 23:11,67500,obligation-state,16171,522167,442,7203,1401,6990,132,32,800
32,10/09/2026 23:11,67500,obligation-state,16147,570413,445,7221,1410,6937,132,32,809
33,10/09/2026 23:11,67500,obligation-state,16015,602417,429,7167,1412,6875,131,32,796
34,10/09/2026 23:12,67500,obligation-state,15923,609357,430,7097,1408,6854,132,32,759
35,10/09/2026 23:12,67500,obligation-state,16054,522318,448,7246,1382,6842,134,32,797
36,10/09/2026 23:12,67500,obligation-state,15960,433788,446,7204,1391,6775,144,32,810
37,10/09/2026 23:13,67500,obligation-state,16142,613992,427,7279,1397,6908,130,32,902
38,10/09/2026 23:13,67500,obligation-state,16044,615569,427,7171,1399,6914,131,32,796
39,10/09/2026 23:13,67500,obligation-state,16032,502611,429,7148,1381,6940,133,32,806
40,10/09/2026 23:13,67500,obligation-state,16011,526751,428,7150,1381,6909,141,32,789
41,10/09/2026 23:14,67500,obligation-state,16178,606177,434,7334,1385,6879,143,32,917
42,10/09/2026 23:14,67500,obligation-state,16048,608817,428,7148,1388,6937,145,32,781
43,10/09/2026 23:14,67500,obligation-state,15999,493345,426,7183,1395,6859,135,32,818
44,10/09/2026 23:14,67500,obligation-state,16164,539023,427,7192,1396,7016,131,32,821
45,10/09/2026 23:15,67500,obligation-state,16156,529657,425,7284,1370,6945,131,32,790
46,10/09/2026 23:15,67500,obligation-state,16124,530687,426,7167,1388,7009,133,31,813
47,10/09/2026 23:15,67500,obligation-state,16023,526812,424,7155,1415,6899,128,32,796
48,10/09/2026 23:16,67500,obligation-state,15881,552275,427,7138,1392,6780,143,31,792
49,10/09/2026 23:16,67500,obligation-state,16068,524292,448,7318,1391,6780,129,32,857
50,10/09/2026 23:16,67500,obligation-state,16248,538922,426,7293,1426,6971,130,31,779
51,10/09/2026 23:16,67500,obligation-state,16038,583917,426,7249,1375,6859,127,31,817
52,10/09/2026 23:17,67500,obligation-state,16181,392336,438,7272,1391,6931,147,32,812
53,10/09/2026 23:17,67500,obligation-state,16233,514735,441,7334,1379,6940,137,32,853
54,10/09/2026 23:17,67500,obligation-state,15986,568064,427,7228,1400,6797,131,32,792
55,10/09/2026 23:17,67500,obligation-state,15918,613967,427,7164,1415,6779,131,32,785
56,10/09/2026 23:18,67500,obligation-state,16108,517580,440,7237,1396,6900,133,32,814
57,10/09/2026 23:18,67500,obligation-state,16021,607881,425,7230,1392,6838,133,32,785
58,10/09/2026 23:18,67500,obligation-state,15952,534441,428,7182,1392,6818,129,32,789
59,10/09/2026 23:18,67500,obligation-state,16239,517316,454,7327,1397,6924,136,32,876
60,10/09/2026 23:19,67500,obligation-state,16167,413311,426,7198,1418,6983,140,32,776
61,10/09/2026 23:19,67500,obligation-state,16088,504259,425,7206,1409,6917,127,32,784
62,10/09/2026 23:19,67500,obligation-state,16001,567632,424,7155,1390,6898,131,31,796
63,10/09/2026 23:20,67500,obligation-state,16008,613518,426,7140,1415,6895,130,32,781
64,10/09/2026 23:20,67500,obligation-state,16055,606612,426,7163,1393,6935,135,32,761
65,10/09/2026 23:20,67500,obligation-state,16123,506196,428,7213,1400,6949,132,32,806
66,10/09/2026 23:20,67500,obligation-state,15998,578912,425,7165,1390,6885,130,32,820
67,10/09/2026 23:21,67500,obligation-state,16146,499568,429,7220,1407,6953,135,31,770
68,10/09/2026 23:21,67500,obligation-state,15985,531362,448,7140,1404,6860,131,32,776
69,10/09/2026 23:21,67500,obligation-state,16021,426551,459,7209,1384,6810,157,32,782
70,10/09/2026 23:21,67500,obligation-state,15972,592585,426,7179,1406,6827,132,32,860
71,10/09/2026 23:22,67500,obligation-state,16057,571308,427,7259,1410,6826,133,32,878
72,10/09/2026 23:22,67500,obligation-state,16177,499819,452,7297,1407,6887,132,32,768
73,10/09/2026 23:22,67500,obligation-state,16001,596719,427,7214,1380,6846,132,32,823
74,10/09/2026 23:23,67500,obligation-state,16037,599417,448,7185,1398,6871,132,32,821
75,10/09/2026 23:23,67500,obligation-state,15967,533719,426,7178,1390,6845,127,32,786
76,10/09/2026 23:23,67500,obligation-state,16084,586569,428,7254,1401,6861,138,32,779
77,10/09/2026 23:23,67500,obligation-state,15964,554202,426,7135,1426,6845,130,32,797
78,10/09/2026 23:24,67500,obligation-state,15931,602283,427,7126,1396,6844,136,32,784
79,10/09/2026 23:24,67500,obligation-state,15895,609480,428,7111,1385,6838,131,32,804
80,10/09/2026 23:24,67500,obligation-state,16182,477549,427,7254,1408,6949,142,32,753
81,10/09/2026 23:24,67500,obligation-state,15939,599310,424,7174,1393,6798,149,32,834
82,10/09/2026 23:25,67500,obligation-state,16073,597808,430,7182,1392,6936,131,32,780
83,10/09/2026 23:25,67500,obligation-state,15969,584798,426,7145,1416,6841,139,32,826
84,10/09/2026 23:25,67500,obligation-state,15898,602268,428,7112,1376,6852,130,31,773
85,10/09/2026 23:26,67500,obligation-state,16083,603779,427,7218,1412,6884,141,32,781
86,10/09/2026 23:26,67500,obligation-state,16179,554118,428,7360,1413,6846,131,32,930
87,10/09/2026 23:26,67500,obligation-state,15974,562820,425,7191,1377,6847,132,32,823
88,10/09/2026 23:26,67500,obligation-state,15944,500792,432,7188,1406,6782,133,32,767
89,10/09/2026 23:27,67500,obligation-state,16139,580339,445,7224,1390,6941,137,32,775
90,10/09/2026 23:27,67500,obligation-state,15941,442096,429,7155,1397,6830,129,32,774
91,10/09/2026 23:27,67500,obligation-state,16189,514051,428,7230,1399,7000,130,32,815
92,10/09/2026 23:27,67500,obligation-state,16034,511629,423,7172,1401,6907,129,32,780
93,10/09/2026 23:28,67500,obligation-state,16202,545693,419,7296,1380,6956,150,32,796
94,10/09/2026 23:28,67500,obligation-state,16040,614532,430,7171,1394,6895,148,32,870
95,10/09/2026 23:28,67500,obligation-state,15982,516718,431,7166,1429,6822,132,32,784
96,10/09/2026 23:28,67500,obligation-state,15995,579199,424,7167,1427,6842,134,32,795
97,10/09/2026 23:29,67500,obligation-state,16007,587781,427,7164,1385,6894,135,32,782
98,10/09/2026 23:29,67500,obligation-state,15915,516450,425,7184,1391,6780,133,32,770
99,10/09/2026 23:29,67500,obligation-state,16069,606017,428,7243,1403,6862,130,31,787
100,10/09/2026 23:30,67500,obligation-state,15956,610111,430,7132,1410,6849,133,32,769
101,10/09/2026 23:30,67500,obligation-state,16044,609141,427,7158,1402,6927,128,32,753
102,10/09/2026 23:30,67500,obligation-state,16073,596588,441,7117,1384,6990,141,32,791
103,10/09/2026 23:30,67500,obligation-state,16102,610473,428,7329,1394,6820,129,32,927
104,10/09/2026 23:31,67500,obligation-state,16151,593659,438,7294,1427,6860,131,32,876
105,10/09/2026 23:31,67500,obligation-state,15979,592950,449,7176,1397,6828,127,32,773
106,10/09/2026 23:31,67500,obligation-state,15982,516429,426,7125,1413,6869,148,32,815
107,10/09/2026 23:31,67500,obligation-state,16092,422004,427,7187,1414,6924,138,32,807
108,10/09/2026 23:32,67500,obligation-state,16018,609556,427,7167,1411,6883,129,32,790
109,10/09/2026 23:32,67500,obligation-state,15893,582592,428,7140,1411,6780,131,32,773
110,10/09/2026 23:32,67500,obligation-state,16066,608239,424,7143,1406,6959,132,32,796
111,10/09/2026 23:33,67500,obligation-state,16002,505205,425,7218,1424,6798,135,32,768
112,10/09/2026 23:33,67500,obligation-state,15829,611393,435,7174,1372,6714,131,32,791
113,10/09/2026 23:33,67500,obligation-state,16222,511765,429,7272,1389,6997,134,32,824
114,10/09/2026 23:33,67500,obligation-state,15880,598253,427,7155,1403,6766,128,32,766
115,10/09/2026 23:34,67500,obligation-state,16016,586324,425,7177,1416,6862,135,32,820
116,10/09/2026 23:34,67500,obligation-state,16103,602758,427,7285,1389,6870,130,32,791
117,10/09/2026 23:34,67500,obligation-state,16060,498991,433,7184,1403,6909,130,32,797
118,10/09/2026 23:34,67500,obligation-state,15908,597657,426,7188,1388,6776,128,32,807
119,10/09/2026 23:35,67500,obligation-state,16046,606228,434,7115,1420,6942,132,32,788
120,10/09/2026 23:35,67500,obligation-state,15926,605268,427,7140,1384,6842,131,32,776
121,10/09/2026 23:35,67500,obligation-state,15964,580871,428,7194,1402,6808,130,31,842
122,10/09/2026 23:36,67500,obligation-state,15969,569428,427,7277,1374,6759,130,32,879
123,10/09/2026 23:36,67500,obligation-state,16002,506492,426,7173,1402,6873,127,32,787
124,10/09/2026 23:36,67500,obligation-state,16095,567173,428,7119,1400,7018,128,32,771
125,10/09/2026 23:36,67500,obligation-state,16059,427024,441,7122,1421,6933,140,32,754
126,10/09/2026 23:37,67500,obligation-state,16089,531417,428,7159,1400,6967,133,32,792
127,10/09/2026 23:37,67500,obligation-state,16031,615226,428,7188,1403,6857,152,32,772
128,10/09/2026 23:37,67500,obligation-state,15904,614931,427,7163,1406,6760,145,32,814
129,10/09/2026 23:37,67500,obligation-state,16013,605813,429,7129,1393,6933,128,32,806
130,10/09/2026 23:38,67500,obligation-state,15899,572833,426,7170,1402,6773,126,31,758
131,10/09/2026 23:38,67500,obligation-state,15902,479305,427,7148,1378,6818,129,32,809
132,10/09/2026 23:38,67500,obligation-state,16109,579986,444,7225,1402,6905,131,32,806
133,10/09/2026 23:38,67500,obligation-state,16141,592634,432,7212,1408,6958,130,32,805
134,10/09/2026 23:39,67500,obligation-state,16033,598900,439,7183,1398,6875,135,32,802
135,10/09/2026 23:39,67500,obligation-state,15975,567763,439,7153,1408,6840,132,32,797
136,10/09/2026 23:39,67500,obligation-state,16018,409439,428,7271,1384,6795,138,32,806
137,10/09/2026 23:40,67500,obligation-state,15968,422629,441,7181,1390,6815,138,32,783
138,10/09/2026 23:40,67500,obligation-state,15877,563580,427,7165,1394,6760,129,32,795
139,10/09/2026 23:40,67500,obligation-state,16008,413924,432,7191,1401,6845,138,32,793
140,10/09/2026 23:40,67500,obligation-state,15947,604598,426,7213,1374,6795,136,32,788
141,10/09/2026 23:41,67500,obligation-state,16195,607855,424,7314,1395,6921,138,32,809
142,10/09/2026 23:41,67500,obligation-state,16062,618013,430,7217,1407,6876,130,32,830
143,10/09/2026 23:41,67500,obligation-state,15957,608594,430,7117,1375,6896,136,32,787
144,10/09/2026 23:41,67500,obligation-state,15875,508827,429,7112,1379,6822,131,32,772
145,10/09/2026 23:42,67500,obligation-state,16021,556118,424,7198,1376,6885,135,32,794
146,10/09/2026 23:42,67500,obligation-state,16170,574773,428,7279,1417,6914,130,32,826
147,10/09/2026 23:42,67500,obligation-state,16028,596427,426,7177,1393,6899,130,32,797
148,10/09/2026 23:43,67500,obligation-state,15978,597661,428,7242,1393,6774,139,32,798
149,10/09/2026 23:43,67500,obligation-state,16007,574799,426,7246,1403,6787,144,31,813
150,10/09/2026 23:43,67500,obligation-state,15921,609760,426,7125,1367,6869,131,32,783
151,10/09/2026 23:43,67500,obligation-state,15950,597894,425,7145,1391,6846,142,32,779
152,10/09/2026 23:44,67500,obligation-state,15936,423808,427,7126,1407,6833,140,32,754
153,10/09/2026 23:44,67500,obligation-state,15974,573257,429,7164,1422,6831,127,32,796
154,10/09/2026 23:44,67500,obligation-state,15954,422213,427,7164,1410,6813,137,32,788
155,10/09/2026 23:44,67500,obligation-state,16051,593570,426,7240,1385,6867,132,32,791
156,10/09/2026 23:45,67500,obligation-state,16077,495644,447,7265,1380,6853,130,32,798
157,10/09/2026 23:45,67500,obligation-state,16009,612425,429,7182,1388,6874,134,32,828
158,10/09/2026 23:45,67500,obligation-state,16034,576465,429,7196,1405,6873,128,32,762
159,10/09/2026 23:45,67500,obligation-state,15893,596580,439,7117,1397,6805,132,32,791
160,10/09/2026 23:46,67500,obligation-state,15976,606513,431,7192,1414,6793,144,32,787
161,10/09/2026 23:46,67500,obligation-state,15941,603109,426,7123,1408,6849,132,32,781
162,10/09/2026 23:46,67500,obligation-state,15927,561420,429,7160,1386,6816,134,32,773
163,10/09/2026 23:47,67500,obligation-state,16051,607114,429,7244,1445,6800,132,32,879
164,10/09/2026 23:47,67500,obligation-state,16033,421876,426,7137,1398,6935,135,32,782
165,10/09/2026 23:47,67500,obligation-state,16103,572638,427,7205,1430,6908,130,31,820
166,10/09/2026 23:47,67500,obligation-state,15992,577596,434,7227,1394,6801,133,31,813
167,10/09/2026 23:48,67500,obligation-state,16076,612220,425,7209,1386,6923,131,32,837
168,10/09/2026 23:48,67500,obligation-state,16037,509168,428,7149,1417,6909,133,32,782
169,10/09/2026 23:48,67500,obligation-state,16010,404099,429,7161,1390,6886,142,32,789
170,10/09/2026 23:48,67500,obligation-state,16086,529243,429,7181,1400,6942,132,32,806
171,10/09/2026 23:49,67500,obligation-state,15921,507053,429,7154,1401,6806,130,32,813
172,10/09/2026 23:49,67500,obligation-state,16018,580064,425,7235,1369,6854,132,32,871
173,10/09/2026 23:49,67500,obligation-state,16075,589544,428,7246,1381,6889,130,32,818
174,10/09/2026 23:50,67500,obligation-state,15937,592615,427,7090,1386,6903,129,32,791
175,10/09/2026 23:50,67500,obligation-state,15887,615127,428,7106,1411,6805,135,32,797
176,10/09/2026 23:50,67500,obligation-state,15949,544173,428,7153,1380,6850,136,32,819
177,10/09/2026 23:50,67500,obligation-state,16000,603995,425,7159,1410,6874,129,32,776
178,10/09/2026 23:51,67500,obligation-state,15962,607084,425,7163,1390,6851,130,32,777
179,10/09/2026 23:51,67500,obligation-state,16180,608289,434,7230,1401,6982,131,32,839
180,10/09/2026 23:51,67500,obligation-state,16185,606768,425,7257,1401,6968,132,32,804
181,10/09/2026 23:51,67500,obligation-state,15961,587904,425,7152,1399,6841,142,32,840
182,10/09/2026 23:52,67500,obligation-state,16042,572319,430,7165,1439,6876,131,32,768
183,10/09/2026 23:52,67500,obligation-state,16048,568834,443,7156,1395,6919,133,32,809
184,10/09/2026 23:52,67500,obligation-state,16204,591850,442,7250,1440,6935,134,32,835
185,10/09/2026 23:53,67500,obligation-state,16025,507998,431,7160,1397,6907,129,32,771
186,10/09/2026 23:53,67500,obligation-state,16165,544001,432,7247,1390,6960,134,32,863
187,10/09/2026 23:53,67500,obligation-state,16116,413697,435,7242,1432,6866,139,32,819
188,10/09/2026 23:53,67500,obligation-state,15911,602614,428,7144,1400,6797,140,32,795
189,10/09/2026 23:54,67500,obligation-state,16109,610093,429,7222,1414,6909,134,32,832
190,10/09/2026 23:54,67500,obligation-state,15937,615573,430,7161,1407,6809,129,32,764
191,10/09/2026 23:54,67500,obligation-state,15981,594773,430,7166,1391,6856,136,32,783
192,10/09/2026 23:54,67500,obligation-state,16093,561204,434,7199,1397,6929,132,31,776
193,10/09/2026 23:55,67500,obligation-state,16047,610438,435,7138,1404,6930,139,32,786
194,10/09/2026 23:55,67500,obligation-state,16263,553512,430,7333,1409,6956,133,31,844
195,10/09/2026 23:55,67500,obligation-state,16186,614974,449,7338,1395,6869,133,32,790
196,10/09/2026 23:55,67500,obligation-state,16000,418927,433,7172,1398,6861,135,32,765
197,10/09/2026 23:56,67500,obligation-state,15913,509449,430,7198,1389,6763,132,32,778
198,10/09/2026 23:56,67500,obligation-state,16107,517045,428,7168,1427,6952,129,32,780
199,10/09/2026 23:56,67500,obligation-state,16105,505787,434,7083,1412,7045,129,32,768
200,10/09/2026 23:57,67500,obligation-state,16149,574096,426,7313,1398,6876,133,32,948
1,11/09/2026 00:02,81000,obligation-state,19695,529850,429,8917,1766,8405,176,38,988
2,11/09/2026 00:02,81000,obligation-state,19721,497738,429,8748,1803,8570,170,39,1100
3,11/09/2026 00:03,81000,obligation-state,19777,608065,425,8716,1793,8687,154,38,993
4,11/09/2026 00:03,81000,obligation-state,19871,706637,430,8846,1786,8652,155,37,976
5,11/09/2026 00:03,81000,obligation-state,19754,724281,428,8838,1803,8520,162,38,992
6,11/09/2026 00:04,81000,obligation-state,19623,552114,430,8705,1817,8506,164,38,937
7,11/09/2026 00:04,81000,obligation-state,19655,611423,446,8819,1760,8473,156,38,1058
8,11/09/2026 00:04,81000,obligation-state,19373,520815,426,8618,1762,8396,169,38,1004
9,11/09/2026 00:05,81000,obligation-state,19698,640449,432,8893,1812,8410,149,38,1110
10,11/09/2026 00:05,81000,obligation-state,19431,647694,427,8695,1768,8375,164,37,955
11,11/09/2026 00:05,81000,obligation-state,19408,492419,429,8654,1764,8391,167,39,1030
12,11/09/2026 00:06,81000,obligation-state,19584,651042,440,8792,1762,8438,151,37,1035
13,11/09/2026 00:06,81000,obligation-state,19677,611027,428,8739,1818,8538,152,38,992
14,11/09/2026 00:06,81000,obligation-state,19500,534047,429,8815,1784,8314,157,38,1033
15,11/09/2026 00:07,81000,obligation-state,19534,544115,425,8703,1762,8478,163,38,1006
16,11/09/2026 00:07,81000,obligation-state,19444,707229,428,8683,1778,8403,150,38,1036
17,11/09/2026 00:07,81000,obligation-state,19381,524060,430,8667,1785,8325,172,38,981
18,11/09/2026 00:08,81000,obligation-state,19448,525724,435,8636,1762,8427,185,38,989
19,11/09/2026 00:08,81000,obligation-state,19490,647277,427,8637,1779,8489,157,37,960
20,11/09/2026 00:08,81000,obligation-state,19500,515927,424,8786,1743,8383,162,38,1034
21,11/09/2026 00:09,81000,obligation-state,19560,525041,425,8735,1757,8477,166,38,970
22,11/09/2026 00:09,81000,obligation-state,19618,568724,427,8749,1764,8514,162,38,1013
23,11/09/2026 00:09,81000,obligation-state,19421,530071,428,8658,1768,8391,174,38,1000
24,11/09/2026 00:09,81000,obligation-state,19458,529923,428,8627,1773,8454,175,38,986
25,11/09/2026 00:10,81000,obligation-state,19458,497829,424,8590,1774,8506,162,39,1032
26,11/09/2026 00:10,81000,obligation-state,19758,534651,427,8779,1783,8607,160,38,1057
27,11/09/2026 00:10,81000,obligation-state,19636,640089,437,8799,1755,8490,154,37,984
28,11/09/2026 00:11,81000,obligation-state,19541,593575,430,8616,1776,8565,152,38,1029
29,11/09/2026 00:11,81000,obligation-state,19511,529844,437,8596,1818,8482,178,38,999
30,11/09/2026 00:11,81000,obligation-state,19756,492511,427,8785,1802,8564,176,39,1155
31,11/09/2026 00:12,81000,obligation-state,19646,618988,434,8690,1813,8555,152,38,1001
32,11/09/2026 00:12,81000,obligation-state,19692,644071,431,8730,1764,8611,154,37,994
33,11/09/2026 00:12,81000,obligation-state,19517,566755,428,8701,1756,8477,154,38,986
34,11/09/2026 00:13,81000,obligation-state,19504,643924,429,8723,1735,8460,155,37,990
35,11/09/2026 00:13,81000,obligation-state,19854,604447,430,8866,1804,8600,152,38,1091
36,11/09/2026 00:13,81000,obligation-state,19501,493152,448,8605,1798,8470,178,39,980
37,11/09/2026 00:14,81000,obligation-state,19608,521748,430,8730,1788,8474,184,38,1022
38,11/09/2026 00:14,81000,obligation-state,19546,529813,471,8680,1771,8452,169,38,1007
39,11/09/2026 00:14,81000,obligation-state,19415,650422,429,8679,1755,8397,154,37,992
40,11/09/2026 00:15,81000,obligation-state,19442,543174,430,8600,1769,8479,161,38,940
41,11/09/2026 00:15,81000,obligation-state,19433,519340,428,8626,1768,8450,159,38,971
42,11/09/2026 00:15,81000,obligation-state,19733,647722,431,8834,1780,8523,163,37,958
43,11/09/2026 00:16,81000,obligation-state,19609,542950,435,8754,1755,8489,173,38,984
44,11/09/2026 00:16,81000,obligation-state,19554,649181,427,8639,1782,8547,156,37,1031
45,11/09/2026 00:16,81000,obligation-state,19648,678778,430,8821,1761,8477,157,37,1076
46,11/09/2026 00:17,81000,obligation-state,19418,710137,430,8656,1784,8390,156,38,1017
47,11/09/2026 00:17,81000,obligation-state,19726,535250,430,8814,1752,8543,186,38,978
48,11/09/2026 00:17,81000,obligation-state,19477,655407,429,8639,1777,8476,154,38,972
49,11/09/2026 00:18,81000,obligation-state,19745,713072,431,8620,1769,8771,152,37,1000
50,11/09/2026 00:18,81000,obligation-state,19688,529781,430,8809,1775,8509,162,38,1066
51,11/09/2026 00:18,81000,obligation-state,19523,705048,430,8637,1781,8515,157,38,972
52,11/09/2026 00:19,81000,obligation-state,19404,539567,433,8576,1748,8482,164,38,942
53,11/09/2026 00:19,81000,obligation-state,19635,607743,441,8802,1795,8431,165,38,1112
54,11/09/2026 00:19,81000,obligation-state,19650,525952,451,8780,1782,8469,167,38,950
55,11/09/2026 00:20,81000,obligation-state,19684,628820,430,8669,1767,8663,154,38,1019
56,11/09/2026 00:20,81000,obligation-state,19400,600760,445,8632,1773,8396,151,38,981
57,11/09/2026 00:20,81000,obligation-state,19390,614643,428,8677,1770,8357,155,38,1056
58,11/09/2026 00:21,81000,obligation-state,19562,716197,433,8758,1782,8434,152,38,1169
59,11/09/2026 00:21,81000,obligation-state,19649,686219,431,8694,1776,8577,169,37,962
60,11/09/2026 00:21,81000,obligation-state,19490,685942,429,8670,1805,8430,154,37,962
61,11/09/2026 00:22,81000,obligation-state,19524,632409,437,8631,1780,8523,151,38,960
62,11/09/2026 00:22,81000,obligation-state,19379,618843,429,8607,1792,8396,152,38,961
63,11/09/2026 00:22,81000,obligation-state,19546,640811,435,8728,1753,8474,154,38,1024
64,11/09/2026 00:23,81000,obligation-state,19561,492979,439,8720,1777,8441,183,39,1069
65,11/09/2026 00:23,81000,obligation-state,19673,582720,446,8815,1767,8490,153,38,962
66,11/09/2026 00:23,81000,obligation-state,19468,541648,431,8604,1768,8498,165,38,959
67,11/09/2026 00:24,81000,obligation-state,19609,648798,438,8598,1814,8590,166,37,987
68,11/09/2026 00:24,81000,obligation-state,19462,676189,429,8653,1797,8428,154,38,939
69,11/09/2026 00:24,81000,obligation-state,19606,525626,434,8768,1788,8436,177,38,1001
70,11/09/2026 00:25,81000,obligation-state,19514,596934,431,8601,1815,8497,167,38,950
71,11/09/2026 00:25,81000,obligation-state,19750,706661,433,8693,1775,8676,171,38,1011
72,11/09/2026 00:25,81000,obligation-state,19548,654000,441,8757,1749,8443,156,37,1019
73,11/09/2026 00:26,81000,obligation-state,19500,720501,447,8685,1761,8441,164,37,973
74,11/09/2026 00:26,81000,obligation-state,19592,591915,442,8687,1789,8505,167,38,1027
75,11/09/2026 00:26,81000,obligation-state,19396,723964,452,8580,1785,8426,152,38,967
76,11/09/2026 00:27,81000,obligation-state,19496,598192,429,8649,1754,8507,156,38,1038
77,11/09/2026 00:27,81000,obligation-state,19687,706576,429,8816,1790,8498,151,38,1024
78,11/09/2026 00:27,81000,obligation-state,19482,530219,428,8674,1762,8447,168,38,1048
79,11/09/2026 00:28,81000,obligation-state,19535,593351,428,8603,1775,8574,154,38,993
80,11/09/2026 00:28,81000,obligation-state,19578,632648,424,8749,1779,8468,156,38,1021
81,11/09/2026 00:28,81000,obligation-state,19286,659230,427,8681,1744,8278,154,37,959
82,11/09/2026 00:29,81000,obligation-state,19499,637318,428,8748,1768,8384,169,38,1010
83,11/09/2026 00:29,81000,obligation-state,19281,652215,427,8628,1752,8321,151,37,963
84,11/09/2026 00:29,81000,obligation-state,19634,636851,428,8762,1763,8517,162,37,1015
85,11/09/2026 00:30,81000,obligation-state,19361,700733,427,8646,1782,8354,150,38,1072
86,11/09/2026 00:30,81000,obligation-state,19365,661719,427,8590,1754,8434,158,37,977
87,11/09/2026 00:30,81000,obligation-state,19324,642890,431,8621,1786,8328,156,38,975
88,11/09/2026 00:31,81000,obligation-state,19381,529969,431,8634,1753,8392,170,38,940
89,11/09/2026 00:31,81000,obligation-state,19382,724308,430,8626,1778,8391,156,38,1012
90,11/09/2026 00:31,81000,obligation-state,19463,649034,430,8616,1774,8475,166,37,936
91,11/09/2026 00:32,81000,obligation-state,19708,628191,475,8657,1768,8650,155,38,979
92,11/09/2026 00:32,81000,obligation-state,19527,719119,427,8666,1769,8500,164,38,969
93,11/09/2026 00:32,81000,obligation-state,19400,675163,426,8614,1754,8448,155,37,971
94,11/09/2026 00:33,81000,obligation-state,19478,579394,431,8769,1782,8337,158,38,1056
95,11/09/2026 00:33,81000,obligation-state,19690,622897,433,8706,1797,8596,156,38,1037
96,11/09/2026 00:33,81000,obligation-state,19664,706901,430,8770,1785,8523,154,38,1002
97,11/09/2026 00:34,81000,obligation-state,19313,520198,431,8590,1738,8384,167,38,989
98,11/09/2026 00:34,81000,obligation-state,19410,549079,429,8723,1766,8328,163,38,1021
99,11/09/2026 00:34,81000,obligation-state,19469,652462,430,8688,1793,8406,151,38,1001
100,11/09/2026 00:34,81000,obligation-state,19347,683868,430,8654,1726,8375,160,37,965
101,11/09/2026 00:35,81000,obligation-state,19336,645911,428,8671,1740,8342,153,37,956
102,11/09/2026 00:35,81000,obligation-state,19458,601278,431,8684,1764,8424,154,38,986
103,11/09/2026 00:35,81000,obligation-state,19583,706553,432,8731,1800,8463,155,38,1083
104,11/09/2026 00:36,81000,obligation-state,19500,650349,430,8734,1798,8383,153,38,1040
105,11/09/2026 00:36,81000,obligation-state,19368,658151,432,8687,1735,8357,154,37,977
106,11/09/2026 00:36,81000,obligation-state,19343,617079,431,8760,1753,8246,151,38,985
107,11/09/2026 00:37,81000,obligation-state,19478,608446,429,8657,1729,8509,152,38,1008
108,11/09/2026 00:37,81000,obligation-state,19524,520706,434,8787,1738,8396,167,38,1060
109,11/09/2026 00:37,81000,obligation-state,19606,614582,426,8670,1815,8541,152,38,978
110,11/09/2026 00:38,81000,obligation-state,19468,703902,426,8693,1781,8411,155,38,1009
111,11/09/2026 00:38,81000,obligation-state,19667,707912,424,8711,1803,8570,158,38,994
112,11/09/2026 00:38,81000,obligation-state,19368,567576,427,8659,1757,8367,156,38,973
113,11/09/2026 00:39,81000,obligation-state,19473,709779,428,8666,1822,8396,158,38,1028
114,11/09/2026 00:39,81000,obligation-state,19404,647143,447,8642,1750,8411,153,38,978
115,11/09/2026 00:39,81000,obligation-state,19561,713598,431,8716,1765,8480,166,38,992
116,11/09/2026 00:40,81000,obligation-state,19534,580250,432,8719,1777,8442,162,38,957
117,11/09/2026 00:40,81000,obligation-state,19602,713427,453,8736,1782,8476,153,38,1011
118,11/09/2026 00:40,81000,obligation-state,19552,706643,431,8696,1830,8439,154,38,996
119,11/09/2026 00:41,81000,obligation-state,19471,703743,445,8725,1783,8362,155,38,989
120,11/09/2026 00:41,81000,obligation-state,19683,542606,433,8733,1800,8551,164,38,975
121,11/09/2026 00:41,81000,obligation-state,19506,516175,429,8577,1744,8591,163,38,957
122,11/09/2026 00:42,81000,obligation-state,19469,596154,435,8602,1734,8537,160,38,983
123,11/09/2026 00:42,81000,obligation-state,19335,678508,424,8685,1760,8293,172,38,990
124,11/09/2026 00:42,81000,obligation-state,19822,498469,445,8701,1786,8708,180,39,1011
125,11/09/2026 00:43,81000,obligation-state,19375,652148,427,8657,1743,8391,156,37,949
126,11/09/2026 00:43,81000,obligation-state,19467,530389,429,8644,1767,8464,162,38,1021
127,11/09/2026 00:43,81000,obligation-state,19354,594165,430,8633,1766,8369,155,38,1018
128,11/09/2026 00:44,81000,obligation-state,19469,725234,438,8703,1750,8425,152,38,1003
129,11/09/2026 00:44,81000,obligation-state,19563,491574,430,8669,1777,8511,174,39,1102
130,11/09/2026 00:44,81000,obligation-state,19282,635024,427,8599,1787,8314,152,38,942
131,11/09/2026 00:45,81000,obligation-state,19503,664498,427,8620,1797,8477,181,38,988
132,11/09/2026 00:45,81000,obligation-state,19478,548535,428,8672,1732,8481,164,38,995
133,11/09/2026 00:45,81000,obligation-state,19396,524744,428,8640,1735,8430,161,38,999
134,11/09/2026 00:46,81000,obligation-state,19399,542949,427,8686,1739,8383,161,38,1000
135,11/09/2026 00:46,81000,obligation-state,19268,503468,427,8600,1783,8294,162,39,990
136,11/09/2026 00:46,81000,obligation-state,19384,708763,429,8588,1776,8433,156,38,926
137,11/09/2026 00:47,81000,obligation-state,19497,534877,428,8716,1780,8399,172,38,984
138,11/09/2026 00:47,81000,obligation-state,19458,534431,428,8729,1742,8387,171,38,1034
139,11/09/2026 00:47,81000,obligation-state,19642,503408,427,8867,1784,8387,175,39,1082
140,11/09/2026 00:48,81000,obligation-state,19535,710262,453,8661,1777,8493,149,38,1023
141,11/09/2026 00:48,81000,obligation-state,19370,493137,430,8597,1778,8384,178,39,1053
142,11/09/2026 00:48,81000,obligation-state,19360,520214,438,8660,1767,8331,163,38,1027
143,11/09/2026 00:49,81000,obligation-state,19487,610201,427,8614,1768,8511,165,38,1006
144,11/09/2026 00:49,81000,obligation-state,19561,623780,429,8674,1805,8491,159,38,1052
145,11/09/2026 00:49,81000,obligation-state,19372,709962,427,8591,1794,8408,151,38,1003
146,11/09/2026 00:50,81000,obligation-state,19525,705825,434,8770,1776,8371,172,38,1010
147,11/09/2026 00:50,81000,obligation-state,19386,533396,427,8642,1744,8411,160,38,996
148,11/09/2026 00:50,81000,obligation-state,19585,600516,427,8722,1768,8512,154,38,1100
149,11/09/2026 00:51,81000,obligation-state,19584,659526,438,8622,1772,8589,160,38,976
150,11/09/2026 00:51,81000,obligation-state,19488,655780,455,8717,1805,8354,155,38,990
151,11/09/2026 00:51,81000,obligation-state,19615,643299,430,8563,1788,8677,155,38,972
152,11/09/2026 00:52,81000,obligation-state,19520,498125,469,8758,1773,8353,165,39,1024
153,11/09/2026 00:52,81000,obligation-state,19420,529438,427,8691,1748,8381,171,38,1014
154,11/09/2026 00:52,81000,obligation-state,19239,525752,428,8561,1746,8337,166,38,947
155,11/09/2026 00:53,81000,obligation-state,19558,503254,442,8689,1774,8487,164,39,1072
156,11/09/2026 00:53,81000,obligation-state,19614,534685,439,8778,1761,8465,168,38,1006
157,11/09/2026 00:53,81000,obligation-state,19468,521102,427,8728,1785,8365,159,39,1000
158,11/09/2026 00:54,81000,obligation-state,19344,542952,425,8588,1774,8389,166,38,990
159,11/09/2026 00:54,81000,obligation-state,19453,534374,426,8711,1763,8392,160,38,1036
160,11/09/2026 00:54,81000,obligation-state,19456,724318,443,8641,1783,8435,152,38,991
161,11/09/2026 00:54,81000,obligation-state,19536,521435,428,8804,1757,8380,166,38,1074
162,11/09/2026 00:55,81000,obligation-state,19464,717831,425,8659,1799,8406,173,38,1024
163,11/09/2026 00:55,81000,obligation-state,19408,649748,428,8704,1786,8336,153,38,1049
164,11/09/2026 00:55,81000,obligation-state,19495,627689,427,8698,1790,8426,152,38,959
165,11/09/2026 00:56,81000,obligation-state,19533,611009,431,8673,1782,8493,151,38,994
166,11/09/2026 00:56,81000,obligation-state,19695,669446,446,8847,1746,8497,157,37,1064
167,11/09/2026 00:56,81000,obligation-state,19568,684953,441,8701,1784,8484,157,37,944
168,11/09/2026 00:57,81000,obligation-state,19393,647606,426,8613,1757,8432,162,37,933
169,11/09/2026 00:57,81000,obligation-state,19459,640833,443,8592,1765,8500,156,37,979
170,11/09/2026 00:57,81000,obligation-state,19512,665863,441,8646,1799,8465,159,38,1013
171,11/09/2026 00:58,81000,obligation-state,19479,530468,429,8622,1789,8463,174,38,977
172,11/09/2026 00:58,81000,obligation-state,19437,497861,431,8622,1781,8420,182,39,1000
173,11/09/2026 00:58,81000,obligation-state,19583,715058,433,8746,1797,8454,152,38,1015
174,11/09/2026 00:59,81000,obligation-state,19498,541493,430,8779,1774,8350,163,38,1107
175,11/09/2026 00:59,81000,obligation-state,19570,578107,446,8666,1789,8516,152,38,993
176,11/09/2026 00:59,81000,obligation-state,19453,511773,451,8718,1752,8362,167,38,982
177,11/09/2026 01:00,81000,obligation-state,19687,549180,449,8754,1796,8515,171,38,997
178,11/09/2026 01:00,81000,obligation-state,19569,724506,426,8715,1774,8488,164,38,1014
179,11/09/2026 01:00,81000,obligation-state,19409,544020,434,8589,1764,8459,161,38,974
180,11/09/2026 01:01,81000,obligation-state,19661,667379,431,8765,1772,8536,154,37,1031
181,11/09/2026 01:01,81000,obligation-state,19495,647887,443,8714,1757,8425,154,37,1021
182,11/09/2026 01:01,81000,obligation-state,19353,720548,431,8618,1788,8360,154,38,1018
183,11/09/2026 01:02,81000,obligation-state,19649,657369,431,8716,1780,8567,153,37,950
184,11/09/2026 01:02,81000,obligation-state,19322,713010,431,8588,1785,8366,151,38,967
185,11/09/2026 01:02,81000,obligation-state,19796,667317,445,8827,1808,8559,155,37,1130
186,11/09/2026 01:03,81000,obligation-state,19415,539563,432,8577,1783,8452,169,38,975
187,11/09/2026 01:03,81000,obligation-state,19587,530087,431,8705,1775,8504,169,38,1015
188,11/09/2026 01:03,81000,obligation-state,19560,505754,443,8639,1778,8532,165,38,1013
189,11/09/2026 01:04,81000,obligation-state,19406,591689,429,8651,1787,8372,166,38,983
190,11/09/2026 01:04,81000,obligation-state,19706,701604,441,8713,1801,8592,157,38,1010
191,11/09/2026 01:04,81000,obligation-state,19357,675680,442,8620,1770,8368,155,38,1036
192,11/09/2026 01:05,81000,obligation-state,19622,706108,428,8656,1808,8575,153,38,1005
193,11/09/2026 01:05,81000,obligation-state,19406,611118,429,8731,1768,8325,151,38,992
194,11/09/2026 01:05,81000,obligation-state,19562,711841,430,8769,1806,8403,152,38,1110
195,11/09/2026 01:06,81000,obligation-state,19512,520856,433,8625,1802,8482,168,38,981
196,11/09/2026 01:06,81000,obligation-state,19587,588945,430,8687,1806,8506,157,38,1041
197,11/09/2026 01:06,81000,obligation-state,19510,726623,437,8663,1808,8445,154,38,1014
198,11/09/2026 01:07,81000,obligation-state,19691,628932,429,8695,1834,8579,152,38,1006
199,11/09/2026 01:07,81000,obligation-state,19421,490051,427,8591,1806,8432,163,39,991
200,11/09/2026 01:07,81000,obligation-state,19532,518298,450,8648,1776,8493,163,39,1033
1,11/09/2026 01:13,94500,obligation-state,22337,766044,427,10107,1892,9731,178,44,1106
2,11/09/2026 01:13,94500,obligation-state,22350,605141,437,10024,1911,9796,179,44,1126
3,11/09/2026 01:13,94500,obligation-state,22211,751917,430,9940,1900,9754,185,44,1176
4,11/09/2026 01:14,94500,obligation-state,22107,747314,431,9898,1929,9673,175,44,1126
5,11/09/2026 01:14,94500,obligation-state,22376,712860,451,9999,1943,9807,174,44,1189
6,11/09/2026 01:15,94500,obligation-state,22551,648971,433,9891,1914,10139,173,44,1155
7,11/09/2026 01:15,94500,obligation-state,22331,766181,433,9963,1918,9830,185,44,1201
8,11/09/2026 01:15,94500,obligation-state,22204,753195,439,9939,1918,9734,172,44,1149
9,11/09/2026 01:16,94500,obligation-state,22266,634174,429,9915,1926,9823,171,44,1122
10,11/09/2026 01:16,94500,obligation-state,22097,747850,428,9862,1913,9712,181,44,1119
11,11/09/2026 01:16,94500,obligation-state,22466,774499,431,9983,1936,9942,172,43,1129
12,11/09/2026 01:17,94500,obligation-state,22113,728833,429,9813,1944,9754,172,44,1142
13,11/09/2026 01:17,94500,obligation-state,22483,794094,430,10032,1940,9892,187,43,1095
14,11/09/2026 01:18,94500,obligation-state,22150,733187,427,9832,1920,9796,172,44,1088
15,11/09/2026 01:18,94500,obligation-state,22290,611146,427,9837,1920,9928,177,44,1107
16,11/09/2026 01:18,94500,obligation-state,22325,601223,430,9906,1962,9837,188,44,1108
17,11/09/2026 01:19,94500,obligation-state,22296,685498,434,9990,1921,9782,167,44,1151
18,11/09/2026 01:19,94500,obligation-state,22222,641974,430,9867,1951,9803,169,45,1140
19,11/09/2026 01:19,94500,obligation-state,22207,608649,427,9869,1910,9815,184,44,1132
20,11/09/2026 01:20,94500,obligation-state,22524,708591,433,9950,1934,10033,172,44,1151
21,11/09/2026 01:20,94500,obligation-state,22038,610075,431,9863,1976,9588,178,45,1131
22,11/09/2026 01:21,94500,obligation-state,22160,554682,432,9828,1960,9755,182,44,1110
23,11/09/2026 01:21,94500,obligation-state,22278,742389,428,9963,1924,9789,172,44,1136
24,11/09/2026 01:21,94500,obligation-state,22235,723841,445,9932,1915,9767,175,44,1096
25,11/09/2026 01:22,94500,obligation-state,22542,723955,449,9844,1926,10149,171,44,1128
26,11/09/2026 01:22,94500,obligation-state,22352,588872,441,10096,1963,9669,181,44,1253
27,11/09/2026 01:22,94500,obligation-state,22245,745260,429,9961,1911,9769,173,44,1162
28,11/09/2026 01:23,94500,obligation-state,22368,751935,432,9955,1959,9841,180,44,1210
29,11/09/2026 01:23,94500,obligation-state,22301,747664,426,9940,1914,9827,191,44,1130
30,11/09/2026 01:24,94500,obligation-state,22055,747185,431,9923,1908,9623,167,44,1148
31,11/09/2026 01:24,94500,obligation-state,22273,596004,433,9883,1928,9846,180,44,1122
32,11/09/2026 01:24,94500,obligation-state,22133,754818,429,9880,1937,9714,171,44,1125
33,11/09/2026 01:25,94500,obligation-state,22224,644560,431,9950,1911,9757,173,44,1102
34,11/09/2026 01:25,94500,obligation-state,22478,792716,430,9923,1937,10014,172,43,1144
35,11/09/2026 01:25,94500,obligation-state,22084,770417,428,9841,1926,9713,173,44,1101
36,11/09/2026 01:26,94500,obligation-state,22236,596530,429,9907,1935,9769,194,44,1127
37,11/09/2026 01:26,94500,obligation-state,22261,676145,443,9945,1912,9784,174,44,1141
38,11/09/2026 01:27,94500,obligation-state,22313,688628,429,9965,1938,9804,175,44,1143
39,11/09/2026 01:27,94500,obligation-state,22047,751329,427,9855,1942,9653,168,44,1078
40,11/09/2026 01:27,94500,obligation-state,22305,652605,432,10010,1959,9730,173,44,1159
41,11/09/2026 01:28,94500,obligation-state,22268,721886,430,9980,1946,9744,166,44,1120
42,11/09/2026 01:28,94500,obligation-state,22197,604151,432,9835,1942,9803,184,45,1125
43,11/09/2026 01:28,94500,obligation-state,22269,558695,430,9986,1938,9725,188,44,1260
44,11/09/2026 01:29,94500,obligation-state,22213,635288,431,9927,1923,9760,170,44,1175
45,11/09/2026 01:29,94500,obligation-state,22085,736052,443,9838,1929,9700,173,44,1087
46,11/09/2026 01:30,94500,obligation-state,22165,764931,430,9866,1915,9781,171,44,1150
47,11/09/2026 01:30,94500,obligation-state,22258,727046,429,9794,1945,9905,182,44,1139
48,11/09/2026 01:30,94500,obligation-state,22192,688887,430,9975,1929,9681,176,44,1168
49,11/09/2026 01:31,94500,obligation-state,22492,671103,433,10016,1937,9932,172,44,1195
50,11/09/2026 01:31,94500,obligation-state,22360,636219,444,9927,1908,9906,174,44,1135
51,11/09/2026 01:31,94500,obligation-state,22431,574579,431,10132,1967,9714,185,44,1182
52,11/09/2026 01:32,94500,obligation-state,22025,662063,436,9857,1896,9663,172,44,1154
53,11/09/2026 01:32,94500,obligation-state,22047,746794,432,9846,1901,9696,170,44,1077
54,11/09/2026 01:33,94500,obligation-state,22238,769153,428,10021,1911,9706,169,44,1082
55,11/09/2026 01:33,94500,obligation-state,22397,595622,432,9941,1913,9920,188,44,1191
56,11/09/2026 01:33,94500,obligation-state,22106,724058,426,9917,1919,9675,167,44,1153
57,11/09/2026 01:34,94500,obligation-state,22078,644655,427,9855,1935,9688,170,45,1147
58,11/09/2026 01:34,94500,obligation-state,22212,733508,445,9925,1962,9711,169,44,1123
59,11/09/2026 01:34,94500,obligation-state,22271,641986,427,9896,1903,9869,174,44,1137
60,11/09/2026 01:35,94500,obligation-state,22188,754453,425,9789,1927,9873,171,44,1117
61,11/09/2026 01:35,94500,obligation-state,22076,631657,425,9866,1900,9711,172,44,1214
62,11/09/2026 01:36,94500,obligation-state,22421,747191,427,9976,1914,9924,177,44,1180
63,11/09/2026 01:36,94500,obligation-state,22226,703391,426,9781,1929,9914,174,44,1073
64,11/09/2026 01:36,94500,obligation-state,22340,655964,429,9871,1898,9957,183,44,1099
65,11/09/2026 01:37,94500,obligation-state,22324,635976,428,9817,1906,9996,175,44,1139
66,11/09/2026 01:37,94500,obligation-state,22068,677737,425,9784,1901,9787,170,44,1109
67,11/09/2026 01:37,94500,obligation-state,22318,651617,425,9906,1923,9890,172,44,1127
68,11/09/2026 01:38,94500,obligation-state,22333,789369,429,9939,1920,9832,210,43,1126
69,11/09/2026 01:38,94500,obligation-state,22277,733061,427,9914,1941,9825,168,44,1169
70,11/09/2026 01:39,94500,obligation-state,22209,719647,428,9908,1918,9782,170,44,1130
71,11/09/2026 01:39,94500,obligation-state,22254,729508,430,9930,1911,9803,177,44,1107
72,11/09/2026 01:39,94500,obligation-state,22180,632740,427,9871,1924,9783,172,45,1138
73,11/09/2026 01:40,94500,obligation-state,22303,738190,429,9909,1964,9830,170,44,1078
74,11/09/2026 01:40,94500,obligation-state,22188,775811,432,9884,1931,9772,169,43,1118
75,11/09/2026 01:40,94500,obligation-state,22380,755085,446,9941,1980,9835,176,44,1141
76,11/09/2026 01:41,94500,obligation-state,22238,596630,441,9952,1909,9755,178,44,1178
77,11/09/2026 01:41,94500,obligation-state,22189,609422,431,9957,1908,9713,178,45,1167
78,11/09/2026 01:41,94500,obligation-state,22366,722355,431,10024,1980,9762,168,44,1144
79,11/09/2026 01:42,94500,obligation-state,22292,563732,431,9934,1911,9828,185,44,1147
80,11/09/2026 01:42,94500,obligation-state,22313,722127,432,9934,1980,9790,175,44,1154
81,11/09/2026 01:43,94500,obligation-state,22303,631994,431,9975,1934,9785,176,45,1157
82,11/09/2026 01:43,94500,obligation-state,22172,574474,426,9942,1900,9717,185,44,1085
83,11/09/2026 01:43,94500,obligation-state,22061,614712,428,9850,1930,9664,186,45,1115
84,11/09/2026 01:44,94500,obligation-state,22269,794384,428,9818,1933,9921,168,43,1072
85,11/09/2026 01:44,94500,obligation-state,22145,605451,427,9898,1915,9724,179,44,1109
86,11/09/2026 01:44,94500,obligation-state,22194,763659,428,9991,1927,9671,175,44,1171
87,11/09/2026 01:45,94500,obligation-state,22272,678306,431,10027,1918,9714,179,44,1134
88,11/09/2026 01:45,94500,obligation-state,22445,747664,443,10080,1895,9856,169,44,1275
89,11/09/2026 01:46,94500,obligation-state,22345,663524,435,10008,1937,9794,170,44,1112
90,11/09/2026 01:46,94500,obligation-state,22374,648258,431,9915,1930,9917,180,44,1147
91,11/09/2026 01:46,94500,obligation-state,22147,626398,431,9852,1914,9782,167,44,1112
92,11/09/2026 01:47,94500,obligation-state,22223,736850,434,9936,1905,9772,173,44,1172
93,11/09/2026 01:47,94500,obligation-state,22214,758072,430,9929,1983,9702,168,44,1105
94,11/09/2026 01:47,94500,obligation-state,22182,602956,429,9912,1921,9735,184,44,1176
95,11/09/2026 01:48,94500,obligation-state,22518,748593,442,10113,1962,9821,178,44,1198
96,11/09/2026 01:48,94500,obligation-state,22225,675364,431,9962,1917,9735,179,44,1183
97,11/09/2026 01:49,94500,obligation-state,22297,794316,430,9944,1920,9830,171,43,1138
98,11/09/2026 01:49,94500,obligation-state,22311,741177,450,9957,1936,9794,172,44,1139
99,11/09/2026 01:49,94500,obligation-state,22202,706076,448,9904,1936,9743,169,44,1116
100,11/09/2026 01:50,94500,obligation-state,22384,695194,425,10062,1952,9766,177,44,1204
101,11/09/2026 01:50,94500,obligation-state,22232,704523,427,9875,1931,9818,179,44,1176
102,11/09/2026 01:50,94500,obligation-state,22227,714157,432,9879,1978,9749,186,44,1143
103,11/09/2026 01:51,94500,obligation-state,22166,732615,430,9899,1926,9745,164,44,1149
104,11/09/2026 01:51,94500,obligation-state,22393,603950,427,9946,1947,9887,183,45,1142
105,11/09/2026 01:52,94500,obligation-state,22234,746671,437,9960,1914,9731,189,44,1114
106,11/09/2026 01:52,94500,obligation-state,22250,614594,427,9956,1975,9702,189,45,1138
107,11/09/2026 01:52,94500,obligation-state,22167,779097,426,9865,1931,9779,165,43,1109
108,11/09/2026 01:53,94500,obligation-state,22377,764996,426,9968,1928,9881,173,44,1112
109,11/09/2026 01:53,94500,obligation-state,22534,743764,428,9996,1934,10003,170,44,1190
110,11/09/2026 01:53,94500,obligation-state,22212,707727,438,9969,1902,9715,185,44,1147
111,11/09/2026 01:54,94500,obligation-state,22178,658037,427,9986,1911,9679,175,44,1189
112,11/09/2026 01:54,94500,obligation-state,22014,753889,427,9797,1921,9700,167,44,1090
113,11/09/2026 01:55,94500,obligation-state,22355,734768,451,9870,1958,9902,172,44,1119
114,11/09/2026 01:55,94500,obligation-state,22284,767010,429,9902,1927,9854,170,44,1144
115,11/09/2026 01:55,94500,obligation-state,22219,641809,427,9928,1920,9757,184,45,1156
116,11/09/2026 01:56,94500,obligation-state,22001,682770,427,9791,1902,9712,166,44,1123
117,11/09/2026 01:56,94500,obligation-state,22318,642352,428,9818,1918,9966,186,45,1126
118,11/09/2026 01:56,94500,obligation-state,22391,704441,436,10012,1894,9873,174,44,1176
119,11/09/2026 01:57,94500,obligation-state,22316,696513,427,9947,1914,9853,172,44,1181
120,11/09/2026 01:57,94500,obligation-state,22388,637130,429,9956,1956,9868,177,45,1180
121,11/09/2026 01:58,94500,obligation-state,22241,748118,426,9935,1909,9802,168,44,1109
122,11/09/2026 01:58,94500,obligation-state,22126,732087,427,9798,1910,9793,195,44,1110
123,11/09/2026 01:58,94500,obligation-state,22299,752587,431,10049,1926,9721,170,44,1235
124,11/09/2026 01:59,94500,obligation-state,22218,631763,428,9914,1907,9785,182,44,1132
125,11/09/2026 01:59,94500,obligation-state,22123,729120,426,9847,1948,9714,186,44,1145
126,11/09/2026 01:59,94500,obligation-state,22049,753939,428,9820,1911,9716,171,44,1094
127,11/09/2026 02:00,94500,obligation-state,22110,680555,430,9825,1904,9777,172,44,1133
128,11/09/2026 02:00,94500,obligation-state,22264,740167,428,9947,1915,9802,170,44,1127
129,11/09/2026 02:01,94500,obligation-state,22254,737711,439,10031,1963,9649,171,44,1177
130,11/09/2026 02:01,94500,obligation-state,22213,738146,427,9946,1955,9713,170,44,1161
131,11/09/2026 02:01,94500,obligation-state,22196,723984,440,10015,1904,9640,194,44,1137
132,11/09/2026 02:02,94500,obligation-state,22239,742271,428,9852,1957,9809,191,44,1126
133,11/09/2026 02:02,94500,obligation-state,22109,641400,425,9939,1923,9649,171,45,1128
134,11/09/2026 02:02,94500,obligation-state,22249,643584,426,9950,1918,9767,187,44,1159
135,11/09/2026 02:03,94500,obligation-state,22466,788300,428,9942,1946,9981,167,43,1092
136,11/09/2026 02:03,94500,obligation-state,21967,727578,437,9839,1924,9588,176,44,1082
137,11/09/2026 02:04,94500,obligation-state,22440,644312,427,10074,1962,9809,165,43,1241
138,11/09/2026 02:04,94500,obligation-state,22260,602588,427,9996,1909,9743,182,44,1202
139,11/09/2026 02:04,94500,obligation-state,22142,738811,425,9998,1914,9628,176,44,1130
140,11/09/2026 02:05,94500,obligation-state,22182,644633,439,9923,1908,9726,183,44,1194
141,11/09/2026 02:05,94500,obligation-state,22170,756209,440,9871,1925,9757,175,44,1127
142,11/09/2026 02:05,94500,obligation-state,22317,704930,429,10083,1924,9708,171,44,1197
143,11/09/2026 02:06,94500,obligation-state,22234,571773,431,9885,1913,9815,188,44,1112
144,11/09/2026 02:06,94500,obligation-state,22066,734430,433,9900,1915,9644,172,44,1168
145,11/09/2026 02:07,94500,obligation-state,22175,758486,431,9881,1945,9744,171,44,1164
146,11/09/2026 02:07,94500,obligation-state,22417,748521,425,10004,1929,9887,170,44,1148
147,11/09/2026 02:07,94500,obligation-state,21983,743924,427,9914,1895,9562,182,44,1179
148,11/09/2026 02:08,94500,obligation-state,22268,699170,428,9939,1923,9787,188,44,1209
149,11/09/2026 02:08,94500,obligation-state,22112,609008,426,9838,1922,9742,182,45,1177
150,11/09/2026 02:08,94500,obligation-state,22263,736039,429,9946,1913,9803,170,44,1125
151,11/09/2026 02:09,94500,obligation-state,22052,758852,428,9860,1924,9670,168,44,1134
152,11/09/2026 02:09,94500,obligation-state,22117,772119,429,9854,1958,9692,182,44,1135
153,11/09/2026 02:10,94500,obligation-state,22230,641563,427,9947,1950,9735,169,45,1170
154,11/09/2026 02:10,94500,obligation-state,22128,636707,434,9931,1942,9645,173,45,1137
155,11/09/2026 02:10,94500,obligation-state,22269,615576,430,9988,1937,9709,203,45,1151
156,11/09/2026 02:11,94500,obligation-state,22135,746670,426,9880,1928,9725,174,44,1216
157,11/09/2026 02:11,94500,obligation-state,22182,640527,427,9988,1944,9643,178,45,1178
158,11/09/2026 02:11,94500,obligation-state,22434,790222,426,9879,1932,10015,180,43,1125
159,11/09/2026 02:12,94500,obligation-state,22038,680876,428,9830,1912,9683,183,44,1125
160,11/09/2026 02:12,94500,obligation-state,22371,701927,427,10048,1926,9800,168,44,1252
161,11/09/2026 02:13,94500,obligation-state,22187,740435,429,9906,1918,9764,168,44,1108
162,11/09/2026 02:13,94500,obligation-state,22448,631419,425,10014,1955,9876,176,44,1246
163,11/09/2026 02:13,94500,obligation-state,22255,773900,434,9945,1929,9779,165,44,1194
164,11/09/2026 02:14,94500,obligation-state,22158,632499,423,9971,1900,9681,181,45,1146
165,11/09/2026 02:14,94500,obligation-state,21956,740739,427,9837,1887,9617,186,44,1107
166,11/09/2026 02:14,94500,obligation-state,22150,768498,433,9902,1910,9734,169,44,1128
167,11/09/2026 02:15,94500,obligation-state,22074,752009,426,9862,1917,9696,171,44,1140
168,11/09/2026 02:15,94500,obligation-state,22398,615471,427,9891,1956,9938,183,44,1110
169,11/09/2026 02:16,94500,obligation-state,22186,716591,427,9889,1917,9782,169,44,1162
170,11/09/2026 02:16,94500,obligation-state,22172,791333,427,9933,1907,9734,169,44,1129
171,11/09/2026 02:16,94500,obligation-state,22144,742636,427,9854,1915,9772,173,44,1157
172,11/09/2026 02:17,94500,obligation-state,22187,648749,428,9902,1926,9759,169,44,1125
173,11/09/2026 02:17,94500,obligation-state,22006,640929,426,9839,1893,9672,174,45,1121
174,11/09/2026 02:17,94500,obligation-state,22151,750987,427,9914,1901,9736,171,44,1135
175,11/09/2026 02:18,94500,obligation-state,22230,787068,428,9924,1921,9781,173,44,1107
176,11/09/2026 02:18,94500,obligation-state,22141,778755,426,9858,1936,9747,172,43,1123
177,11/09/2026 02:18,94500,obligation-state,22338,556356,428,10000,1945,9774,189,44,1291
178,11/09/2026 02:19,94500,obligation-state,22274,705176,427,9772,1917,9985,171,44,1118
179,11/09/2026 02:19,94500,obligation-state,22148,736698,444,9913,1917,9703,168,44,1125
180,11/09/2026 02:20,94500,obligation-state,22096,736802,435,9852,1907,9730,171,44,1137
181,11/09/2026 02:20,94500,obligation-state,22150,791589,426,9887,1927,9723,186,44,1131
182,11/09/2026 02:20,94500,obligation-state,22222,626151,426,10000,1894,9734,166,44,1280
183,11/09/2026 02:21,94500,obligation-state,22297,648360,426,9874,1899,9919,178,45,1122
184,11/09/2026 02:21,94500,obligation-state,22264,728435,445,9990,1979,9671,177,44,1122
185,11/09/2026 02:21,94500,obligation-state,22230,780558,427,9937,1906,9787,171,43,1246
186,11/09/2026 02:22,94500,obligation-state,22254,598974,426,9957,1904,9785,181,45,1282
187,11/09/2026 02:22,94500,obligation-state,22000,744574,440,9810,1901,9678,169,44,1076
188,11/09/2026 02:23,94500,obligation-state,22292,608710,425,9919,1928,9839,179,45,1111
189,11/09/2026 02:23,94500,obligation-state,22241,746037,425,9865,1909,9872,168,44,1126
190,11/09/2026 02:23,94500,obligation-state,22325,675547,428,10032,1923,9763,176,44,1133
191,11/09/2026 02:24,94500,obligation-state,21980,682141,426,9798,1929,9641,183,44,1100
192,11/09/2026 02:24,94500,obligation-state,22128,752788,430,9852,1928,9743,172,44,1140
193,11/09/2026 02:24,94500,obligation-state,22067,652064,426,9807,1942,9718,171,43,1193
194,11/09/2026 02:25,94500,obligation-state,22313,754088,425,9879,1929,9904,175,43,1078
195,11/09/2026 02:25,94500,obligation-state,22093,751125,431,9865,1922,9685,187,44,1103
196,11/09/2026 02:26,94500,obligation-state,22136,633166,428,9902,1914,9721,168,45,1142
197,11/09/2026 02:26,94500,obligation-state,22141,775196,449,9819,1911,9783,175,43,1126
198,11/09/2026 02:26,94500,obligation-state,22366,773721,426,9943,1933,9894,168,44,1141
199,11/09/2026 02:27,94500,obligation-state,22217,733973,430,9868,1937,9810,170,44,1091
200,11/09/2026 02:27,94500,obligation-state,22117,768156,441,9881,1903,9710,181,44,1090
1,11/09/2026 02:33,108000,obligation-state,25341,888380,426,11445,2270,11010,187,49,1308
2,11/09/2026 02:33,108000,obligation-state,25354,827910,452,11383,2205,11127,186,50,1373
3,11/09/2026 02:33,108000,obligation-state,25195,723321,428,11338,2242,10962,223,50,1302
4,11/09/2026 02:34,108000,obligation-state,25220,877285,425,11267,2257,11079,190,49,1308
5,11/09/2026 02:34,108000,obligation-state,25344,748264,426,11306,2211,11211,188,49,1347
6,11/09/2026 02:35,108000,obligation-state,25217,686121,422,11199,2220,11168,206,50,1360
7,11/09/2026 02:35,108000,obligation-state,25214,832803,439,11336,2229,11020,189,50,1364
8,11/09/2026 02:35,108000,obligation-state,25167,814854,426,11205,2241,11095,199,50,1308
9,11/09/2026 02:36,108000,obligation-state,25144,828072,425,11275,2207,11048,186,50,1333
10,11/09/2026 02:36,108000,obligation-state,25256,885905,427,11334,2265,11046,183,49,1362
11,11/09/2026 02:37,108000,obligation-state,25262,825755,427,11330,2208,11107,189,50,1287
12,11/09/2026 02:37,108000,obligation-state,25250,843945,430,11333,2267,11031,187,49,1347
13,11/09/2026 02:38,108000,obligation-state,25230,829535,428,11287,2226,11099,188,50,1299
14,11/09/2026 02:38,108000,obligation-state,25476,836622,430,11391,2262,11203,188,50,1377
15,11/09/2026 02:38,108000,obligation-state,25152,846460,437,11185,2285,11053,190,50,1341
16,11/09/2026 02:39,108000,obligation-state,25279,677547,429,11329,2222,11091,205,50,1377
17,11/09/2026 02:39,108000,obligation-state,25372,677337,436,11334,2222,11176,202,50,1345
18,11/09/2026 02:40,108000,obligation-state,25260,686884,428,11288,2248,11094,200,49,1390
19,11/09/2026 02:40,108000,obligation-state,25562,844100,431,11500,2305,11138,186,50,1409
20,11/09/2026 02:41,108000,obligation-state,25134,828125,452,11251,2186,11052,191,50,1330
21,11/09/2026 02:41,108000,obligation-state,25035,823449,427,11172,2196,11047,190,50,1287
22,11/09/2026 02:41,108000,obligation-state,25150,665082,428,11244,2229,11034,213,50,1321
23,11/09/2026 02:42,108000,obligation-state,25168,777274,445,11321,2202,11014,185,49,1321
24,11/09/2026 02:42,108000,obligation-state,25287,792424,429,11315,2213,11139,190,49,1336
25,11/09/2026 02:43,108000,obligation-state,25349,814380,434,11325,2188,11217,184,50,1360
26,11/09/2026 02:43,108000,obligation-state,25359,709659,428,11195,2210,11312,213,50,1318
27,11/09/2026 02:44,108000,obligation-state,25318,834449,442,11338,2214,11135,188,50,1426
28,11/09/2026 02:44,108000,obligation-state,25154,843860,451,11255,2212,11045,188,50,1312
29,11/09/2026 02:44,108000,obligation-state,25201,825916,426,11176,2261,11150,187,50,1309
30,11/09/2026 02:45,108000,obligation-state,25298,757286,431,11366,2195,11109,195,49,1446
31,11/09/2026 02:45,108000,obligation-state,25216,826846,428,11233,2204,11158,191,50,1321
32,11/09/2026 02:46,108000,obligation-state,25332,827869,430,11387,2290,11034,188,50,1394
33,11/09/2026 02:46,108000,obligation-state,25268,793598,431,11224,2233,11192,187,49,1313
34,11/09/2026 02:47,108000,obligation-state,25466,830541,430,11458,2250,11139,187,50,1364
35,11/09/2026 02:47,108000,obligation-state,25186,752108,426,11233,2229,11102,194,49,1349
36,11/09/2026 02:47,108000,obligation-state,25246,785574,429,11285,2229,11089,212,49,1339
37,11/09/2026 02:48,108000,obligation-state,25181,833382,432,11284,2212,11064,187,50,1351
38,11/09/2026 02:48,108000,obligation-state,25362,878593,448,11268,2229,11228,188,49,1267
39,11/09/2026 02:49,108000,obligation-state,25246,833916,428,11309,2220,11099,187,50,1351
40,11/09/2026 02:49,108000,obligation-state,25408,693357,430,11341,2236,11202,197,50,1315
41,11/09/2026 02:49,108000,obligation-state,25180,843828,431,11279,2206,11070,191,49,1266
42,11/09/2026 02:50,108000,obligation-state,25307,687000,433,11331,2230,11098,213,50,1307
43,11/09/2026 02:50,108000,obligation-state,25250,719531,432,11224,2237,11157,198,50,1293
44,11/09/2026 02:51,108000,obligation-state,25097,704034,432,11179,2198,11087,199,50,1297
45,11/09/2026 02:51,108000,obligation-state,25290,844751,429,11295,2254,11122,188,50,1297
46,11/09/2026 02:52,108000,obligation-state,25318,679268,441,11268,2193,11209,204,50,1296
47,11/09/2026 02:52,108000,obligation-state,25233,826198,431,11252,2221,11141,186,49,1287
48,11/09/2026 02:52,108000,obligation-state,25282,901957,446,11294,2220,11129,191,49,1246
49,11/09/2026 02:53,108000,obligation-state,25144,721438,425,11342,2276,10897,201,50,1342
50,11/09/2026 02:53,108000,obligation-state,25344,670263,429,11294,2225,11189,204,50,1300
51,11/09/2026 02:54,108000,obligation-state,25425,712555,430,11326,2201,11240,226,50,1316
52,11/09/2026 02:54,108000,obligation-state,25067,828443,428,11241,2202,11013,182,50,1340
53,11/09/2026 02:55,108000,obligation-state,25363,835796,430,11397,2237,11097,199,49,1385
54,11/09/2026 02:55,108000,obligation-state,25425,879197,429,11320,2280,11198,196,49,1340
55,11/09/2026 02:55,108000,obligation-state,25404,846294,431,11406,2291,11085,190,50,1361
56,11/09/2026 02:56,108000,obligation-state,25399,829029,433,11384,2238,11152,191,50,1440
57,11/09/2026 02:56,108000,obligation-state,25269,831648,433,11290,2223,11133,187,50,1306
58,11/09/2026 02:57,108000,obligation-state,25485,753152,431,11469,2241,11149,193,49,1398
59,11/09/2026 02:57,108000,obligation-state,25300,830321,434,11322,2242,11113,187,50,1296
60,11/09/2026 02:58,108000,obligation-state,25380,832278,432,11362,2237,11161,186,50,1368
61,11/09/2026 02:58,108000,obligation-state,25090,814407,430,11248,2215,11010,184,50,1289
62,11/09/2026 02:58,108000,obligation-state,25363,815326,430,11413,2216,11113,189,50,1320
63,11/09/2026 02:59,108000,obligation-state,25224,878828,430,11301,2209,11096,186,50,1354
64,11/09/2026 02:59,108000,obligation-state,25420,671579,431,11302,2259,11232,196,50,1369
65,11/09/2026 03:00,108000,obligation-state,25426,816629,434,11432,2256,11116,186,50,1363
66,11/09/2026 03:00,108000,obligation-state,25362,805752,443,11273,2255,11198,191,49,1290
67,11/09/2026 03:01,108000,obligation-state,25152,877522,427,11273,2226,11033,192,49,1302
68,11/09/2026 03:01,108000,obligation-state,25500,893720,427,11300,2213,11354,204,49,1330
69,11/09/2026 03:01,108000,obligation-state,25195,831044,429,11247,2233,11100,184,48,1296
70,11/09/2026 03:02,108000,obligation-state,25252,829658,426,11250,2227,11156,191,50,1287
71,11/09/2026 03:02,108000,obligation-state,25069,828768,426,11227,2225,10998,191,50,1287
72,11/09/2026 03:03,108000,obligation-state,25085,654630,427,11146,2235,11078,197,50,1303
73,11/09/2026 03:03,108000,obligation-state,25259,877430,428,11252,2230,11163,184,49,1338
74,11/09/2026 03:04,108000,obligation-state,25227,859283,428,11276,2217,11117,187,49,1299
75,11/09/2026 03:04,108000,obligation-state,25024,660443,427,11192,2228,10974,201,50,1275
76,11/09/2026 03:04,108000,obligation-state,25111,830795,427,11282,2207,11009,184,50,1384
77,11/09/2026 03:05,108000,obligation-state,25169,679631,430,11137,2208,11179,213,49,1258
78,11/09/2026 03:05,108000,obligation-state,25261,696399,430,11202,2214,11215,199,50,1332
79,11/09/2026 03:06,108000,obligation-state,25349,718469,453,11389,2249,11064,193,50,1369
80,11/09/2026 03:06,108000,obligation-state,25024,831947,430,11160,2265,10980,187,50,1318
81,11/09/2026 03:06,108000,obligation-state,25148,906800,433,11139,2242,11143,189,49,1256
82,11/09/2026 03:07,108000,obligation-state,25086,833745,429,11218,2234,11000,203,50,1339
83,11/09/2026 03:07,108000,obligation-state,25341,682197,431,11412,2229,11065,202,50,1372
84,11/09/2026 03:08,108000,obligation-state,25194,813474,428,11276,2234,11064,189,50,1326
85,11/09/2026 03:08,108000,obligation-state,25341,752650,452,11302,2213,11189,183,49,1311
86,11/09/2026 03:09,108000,obligation-state,25166,834402,433,11232,2226,11078,195,50,1294
87,11/09/2026 03:09,108000,obligation-state,25628,688481,430,11266,2237,11484,208,50,1321
88,11/09/2026 03:09,108000,obligation-state,25136,828428,431,11252,2227,11039,186,50,1305
89,11/09/2026 03:10,108000,obligation-state,25158,850222,429,11270,2212,11058,186,50,1262
90,11/09/2026 03:10,108000,obligation-state,25607,768275,430,11391,2231,11365,188,49,1437
91,11/09/2026 03:11,108000,obligation-state,25271,847243,441,11283,2227,11111,207,50,1270
92,11/09/2026 03:11,108000,obligation-state,25185,737517,430,11233,2265,11059,196,49,1291
93,11/09/2026 03:12,108000,obligation-state,25283,748578,431,11188,2288,11187,187,49,1280
94,11/09/2026 03:12,108000,obligation-state,25316,833666,428,11300,2209,11194,183,50,1414
95,11/09/2026 03:12,108000,obligation-state,25323,841113,443,11511,2200,10981,186,50,1360
96,11/09/2026 03:13,108000,obligation-state,25414,825705,430,11310,2258,11226,189,50,1298
97,11/09/2026 03:13,108000,obligation-state,25286,652304,431,11268,2235,11152,198,50,1327
98,11/09/2026 03:14,108000,obligation-state,25246,873007,430,11355,2208,11060,191,49,1458
99,11/09/2026 03:14,108000,obligation-state,25519,886416,429,11368,2217,11314,188,49,1448
100,11/09/2026 03:15,108000,obligation-state,25500,822502,434,11373,2221,11269,201,49,1286
101,11/09/2026 03:15,108000,obligation-state,25122,665432,430,11181,2256,11049,203,50,1327
102,11/09/2026 03:15,108000,obligation-state,25311,823129,442,11255,2224,11190,197,49,1271
103,11/09/2026 03:16,108000,obligation-state,25275,832780,426,11253,2268,11141,185,50,1296
104,11/09/2026 03:16,108000,obligation-state,25390,699146,432,11374,2225,11156,201,49,1282
105,11/09/2026 03:17,108000,obligation-state,25118,819939,428,11270,2219,11015,184,49,1285
106,11/09/2026 03:17,108000,obligation-state,25307,812402,431,11296,2263,11127,189,49,1349
107,11/09/2026 03:18,108000,obligation-state,25171,813284,428,11248,2229,11074,190,50,1275
108,11/09/2026 03:18,108000,obligation-state,25427,685366,428,11318,2241,11228,209,50,1268
109,11/09/2026 03:18,108000,obligation-state,25166,826083,427,11241,2227,11080,189,50,1309
110,11/09/2026 03:19,108000,obligation-state,25187,724937,426,11264,2193,11090,211,50,1298
111,11/09/2026 03:19,108000,obligation-state,25316,665537,431,11364,2173,11152,194,50,1313
112,11/09/2026 03:20,108000,obligation-state,25313,757148,429,11247,2259,11190,185,49,1334
113,11/09/2026 03:20,108000,obligation-state,25119,885296,436,11340,2233,10921,187,49,1371
114,11/09/2026 03:20,108000,obligation-state,25108,844644,422,11128,2207,11156,194,50,1327
115,11/09/2026 03:21,108000,obligation-state,25076,864842,426,11166,2215,11082,185,49,1316
116,11/09/2026 03:21,108000,obligation-state,25435,828180,430,11381,2226,11208,189,50,1355
117,11/09/2026 03:22,108000,obligation-state,25232,918712,429,11274,2229,11111,187,49,1291
118,11/09/2026 03:22,108000,obligation-state,25113,713671,429,11196,2183,11099,204,50,1328
119,11/09/2026 03:23,108000,obligation-state,25335,793172,426,11272,2235,11204,197,49,1262
120,11/09/2026 03:23,108000,obligation-state,25346,693860,429,11365,2225,11126,199,50,1290
121,11/09/2026 03:23,108000,obligation-state,25332,814808,428,11339,2226,11137,200,49,1434
122,11/09/2026 03:24,108000,obligation-state,25427,684948,427,11182,2251,11364,201,49,1271
123,11/09/2026 03:24,108000,obligation-state,24998,825058,427,11145,2184,11049,190,50,1278
124,11/09/2026 03:25,108000,obligation-state,25311,680257,431,11317,2232,11127,202,50,1329
125,11/09/2026 03:25,108000,obligation-state,25292,831434,428,11215,2273,11179,195,50,1320
126,11/09/2026 03:26,108000,obligation-state,25215,863786,444,11282,2269,11035,183,49,1329
127,11/09/2026 03:26,108000,obligation-state,25203,820805,430,11338,2223,11021,188,49,1317
128,11/09/2026 03:26,108000,obligation-state,25228,829615,435,11354,2183,11066,188,50,1443
129,11/09/2026 03:27,108000,obligation-state,25319,830265,429,11314,2199,11186,190,50,1284
130,11/09/2026 03:27,108000,obligation-state,25350,826563,432,11380,2208,11145,183,49,1326
131,11/09/2026 03:28,108000,obligation-state,25628,708562,432,11509,2301,11189,195,50,1425
132,11/09/2026 03:28,108000,obligation-state,25263,675116,431,11272,2233,11125,201,49,1288
133,11/09/2026 03:29,108000,obligation-state,25525,690836,429,11318,2199,11377,200,50,1321
134,11/09/2026 03:29,108000,obligation-state,25140,843719,425,11227,2259,11038,188,50,1291
135,11/09/2026 03:29,108000,obligation-state,25046,829574,428,11211,2215,10998,193,50,1256
136,11/09/2026 03:30,108000,obligation-state,25336,691183,426,11313,2231,11154,210,50,1317
137,11/09/2026 03:30,108000,obligation-state,25333,827730,426,11340,2260,11117,188,50,1343
138,11/09/2026 03:31,108000,obligation-state,25265,837400,448,11372,2208,11050,186,50,1401
139,11/09/2026 03:31,108000,obligation-state,25263,739179,430,11236,2227,11179,190,49,1335
140,11/09/2026 03:32,108000,obligation-state,25359,866668,425,11350,2240,11156,185,49,1292
141,11/09/2026 03:32,108000,obligation-state,25638,679564,428,11453,2277,11277,201,50,1325
142,11/09/2026 03:32,108000,obligation-state,25380,670154,426,11258,2214,11279,201,50,1371
143,11/09/2026 03:33,108000,obligation-state,25123,838712,418,11181,2261,11071,191,50,1289
144,11/09/2026 03:33,108000,obligation-state,25051,814082,428,11253,2208,10974,185,50,1314
145,11/09/2026 03:34,108000,obligation-state,25287,833143,427,11309,2232,11129,187,50,1323
146,11/09/2026 03:34,108000,obligation-state,25144,845068,427,11232,2214,11079,189,50,1352
147,11/09/2026 03:35,108000,obligation-state,25188,827399,426,11203,2216,11154,186,50,1292
148,11/09/2026 03:35,108000,obligation-state,25406,686466,428,11276,2238,11258,203,50,1325
149,11/09/2026 03:35,108000,obligation-state,25345,824760,428,11266,2244,11215,189,50,1317
150,11/09/2026 03:36,108000,obligation-state,25484,834330,431,11543,2232,11088,188,50,1358
151,11/09/2026 03:36,108000,obligation-state,25416,817923,433,11454,2253,11090,184,49,1427
152,11/09/2026 03:37,108000,obligation-state,25414,687280,431,11360,2225,11195,201,50,1398
153,11/09/2026 03:37,108000,obligation-state,25419,690970,429,11293,2232,11261,201,50,1329
154,11/09/2026 03:37,108000,obligation-state,25096,848554,432,11258,2215,11002,187,50,1299
155,11/09/2026 03:38,108000,obligation-state,25189,717641,431,11257,2223,11074,202,50,1283
156,11/09/2026 03:38,108000,obligation-state,25143,830835,433,11231,2229,11057,191,50,1308
157,11/09/2026 03:39,108000,obligation-state,25290,847202,432,11321,2254,11087,193,49,1320
158,11/09/2026 03:39,108000,obligation-state,25306,838564,428,11318,2196,11170,191,50,1298
159,11/09/2026 03:40,108000,obligation-state,25328,767830,428,11245,2214,11251,187,49,1300
160,11/09/2026 03:40,108000,obligation-state,25315,748586,429,11287,2238,11161,199,49,1314
161,11/09/2026 03:40,108000,obligation-state,25384,679756,430,11340,2238,11174,199,50,1369
162,11/09/2026 03:41,108000,obligation-state,25451,832592,425,11322,2268,11231,203,49,1337
163,11/09/2026 03:41,108000,obligation-state,25142,815372,433,11163,2208,11137,198,50,1260
164,11/09/2026 03:42,108000,obligation-state,25233,830186,428,11188,2246,11183,185,50,1326
165,11/09/2026 03:42,108000,obligation-state,25361,822184,441,11269,2241,11215,193,50,1354
166,11/09/2026 03:43,108000,obligation-state,25130,835630,426,11207,2187,11126,182,50,1339
167,11/09/2026 03:43,108000,obligation-state,25166,831226,438,11223,2221,11094,187,50,1318
168,11/09/2026 03:43,108000,obligation-state,25493,834960,432,11283,2240,11337,198,50,1478
169,11/09/2026 03:44,108000,obligation-state,25295,830409,435,11225,2209,11238,186,50,1343
170,11/09/2026 03:44,108000,obligation-state,25447,832619,451,11194,2287,11320,193,50,1269
171,11/09/2026 03:45,108000,obligation-state,25381,692073,429,11221,2229,11299,201,50,1270
172,11/09/2026 03:45,108000,obligation-state,25430,685369,429,11307,2240,11240,211,50,1324
173,11/09/2026 03:46,108000,obligation-state,25509,828027,440,11420,2184,11271,193,50,1412
174,11/09/2026 03:46,108000,obligation-state,25331,670070,425,11266,2215,11225,198,50,1323
175,11/09/2026 03:46,108000,obligation-state,25421,876464,432,11493,2244,11062,189,49,1512
176,11/09/2026 03:47,108000,obligation-state,25466,697017,435,11422,2207,11200,201,50,1309
177,11/09/2026 03:47,108000,obligation-state,25298,894424,427,11269,2223,11182,194,49,1305
178,11/09/2026 03:48,108000,obligation-state,25361,828952,432,11332,2219,11183,191,50,1335
179,11/09/2026 03:48,108000,obligation-state,25283,799474,425,11375,2223,11072,186,49,1349
180,11/09/2026 03:49,108000,obligation-state,25300,684563,456,11275,2187,11176,204,50,1287
181,11/09/2026 03:49,108000,obligation-state,25342,891986,431,11470,2198,11051,189,49,1344
182,11/09/2026 03:49,108000,obligation-state,25423,906774,433,11309,2233,11257,189,49,1354
183,11/09/2026 03:50,108000,obligation-state,25356,748815,429,11247,2221,11267,189,49,1330
184,11/09/2026 03:50,108000,obligation-state,25120,869609,450,11270,2207,11010,181,49,1309
185,11/09/2026 03:51,108000,obligation-state,25360,670417,424,11261,2230,11245,199,49,1313
186,11/09/2026 03:51,108000,obligation-state,25152,901437,429,11206,2207,11103,206,49,1294
187,11/09/2026 03:52,108000,obligation-state,25256,847360,427,11321,2236,11080,189,50,1365
188,11/09/2026 03:52,108000,obligation-state,25074,770712,431,11190,2243,11017,191,49,1327
189,11/09/2026 03:52,108000,obligation-state,25389,827545,428,11303,2251,11212,193,50,1355
190,11/09/2026 03:53,108000,obligation-state,25117,756918,438,11247,2235,11007,189,49,1272
191,11/09/2026 03:53,108000,obligation-state,25238,712989,429,11238,2234,11137,197,50,1353
192,11/09/2026 03:54,108000,obligation-state,25509,696043,427,11347,2233,11285,215,50,1274
193,11/09/2026 03:54,108000,obligation-state,25458,812558,431,11425,2228,11181,191,49,1390
194,11/09/2026 03:54,108000,obligation-state,25037,824433,427,11179,2204,11036,190,50,1292
195,11/09/2026 03:55,108000,obligation-state,25202,693239,427,11315,2247,11008,203,50,1374
196,11/09/2026 03:55,108000,obligation-state,25322,676915,438,11371,2233,11075,204,50,1447
197,11/09/2026 03:56,108000,obligation-state,25130,826513,427,11233,2207,11073,188,50,1316
198,11/09/2026 03:56,108000,obligation-state,25294,878751,435,11307,2244,11118,188,49,1287
199,11/09/2026 03:57,108000,obligation-state,25351,685846,436,11331,2213,11164,206,50,1362
200,11/09/2026 03:57,108000,obligation-state,25318,805882,427,11384,2252,11066,188,49,1415
1,11/09/2026 05:52,13500,regulated-action-state,3992,103592,430,1619,288,1608,45,5,116
2,11/09/2026 05:52,13500,regulated-action-state,4017,94358,432,1630,288,1612,53,5,111
3,11/09/2026 05:52,13500,regulated-action-state,3970,88447,428,1647,225,1627,41,5,112
4,11/09/2026 05:52,13500,regulated-action-state,4009,104666,440,1656,269,1598,43,5,116
5,11/09/2026 05:52,13500,regulated-action-state,4033,83371,429,1668,293,1579,62,5,113
6,11/09/2026 05:53,13500,regulated-action-state,3986,103026,435,1667,223,1612,47,5,110
7,11/09/2026 05:53,13500,regulated-action-state,4038,89930,430,1630,302,1632,42,5,114
8,11/09/2026 05:53,13500,regulated-action-state,3959,88934,427,1646,232,1609,43,5,119
9,11/09/2026 05:53,13500,regulated-action-state,3974,99775,426,1627,273,1603,43,5,118
10,11/09/2026 05:53,13500,regulated-action-state,3973,103897,426,1638,292,1562,52,5,115
11,11/09/2026 05:53,13500,regulated-action-state,4001,108937,431,1641,228,1654,44,5,114
12,11/09/2026 05:53,13500,regulated-action-state,3929,87412,427,1653,220,1566,60,5,113
13,11/09/2026 05:53,13500,regulated-action-state,3929,89285,427,1629,222,1600,50,5,114
14,11/09/2026 05:53,13500,regulated-action-state,4071,82741,434,1661,287,1626,61,5,117
15,11/09/2026 05:53,13500,regulated-action-state,3982,87527,426,1622,285,1587,60,5,109
16,11/09/2026 05:53,13500,regulated-action-state,3962,104671,430,1649,222,1616,43,5,113
17,11/09/2026 05:53,13500,regulated-action-state,3998,87518,433,1616,285,1601,60,5,113
18,11/09/2026 05:53,13500,regulated-action-state,3972,89942,435,1639,224,1628,44,5,116
19,11/09/2026 05:53,13500,regulated-action-state,3899,102860,430,1637,222,1562,45,5,114
20,11/09/2026 05:54,13500,regulated-action-state,4031,104784,426,1640,272,1645,47,5,115
21,11/09/2026 05:54,13500,regulated-action-state,4003,87206,431,1620,268,1620,62,5,113
22,11/09/2026 05:54,13500,regulated-action-state,3974,102857,449,1656,225,1597,44,5,118
23,11/09/2026 05:54,13500,regulated-action-state,3997,93274,426,1623,288,1613,45,5,114
24,11/09/2026 05:54,13500,regulated-action-state,4026,89256,428,1664,307,1581,43,5,115
25,11/09/2026 05:54,13500,regulated-action-state,3983,94282,429,1621,269,1621,41,5,110
26,11/09/2026 05:54,13500,regulated-action-state,3944,81716,427,1651,232,1571,61,5,112
27,11/09/2026 05:54,13500,regulated-action-state,4024,103114,445,1677,226,1629,45,5,119
28,11/09/2026 05:54,13500,regulated-action-state,3997,104002,427,1641,258,1625,45,5,117
29,11/09/2026 05:54,13500,regulated-action-state,4001,103004,430,1637,259,1630,44,5,114
30,11/09/2026 05:54,13500,regulated-action-state,4022,108104,429,1630,290,1628,43,5,114
31,11/09/2026 05:54,13500,regulated-action-state,3966,83906,425,1614,281,1583,62,5,115
32,11/09/2026 05:54,13500,regulated-action-state,3992,105225,429,1652,221,1643,45,5,114
33,11/09/2026 05:54,13500,regulated-action-state,4009,103534,426,1622,298,1616,45,5,114
34,11/09/2026 05:54,13500,regulated-action-state,3995,100873,425,1626,281,1618,43,5,119
35,11/09/2026 05:55,13500,regulated-action-state,3925,88415,429,1615,223,1614,41,5,113
36,11/09/2026 05:55,13500,regulated-action-state,4029,104017,426,1667,261,1629,43,5,111
37,11/09/2026 05:55,13500,regulated-action-state,3982,104227,438,1675,224,1600,43,5,120
38,11/09/2026 05:55,13500,regulated-action-state,4067,104054,427,1653,297,1641,47,5,118
39,11/09/2026 05:55,13500,regulated-action-state,4017,88503,429,1643,281,1592,70,5,109
40,11/09/2026 05:55,13500,regulated-action-state,3998,82140,443,1673,223,1596,61,5,113
41,11/09/2026 05:55,13500,regulated-action-state,4030,88929,427,1648,304,1606,43,5,113
42,11/09/2026 05:55,13500,regulated-action-state,3971,82872,437,1649,226,1596,61,5,113
43,11/09/2026 05:55,13500,regulated-action-state,3968,82988,426,1614,284,1579,64,5,117
44,11/09/2026 05:55,13500,regulated-action-state,4013,89112,428,1647,288,1606,43,5,112
45,11/09/2026 05:55,13500,regulated-action-state,3943,108516,426,1637,219,1613,47,5,116
46,11/09/2026 05:55,13500,regulated-action-state,3991,82574,426,1667,264,1571,62,5,118
47,11/09/2026 05:55,13500,regulated-action-state,4027,82837,437,1650,287,1589,61,5,116
48,11/09/2026 05:55,13500,regulated-action-state,4044,82804,425,1645,298,1613,62,5,116
49,11/09/2026 05:56,13500,regulated-action-state,3976,90110,429,1630,283,1592,41,5,115
50,11/09/2026 05:56,13500,regulated-action-state,3963,103987,427,1642,223,1623,47,5,119
51,11/09/2026 05:56,13500,regulated-action-state,4001,104601,425,1634,286,1610,43,5,115
52,11/09/2026 05:56,13500,regulated-action-state,4023,104432,425,1669,274,1610,44,5,117
53,11/09/2026 05:56,13500,regulated-action-state,4040,104713,445,1624,291,1632,46,5,112
54,11/09/2026 05:56,13500,regulated-action-state,4005,87517,429,1654,269,1589,61,5,116
55,11/09/2026 05:56,13500,regulated-action-state,3897,88594,427,1600,229,1598,42,5,115
56,11/09/2026 05:56,13500,regulated-action-state,3970,104734,431,1640,224,1627,45,5,126
57,11/09/2026 05:56,13500,regulated-action-state,3966,90015,427,1631,223,1641,42,5,113
58,11/09/2026 05:56,13500,regulated-action-state,4040,89166,428,1632,287,1646,45,5,112
59,11/09/2026 05:56,13500,regulated-action-state,3960,93219,430,1634,221,1628,45,5,120
60,11/09/2026 05:56,13500,regulated-action-state,4021,104919,445,1685,233,1612,44,5,117
61,11/09/2026 05:56,13500,regulated-action-state,3937,98227,424,1660,224,1583,44,5,119
62,11/09/2026 05:56,13500,regulated-action-state,4039,104152,430,1656,271,1634,45,5,116
63,11/09/2026 05:57,13500,regulated-action-state,3995,102918,440,1628,223,1659,43,5,115
64,11/09/2026 05:57,13500,regulated-action-state,3926,83243,427,1621,221,1594,61,5,111
65,11/09/2026 05:57,13500,regulated-action-state,4060,103600,436,1675,304,1600,42,5,114
66,11/09/2026 05:57,13500,regulated-action-state,3988,99661,433,1633,234,1642,44,5,116
67,11/09/2026 05:57,13500,regulated-action-state,3921,88262,431,1634,223,1589,43,5,113
68,11/09/2026 05:57,13500,regulated-action-state,3986,103978,431,1623,271,1611,48,5,112
69,11/09/2026 05:57,13500,regulated-action-state,3931,89284,430,1659,222,1575,42,5,116
70,11/09/2026 05:57,13500,regulated-action-state,4015,89268,431,1629,237,1675,41,5,116
71,11/09/2026 05:57,13500,regulated-action-state,4037,88263,447,1666,292,1569,62,5,116
72,11/09/2026 05:57,13500,regulated-action-state,4023,104508,442,1626,294,1612,48,5,116
73,11/09/2026 05:57,13500,regulated-action-state,4014,83746,430,1651,284,1587,61,5,110
74,11/09/2026 05:57,13500,regulated-action-state,3951,109930,432,1651,223,1602,42,5,118
75,11/09/2026 05:57,13500,regulated-action-state,4095,88701,435,1642,290,1683,44,5,120
76,11/09/2026 05:57,13500,regulated-action-state,3927,108270,426,1628,226,1601,45,5,115
77,11/09/2026 05:57,13500,regulated-action-state,4022,83182,430,1631,275,1618,66,5,114
78,11/09/2026 05:58,13500,regulated-action-state,3937,99328,430,1629,237,1595,44,5,115
79,11/09/2026 05:58,13500,regulated-action-state,4023,103287,430,1640,287,1619,44,5,121
80,11/09/2026 05:58,13500,regulated-action-state,3979,99135,427,1622,284,1598,45,5,122
81,11/09/2026 05:58,13500,regulated-action-state,4053,103430,431,1676,291,1608,45,5,119
82,11/09/2026 05:58,13500,regulated-action-state,3930,98365,428,1624,228,1603,45,5,113
83,11/09/2026 05:58,13500,regulated-action-state,3948,103568,430,1631,222,1618,45,5,117
84,11/09/2026 05:58,13500,regulated-action-state,3992,89218,429,1646,263,1610,43,5,110
85,11/09/2026 05:58,13500,regulated-action-state,3962,88835,430,1620,270,1599,41,5,115
86,11/09/2026 05:58,13500,regulated-action-state,4052,103535,425,1646,297,1637,45,5,115
87,11/09/2026 05:58,13500,regulated-action-state,4036,89797,435,1619,288,1638,53,5,117
88,11/09/2026 05:58,13500,regulated-action-state,4041,88585,429,1663,288,1618,41,5,116
89,11/09/2026 05:58,13500,regulated-action-state,3968,100034,428,1633,297,1565,43,5,115
90,11/09/2026 05:58,13500,regulated-action-state,3909,89132,434,1614,220,1598,41,5,113
91,11/09/2026 05:58,13500,regulated-action-state,4017,87481,429,1640,297,1587,63,5,111
92,11/09/2026 05:59,13500,regulated-action-state,3994,88788,436,1627,288,1601,40,5,117
93,11/09/2026 05:59,13500,regulated-action-state,4085,98965,429,1639,238,1731,46,5,117
94,11/09/2026 05:59,13500,regulated-action-state,3982,88982,456,1668,223,1585,47,5,112
95,11/09/2026 05:59,13500,regulated-action-state,4051,82833,432,1642,292,1622,61,5,111
96,11/09/2026 05:59,13500,regulated-action-state,3936,82754,436,1631,223,1582,62,5,113
97,11/09/2026 05:59,13500,regulated-action-state,4011,103091,431,1643,270,1620,45,5,117
98,11/09/2026 05:59,13500,regulated-action-state,3961,82823,454,1639,223,1577,65,5,115
99,11/09/2026 05:59,13500,regulated-action-state,4025,108163,425,1638,293,1625,42,5,116
100,11/09/2026 05:59,13500,regulated-action-state,4032,83921,447,1634,295,1595,60,5,113
101,11/09/2026 05:59,13500,regulated-action-state,4060,98629,425,1679,309,1600,45,5,120
102,11/09/2026 05:59,13500,regulated-action-state,3892,93220,432,1629,224,1563,42,5,115
103,11/09/2026 05:59,13500,regulated-action-state,3985,99263,426,1641,269,1601,45,5,113
104,11/09/2026 05:59,13500,regulated-action-state,3955,99316,425,1639,271,1572,46,5,118
105,11/09/2026 05:59,13500,regulated-action-state,3971,83554,426,1610,270,1602,61,5,109
106,11/09/2026 05:59,13500,regulated-action-state,3930,89073,426,1624,228,1608,42,5,118
107,11/09/2026 06:00,13500,regulated-action-state,3987,90512,427,1641,271,1595,52,5,118
108,11/09/2026 06:00,13500,regulated-action-state,4000,99202,425,1633,270,1625,45,5,116
109,11/09/2026 06:00,13500,regulated-action-state,4005,105012,451,1643,227,1639,44,5,117
110,11/09/2026 06:00,13500,regulated-action-state,3923,104221,429,1641,233,1573,44,5,118
111,11/09/2026 06:00,13500,regulated-action-state,4010,103944,426,1621,282,1622,57,5,121
112,11/09/2026 06:00,13500,regulated-action-state,4001,89602,447,1619,269,1623,41,5,115
113,11/09/2026 06:00,13500,regulated-action-state,3954,88993,429,1644,222,1615,41,5,117
114,11/09/2026 06:00,13500,regulated-action-state,3898,87412,424,1632,219,1560,61,5,113
115,11/09/2026 06:00,13500,regulated-action-state,3994,99639,426,1646,285,1581,54,5,116
116,11/09/2026 06:00,13500,regulated-action-state,3951,82387,431,1616,283,1559,60,5,111
117,11/09/2026 06:00,13500,regulated-action-state,3957,109007,426,1622,272,1593,43,5,113
118,11/09/2026 06:00,13500,regulated-action-state,3962,104142,426,1640,233,1615,46,5,120
119,11/09/2026 06:00,13500,regulated-action-state,4021,82796,424,1628,293,1612,62,5,113
120,11/09/2026 06:00,13500,regulated-action-state,3937,89324,429,1666,223,1576,41,5,115
121,11/09/2026 06:01,13500,regulated-action-state,3939,98851,444,1626,226,1599,42,5,117
122,11/09/2026 06:01,13500,regulated-action-state,4027,88106,428,1633,278,1640,46,5,115
123,11/09/2026 06:01,13500,regulated-action-state,3972,99848,427,1625,283,1591,45,5,116
124,11/09/2026 06:01,13500,regulated-action-state,3958,104926,426,1628,222,1636,44,5,113
125,11/09/2026 06:01,13500,regulated-action-state,4019,105006,427,1648,293,1607,43,5,114
126,11/09/2026 06:01,13500,regulated-action-state,4013,88896,427,1665,270,1609,41,5,117
127,11/09/2026 06:01,13500,regulated-action-state,4079,83927,435,1656,289,1638,59,5,113
128,11/09/2026 06:01,13500,regulated-action-state,3939,83793,427,1617,269,1563,60,5,114
129,11/09/2026 06:01,13500,regulated-action-state,3939,103622,429,1623,266,1575,44,5,119
130,11/09/2026 06:01,13500,regulated-action-state,4020,88391,427,1643,285,1621,42,5,116
131,11/09/2026 06:01,13500,regulated-action-state,3909,103923,428,1635,221,1579,44,5,114
132,11/09/2026 06:01,13500,regulated-action-state,3922,81709,427,1632,227,1574,60,5,115
133,11/09/2026 06:01,13500,regulated-action-state,3961,103483,434,1659,225,1587,54,5,117
134,11/09/2026 06:01,13500,regulated-action-state,3995,89229,427,1640,271,1615,41,5,116
135,11/09/2026 06:01,13500,regulated-action-state,3952,89527,429,1630,221,1630,40,5,115
136,11/09/2026 06:02,13500,regulated-action-state,3970,104249,425,1611,299,1591,42,5,115
137,11/09/2026 06:02,13500,regulated-action-state,4058,89985,430,1657,290,1637,43,5,115
138,11/09/2026 06:02,13500,regulated-action-state,3949,103032,431,1637,229,1606,45,5,117
139,11/09/2026 06:02,13500,regulated-action-state,3930,103296,440,1647,222,1573,45,5,116
140,11/09/2026 06:02,13500,regulated-action-state,3934,100702,427,1639,228,1595,43,5,122
141,11/09/2026 06:02,13500,regulated-action-state,3961,103589,429,1620,262,1603,46,5,116
142,11/09/2026 06:02,13500,regulated-action-state,3955,87992,435,1644,227,1576,71,5,113
143,11/09/2026 06:02,13500,regulated-action-state,3927,100164,429,1602,221,1628,44,5,117
144,11/09/2026 06:02,13500,regulated-action-state,4006,92693,432,1673,227,1627,45,5,112
145,11/09/2026 06:02,13500,regulated-action-state,3991,92978,433,1642,272,1599,43,5,116
146,11/09/2026 06:02,13500,regulated-action-state,3985,87462,432,1625,289,1576,61,5,109
147,11/09/2026 06:02,13500,regulated-action-state,3958,98899,427,1661,222,1603,44,5,117
148,11/09/2026 06:02,13500,regulated-action-state,3984,108956,425,1626,283,1603,44,5,118
149,11/09/2026 06:02,13500,regulated-action-state,4021,103695,429,1643,307,1597,43,5,114
150,11/09/2026 06:03,13500,regulated-action-state,3997,88925,429,1617,277,1631,42,5,114
151,11/09/2026 06:03,13500,regulated-action-state,3969,104283,450,1669,222,1583,43,5,115
152,11/09/2026 06:03,13500,regulated-action-state,4028,104708,427,1635,293,1626,46,5,118
153,11/09/2026 06:03,13500,regulated-action-state,3984,83289,426,1636,228,1629,64,5,116
154,11/09/2026 06:03,13500,regulated-action-state,4023,107804,431,1647,286,1612,46,5,117
155,11/09/2026 06:03,13500,regulated-action-state,3984,98275,426,1622,286,1604,44,5,114
156,11/09/2026 06:03,13500,regulated-action-state,3987,103737,428,1613,266,1634,44,5,116
157,11/09/2026 06:03,13500,regulated-action-state,4006,104117,427,1665,227,1639,46,5,118
158,11/09/2026 06:03,13500,regulated-action-state,3986,100067,427,1633,272,1607,44,5,119
159,11/09/2026 06:03,13500,regulated-action-state,4004,98158,427,1637,270,1613,55,5,116
160,11/09/2026 06:03,13500,regulated-action-state,4066,83926,445,1631,302,1617,69,5,116
161,11/09/2026 06:03,13500,regulated-action-state,3990,88272,427,1633,263,1613,52,5,114
162,11/09/2026 06:03,13500,regulated-action-state,3924,104283,426,1622,222,1606,46,5,117
163,11/09/2026 06:03,13500,regulated-action-state,4077,104405,429,1678,270,1636,62,5,117
164,11/09/2026 06:03,13500,regulated-action-state,4023,103101,431,1640,273,1632,46,5,114
165,11/09/2026 06:04,13500,regulated-action-state,3944,87945,430,1646,221,1581,64,5,119
166,11/09/2026 06:04,13500,regulated-action-state,4018,83673,426,1676,222,1627,65,5,114
167,11/09/2026 06:04,13500,regulated-action-state,3999,103118,426,1682,227,1618,44,5,121
168,11/09/2026 06:04,13500,regulated-action-state,4001,83554,429,1616,282,1611,61,5,113
169,11/09/2026 06:04,13500,regulated-action-state,3989,102456,445,1669,223,1606,44,5,125
170,11/09/2026 06:04,13500,regulated-action-state,3898,105078,427,1613,223,1591,42,5,113
171,11/09/2026 06:04,13500,regulated-action-state,4008,104239,426,1656,285,1595,43,5,116
172,11/09/2026 06:04,13500,regulated-action-state,3981,89438,429,1644,288,1577,41,5,116
173,11/09/2026 06:04,13500,regulated-action-state,3977,82169,429,1625,257,1604,60,5,114
174,11/09/2026 06:04,13500,regulated-action-state,3951,90258,431,1641,229,1607,41,5,116
175,11/09/2026 06:04,13500,regulated-action-state,4008,82381,427,1638,284,1598,60,5,115
176,11/09/2026 06:04,13500,regulated-action-state,3992,88794,425,1611,289,1623,42,5,116
177,11/09/2026 06:04,13500,regulated-action-state,4046,103959,438,1661,288,1614,43,5,113
178,11/09/2026 06:04,13500,regulated-action-state,3955,105965,443,1643,226,1595,47,5,122
179,11/09/2026 06:05,13500,regulated-action-state,3939,86566,429,1651,220,1575,62,5,126
180,11/09/2026 06:05,13500,regulated-action-state,4003,82529,425,1632,275,1609,61,5,115
181,11/09/2026 06:05,13500,regulated-action-state,4033,103442,426,1626,290,1645,44,5,117
182,11/09/2026 06:05,13500,regulated-action-state,3930,89022,428,1631,222,1607,41,5,112
183,11/09/2026 06:05,13500,regulated-action-state,4018,102872,426,1629,289,1626,46,5,118
184,11/09/2026 06:05,13500,regulated-action-state,3958,82782,425,1660,226,1584,60,5,115
185,11/09/2026 06:05,13500,regulated-action-state,3984,99384,435,1646,237,1620,44,5,121
186,11/09/2026 06:05,13500,regulated-action-state,4077,88944,428,1630,285,1686,46,5,114
187,11/09/2026 06:05,13500,regulated-action-state,4001,88441,436,1632,260,1628,43,5,115
188,11/09/2026 06:05,13500,regulated-action-state,3949,98080,429,1630,255,1589,44,5,115
189,11/09/2026 06:05,13500,regulated-action-state,3985,87963,429,1621,282,1587,65,5,115
190,11/09/2026 06:05,13500,regulated-action-state,4003,99186,425,1630,286,1615,44,5,115
191,11/09/2026 06:05,13500,regulated-action-state,4022,89394,448,1628,286,1617,42,5,115
192,11/09/2026 06:05,13500,regulated-action-state,3928,104387,434,1646,221,1583,42,5,114
193,11/09/2026 06:05,13500,regulated-action-state,3959,103504,430,1623,290,1570,43,5,118
194,11/09/2026 06:06,13500,regulated-action-state,3931,93582,428,1634,224,1600,43,5,115
195,11/09/2026 06:06,13500,regulated-action-state,3928,93460,426,1624,222,1600,54,5,114
196,11/09/2026 06:06,13500,regulated-action-state,3990,87602,426,1629,268,1603,61,5,114
197,11/09/2026 06:06,13500,regulated-action-state,3920,104906,443,1625,226,1582,43,5,114
198,11/09/2026 06:06,13500,regulated-action-state,4061,104100,433,1629,288,1663,46,5,120
199,11/09/2026 06:06,13500,regulated-action-state,3944,83541,427,1631,223,1600,60,5,113
200,11/09/2026 06:06,13500,regulated-action-state,3968,104036,428,1653,227,1615,43,5,119
1,11/09/2026 06:11,27000,regulated-action-state,6925,275104,429,2998,471,2960,65,12,282
2,11/09/2026 06:11,27000,regulated-action-state,7048,262455,427,3026,537,2992,63,12,286
3,11/09/2026 06:11,27000,regulated-action-state,6954,154728,427,2982,503,2972,68,13,289
4,11/09/2026 06:11,27000,regulated-action-state,6902,157875,437,2983,528,2887,65,13,273
5,11/09/2026 06:12,27000,regulated-action-state,6957,147865,429,2946,526,2985,69,13,278
6,11/09/2026 06:12,27000,regulated-action-state,6911,260302,426,2970,482,2966,65,12,287
7,11/09/2026 06:12,27000,regulated-action-state,6865,157506,426,2984,466,2919,68,13,286
8,11/09/2026 06:12,27000,regulated-action-state,6915,253778,427,2981,533,2906,66,12,281
9,11/09/2026 06:12,27000,regulated-action-state,6887,157390,451,3031,469,2867,68,13,278
10,11/09/2026 06:12,27000,regulated-action-state,6891,264222,435,3032,472,2887,62,12,290
11,11/09/2026 06:12,27000,regulated-action-state,6883,160013,426,2988,505,2888,74,13,294
12,11/09/2026 06:12,27000,regulated-action-state,6860,151997,431,2966,468,2920,74,13,272
13,11/09/2026 06:12,27000,regulated-action-state,6892,263140,427,2977,467,2955,64,12,286
14,11/09/2026 06:13,27000,regulated-action-state,6894,154905,427,2994,474,2931,67,13,294
15,11/09/2026 06:13,27000,regulated-action-state,6890,152108,427,2975,532,2885,68,13,277
16,11/09/2026 06:13,27000,regulated-action-state,6964,254684,425,2977,558,2937,65,12,279
17,11/09/2026 06:13,27000,regulated-action-state,6825,284442,430,3012,467,2852,63,12,278
18,11/09/2026 06:13,27000,regulated-action-state,6923,149323,429,3015,471,2937,67,13,281
19,11/09/2026 06:13,27000,regulated-action-state,6938,152069,427,3025,467,2940,77,13,283
20,11/09/2026 06:13,27000,regulated-action-state,6844,261883,427,2977,465,2909,64,12,278
21,11/09/2026 06:13,27000,regulated-action-state,6887,273914,439,3009,469,2905,65,12,281
22,11/09/2026 06:14,27000,regulated-action-state,6848,153139,429,2976,473,2900,68,13,277
23,11/09/2026 06:14,27000,regulated-action-state,6884,157467,431,2975,513,2897,66,13,279
24,11/09/2026 06:14,27000,regulated-action-state,6925,250978,429,2995,509,2926,64,12,293
25,11/09/2026 06:14,27000,regulated-action-state,6852,280890,441,2965,470,2907,67,12,289
26,11/09/2026 06:14,27000,regulated-action-state,6915,258348,430,2968,469,2976,70,12,285
27,11/09/2026 06:14,27000,regulated-action-state,6938,255429,431,2985,537,2921,62,12,285
28,11/09/2026 06:14,27000,regulated-action-state,6898,154560,429,2966,531,2902,68,13,287
29,11/09/2026 06:14,27000,regulated-action-state,6924,250861,433,2975,530,2922,62,12,274
30,11/09/2026 06:14,27000,regulated-action-state,6927,242364,428,2958,531,2944,65,12,292
31,11/09/2026 06:15,27000,regulated-action-state,6893,157554,438,2987,472,2925,69,13,283
32,11/09/2026 06:15,27000,regulated-action-state,6997,151605,436,2988,514,2976,81,13,315
33,11/09/2026 06:15,27000,regulated-action-state,6843,150221,428,2976,470,2900,67,13,285
34,11/09/2026 06:15,27000,regulated-action-state,6949,152110,430,2970,530,2950,68,13,272
35,11/09/2026 06:15,27000,regulated-action-state,6867,155031,426,2968,524,2878,69,13,274
36,11/09/2026 06:15,27000,regulated-action-state,6902,154626,428,2976,527,2902,67,13,280
37,11/09/2026 06:15,27000,regulated-action-state,6911,154789,426,2980,539,2896,68,13,282
38,11/09/2026 06:15,27000,regulated-action-state,6953,284575,451,3012,470,2954,64,12,294
39,11/09/2026 06:16,27000,regulated-action-state,6837,152141,427,2983,465,2892,67,13,287
40,11/09/2026 06:16,27000,regulated-action-state,6879,250140,430,2956,538,2891,62,12,270
41,11/09/2026 06:16,27000,regulated-action-state,6895,149743,428,2941,507,2949,69,13,273
42,11/09/2026 06:16,27000,regulated-action-state,6948,152097,426,2976,532,2942,70,13,274
43,11/09/2026 06:16,27000,regulated-action-state,6923,252803,429,2989,534,2906,63,12,281
44,11/09/2026 06:16,27000,regulated-action-state,6876,281418,441,3038,470,2862,64,12,282
45,11/09/2026 06:16,27000,regulated-action-state,6861,154441,453,3018,464,2860,65,13,276
46,11/09/2026 06:16,27000,regulated-action-state,6884,254989,426,2988,508,2892,67,12,284
47,11/09/2026 06:16,27000,regulated-action-state,6905,284508,424,2946,540,2930,62,12,277
48,11/09/2026 06:17,27000,regulated-action-state,6883,153190,427,2958,506,2924,67,13,295
49,11/09/2026 06:17,27000,regulated-action-state,6819,153189,427,2966,470,2887,67,13,291
50,11/09/2026 06:17,27000,regulated-action-state,7043,151949,429,3030,544,2967,71,13,291
51,11/09/2026 06:17,27000,regulated-action-state,6942,255450,428,2954,529,2956,74,12,294
52,11/09/2026 06:17,27000,regulated-action-state,6957,258517,428,2986,537,2938,66,12,295
53,11/09/2026 06:17,27000,regulated-action-state,6876,240122,429,2956,504,2922,62,12,279
54,11/09/2026 06:17,27000,regulated-action-state,6883,256934,442,3004,473,2888,73,12,281
55,11/09/2026 06:17,27000,regulated-action-state,6985,283378,454,3035,526,2903,64,12,279
56,11/09/2026 06:18,27000,regulated-action-state,6950,152133,426,2974,552,2927,69,13,279
57,11/09/2026 06:18,27000,regulated-action-state,6945,248463,426,2983,539,2928,67,12,276
58,11/09/2026 06:18,27000,regulated-action-state,6993,255392,427,3012,529,2958,65,12,281
59,11/09/2026 06:18,27000,regulated-action-state,6946,154660,427,2966,525,2959,67,13,290
60,11/09/2026 06:18,27000,regulated-action-state,6898,249130,427,2990,476,2927,76,12,278
61,11/09/2026 06:18,27000,regulated-action-state,6908,254978,425,2978,474,2965,64,12,279
62,11/09/2026 06:18,27000,regulated-action-state,6912,234624,430,3032,469,2914,65,12,276
63,11/09/2026 06:18,27000,regulated-action-state,6866,277194,426,2995,463,2913,66,12,299
64,11/09/2026 06:19,27000,regulated-action-state,7021,251162,428,2992,542,2991,66,12,288
65,11/09/2026 06:19,27000,regulated-action-state,6844,160384,444,2948,468,2915,67,13,277
66,11/09/2026 06:19,27000,regulated-action-state,6923,149677,433,3020,475,2926,67,13,282
67,11/09/2026 06:19,27000,regulated-action-state,6908,154659,427,2959,531,2918,71,13,279
68,11/09/2026 06:19,27000,regulated-action-state,7005,149694,428,2991,530,2984,69,13,289
69,11/09/2026 06:19,27000,regulated-action-state,6950,149619,424,2979,549,2926,69,13,278
70,11/09/2026 06:19,27000,regulated-action-state,6928,153046,427,2964,541,2924,70,13,279
71,11/09/2026 06:19,27000,regulated-action-state,6891,153366,427,2991,506,2898,68,13,275
72,11/09/2026 06:19,27000,regulated-action-state,6936,150775,426,2958,539,2944,67,13,281
73,11/09/2026 06:20,27000,regulated-action-state,6987,153382,437,2992,545,2943,68,13,291
74,11/09/2026 06:20,27000,regulated-action-state,6959,259491,443,3056,466,2927,64,12,281
75,11/09/2026 06:20,27000,regulated-action-state,6820,276714,427,2969,465,2894,64,12,272
76,11/09/2026 06:20,27000,regulated-action-state,6959,154810,428,3030,535,2895,68,13,281
77,11/09/2026 06:20,27000,regulated-action-state,6904,157630,429,2983,534,2890,67,13,285
78,11/09/2026 06:20,27000,regulated-action-state,6856,154463,432,2969,477,2902,73,13,278
79,11/09/2026 06:20,27000,regulated-action-state,6904,155451,426,2990,473,2930,83,13,292
80,11/09/2026 06:20,27000,regulated-action-state,7027,250753,429,2973,540,3011,72,12,280
81,11/09/2026 06:21,27000,regulated-action-state,6869,258295,431,2967,537,2866,66,12,279
82,11/09/2026 06:21,27000,regulated-action-state,6950,150570,433,3027,469,2952,67,13,282
83,11/09/2026 06:21,27000,regulated-action-state,6946,150883,427,2996,523,2927,71,13,294
84,11/09/2026 06:21,27000,regulated-action-state,6962,154761,434,2981,534,2943,68,13,291
85,11/09/2026 06:21,27000,regulated-action-state,7024,149590,429,3020,536,2968,69,13,287
86,11/09/2026 06:21,27000,regulated-action-state,6874,157030,427,3008,465,2906,66,13,292
87,11/09/2026 06:21,27000,regulated-action-state,6976,150316,432,2976,524,2976,66,13,297
88,11/09/2026 06:21,27000,regulated-action-state,6892,148466,428,2991,473,2926,73,13,282
89,11/09/2026 06:21,27000,regulated-action-state,6920,254832,426,3007,475,2947,62,12,291
90,11/09/2026 06:22,27000,regulated-action-state,6897,148946,426,2978,472,2934,85,13,293
91,11/09/2026 06:22,27000,regulated-action-state,6864,149347,426,2987,464,2916,69,13,294
92,11/09/2026 06:22,27000,regulated-action-state,6953,244488,424,2980,549,2932,65,12,287
93,11/09/2026 06:22,27000,regulated-action-state,6922,282888,431,2973,470,2966,80,12,296
94,11/09/2026 06:22,27000,regulated-action-state,6880,163578,426,2972,528,2883,69,13,282
95,11/09/2026 06:22,27000,regulated-action-state,6921,283012,425,2999,474,2955,66,12,279
96,11/09/2026 06:22,27000,regulated-action-state,6951,152224,426,2944,536,2973,68,13,288
97,11/09/2026 06:22,27000,regulated-action-state,6893,150637,426,3001,524,2870,70,13,278
98,11/09/2026 06:23,27000,regulated-action-state,6929,248915,430,2990,500,2942,64,12,285
99,11/09/2026 06:23,27000,regulated-action-state,6898,154717,425,2945,532,2920,74,13,286
100,11/09/2026 06:23,27000,regulated-action-state,6876,254263,431,2994,467,2919,63,12,279
101,11/09/2026 06:23,27000,regulated-action-state,6947,154655,428,2978,550,2911,78,13,281
102,11/09/2026 06:23,27000,regulated-action-state,6917,154753,427,2996,504,2910,78,13,284
103,11/09/2026 06:23,27000,regulated-action-state,6908,154697,426,3004,477,2932,67,13,275
104,11/09/2026 06:23,27000,regulated-action-state,6892,160208,441,2978,469,2930,72,13,296
105,11/09/2026 06:23,27000,regulated-action-state,6829,259550,426,2983,460,2895,63,12,283
106,11/09/2026 06:23,27000,regulated-action-state,6800,149820,425,2960,463,2879,71,13,287
107,11/09/2026 06:24,27000,regulated-action-state,6877,257296,430,2981,498,2900,66,12,279
108,11/09/2026 06:24,27000,regulated-action-state,7015,159988,445,3044,471,2985,69,13,279
109,11/09/2026 06:24,27000,regulated-action-state,6907,149733,437,3012,470,2918,68,13,287
110,11/09/2026 06:24,27000,regulated-action-state,6848,154892,431,2953,515,2880,67,13,274
111,11/09/2026 06:24,27000,regulated-action-state,6901,150119,436,2986,477,2930,70,13,281
112,11/09/2026 06:24,27000,regulated-action-state,6915,151887,427,2998,535,2883,69,13,287
113,11/09/2026 06:24,27000,regulated-action-state,6938,260189,452,3010,466,2943,65,12,282
114,11/09/2026 06:24,27000,regulated-action-state,6907,157166,445,2985,469,2936,69,13,286
115,11/09/2026 06:25,27000,regulated-action-state,6933,160309,428,2965,537,2931,70,13,281
116,11/09/2026 06:25,27000,regulated-action-state,6992,278413,425,2997,543,2960,64,12,281
117,11/09/2026 06:25,27000,regulated-action-state,6926,149202,437,2980,526,2912,69,13,291
118,11/09/2026 06:25,27000,regulated-action-state,6962,282597,444,3040,476,2935,65,12,282
119,11/09/2026 06:25,27000,regulated-action-state,7007,149425,426,3026,552,2931,70,13,285
120,11/09/2026 06:25,27000,regulated-action-state,6909,262471,428,3013,474,2929,64,12,286
121,11/09/2026 06:25,27000,regulated-action-state,6808,157640,430,2972,476,2862,66,13,281
122,11/09/2026 06:25,27000,regulated-action-state,6912,257461,429,3012,474,2931,64,12,280
123,11/09/2026 06:25,27000,regulated-action-state,6879,151922,426,2971,529,2885,67,13,298
124,11/09/2026 06:26,27000,regulated-action-state,6921,253540,444,3024,466,2920,65,12,295
125,11/09/2026 06:26,27000,regulated-action-state,6899,148035,427,2971,534,2896,70,13,286
126,11/09/2026 06:26,27000,regulated-action-state,6879,254436,429,2963,470,2952,63,12,279
127,11/09/2026 06:26,27000,regulated-action-state,6861,152050,429,2994,463,2904,69,13,295
128,11/09/2026 06:26,27000,regulated-action-state,6900,246403,425,2991,499,2919,63,12,271
129,11/09/2026 06:26,27000,regulated-action-state,6913,250757,447,3018,461,2912,73,12,285
130,11/09/2026 06:26,27000,regulated-action-state,6936,253263,429,2968,526,2947,64,12,285
131,11/09/2026 06:26,27000,regulated-action-state,6954,283195,435,3027,471,2955,64,12,284
132,11/09/2026 06:27,27000,regulated-action-state,6882,253156,428,2961,510,2920,62,12,279
133,11/09/2026 06:27,27000,regulated-action-state,6810,280285,428,2967,468,2878,66,12,276
134,11/09/2026 06:27,27000,regulated-action-state,6809,283229,428,2973,469,2875,63,12,276
135,11/09/2026 06:27,27000,regulated-action-state,6884,150444,430,2990,464,2929,69,13,280
136,11/09/2026 06:27,27000,regulated-action-state,6828,152706,426,3000,471,2863,65,13,280
137,11/09/2026 06:27,27000,regulated-action-state,6862,281461,428,2957,524,2886,65,12,282
138,11/09/2026 06:27,27000,regulated-action-state,6790,284831,427,2959,468,2871,63,12,273
139,11/09/2026 06:27,27000,regulated-action-state,6846,254249,450,2990,468,2873,63,12,282
140,11/09/2026 06:27,27000,regulated-action-state,6943,275662,427,2980,561,2910,62,12,280
141,11/09/2026 06:28,27000,regulated-action-state,6926,149506,431,2971,514,2938,69,13,295
142,11/09/2026 06:28,27000,regulated-action-state,6922,262775,428,3002,474,2951,64,12,295
143,11/09/2026 06:28,27000,regulated-action-state,6947,274868,447,3038,473,2923,63,12,294
144,11/09/2026 06:28,27000,regulated-action-state,6929,152009,439,3043,468,2909,68,13,281
145,11/09/2026 06:28,27000,regulated-action-state,6940,149529,428,2996,531,2910,74,13,281
146,11/09/2026 06:28,27000,regulated-action-state,6868,152086,436,2989,468,2893,81,13,283
147,11/09/2026 06:28,27000,regulated-action-state,6794,149400,426,2961,467,2868,70,13,282
148,11/09/2026 06:28,27000,regulated-action-state,6922,149576,427,2965,534,2928,66,13,282
149,11/09/2026 06:29,27000,regulated-action-state,6951,251492,428,3024,530,2904,63,12,285
150,11/09/2026 06:29,27000,regulated-action-state,6940,249962,428,2967,535,2933,75,12,274
151,11/09/2026 06:29,27000,regulated-action-state,6964,154734,446,3023,474,2949,69,13,277
152,11/09/2026 06:29,27000,regulated-action-state,6843,240619,424,2956,469,2928,64,12,288
153,11/09/2026 06:29,27000,regulated-action-state,6900,261268,431,2984,513,2905,64,12,286
154,11/09/2026 06:29,27000,regulated-action-state,6974,156907,429,2959,531,2969,85,13,288
155,11/09/2026 06:29,27000,regulated-action-state,6858,263106,431,2969,464,2928,64,12,275
156,11/09/2026 06:29,27000,regulated-action-state,6861,282300,430,2981,502,2863,82,12,278
157,11/09/2026 06:29,27000,regulated-action-state,6892,271857,429,3000,530,2867,63,12,280
158,11/09/2026 06:30,27000,regulated-action-state,6928,154845,442,3014,474,2912,85,13,285
159,11/09/2026 06:30,27000,regulated-action-state,6957,254764,429,2956,501,3004,65,12,272
160,11/09/2026 06:30,27000,regulated-action-state,6900,152047,432,2951,536,2902,76,13,275
161,11/09/2026 06:30,27000,regulated-action-state,7002,248408,427,3045,516,2947,65,12,275
162,11/09/2026 06:30,27000,regulated-action-state,6952,149496,427,2954,530,2960,78,13,287
163,11/09/2026 06:30,27000,regulated-action-state,6938,253822,427,2957,549,2932,72,12,275
164,11/09/2026 06:30,27000,regulated-action-state,6835,156412,428,2982,470,2886,67,13,287
165,11/09/2026 06:30,27000,regulated-action-state,6949,259878,427,3014,510,2930,66,12,285
166,11/09/2026 06:31,27000,regulated-action-state,6860,154753,427,2957,470,2934,68,13,290
167,11/09/2026 06:31,27000,regulated-action-state,6973,252689,427,2961,484,3034,65,12,285
168,11/09/2026 06:31,27000,regulated-action-state,6843,152364,439,2991,468,2878,65,13,278
169,11/09/2026 06:31,27000,regulated-action-state,6918,152210,427,2956,543,2923,67,13,279
170,11/09/2026 06:31,27000,regulated-action-state,6893,149357,425,2986,527,2886,67,13,290
171,11/09/2026 06:31,27000,regulated-action-state,6921,149525,430,2973,535,2914,68,13,295
172,11/09/2026 06:31,27000,regulated-action-state,6769,157178,428,2975,467,2831,66,13,281
173,11/09/2026 06:31,27000,regulated-action-state,6955,149400,428,3042,521,2892,70,13,301
174,11/09/2026 06:31,27000,regulated-action-state,6969,249091,426,2980,469,3028,64,12,291
175,11/09/2026 06:32,27000,regulated-action-state,6808,265361,429,2967,468,2878,64,12,285
176,11/09/2026 06:32,27000,regulated-action-state,6960,153493,442,3000,533,2912,72,13,284
177,11/09/2026 06:32,27000,regulated-action-state,6901,157463,426,2962,529,2906,76,13,282
178,11/09/2026 06:32,27000,regulated-action-state,6886,259637,430,2972,539,2881,63,12,277
179,11/09/2026 06:32,27000,regulated-action-state,6959,281310,426,3017,545,2905,65,12,289
180,11/09/2026 06:32,27000,regulated-action-state,6880,153196,425,2954,530,2902,68,13,289
181,11/09/2026 06:32,27000,regulated-action-state,6846,154241,428,2982,493,2875,68,13,286
182,11/09/2026 06:32,27000,regulated-action-state,6898,151966,425,3040,468,2893,70,13,297
183,11/09/2026 06:33,27000,regulated-action-state,6887,244596,430,2975,478,2936,65,12,289
184,11/09/2026 06:33,27000,regulated-action-state,6992,260967,430,2989,531,2975,64,12,283
185,11/09/2026 06:33,27000,regulated-action-state,6882,157473,445,2946,472,2948,68,13,270
186,11/09/2026 06:33,27000,regulated-action-state,6962,160206,428,2994,511,2951,76,13,273
187,11/09/2026 06:33,27000,regulated-action-state,6867,252080,430,2978,468,2924,66,12,283
188,11/09/2026 06:33,27000,regulated-action-state,6843,243396,430,2958,470,2919,64,12,284
189,11/09/2026 06:33,27000,regulated-action-state,6986,154665,435,3003,530,2946,71,13,287
190,11/09/2026 06:33,27000,regulated-action-state,6939,149316,446,3033,466,2912,81,13,291
191,11/09/2026 06:33,27000,regulated-action-state,6989,150511,427,2993,538,2947,81,13,287
192,11/09/2026 06:34,27000,regulated-action-state,6929,149676,430,2972,534,2923,68,13,287
193,11/09/2026 06:34,27000,regulated-action-state,6926,151757,431,2952,525,2947,70,13,283
194,11/09/2026 06:34,27000,regulated-action-state,6882,275242,431,2999,475,2910,65,12,283
195,11/09/2026 06:34,27000,regulated-action-state,7044,254389,428,2967,561,3019,66,12,281
196,11/09/2026 06:34,27000,regulated-action-state,6965,252257,426,2983,530,2960,65,12,288
197,11/09/2026 06:34,27000,regulated-action-state,6856,154780,426,2967,527,2867,68,13,276
198,11/09/2026 06:34,27000,regulated-action-state,6884,149191,427,2988,470,2926,71,13,294
199,11/09/2026 06:34,27000,regulated-action-state,6889,157552,427,2994,521,2872,72,13,303
200,11/09/2026 06:35,27000,regulated-action-state,6908,281038,427,2966,513,2935,65,12,280
1,11/09/2026 06:40,40500,regulated-action-state,10134,290043,438,4391,861,4360,82,21,476
2,11/09/2026 06:40,40500,regulated-action-state,10024,300125,428,4433,819,4261,81,21,472
3,11/09/2026 06:40,40500,regulated-action-state,10067,235512,427,4427,800,4325,86,21,478
4,11/09/2026 06:40,40500,regulated-action-state,10092,273235,427,4381,895,4302,86,21,484
5,11/09/2026 06:40,40500,regulated-action-state,10206,290962,432,4462,879,4340,91,21,481
6,11/09/2026 06:41,40500,regulated-action-state,10237,243475,431,4428,843,4440,93,21,486
7,11/09/2026 06:41,40500,regulated-action-state,10143,237800,440,4506,815,4292,88,21,494
8,11/09/2026 06:41,40500,regulated-action-state,10250,384069,428,4474,858,4406,83,20,456
9,11/09/2026 06:41,40500,regulated-action-state,10140,240047,428,4420,877,4324,88,21,461
10,11/09/2026 06:41,40500,regulated-action-state,10071,281764,441,4430,812,4305,80,21,464
11,11/09/2026 06:41,40500,regulated-action-state,10112,287685,426,4442,818,4343,81,21,472
12,11/09/2026 06:42,40500,regulated-action-state,10295,385179,430,4411,883,4487,83,20,472
13,11/09/2026 06:42,40500,regulated-action-state,10624,302812,446,4644,859,4583,90,21,465
14,11/09/2026 06:42,40500,regulated-action-state,10788,378613,444,4723,927,4607,85,20,462
15,11/09/2026 06:42,40500,regulated-action-state,10385,293337,481,4562,872,4386,81,21,470
16,11/09/2026 06:42,40500,regulated-action-state,10241,239716,445,4553,813,4332,95,21,464
17,11/09/2026 06:42,40500,regulated-action-state,10066,320354,431,4416,834,4290,92,21,467
18,11/09/2026 06:43,40500,regulated-action-state,10262,267547,430,4444,874,4429,83,21,484
19,11/09/2026 06:43,40500,regulated-action-state,10207,234689,428,4424,882,4382,88,21,453
20,11/09/2026 06:43,40500,regulated-action-state,10030,253012,438,4416,805,4282,88,21,473
21,11/09/2026 06:43,40500,regulated-action-state,10123,277340,432,4423,861,4323,82,21,487
22,11/09/2026 06:43,40500,regulated-action-state,10076,302613,427,4415,812,4338,82,21,454
23,11/09/2026 06:44,40500,regulated-action-state,10229,268725,428,4483,873,4349,94,21,471
24,11/09/2026 06:44,40500,regulated-action-state,10158,384282,426,4447,815,4389,80,20,441
25,11/09/2026 06:44,40500,regulated-action-state,10089,243760,430,4385,817,4367,88,21,470
26,11/09/2026 06:44,40500,regulated-action-state,10147,272465,425,4403,861,4364,93,21,472
27,11/09/2026 06:44,40500,regulated-action-state,10035,293980,425,4404,813,4309,81,21,453
28,11/09/2026 06:44,40500,regulated-action-state,10126,291716,427,4420,862,4333,82,21,467
29,11/09/2026 06:45,40500,regulated-action-state,10172,286062,425,4453,858,4351,83,21,476
30,11/09/2026 06:45,40500,regulated-action-state,10054,289326,430,4402,830,4307,83,21,457
31,11/09/2026 06:45,40500,regulated-action-state,10242,289712,441,4538,821,4351,88,21,475
32,11/09/2026 06:45,40500,regulated-action-state,10184,314647,426,4452,840,4381,83,21,475
33,11/09/2026 06:45,40500,regulated-action-state,10123,308780,427,4449,873,4285,87,21,462
34,11/09/2026 06:45,40500,regulated-action-state,10260,376769,425,4469,870,4404,90,20,448
35,11/09/2026 06:46,40500,regulated-action-state,10151,267126,429,4464,822,4353,82,21,506
36,11/09/2026 06:46,40500,regulated-action-state,10225,290334,439,4512,832,4360,80,21,473
37,11/09/2026 06:46,40500,regulated-action-state,10084,275792,438,4403,861,4300,80,21,464
38,11/09/2026 06:46,40500,regulated-action-state,10149,291378,444,4507,811,4305,80,21,478
39,11/09/2026 06:46,40500,regulated-action-state,10093,273310,426,4441,828,4314,82,21,499
40,11/09/2026 06:46,40500,regulated-action-state,10102,303436,428,4452,807,4334,80,21,474
41,11/09/2026 06:47,40500,regulated-action-state,10296,244213,428,4508,879,4390,89,21,529
42,11/09/2026 06:47,40500,regulated-action-state,10050,271085,425,4404,866,4270,83,21,478
43,11/09/2026 06:47,40500,regulated-action-state,10122,283949,429,4410,846,4347,87,21,469
44,11/09/2026 06:47,40500,regulated-action-state,10080,272073,428,4404,825,4332,89,21,472
45,11/09/2026 06:47,40500,regulated-action-state,10096,288801,427,4381,830,4372,84,21,478
46,11/09/2026 06:47,40500,regulated-action-state,10167,315208,448,4456,825,4353,83,21,478
47,11/09/2026 06:48,40500,regulated-action-state,10139,382200,426,4427,871,4329,84,20,451
48,11/09/2026 06:48,40500,regulated-action-state,10226,243617,426,4487,867,4359,85,21,490
49,11/09/2026 06:48,40500,regulated-action-state,10087,304723,429,4415,826,4328,87,21,469
50,11/09/2026 06:48,40500,regulated-action-state,10127,272239,431,4432,874,4307,81,21,498
51,11/09/2026 06:48,40500,regulated-action-state,10140,277984,426,4430,876,4310,96,21,473
52,11/09/2026 06:49,40500,regulated-action-state,10176,243161,426,4419,875,4371,83,21,461
53,11/09/2026 06:49,40500,regulated-action-state,10241,295007,426,4488,861,4382,82,21,499
54,11/09/2026 06:49,40500,regulated-action-state,10181,314879,439,4494,823,4340,83,21,466
55,11/09/2026 06:49,40500,regulated-action-state,10257,282086,433,4485,886,4371,81,21,519
56,11/09/2026 06:49,40500,regulated-action-state,10066,296011,426,4426,807,4323,82,21,474
57,11/09/2026 06:49,40500,regulated-action-state,10139,303577,427,4454,824,4349,83,21,478
58,11/09/2026 06:50,40500,regulated-action-state,10194,291707,431,4472,831,4377,82,21,472
59,11/09/2026 06:50,40500,regulated-action-state,10090,384819,428,4437,818,4309,96,20,467
60,11/09/2026 06:50,40500,regulated-action-state,10151,306247,431,4466,820,4349,83,21,480
61,11/09/2026 06:50,40500,regulated-action-state,10188,256032,458,4456,805,4380,88,21,468
62,11/09/2026 06:50,40500,regulated-action-state,10090,315112,425,4430,881,4269,82,21,466
63,11/09/2026 06:50,40500,regulated-action-state,10119,288262,431,4473,805,4326,82,21,480
64,11/09/2026 06:51,40500,regulated-action-state,10088,387639,428,4399,839,4340,80,20,469
65,11/09/2026 06:51,40500,regulated-action-state,10257,274017,429,4488,877,4379,84,21,481
66,11/09/2026 06:51,40500,regulated-action-state,10015,270949,428,4410,819,4273,83,21,445
67,11/09/2026 06:51,40500,regulated-action-state,10123,242851,430,4477,806,4325,83,21,475
68,11/09/2026 06:51,40500,regulated-action-state,10098,231738,424,4448,871,4265,87,21,463
69,11/09/2026 06:51,40500,regulated-action-state,10251,243147,425,4480,864,4395,86,21,493
70,11/09/2026 06:52,40500,regulated-action-state,10140,272847,430,4503,817,4306,81,21,500
71,11/09/2026 06:52,40500,regulated-action-state,10113,270948,455,4461,817,4294,83,21,477
72,11/09/2026 06:52,40500,regulated-action-state,10053,386182,438,4462,811,4258,81,20,464
73,11/09/2026 06:52,40500,regulated-action-state,10123,286242,428,4409,868,4334,82,21,471
74,11/09/2026 06:52,40500,regulated-action-state,10094,292948,444,4444,814,4307,83,21,468
75,11/09/2026 06:52,40500,regulated-action-state,10190,299408,432,4428,877,4361,90,21,486
76,11/09/2026 06:53,40500,regulated-action-state,10054,292974,428,4387,809,4348,80,21,458
77,11/09/2026 06:53,40500,regulated-action-state,10090,252761,439,4429,820,4316,85,21,479
78,11/09/2026 06:53,40500,regulated-action-state,10116,375575,428,4458,803,4346,79,20,477
79,11/09/2026 06:53,40500,regulated-action-state,10136,289124,438,4501,803,4312,81,21,487
80,11/09/2026 06:53,40500,regulated-action-state,10133,271104,443,4461,808,4338,80,21,499
81,11/09/2026 06:53,40500,regulated-action-state,10148,288278,428,4480,863,4284,90,21,474
82,11/09/2026 06:54,40500,regulated-action-state,10076,300887,428,4420,814,4329,83,21,484
83,11/09/2026 06:54,40500,regulated-action-state,10097,279609,427,4399,860,4326,83,21,469
84,11/09/2026 06:54,40500,regulated-action-state,10129,284980,428,4430,841,4347,81,21,472
85,11/09/2026 06:54,40500,regulated-action-state,10062,272208,429,4424,830,4295,81,21,527
86,11/09/2026 06:54,40500,regulated-action-state,10095,290618,428,4384,880,4319,82,21,473
87,11/09/2026 06:55,40500,regulated-action-state,10112,288005,429,4396,874,4332,79,21,474
88,11/09/2026 06:55,40500,regulated-action-state,10110,272688,434,4394,823,4379,79,21,488
89,11/09/2026 06:55,40500,regulated-action-state,10181,294344,426,4433,841,4390,89,21,464
90,11/09/2026 06:55,40500,regulated-action-state,10169,259219,427,4441,812,4396,90,21,509
91,11/09/2026 06:55,40500,regulated-action-state,10090,293348,434,4432,841,4299,81,21,493
92,11/09/2026 06:55,40500,regulated-action-state,10174,249758,428,4482,804,4369,88,21,476
93,11/09/2026 06:56,40500,regulated-action-state,10054,259264,426,4419,812,4304,91,21,472
94,11/09/2026 06:56,40500,regulated-action-state,10109,275143,430,4467,820,4310,79,21,476
95,11/09/2026 06:56,40500,regulated-action-state,10132,282109,430,4421,846,4354,80,21,468
96,11/09/2026 06:56,40500,regulated-action-state,10161,292397,429,4431,828,4387,83,21,497
97,11/09/2026 06:56,40500,regulated-action-state,10097,291928,430,4414,837,4333,81,21,489
98,11/09/2026 06:56,40500,regulated-action-state,10062,286484,431,4402,834,4309,84,21,475
99,11/09/2026 06:57,40500,regulated-action-state,10404,385364,431,4498,888,4500,85,20,462
100,11/09/2026 06:57,40500,regulated-action-state,10132,255775,441,4457,805,4337,90,21,494
101,11/09/2026 06:57,40500,regulated-action-state,10112,316210,438,4456,812,4323,82,21,478
102,11/09/2026 06:57,40500,regulated-action-state,10222,241068,432,4470,846,4386,87,21,482
103,11/09/2026 06:57,40500,regulated-action-state,10088,293842,424,4416,865,4302,80,21,477
104,11/09/2026 06:57,40500,regulated-action-state,10049,303214,427,4395,818,4324,84,21,470
105,11/09/2026 06:58,40500,regulated-action-state,10132,379373,429,4422,851,4342,85,20,462
106,11/09/2026 06:58,40500,regulated-action-state,10031,290585,450,4416,808,4275,79,21,459
107,11/09/2026 06:58,40500,regulated-action-state,10136,274374,429,4396,856,4370,82,21,479
108,11/09/2026 06:58,40500,regulated-action-state,10089,234947,429,4407,861,4300,89,21,463
109,11/09/2026 06:58,40500,regulated-action-state,10210,284607,424,4434,859,4410,80,21,496
110,11/09/2026 06:58,40500,regulated-action-state,10087,286353,427,4384,856,4336,82,21,464
111,11/09/2026 06:59,40500,regulated-action-state,10139,310017,426,4431,882,4317,81,21,456
112,11/09/2026 06:59,40500,regulated-action-state,10095,376399,428,4429,860,4293,83,20,465
113,11/09/2026 06:59,40500,regulated-action-state,10107,290697,424,4409,824,4364,84,21,460
114,11/09/2026 06:59,40500,regulated-action-state,10256,312051,435,4502,840,4395,83,21,500
115,11/09/2026 06:59,40500,regulated-action-state,10117,253518,427,4410,870,4321,87,21,471
116,11/09/2026 06:59,40500,regulated-action-state,10050,241354,426,4373,804,4350,94,21,449
117,11/09/2026 07:00,40500,regulated-action-state,10134,281622,427,4447,848,4330,80,21,474
118,11/09/2026 07:00,40500,regulated-action-state,10154,291339,427,4487,851,4309,78,21,467
119,11/09/2026 07:00,40500,regulated-action-state,10162,253150,434,4398,864,4377,88,21,505
120,11/09/2026 07:00,40500,regulated-action-state,10050,292176,426,4401,806,4332,82,21,473
121,11/09/2026 07:00,40500,regulated-action-state,10054,270762,428,4388,878,4278,79,21,471
122,11/09/2026 07:01,40500,regulated-action-state,10256,289316,427,4452,875,4417,83,21,495
123,11/09/2026 07:01,40500,regulated-action-state,10101,274119,447,4453,807,4307,84,21,457
124,11/09/2026 07:01,40500,regulated-action-state,10175,386411,440,4454,809,4388,81,20,463
125,11/09/2026 07:01,40500,regulated-action-state,10154,276784,446,4442,876,4308,81,21,473
126,11/09/2026 07:01,40500,regulated-action-state,10239,240709,432,4439,861,4420,84,21,484
127,11/09/2026 07:01,40500,regulated-action-state,10138,287786,429,4424,801,4389,93,21,480
128,11/09/2026 07:02,40500,regulated-action-state,10182,285495,429,4478,808,4382,82,21,475
129,11/09/2026 07:02,40500,regulated-action-state,10245,255990,439,4421,809,4474,100,21,464
130,11/09/2026 07:02,40500,regulated-action-state,10168,305962,427,4402,858,4396,82,21,480
131,11/09/2026 07:02,40500,regulated-action-state,10258,287852,429,4517,882,4347,81,21,522
132,11/09/2026 07:02,40500,regulated-action-state,10192,292328,424,4452,874,4358,82,21,498
133,11/09/2026 07:02,40500,regulated-action-state,10223,295546,443,4472,843,4380,83,21,469
134,11/09/2026 07:03,40500,regulated-action-state,10057,251845,427,4434,817,4288,89,21,478
135,11/09/2026 07:03,40500,regulated-action-state,10121,233962,428,4415,859,4331,86,21,443
136,11/09/2026 07:03,40500,regulated-action-state,10125,289913,429,4482,812,4318,82,21,483
137,11/09/2026 07:03,40500,regulated-action-state,10188,311998,429,4485,841,4337,95,21,475
138,11/09/2026 07:03,40500,regulated-action-state,10192,255836,427,4443,832,4396,91,21,508
139,11/09/2026 07:03,40500,regulated-action-state,10150,287617,428,4455,864,4310,92,21,468
140,11/09/2026 07:04,40500,regulated-action-state,10135,259389,440,4384,817,4392,99,21,463
141,11/09/2026 07:04,40500,regulated-action-state,10081,290711,432,4456,811,4282,97,21,486
142,11/09/2026 07:04,40500,regulated-action-state,10148,244243,439,4418,825,4379,84,21,502
143,11/09/2026 07:04,40500,regulated-action-state,10127,256410,438,4427,863,4308,89,21,482
144,11/09/2026 07:04,40500,regulated-action-state,10146,282655,434,4426,842,4361,81,21,477
145,11/09/2026 07:04,40500,regulated-action-state,10090,295281,426,4412,820,4350,80,21,467
146,11/09/2026 07:05,40500,regulated-action-state,10174,252216,429,4443,832,4380,87,21,474
147,11/09/2026 07:05,40500,regulated-action-state,10193,307452,444,4433,837,4396,81,21,452
148,11/09/2026 07:05,40500,regulated-action-state,10159,285001,426,4438,856,4348,90,21,476
149,11/09/2026 07:05,40500,regulated-action-state,10275,301190,430,4517,835,4410,81,21,553
150,11/09/2026 07:05,40500,regulated-action-state,10218,234857,428,4460,849,4393,87,21,468
151,11/09/2026 07:06,40500,regulated-action-state,10107,285670,427,4368,845,4384,81,21,469
152,11/09/2026 07:06,40500,regulated-action-state,10035,287862,432,4387,821,4297,95,21,473
153,11/09/2026 07:06,40500,regulated-action-state,10170,270411,427,4459,885,4316,80,21,467
154,11/09/2026 07:06,40500,regulated-action-state,10083,270328,426,4417,833,4322,83,21,462
155,11/09/2026 07:06,40500,regulated-action-state,10131,249992,429,4451,814,4349,86,21,515
156,11/09/2026 07:06,40500,regulated-action-state,10142,284273,429,4443,873,4314,81,21,487
157,11/09/2026 07:07,40500,regulated-action-state,10049,277419,429,4407,809,4320,81,21,462
158,11/09/2026 07:07,40500,regulated-action-state,10063,260206,426,4445,820,4283,87,21,486
159,11/09/2026 07:07,40500,regulated-action-state,10155,243895,427,4443,859,4338,85,21,465
160,11/09/2026 07:07,40500,regulated-action-state,10121,285413,427,4444,811,4354,83,21,483
161,11/09/2026 07:07,40500,regulated-action-state,10097,272457,426,4396,843,4349,80,21,470
162,11/09/2026 07:07,40500,regulated-action-state,10222,304905,430,4507,888,4312,83,21,504
163,11/09/2026 07:08,40500,regulated-action-state,10102,297826,427,4423,811,4356,83,21,464
164,11/09/2026 07:08,40500,regulated-action-state,10099,253038,427,4392,822,4369,87,21,471
165,11/09/2026 07:08,40500,regulated-action-state,10138,290010,427,4454,825,4341,89,21,481
166,11/09/2026 07:08,40500,regulated-action-state,10214,318762,424,4472,854,4380,83,21,492
167,11/09/2026 07:08,40500,regulated-action-state,10256,310124,476,4527,822,4348,81,21,472
168,11/09/2026 07:08,40500,regulated-action-state,10158,288230,431,4418,877,4351,79,21,474
169,11/09/2026 07:09,40500,regulated-action-state,10181,291213,425,4466,835,4371,82,21,493
170,11/09/2026 07:09,40500,regulated-action-state,10129,296901,428,4425,854,4337,83,21,472
171,11/09/2026 07:09,40500,regulated-action-state,10221,282943,447,4515,829,4345,82,21,477
172,11/09/2026 07:09,40500,regulated-action-state,10210,292164,440,4504,813,4364,87,21,498
173,11/09/2026 07:09,40500,regulated-action-state,10093,276300,427,4388,841,4354,81,21,463
174,11/09/2026 07:09,40500,regulated-action-state,10136,286455,428,4455,820,4347,84,21,469
175,11/09/2026 07:10,40500,regulated-action-state,10083,274623,448,4427,809,4314,83,21,473
176,11/09/2026 07:10,40500,regulated-action-state,10219,238738,443,4508,816,4368,83,21,466
177,11/09/2026 07:10,40500,regulated-action-state,10028,299308,429,4379,834,4304,80,21,470
178,11/09/2026 07:10,40500,regulated-action-state,10181,229174,431,4444,816,4397,90,21,513
179,11/09/2026 07:10,40500,regulated-action-state,10098,248068,429,4456,808,4316,87,21,478
180,11/09/2026 07:10,40500,regulated-action-state,10128,290455,428,4420,874,4324,81,21,486
181,11/09/2026 07:11,40500,regulated-action-state,10179,275330,430,4436,862,4352,98,21,483
182,11/09/2026 07:11,40500,regulated-action-state,10150,308787,430,4431,891,4317,80,21,479
183,11/09/2026 07:11,40500,regulated-action-state,10264,259437,429,4455,879,4410,90,21,472
184,11/09/2026 07:11,40500,regulated-action-state,10141,245744,428,4435,835,4356,85,21,461
185,11/09/2026 07:11,40500,regulated-action-state,10192,286833,428,4462,874,4343,84,21,494
186,11/09/2026 07:12,40500,regulated-action-state,10110,289084,428,4453,857,4289,82,21,461
187,11/09/2026 07:12,40500,regulated-action-state,10065,380986,427,4421,819,4298,98,20,440
188,11/09/2026 07:12,40500,regulated-action-state,10135,300087,439,4392,820,4399,82,21,468
189,11/09/2026 07:12,40500,regulated-action-state,10171,295294,433,4465,841,4342,89,21,474
190,11/09/2026 07:12,40500,regulated-action-state,10073,309956,430,4438,835,4286,82,21,451
191,11/09/2026 07:12,40500,regulated-action-state,10245,258801,428,4479,877,4370,89,21,535
192,11/09/2026 07:13,40500,regulated-action-state,10078,277375,431,4440,832,4292,81,21,450
193,11/09/2026 07:13,40500,regulated-action-state,10227,292685,437,4424,884,4396,84,21,485
194,11/09/2026 07:13,40500,regulated-action-state,10135,247493,426,4426,859,4328,94,21,469
195,11/09/2026 07:13,40500,regulated-action-state,10105,302647,429,4439,839,4314,82,21,505
196,11/09/2026 07:13,40500,regulated-action-state,10128,272597,427,4455,852,4311,81,21,465
197,11/09/2026 07:13,40500,regulated-action-state,10116,270287,429,4455,861,4289,80,21,499
198,11/09/2026 07:14,40500,regulated-action-state,10042,270250,428,4406,841,4284,81,21,474
199,11/09/2026 07:14,40500,regulated-action-state,10074,299599,426,4402,834,4324,85,21,460
200,11/09/2026 07:14,40500,regulated-action-state,10215,288793,445,4467,838,4381,81,21,467
1,11/09/2026 07:19,54000,regulated-action-state,12993,393242,428,5858,1030,5577,98,26,723
2,11/09/2026 07:19,54000,regulated-action-state,12794,382908,427,5764,1017,5489,94,26,684
3,11/09/2026 07:20,54000,regulated-action-state,12980,388018,429,5791,1039,5623,96,26,627
4,11/09/2026 07:20,54000,regulated-action-state,12859,383566,431,5773,1071,5488,95,26,608
5,11/09/2026 07:20,54000,regulated-action-state,12936,369839,428,5779,1072,5559,95,26,651
6,11/09/2026 07:20,54000,regulated-action-state,12942,372772,429,5823,1051,5540,97,26,645
7,11/09/2026 07:20,54000,regulated-action-state,12809,388062,429,5687,1020,5573,98,26,614
8,11/09/2026 07:21,54000,regulated-action-state,13048,372335,428,5881,1044,5585,107,26,656
9,11/09/2026 07:21,54000,regulated-action-state,12920,500048,441,5752,1036,5594,96,25,612
10,11/09/2026 07:21,54000,regulated-action-state,12968,391470,426,5819,1049,5578,95,26,625
11,11/09/2026 07:21,54000,regulated-action-state,12815,393650,460,5769,1016,5473,95,26,630
12,11/09/2026 07:22,54000,regulated-action-state,12931,375102,428,5837,1039,5528,98,26,676
13,11/09/2026 07:22,54000,regulated-action-state,12796,336882,428,5749,1027,5490,100,26,617
14,11/09/2026 07:22,54000,regulated-action-state,12904,331764,427,5818,1078,5473,106,26,655
15,11/09/2026 07:22,54000,regulated-action-state,12978,378933,428,5838,1065,5546,98,26,716
16,11/09/2026 07:22,54000,regulated-action-state,12855,335351,428,5772,1043,5496,114,26,636
17,11/09/2026 07:23,54000,regulated-action-state,12966,393726,446,5847,1018,5543,110,26,638
18,11/09/2026 07:23,54000,regulated-action-state,12824,388952,426,5750,1057,5491,99,26,635
19,11/09/2026 07:23,54000,regulated-action-state,13021,388814,426,5801,1058,5638,96,26,655
20,11/09/2026 07:23,54000,regulated-action-state,12849,363147,427,5756,1061,5508,95,26,628
21,11/09/2026 07:24,54000,regulated-action-state,12855,336649,431,5714,1077,5529,103,26,611
22,11/09/2026 07:24,54000,regulated-action-state,12964,360386,439,5913,1049,5463,98,26,650
23,11/09/2026 07:24,54000,regulated-action-state,12919,387639,442,5754,1032,5592,97,26,618
24,11/09/2026 07:24,54000,regulated-action-state,12738,349987,427,5681,1045,5490,93,26,624
25,11/09/2026 07:24,54000,regulated-action-state,12945,474270,428,5766,1076,5579,94,25,659
26,11/09/2026 07:25,54000,regulated-action-state,13092,395716,439,5926,1063,5557,104,26,736
27,11/09/2026 07:25,54000,regulated-action-state,12778,389894,425,5726,1047,5483,94,26,611
28,11/09/2026 07:25,54000,regulated-action-state,12770,393696,425,5679,1015,5553,96,26,607
29,11/09/2026 07:25,54000,regulated-action-state,12828,382400,429,5764,1018,5520,96,26,611
30,11/09/2026 07:25,54000,regulated-action-state,12994,456351,424,5716,1113,5642,97,25,625
31,11/09/2026 07:26,54000,regulated-action-state,12911,319083,426,5750,1049,5583,100,26,608
32,11/09/2026 07:26,54000,regulated-action-state,12815,363759,425,5803,998,5494,94,26,642
33,11/09/2026 07:26,54000,regulated-action-state,12930,386421,431,5774,1016,5609,98,26,656
34,11/09/2026 07:26,54000,regulated-action-state,12830,396726,428,5776,1013,5515,96,26,653
35,11/09/2026 07:27,54000,regulated-action-state,12913,331199,426,5765,1059,5555,106,26,612
36,11/09/2026 07:27,54000,regulated-action-state,12795,326545,426,5696,1052,5518,100,26,608
37,11/09/2026 07:27,54000,regulated-action-state,13044,331736,425,5768,1065,5682,102,26,608
38,11/09/2026 07:27,54000,regulated-action-state,13011,388045,430,5894,1020,5568,97,26,642
39,11/09/2026 07:27,54000,regulated-action-state,12840,488720,428,5737,1029,5547,97,25,621
40,11/09/2026 07:28,54000,regulated-action-state,12829,378488,427,5717,1049,5522,111,26,595
41,11/09/2026 07:28,54000,regulated-action-state,12834,372205,429,5781,1037,5491,94,26,622
42,11/09/2026 07:28,54000,regulated-action-state,12935,319987,431,5782,1087,5530,105,26,602
43,11/09/2026 07:28,54000,regulated-action-state,12953,383132,426,5818,1067,5546,94,26,649
44,11/09/2026 07:29,54000,regulated-action-state,12895,499840,429,5718,1031,5619,95,25,614
45,11/09/2026 07:29,54000,regulated-action-state,12840,482355,427,5729,1010,5575,97,25,616
46,11/09/2026 07:29,54000,regulated-action-state,12855,389265,429,5746,1021,5557,101,26,622
47,11/09/2026 07:29,54000,regulated-action-state,12853,388059,473,5745,1006,5528,99,26,604
48,11/09/2026 07:29,54000,regulated-action-state,12903,390404,428,5765,1067,5538,104,26,629
49,11/09/2026 07:30,54000,regulated-action-state,12780,384848,426,5739,1015,5503,94,26,620
50,11/09/2026 07:30,54000,regulated-action-state,12841,371486,444,5775,1015,5507,98,26,634
51,11/09/2026 07:30,54000,regulated-action-state,12981,340810,435,5799,1061,5577,107,26,674
52,11/09/2026 07:30,54000,regulated-action-state,12973,326742,450,5749,1084,5565,123,26,609
53,11/09/2026 07:30,54000,regulated-action-state,12912,385167,426,5795,1019,5566,103,26,638
54,11/09/2026 07:31,54000,regulated-action-state,12877,371450,427,5748,1049,5532,120,26,658
55,11/09/2026 07:31,54000,regulated-action-state,13013,320386,448,5791,1065,5602,106,26,645
56,11/09/2026 07:31,54000,regulated-action-state,12850,365026,426,5732,1054,5539,98,26,637
57,11/09/2026 07:31,54000,regulated-action-state,12926,333470,426,5683,1066,5644,105,26,614
58,11/09/2026 07:32,54000,regulated-action-state,12881,488337,426,5719,1050,5588,95,25,611
59,11/09/2026 07:32,54000,regulated-action-state,13026,392236,428,5870,1066,5563,96,26,747
60,11/09/2026 07:32,54000,regulated-action-state,12911,385361,431,5788,1045,5537,107,26,623
61,11/09/2026 07:32,54000,regulated-action-state,12832,395927,427,5773,1006,5527,97,26,626
62,11/09/2026 07:32,54000,regulated-action-state,12827,377073,430,5716,1050,5534,96,26,625
63,11/09/2026 07:33,54000,regulated-action-state,12872,488773,428,5769,1014,5563,97,25,629
64,11/09/2026 07:33,54000,regulated-action-state,12863,376304,427,5793,1028,5518,96,26,647
65,11/09/2026 07:33,54000,regulated-action-state,12787,391205,428,5737,1008,5514,98,26,602
66,11/09/2026 07:33,54000,regulated-action-state,12988,500772,426,5811,1063,5589,96,25,625
67,11/09/2026 07:34,54000,regulated-action-state,13027,393808,427,5831,1101,5565,100,26,638
68,11/09/2026 07:34,54000,regulated-action-state,12862,479222,430,5755,1052,5532,92,25,592
69,11/09/2026 07:34,54000,regulated-action-state,13016,311938,429,5876,1019,5591,99,26,718
70,11/09/2026 07:34,54000,regulated-action-state,12901,374903,425,5728,1057,5594,95,26,631
71,11/09/2026 07:34,54000,regulated-action-state,12940,379796,432,5793,1072,5547,93,26,631
72,11/09/2026 07:35,54000,regulated-action-state,12903,392734,427,5747,1034,5596,96,26,619
73,11/09/2026 07:35,54000,regulated-action-state,12840,378216,426,5715,1064,5538,95,26,603
74,11/09/2026 07:35,54000,regulated-action-state,12978,315184,430,5760,1061,5625,101,26,610
75,11/09/2026 07:35,54000,regulated-action-state,12912,311488,426,5771,1055,5554,104,26,627
76,11/09/2026 07:36,54000,regulated-action-state,12967,489462,431,5782,1048,5606,97,25,639
77,11/09/2026 07:36,54000,regulated-action-state,12924,375459,442,5791,1028,5564,98,26,647
78,11/09/2026 07:36,54000,regulated-action-state,13046,337063,433,5885,1069,5549,108,26,761
79,11/09/2026 07:36,54000,regulated-action-state,12964,394966,437,5825,1054,5547,98,26,618
80,11/09/2026 07:36,54000,regulated-action-state,12949,487313,441,5802,1020,5584,101,25,645
81,11/09/2026 07:37,54000,regulated-action-state,12866,367226,430,5756,1016,5566,97,26,628
82,11/09/2026 07:37,54000,regulated-action-state,12997,332621,428,5803,1052,5611,101,26,690
83,11/09/2026 07:37,54000,regulated-action-state,12882,386699,428,5704,1038,5607,103,26,600
84,11/09/2026 07:37,54000,regulated-action-state,12957,405649,428,5841,1041,5548,98,26,616
85,11/09/2026 07:37,54000,regulated-action-state,12882,499728,424,5727,1076,5547,106,25,594
86,11/09/2026 07:38,54000,regulated-action-state,12944,344998,443,5717,1059,5618,104,26,628
87,11/09/2026 07:38,54000,regulated-action-state,12946,315602,428,5751,1059,5596,111,26,610
88,11/09/2026 07:38,54000,regulated-action-state,12876,386506,434,5860,1021,5463,96,26,606
89,11/09/2026 07:38,54000,regulated-action-state,12874,389566,430,5809,1019,5516,98,26,639
90,11/09/2026 07:39,54000,regulated-action-state,12952,323740,425,5830,1011,5580,104,26,630
91,11/09/2026 07:39,54000,regulated-action-state,13031,331779,431,5779,1020,5696,103,26,627
92,11/09/2026 07:39,54000,regulated-action-state,13124,386690,430,5941,1057,5598,96,26,652
93,11/09/2026 07:39,54000,regulated-action-state,12856,376156,432,5742,1044,5543,94,26,649
94,11/09/2026 07:39,54000,regulated-action-state,12974,332839,430,5798,1059,5572,114,26,639
95,11/09/2026 07:40,54000,regulated-action-state,12863,372074,436,5759,1018,5546,102,26,643
96,11/09/2026 07:40,54000,regulated-action-state,13009,326777,431,5800,1053,5620,104,26,625
97,11/09/2026 07:40,54000,regulated-action-state,12912,392499,437,5772,1017,5589,95,26,630
98,11/09/2026 07:40,54000,regulated-action-state,12903,489773,437,5769,1013,5589,94,25,609
99,11/09/2026 07:41,54000,regulated-action-state,12817,372636,431,5735,1041,5512,96,26,610
100,11/09/2026 07:41,54000,regulated-action-state,12895,480870,440,5742,1027,5587,97,25,617
101,11/09/2026 07:41,54000,regulated-action-state,12854,392576,429,5793,1044,5492,94,26,647
102,11/09/2026 07:41,54000,regulated-action-state,12984,316632,427,5902,1018,5535,99,26,728
103,11/09/2026 07:41,54000,regulated-action-state,12777,450546,424,5681,1070,5505,95,25,597
104,11/09/2026 07:42,54000,regulated-action-state,12924,376943,427,5799,1064,5535,97,26,638
105,11/09/2026 07:42,54000,regulated-action-state,12842,391766,426,5711,1071,5533,99,26,614
106,11/09/2026 07:42,54000,regulated-action-state,13065,316179,426,5894,1049,5594,100,26,721
107,11/09/2026 07:42,54000,regulated-action-state,12885,392565,429,5840,1060,5461,93,26,641
108,11/09/2026 07:42,54000,regulated-action-state,12995,391823,435,5806,1006,5648,98,26,666
109,11/09/2026 07:43,54000,regulated-action-state,12805,392912,427,5752,999,5534,91,26,643
110,11/09/2026 07:43,54000,regulated-action-state,13001,384440,426,5743,1091,5638,102,26,610
111,11/09/2026 07:43,54000,regulated-action-state,12974,395024,456,5803,1027,5589,97,26,634
112,11/09/2026 07:43,54000,regulated-action-state,12865,384513,429,5788,1024,5514,108,26,634
113,11/09/2026 07:44,54000,regulated-action-state,13044,320365,431,5891,1047,5568,105,26,664
114,11/09/2026 07:44,54000,regulated-action-state,12827,375295,428,5722,1057,5523,95,26,629
115,11/09/2026 07:44,54000,regulated-action-state,12786,495017,427,5760,1019,5484,95,25,647
116,11/09/2026 07:44,54000,regulated-action-state,12754,382476,428,5707,1018,5502,95,26,623
117,11/09/2026 07:44,54000,regulated-action-state,12931,368998,455,5846,1013,5518,96,26,638
118,11/09/2026 07:45,54000,regulated-action-state,12784,374183,429,5729,1011,5514,99,26,640
119,11/09/2026 07:45,54000,regulated-action-state,12940,311428,427,5786,1064,5557,104,26,629
120,11/09/2026 07:45,54000,regulated-action-state,13020,391490,430,5787,1035,5668,98,26,623
121,11/09/2026 07:45,54000,regulated-action-state,12957,494800,426,5837,1059,5540,94,25,682
122,11/09/2026 07:46,54000,regulated-action-state,12924,323582,428,5703,1071,5618,102,26,641
123,11/09/2026 07:46,54000,regulated-action-state,12967,331130,446,5824,1054,5540,102,26,709
124,11/09/2026 07:46,54000,regulated-action-state,12833,340850,427,5711,1010,5579,103,26,600
125,11/09/2026 07:46,54000,regulated-action-state,12982,453154,428,5766,1104,5569,113,25,606
126,11/09/2026 07:46,54000,regulated-action-state,12901,489172,434,5718,1030,5618,99,25,604
127,11/09/2026 07:47,54000,regulated-action-state,12982,331810,430,5769,1028,5647,105,26,667
128,11/09/2026 07:47,54000,regulated-action-state,12857,395982,428,5753,1045,5532,98,26,616
129,11/09/2026 07:47,54000,regulated-action-state,12926,383380,428,5777,1069,5553,98,26,610
130,11/09/2026 07:47,54000,regulated-action-state,13012,390652,430,5914,1071,5502,94,26,712
131,11/09/2026 07:48,54000,regulated-action-state,13035,392753,428,5815,1058,5639,93,26,689
132,11/09/2026 07:48,54000,regulated-action-state,12921,323006,426,5774,1055,5562,102,26,623
133,11/09/2026 07:48,54000,regulated-action-state,12920,500217,424,5773,1017,5608,96,25,612
134,11/09/2026 07:48,54000,regulated-action-state,12887,371080,434,5823,1018,5513,96,26,653
135,11/09/2026 07:48,54000,regulated-action-state,12893,372851,427,5751,1048,5571,94,26,630
136,11/09/2026 07:49,54000,regulated-action-state,12886,311072,427,5710,1058,5572,118,26,628
137,11/09/2026 07:49,54000,regulated-action-state,12844,383057,438,5744,1043,5523,94,26,620
138,11/09/2026 07:49,54000,regulated-action-state,12858,378807,429,5736,1054,5539,99,26,642
139,11/09/2026 07:49,54000,regulated-action-state,13042,491748,428,5879,1068,5569,96,25,636
140,11/09/2026 07:49,54000,regulated-action-state,12899,487393,430,5749,1068,5552,97,25,606
141,11/09/2026 07:50,54000,regulated-action-state,12960,492958,430,5704,1034,5693,96,25,617
142,11/09/2026 07:50,54000,regulated-action-state,13053,384801,426,5805,1046,5666,108,26,669
143,11/09/2026 07:50,54000,regulated-action-state,12900,388722,426,5806,1012,5546,109,26,673
144,11/09/2026 07:50,54000,regulated-action-state,12967,449480,426,5718,1108,5618,95,25,608
145,11/09/2026 07:51,54000,regulated-action-state,12982,387034,441,5846,1019,5579,96,26,694
146,11/09/2026 07:51,54000,regulated-action-state,12996,375227,440,5849,1068,5542,95,26,620
147,11/09/2026 07:51,54000,regulated-action-state,12933,375276,439,5815,1010,5572,95,26,681
148,11/09/2026 07:51,54000,regulated-action-state,12900,492309,429,5750,1081,5546,92,25,612
149,11/09/2026 07:51,54000,regulated-action-state,12822,390399,417,5719,1036,5552,97,26,614
150,11/09/2026 07:52,54000,regulated-action-state,12819,368611,444,5744,1014,5518,96,26,630
151,11/09/2026 07:52,54000,regulated-action-state,12867,384657,427,5741,1061,5540,97,26,623
152,11/09/2026 07:52,54000,regulated-action-state,12886,372020,429,5768,1016,5576,95,26,609
153,11/09/2026 07:52,54000,regulated-action-state,13010,378534,452,5858,1013,5583,103,26,641
154,11/09/2026 07:53,54000,regulated-action-state,12830,376953,428,5745,1037,5514,104,26,645
155,11/09/2026 07:53,54000,regulated-action-state,13061,393189,425,5822,1081,5613,118,26,620
156,11/09/2026 07:53,54000,regulated-action-state,12779,369409,430,5755,1031,5466,97,26,614
157,11/09/2026 07:53,54000,regulated-action-state,12904,488083,427,5789,1016,5562,107,25,657
158,11/09/2026 07:53,54000,regulated-action-state,12822,374940,439,5736,1065,5489,92,26,614
159,11/09/2026 07:54,54000,regulated-action-state,12892,391601,429,5782,1053,5530,96,26,615
160,11/09/2026 07:54,54000,regulated-action-state,12887,337421,426,5713,1058,5559,129,26,619
161,11/09/2026 07:54,54000,regulated-action-state,12810,323292,429,5696,1009,5569,105,26,640
162,11/09/2026 07:54,54000,regulated-action-state,12873,367906,428,5722,1049,5574,99,26,635
163,11/09/2026 07:54,54000,regulated-action-state,12888,391104,428,5795,1041,5530,93,26,674
164,11/09/2026 07:55,54000,regulated-action-state,12834,394102,428,5695,1040,5570,99,26,609
165,11/09/2026 07:55,54000,regulated-action-state,12893,323485,428,5781,1014,5559,109,26,607
166,11/09/2026 07:55,54000,regulated-action-state,12955,489197,429,5848,1015,5570,93,25,623
167,11/09/2026 07:55,54000,regulated-action-state,12939,335722,428,5808,1035,5564,102,26,623
168,11/09/2026 07:56,54000,regulated-action-state,12911,315980,428,5766,1038,5570,106,26,610
169,11/09/2026 07:56,54000,regulated-action-state,13030,389297,428,5837,1049,5607,107,26,642
170,11/09/2026 07:56,54000,regulated-action-state,12858,392227,428,5727,1007,5597,98,26,620
171,11/09/2026 07:56,54000,regulated-action-state,12803,395398,428,5727,1016,5533,97,26,614
172,11/09/2026 07:56,54000,regulated-action-state,12881,387645,426,5737,1063,5557,96,26,623
173,11/09/2026 07:57,54000,regulated-action-state,12959,494109,431,5803,1045,5575,102,25,634
174,11/09/2026 07:57,54000,regulated-action-state,12930,393279,432,5822,1014,5560,99,26,628
175,11/09/2026 07:57,54000,regulated-action-state,12830,388397,430,5802,1014,5487,95,26,624
176,11/09/2026 07:57,54000,regulated-action-state,12940,380001,427,5785,1075,5550,100,26,634
177,11/09/2026 07:58,54000,regulated-action-state,12782,334269,434,5740,1060,5438,107,26,659
178,11/09/2026 07:58,54000,regulated-action-state,12982,473922,429,5816,1094,5544,97,25,625
179,11/09/2026 07:58,54000,regulated-action-state,12961,323440,428,5735,1063,5635,98,26,645
180,11/09/2026 07:58,54000,regulated-action-state,12901,318653,428,5762,1041,5565,103,26,640
181,11/09/2026 07:58,54000,regulated-action-state,12827,376899,441,5769,1060,5458,97,26,660
182,11/09/2026 07:59,54000,regulated-action-state,12889,335991,428,5754,1065,5542,99,26,611
183,11/09/2026 07:59,54000,regulated-action-state,12888,371005,430,5785,1020,5553,97,26,636
184,11/09/2026 07:59,54000,regulated-action-state,12808,333444,426,5804,1021,5455,99,26,692
185,11/09/2026 07:59,54000,regulated-action-state,12987,499077,428,5838,1022,5599,98,25,649
186,11/09/2026 07:59,54000,regulated-action-state,12849,326940,428,5763,1014,5544,98,26,598
187,11/09/2026 08:00,54000,regulated-action-state,12854,388645,427,5759,1032,5516,118,26,622
188,11/09/2026 08:00,54000,regulated-action-state,12922,388189,441,5839,1012,5530,98,26,643
189,11/09/2026 08:00,54000,regulated-action-state,12954,319530,426,5818,1038,5567,104,26,704
190,11/09/2026 08:00,54000,regulated-action-state,12901,500674,426,5748,1030,5601,94,25,618
191,11/09/2026 08:01,54000,regulated-action-state,12838,336409,428,5702,1085,5517,104,26,620
192,11/09/2026 08:01,54000,regulated-action-state,12913,331013,426,5753,1061,5561,109,26,614
193,11/09/2026 08:01,54000,regulated-action-state,12861,389306,427,5752,1033,5548,98,26,630
194,11/09/2026 08:01,54000,regulated-action-state,12875,322399,428,5734,1018,5592,101,26,609
195,11/09/2026 08:01,54000,regulated-action-state,12962,376416,451,5800,1036,5578,95,26,655
196,11/09/2026 08:02,54000,regulated-action-state,12986,367955,426,5866,1064,5514,114,26,642
197,11/09/2026 08:02,54000,regulated-action-state,12892,384664,427,5772,1031,5564,96,26,628
198,11/09/2026 08:02,54000,regulated-action-state,12888,377249,430,5825,1043,5492,97,26,731
199,11/09/2026 08:02,54000,regulated-action-state,12839,387868,425,5760,1024,5533,95,26,621
200,11/09/2026 08:03,54000,regulated-action-state,12919,387574,432,5791,1060,5537,97,26,616
1,11/09/2026 08:08,67500,regulated-action-state,16100,577050,449,7211,1395,6933,110,32,796
2,11/09/2026 08:08,67500,regulated-action-state,16092,503235,427,7136,1403,7014,110,32,800
3,11/09/2026 08:08,67500,regulated-action-state,15986,593790,427,7228,1396,6821,111,32,797
4,11/09/2026 08:09,67500,regulated-action-state,16034,598958,427,7231,1385,6878,111,32,821
5,11/09/2026 08:09,67500,regulated-action-state,16075,526742,427,7159,1390,6985,112,32,798
6,11/09/2026 08:09,67500,regulated-action-state,16060,502467,434,7212,1400,6900,112,32,756
7,11/09/2026 08:09,67500,regulated-action-state,16038,611261,429,7204,1391,6905,108,32,804
8,11/09/2026 08:10,67500,regulated-action-state,16024,558419,435,7159,1399,6914,115,32,794
9,11/09/2026 08:10,67500,regulated-action-state,15862,603591,428,7123,1397,6772,141,32,757
10,11/09/2026 08:10,67500,regulated-action-state,15920,596867,429,7219,1385,6774,112,32,809
11,11/09/2026 08:11,67500,regulated-action-state,16017,591181,447,7244,1393,6823,107,32,813
12,11/09/2026 08:11,67500,regulated-action-state,15978,470470,427,7117,1409,6910,114,32,779
13,11/09/2026 08:11,67500,regulated-action-state,15988,545012,430,7181,1414,6842,119,32,810
14,11/09/2026 08:11,67500,regulated-action-state,16080,604327,441,7248,1372,6905,112,32,800
15,11/09/2026 08:12,67500,regulated-action-state,15933,600463,428,7132,1396,6861,114,32,800
16,11/09/2026 08:12,67500,regulated-action-state,15964,560188,437,7230,1416,6769,110,32,797
17,11/09/2026 08:12,67500,regulated-action-state,15982,410335,427,7236,1387,6817,113,32,789
18,11/09/2026 08:12,67500,regulated-action-state,16050,564799,427,7225,1407,6878,110,32,784
19,11/09/2026 08:13,67500,regulated-action-state,15954,577168,441,7165,1388,6847,112,32,787
20,11/09/2026 08:13,67500,regulated-action-state,16023,579445,421,7236,1396,6857,111,32,801
21,11/09/2026 08:13,67500,regulated-action-state,16012,522728,427,7088,1381,7001,114,31,727
22,11/09/2026 08:13,67500,regulated-action-state,16067,614402,444,7206,1405,6898,112,32,778
23,11/09/2026 08:14,67500,regulated-action-state,16043,492811,427,7240,1394,6872,108,32,801
24,11/09/2026 08:14,67500,regulated-action-state,15904,440207,429,7133,1383,6846,110,32,810
25,11/09/2026 08:14,67500,regulated-action-state,15926,403316,426,7106,1417,6850,125,32,778
26,11/09/2026 08:15,67500,regulated-action-state,15973,591927,428,7193,1377,6863,110,32,802
27,11/09/2026 08:15,67500,regulated-action-state,15957,600605,439,7246,1380,6779,110,32,790
28,11/09/2026 08:15,67500,regulated-action-state,16127,466480,428,7208,1411,6967,110,32,813
29,11/09/2026 08:15,67500,regulated-action-state,15904,597212,443,7162,1375,6813,110,32,777
30,11/09/2026 08:16,67500,regulated-action-state,16067,598795,428,7189,1392,6933,123,32,759
31,11/09/2026 08:16,67500,regulated-action-state,16059,506017,425,7203,1401,6919,109,32,832
32,11/09/2026 08:16,67500,regulated-action-state,16002,475622,425,7158,1410,6896,111,32,776
33,11/09/2026 08:16,67500,regulated-action-state,16036,502138,433,7241,1386,6863,110,32,811
34,11/09/2026 08:17,67500,regulated-action-state,15984,595599,427,7217,1396,6830,113,32,874
35,11/09/2026 08:17,67500,regulated-action-state,15988,586733,429,7157,1406,6879,115,32,822
36,11/09/2026 08:17,67500,regulated-action-state,15931,558242,427,7109,1371,6910,112,31,752
37,11/09/2026 08:18,67500,regulated-action-state,16135,470410,436,7200,1413,6973,111,32,801
38,11/09/2026 08:18,67500,regulated-action-state,15989,412481,425,7158,1382,6900,122,32,770
39,11/09/2026 08:18,67500,regulated-action-state,15960,600276,425,7210,1401,6813,108,31,868
40,11/09/2026 08:18,67500,regulated-action-state,15989,588265,427,7175,1401,6873,112,32,815
41,11/09/2026 08:19,67500,regulated-action-state,15932,591384,442,7108,1377,6893,111,32,803
42,11/09/2026 08:19,67500,regulated-action-state,16039,572110,440,7194,1394,6887,122,32,775
43,11/09/2026 08:19,67500,regulated-action-state,15866,599856,429,7144,1392,6789,110,32,828
44,11/09/2026 08:19,67500,regulated-action-state,16053,586986,434,7214,1438,6858,108,32,809
45,11/09/2026 08:20,67500,regulated-action-state,16033,593590,428,7228,1422,6836,117,32,804
46,11/09/2026 08:20,67500,regulated-action-state,16052,468684,441,7142,1403,6954,110,32,781
47,11/09/2026 08:20,67500,regulated-action-state,16026,596121,433,7181,1427,6869,114,32,775
48,11/09/2026 08:21,67500,regulated-action-state,15948,502652,439,7136,1389,6871,110,32,749
49,11/09/2026 08:21,67500,regulated-action-state,16148,548336,428,7221,1429,6958,109,32,885
50,11/09/2026 08:21,67500,regulated-action-state,15976,601171,450,7146,1406,6861,111,32,783
51,11/09/2026 08:21,67500,regulated-action-state,15905,571339,426,7109,1396,6864,108,32,802
52,11/09/2026 08:22,67500,regulated-action-state,16081,596348,441,7160,1409,6951,117,32,778
53,11/09/2026 08:22,67500,regulated-action-state,16063,395529,437,7156,1402,6944,121,32,786
54,11/09/2026 08:22,67500,regulated-action-state,16067,523895,430,7254,1413,6861,107,32,802
55,11/09/2026 08:22,67500,regulated-action-state,16114,412452,430,7193,1411,6963,115,32,779
56,11/09/2026 08:23,67500,regulated-action-state,15935,595043,426,7183,1378,6822,124,32,792
57,11/09/2026 08:23,67500,regulated-action-state,16007,409400,430,7155,1417,6887,115,32,745
58,11/09/2026 08:23,67500,regulated-action-state,15963,398369,427,7188,1382,6853,111,32,842
59,11/09/2026 08:23,67500,regulated-action-state,15924,568648,420,7146,1419,6828,108,32,783
60,11/09/2026 08:24,67500,regulated-action-state,15985,501508,426,7177,1396,6873,111,32,785
61,11/09/2026 08:24,67500,regulated-action-state,15907,605600,425,7149,1374,6843,114,32,772
62,11/09/2026 08:24,67500,regulated-action-state,15988,593082,426,7176,1397,6862,124,32,790
63,11/09/2026 08:25,67500,regulated-action-state,15941,514988,428,7123,1393,6885,110,32,793
64,11/09/2026 08:25,67500,regulated-action-state,15995,405008,427,7180,1412,6857,118,32,788
65,11/09/2026 08:25,67500,regulated-action-state,15905,592378,426,7136,1405,6829,107,32,756
66,11/09/2026 08:25,67500,regulated-action-state,15956,609916,439,7191,1372,6837,115,32,845
67,11/09/2026 08:26,67500,regulated-action-state,16075,545074,431,7190,1397,6945,111,32,782
68,11/09/2026 08:26,67500,regulated-action-state,16013,604795,431,7140,1407,6923,110,32,787
69,11/09/2026 08:26,67500,regulated-action-state,15919,409305,432,7196,1383,6787,120,32,767
70,11/09/2026 08:26,67500,regulated-action-state,16035,605052,429,7186,1406,6904,109,32,773
71,11/09/2026 08:27,67500,regulated-action-state,15951,602491,437,7220,1387,6791,115,32,801
72,11/09/2026 08:27,67500,regulated-action-state,15947,491945,427,7146,1385,6875,111,32,789
73,11/09/2026 08:27,67500,regulated-action-state,16055,549025,429,7229,1394,6891,110,32,796
74,11/09/2026 08:28,67500,regulated-action-state,15966,562976,425,7176,1399,6836,128,32,798
75,11/09/2026 08:28,67500,regulated-action-state,15965,395179,426,7200,1390,6815,133,32,807
76,11/09/2026 08:28,67500,regulated-action-state,16093,517791,426,7195,1387,6966,117,32,853
77,11/09/2026 08:28,67500,regulated-action-state,16066,489707,444,7258,1388,6863,112,32,848
78,11/09/2026 08:29,67500,regulated-action-state,16121,465749,429,7192,1401,6985,112,32,772
79,11/09/2026 08:29,67500,regulated-action-state,16018,604851,431,7130,1405,6939,112,32,799
80,11/09/2026 08:29,67500,regulated-action-state,16194,586804,427,7268,1414,6974,108,32,795
81,11/09/2026 08:29,67500,regulated-action-state,15981,581596,426,7214,1415,6818,105,32,782
82,11/09/2026 08:30,67500,regulated-action-state,16229,503260,433,7300,1399,6985,109,32,864
83,11/09/2026 08:30,67500,regulated-action-state,16032,591611,442,7270,1426,6781,111,32,790
84,11/09/2026 08:30,67500,regulated-action-state,15926,523259,429,7205,1395,6783,112,32,783
85,11/09/2026 08:30,67500,regulated-action-state,16135,560675,439,7254,1405,6925,111,32,806
86,11/09/2026 08:31,67500,regulated-action-state,15976,598911,428,7163,1433,6838,111,32,783
87,11/09/2026 08:31,67500,regulated-action-state,16044,526911,426,7157,1389,6960,110,32,781
88,11/09/2026 08:31,67500,regulated-action-state,16093,525615,437,7271,1411,6861,110,32,814
89,11/09/2026 08:32,67500,regulated-action-state,16110,591977,428,7239,1421,6907,112,32,809
90,11/09/2026 08:32,67500,regulated-action-state,16026,522391,440,7170,1399,6903,112,32,759
91,11/09/2026 08:32,67500,regulated-action-state,16066,586346,429,7316,1395,6813,111,32,925
92,11/09/2026 08:32,67500,regulated-action-state,16015,604396,428,7115,1394,6962,115,31,758
93,11/09/2026 08:33,67500,regulated-action-state,16135,594187,430,7290,1402,6885,126,32,805
94,11/09/2026 08:33,67500,regulated-action-state,15917,602029,433,7147,1396,6827,113,32,808
95,11/09/2026 08:33,67500,regulated-action-state,16105,491580,429,7219,1402,6924,128,32,836
96,11/09/2026 08:33,67500,regulated-action-state,16141,513650,428,7294,1395,6913,109,32,878
97,11/09/2026 08:34,67500,regulated-action-state,15959,536157,425,7152,1411,6855,114,32,823
98,11/09/2026 08:34,67500,regulated-action-state,15872,597744,426,7128,1399,6805,113,32,769
99,11/09/2026 08:34,67500,regulated-action-state,16003,601748,431,7138,1403,6919,110,32,778
100,11/09/2026 08:35,67500,regulated-action-state,15960,613721,428,7165,1406,6842,116,32,797
101,11/09/2026 08:35,67500,regulated-action-state,15928,522655,429,7190,1381,6811,115,32,776
102,11/09/2026 08:35,67500,regulated-action-state,15980,605916,426,7150,1408,6881,113,32,791
103,11/09/2026 08:35,67500,regulated-action-state,16012,599638,445,7206,1372,6865,123,32,775
104,11/09/2026 08:36,67500,regulated-action-state,15987,413049,429,7145,1377,6916,118,32,799
105,11/09/2026 08:36,67500,regulated-action-state,15875,504256,430,7122,1419,6787,115,32,807
106,11/09/2026 08:36,67500,regulated-action-state,16141,605764,444,7258,1393,6932,112,32,878
107,11/09/2026 08:36,67500,regulated-action-state,16058,578728,430,7155,1399,6961,111,32,840
108,11/09/2026 08:37,67500,regulated-action-state,16136,541992,428,7204,1378,7012,111,31,792
109,11/09/2026 08:37,67500,regulated-action-state,15915,431725,436,7155,1385,6824,112,32,767
110,11/09/2026 08:37,67500,regulated-action-state,16096,484371,425,7128,1377,7049,116,32,775
111,11/09/2026 08:38,67500,regulated-action-state,15999,605518,429,7242,1377,6834,115,32,819
112,11/09/2026 08:38,67500,regulated-action-state,15897,578375,436,7188,1388,6777,106,32,789
113,11/09/2026 08:38,67500,regulated-action-state,16050,524187,424,7152,1393,6969,110,32,814
114,11/09/2026 08:38,67500,regulated-action-state,15916,502322,427,7150,1381,6837,119,32,811
115,11/09/2026 08:39,67500,regulated-action-state,16054,612728,426,7147,1405,6959,115,32,786
116,11/09/2026 08:39,67500,regulated-action-state,16001,568002,429,7195,1401,6862,113,32,797
117,11/09/2026 08:39,67500,regulated-action-state,16016,559703,439,7133,1422,6909,110,32,840
118,11/09/2026 08:39,67500,regulated-action-state,16035,483904,428,7225,1395,6876,110,32,799
119,11/09/2026 08:40,67500,regulated-action-state,16088,478748,443,7297,1390,6842,113,32,871
120,11/09/2026 08:40,67500,regulated-action-state,15909,586110,425,7138,1392,6844,109,32,803
121,11/09/2026 08:40,67500,regulated-action-state,15962,604559,429,7213,1381,6822,116,32,802
122,11/09/2026 08:40,67500,regulated-action-state,15989,403270,440,7200,1416,6817,115,32,799
123,11/09/2026 08:41,67500,regulated-action-state,15912,545722,426,7162,1384,6831,108,32,821
124,11/09/2026 08:41,67500,regulated-action-state,15967,579174,429,7248,1393,6786,108,32,811
125,11/09/2026 08:41,67500,regulated-action-state,16057,580046,427,7169,1410,6938,112,32,784
126,11/09/2026 08:42,67500,regulated-action-state,15932,597761,428,7180,1395,6818,108,32,798
127,11/09/2026 08:42,67500,regulated-action-state,16075,552367,428,7137,1397,7000,112,31,758
128,11/09/2026 08:42,67500,regulated-action-state,16198,486391,426,7249,1419,6980,122,32,818
129,11/09/2026 08:42,67500,regulated-action-state,15945,512324,428,7176,1390,6819,129,32,781
130,11/09/2026 08:43,67500,regulated-action-state,16175,503614,425,7274,1380,6976,118,32,920
131,11/09/2026 08:43,67500,regulated-action-state,16035,604583,440,7241,1391,6848,115,32,806
132,11/09/2026 08:43,67500,regulated-action-state,15925,556737,429,7135,1434,6813,112,31,778
133,11/09/2026 08:43,67500,regulated-action-state,15874,565787,426,7097,1384,6846,119,31,770
134,11/09/2026 08:44,67500,regulated-action-state,15900,609188,428,7190,1386,6783,111,32,792
135,11/09/2026 08:44,67500,regulated-action-state,15971,587808,430,7191,1378,6848,122,32,786
136,11/09/2026 08:44,67500,regulated-action-state,15859,556591,429,7135,1375,6806,112,31,757
137,11/09/2026 08:45,67500,regulated-action-state,15925,569877,428,7123,1395,6865,111,32,782
138,11/09/2026 08:45,67500,regulated-action-state,16010,601367,428,7279,1383,6809,110,32,940
139,11/09/2026 08:45,67500,regulated-action-state,16071,606719,441,7242,1395,6880,111,32,831
140,11/09/2026 08:45,67500,regulated-action-state,15846,578164,424,7138,1391,6781,111,32,779
141,11/09/2026 08:46,67500,regulated-action-state,15951,578133,427,7234,1378,6796,114,32,840
142,11/09/2026 08:46,67500,regulated-action-state,15937,559084,435,7161,1373,6855,111,31,775
143,11/09/2026 08:46,67500,regulated-action-state,15994,589805,426,7202,1416,6834,114,32,809
144,11/09/2026 08:46,67500,regulated-action-state,16017,531665,429,7229,1383,6865,108,32,795
145,11/09/2026 08:47,67500,regulated-action-state,16249,522531,426,7186,1405,7105,124,32,792
146,11/09/2026 08:47,67500,regulated-action-state,16121,522152,441,7227,1402,6940,109,32,829
147,11/09/2026 08:47,67500,regulated-action-state,15918,593804,428,7141,1382,6854,111,32,798
148,11/09/2026 08:47,67500,regulated-action-state,15964,608914,450,7194,1421,6786,111,32,783
149,11/09/2026 08:48,67500,regulated-action-state,15948,507707,426,7115,1374,6918,113,32,793
150,11/09/2026 08:48,67500,regulated-action-state,16191,519229,428,7205,1406,7031,118,32,801
151,11/09/2026 08:48,67500,regulated-action-state,16159,593841,437,7334,1383,6891,113,32,908
152,11/09/2026 08:49,67500,regulated-action-state,16089,488986,426,7176,1390,6986,109,32,774
153,11/09/2026 08:49,67500,regulated-action-state,16077,575640,426,7135,1393,7013,108,32,794
154,11/09/2026 08:49,67500,regulated-action-state,15963,575606,431,7152,1382,6876,119,32,769
155,11/09/2026 08:49,67500,regulated-action-state,16046,550476,437,7142,1396,6949,121,31,771
156,11/09/2026 08:50,67500,regulated-action-state,16094,594840,425,7243,1384,6926,113,32,796
157,11/09/2026 08:50,67500,regulated-action-state,16145,488252,427,7245,1381,6981,110,32,822
158,11/09/2026 08:50,67500,regulated-action-state,15955,589179,428,7178,1372,6863,112,32,742
159,11/09/2026 08:50,67500,regulated-action-state,16100,498419,439,7247,1382,6919,112,32,778
160,11/09/2026 08:51,67500,regulated-action-state,15966,587613,431,7122,1388,6905,118,32,780
161,11/09/2026 08:51,67500,regulated-action-state,15966,408033,430,7205,1383,6829,117,32,812
162,11/09/2026 08:51,67500,regulated-action-state,16221,417404,425,7104,1424,7144,122,32,800
163,11/09/2026 08:52,67500,regulated-action-state,15919,516242,424,7117,1407,6856,112,32,806
164,11/09/2026 08:52,67500,regulated-action-state,15998,559766,427,7272,1380,6805,112,31,876
165,11/09/2026 08:52,67500,regulated-action-state,15947,577227,441,7137,1393,6853,121,32,792
166,11/09/2026 08:52,67500,regulated-action-state,16004,605607,427,7277,1373,6813,111,32,912
167,11/09/2026 08:53,67500,regulated-action-state,15981,418011,433,7179,1390,6857,119,32,782
168,11/09/2026 08:53,67500,regulated-action-state,15933,579524,438,7162,1378,6841,112,32,805
169,11/09/2026 08:53,67500,regulated-action-state,15972,408281,428,7154,1427,6845,116,32,834
170,11/09/2026 08:53,67500,regulated-action-state,15995,517312,428,7153,1411,6890,111,32,803
171,11/09/2026 08:54,67500,regulated-action-state,15863,605222,429,7097,1397,6826,112,32,780
172,11/09/2026 08:54,67500,regulated-action-state,16096,592593,431,7223,1383,6945,113,32,826
173,11/09/2026 08:54,67500,regulated-action-state,15967,453029,430,7223,1389,6808,115,32,799
174,11/09/2026 08:55,67500,regulated-action-state,16113,529047,426,7212,1387,6976,110,32,800
175,11/09/2026 08:55,67500,regulated-action-state,16034,400229,427,7221,1418,6843,122,32,849
176,11/09/2026 08:55,67500,regulated-action-state,16071,595930,427,7219,1397,6917,109,32,810
177,11/09/2026 08:55,67500,regulated-action-state,15896,581847,425,7174,1387,6799,108,32,774
178,11/09/2026 08:56,67500,regulated-action-state,16075,535870,432,7151,1376,6998,116,32,779
179,11/09/2026 08:56,67500,regulated-action-state,16040,591268,426,7210,1398,6894,109,32,834
180,11/09/2026 08:56,67500,regulated-action-state,15910,592912,425,7172,1413,6785,113,32,790
181,11/09/2026 08:56,67500,regulated-action-state,16026,598183,428,7187,1392,6907,111,32,779
182,11/09/2026 08:57,67500,regulated-action-state,15945,562975,439,7160,1387,6849,108,32,795
183,11/09/2026 08:57,67500,regulated-action-state,16011,600229,426,7188,1379,6903,113,32,808
184,11/09/2026 08:57,67500,regulated-action-state,15940,484749,427,7118,1383,6901,109,32,754
185,11/09/2026 08:57,67500,regulated-action-state,15996,556794,445,7161,1423,6842,123,32,783
186,11/09/2026 08:58,67500,regulated-action-state,16091,600076,425,7201,1400,6952,111,32,795
187,11/09/2026 08:58,67500,regulated-action-state,15795,590967,427,7071,1370,6814,110,32,768
188,11/09/2026 08:58,67500,regulated-action-state,15961,458678,425,7144,1426,6854,110,32,799
189,11/09/2026 08:59,67500,regulated-action-state,16139,592673,428,7268,1406,6920,117,32,876
190,11/09/2026 08:59,67500,regulated-action-state,15942,549957,427,7119,1378,6907,109,31,768
191,11/09/2026 08:59,67500,regulated-action-state,15981,594605,427,7187,1403,6852,110,32,808
192,11/09/2026 08:59,67500,regulated-action-state,16063,581626,427,7200,1395,6928,110,32,848
193,11/09/2026 09:00,67500,regulated-action-state,15912,569826,428,7161,1379,6833,109,32,800
194,11/09/2026 09:00,67500,regulated-action-state,16094,411997,429,7269,1400,6859,134,32,832
195,11/09/2026 09:00,67500,regulated-action-state,15958,520574,426,7140,1402,6871,118,32,839
196,11/09/2026 09:00,67500,regulated-action-state,16010,580940,427,7164,1424,6878,115,32,832
197,11/09/2026 09:01,67500,regulated-action-state,16014,593566,446,7190,1383,6881,111,32,787
198,11/09/2026 09:01,67500,regulated-action-state,15998,598197,425,7221,1410,6830,111,32,801
199,11/09/2026 09:01,67500,regulated-action-state,16029,459927,425,7212,1392,6889,109,32,852
200,11/09/2026 09:02,67500,regulated-action-state,16232,584179,424,7272,1402,7020,112,32,804
1,11/09/2026 09:07,81000,regulated-action-state,19809,497256,435,8799,1778,8644,150,38,1026
2,11/09/2026 09:07,81000,regulated-action-state,19529,592287,426,8689,1818,8470,124,38,1013
3,11/09/2026 09:08,81000,regulated-action-state,19411,704238,426,8711,1789,8344,139,38,1031
4,11/09/2026 09:08,81000,regulated-action-state,19429,520363,427,8685,1755,8425,135,38,992
5,11/09/2026 09:08,81000,regulated-action-state,19350,519941,433,8630,1753,8398,135,38,965
6,11/09/2026 09:09,81000,regulated-action-state,19616,502384,454,8697,1767,8548,148,38,974
7,11/09/2026 09:09,81000,regulated-action-state,19409,655303,428,8596,1763,8488,132,37,957
8,11/09/2026 09:09,81000,regulated-action-state,19421,652804,428,8602,1761,8476,152,37,958
9,11/09/2026 09:09,81000,regulated-action-state,19601,621332,428,8689,1788,8564,130,37,1007
10,11/09/2026 09:10,81000,regulated-action-state,19514,632686,439,8676,1763,8507,127,37,974
11,11/09/2026 09:10,81000,regulated-action-state,19356,666332,426,8730,1734,8334,131,37,1010
12,11/09/2026 09:10,81000,regulated-action-state,19593,506335,438,8657,1782,8569,145,38,941
13,11/09/2026 09:11,81000,regulated-action-state,19425,505000,429,8643,1742,8472,138,38,968
14,11/09/2026 09:11,81000,regulated-action-state,19750,696416,429,8754,1806,8633,126,38,1128
15,11/09/2026 09:11,81000,regulated-action-state,19508,612539,426,8717,1762,8468,133,38,1011
16,11/09/2026 09:12,81000,regulated-action-state,19552,622847,428,8688,1798,8508,128,38,1024
17,11/09/2026 09:12,81000,regulated-action-state,19377,713355,428,8614,1787,8410,135,38,983
18,11/09/2026 09:12,81000,regulated-action-state,19522,597810,428,8657,1784,8515,137,38,1028
19,11/09/2026 09:13,81000,regulated-action-state,19479,559388,431,8712,1752,8442,140,38,987
20,11/09/2026 09:13,81000,regulated-action-state,19634,702104,428,8820,1769,8485,130,37,1049
21,11/09/2026 09:13,81000,regulated-action-state,19515,622449,425,8627,1785,8543,133,38,1030
22,11/09/2026 09:14,81000,regulated-action-state,19688,633901,439,8773,1791,8552,131,37,968
23,11/09/2026 09:14,81000,regulated-action-state,19596,518850,428,8699,1768,8561,138,38,1031
24,11/09/2026 09:14,81000,regulated-action-state,19493,607681,426,8761,1770,8406,128,38,1041
25,11/09/2026 09:15,81000,regulated-action-state,19564,610192,436,8649,1785,8560,132,38,976
26,11/09/2026 09:15,81000,regulated-action-state,19558,580884,436,8692,1789,8515,124,38,1025
27,11/09/2026 09:15,81000,regulated-action-state,19586,651635,425,8641,1803,8573,142,38,995
28,11/09/2026 09:16,81000,regulated-action-state,19433,519786,440,8628,1774,8455,135,38,983
29,11/09/2026 09:16,81000,regulated-action-state,19602,609215,427,8616,1789,8642,125,38,1017
30,11/09/2026 09:16,81000,regulated-action-state,19564,701355,427,8704,1771,8523,138,38,1087
31,11/09/2026 09:17,81000,regulated-action-state,19609,580729,429,8686,1819,8543,131,38,964
32,11/09/2026 09:17,81000,regulated-action-state,19407,696844,432,8708,1774,8363,127,38,999
33,11/09/2026 09:17,81000,regulated-action-state,19392,519298,426,8631,1757,8444,133,38,959
34,11/09/2026 09:18,81000,regulated-action-state,19633,556311,428,8786,1764,8513,140,38,1014
35,11/09/2026 09:18,81000,regulated-action-state,19407,593888,429,8649,1791,8403,134,38,1024
36,11/09/2026 09:18,81000,regulated-action-state,19343,552603,427,8704,1735,8345,129,38,999
37,11/09/2026 09:19,81000,regulated-action-state,19681,506046,427,8661,1795,8653,144,38,987
38,11/09/2026 09:19,81000,regulated-action-state,19530,515903,451,8722,1772,8449,134,38,1055
39,11/09/2026 09:19,81000,regulated-action-state,19332,587754,445,8572,1753,8432,128,38,939
40,11/09/2026 09:20,81000,regulated-action-state,19510,699037,425,8574,1807,8571,131,38,1004
41,11/09/2026 09:20,81000,regulated-action-state,19382,609884,428,8617,1783,8422,131,38,988
42,11/09/2026 09:20,81000,regulated-action-state,19383,519358,426,8656,1755,8407,137,38,994
43,11/09/2026 09:21,81000,regulated-action-state,19323,701580,425,8591,1785,8395,125,38,976
44,11/09/2026 09:21,81000,regulated-action-state,19401,630337,425,8610,1788,8436,141,37,923
45,11/09/2026 09:21,81000,regulated-action-state,19572,695778,453,8738,1796,8454,130,38,975
46,11/09/2026 09:22,81000,regulated-action-state,19549,639463,430,8636,1758,8585,138,37,973
47,11/09/2026 09:22,81000,regulated-action-state,19283,573594,426,8639,1750,8335,131,38,974
48,11/09/2026 09:22,81000,regulated-action-state,19456,636686,426,8658,1757,8480,133,37,1008
49,11/09/2026 09:23,81000,regulated-action-state,19614,708830,441,8774,1792,8474,132,38,1040
50,11/09/2026 09:23,81000,regulated-action-state,19543,685760,430,8692,1808,8480,130,38,1034
51,11/09/2026 09:23,81000,regulated-action-state,19605,632736,429,8801,1748,8493,132,37,1038
52,11/09/2026 09:24,81000,regulated-action-state,19408,699242,429,8683,1781,8381,132,38,1056
53,11/09/2026 09:24,81000,regulated-action-state,19409,714181,428,8659,1770,8419,130,38,998
54,11/09/2026 09:24,81000,regulated-action-state,19398,695949,429,8711,1778,8351,127,38,1004
55,11/09/2026 09:25,81000,regulated-action-state,19535,519599,425,8701,1757,8520,131,38,1014
56,11/09/2026 09:25,81000,regulated-action-state,19471,595487,425,8752,1767,8389,136,38,1073
57,11/09/2026 09:25,81000,regulated-action-state,19659,536088,425,8748,1764,8578,141,38,1067
58,11/09/2026 09:26,81000,regulated-action-state,19231,708805,426,8577,1765,8334,127,38,986
59,11/09/2026 09:26,81000,regulated-action-state,19416,656507,436,8662,1780,8408,128,38,994
60,11/09/2026 09:26,81000,regulated-action-state,19376,520608,429,8669,1758,8388,130,38,1003
61,11/09/2026 09:27,81000,regulated-action-state,19504,633982,427,8700,1798,8450,127,38,1014
62,11/09/2026 09:27,81000,regulated-action-state,19347,649591,432,8604,1743,8433,132,37,927
63,11/09/2026 09:27,81000,regulated-action-state,19530,524127,430,8804,1764,8382,146,38,1072
64,11/09/2026 09:28,81000,regulated-action-state,19525,488958,425,8657,1789,8507,146,39,1036
65,11/09/2026 09:28,81000,regulated-action-state,19566,671890,430,8764,1788,8455,127,37,969
66,11/09/2026 09:28,81000,regulated-action-state,19484,638310,425,8586,1754,8577,140,37,951
67,11/09/2026 09:29,81000,regulated-action-state,19471,519888,427,8687,1818,8402,134,38,958
68,11/09/2026 09:29,81000,regulated-action-state,19585,631068,426,8652,1791,8583,131,37,974
69,11/09/2026 09:29,81000,regulated-action-state,19612,662284,443,8716,1752,8568,130,37,970
70,11/09/2026 09:30,81000,regulated-action-state,19553,499737,426,8806,1771,8412,137,39,1106
71,11/09/2026 09:30,81000,regulated-action-state,19582,587668,426,8761,1773,8492,128,38,983
72,11/09/2026 09:30,81000,regulated-action-state,19490,600953,426,8647,1762,8510,143,38,965
73,11/09/2026 09:30,81000,regulated-action-state,19478,533961,428,8619,1803,8464,162,38,967
74,11/09/2026 09:31,81000,regulated-action-state,19503,602240,427,8692,1789,8462,132,38,970
75,11/09/2026 09:31,81000,regulated-action-state,19443,695040,447,8659,1784,8411,140,38,1022
76,11/09/2026 09:31,81000,regulated-action-state,19816,587362,439,8691,1814,8731,139,38,998
77,11/09/2026 09:32,81000,regulated-action-state,19514,689372,427,8786,1798,8362,138,38,1064
78,11/09/2026 09:32,81000,regulated-action-state,19519,695188,429,8641,1821,8495,130,38,984
79,11/09/2026 09:32,81000,regulated-action-state,19450,519779,420,8727,1753,8394,153,38,1069
80,11/09/2026 09:33,81000,regulated-action-state,19666,594651,431,8682,1820,8599,132,38,1040
81,11/09/2026 09:33,81000,regulated-action-state,19580,676565,424,8695,1777,8550,132,37,941
82,11/09/2026 09:33,81000,regulated-action-state,19435,698593,431,8694,1780,8399,128,38,1023
83,11/09/2026 09:34,81000,regulated-action-state,19687,634493,425,8685,1780,8658,136,37,963
84,11/09/2026 09:34,81000,regulated-action-state,19375,718317,428,8659,1777,8379,130,38,1033
85,11/09/2026 09:34,81000,regulated-action-state,19383,657000,435,8660,1752,8401,133,37,959
86,11/09/2026 09:35,81000,regulated-action-state,19499,695989,437,8670,1788,8463,139,38,1030
87,11/09/2026 09:35,81000,regulated-action-state,19422,718084,429,8638,1782,8443,129,38,999
88,11/09/2026 09:35,81000,regulated-action-state,19418,688375,429,8616,1785,8455,131,38,1007
89,11/09/2026 09:36,81000,regulated-action-state,19296,524283,430,8638,1747,8340,139,38,960
90,11/09/2026 09:36,81000,regulated-action-state,19621,506312,432,8777,1753,8517,140,38,1080
91,11/09/2026 09:36,81000,regulated-action-state,19408,520708,428,8624,1758,8445,152,38,963
92,11/09/2026 09:37,81000,regulated-action-state,19498,602541,427,8757,1756,8418,139,38,963
93,11/09/2026 09:37,81000,regulated-action-state,19435,631907,433,8633,1769,8458,140,37,945
94,11/09/2026 09:37,81000,regulated-action-state,19584,618836,434,8799,1771,8451,127,38,1082
95,11/09/2026 09:38,81000,regulated-action-state,19228,671261,428,8570,1742,8359,127,38,959
96,11/09/2026 09:38,81000,regulated-action-state,19538,611156,426,8719,1812,8440,138,38,1017
97,11/09/2026 09:38,81000,regulated-action-state,19429,707363,427,8760,1788,8322,129,38,1049
98,11/09/2026 09:39,81000,regulated-action-state,19679,695362,431,8841,1839,8438,128,38,1087
99,11/09/2026 09:39,81000,regulated-action-state,19521,524501,427,8759,1762,8436,135,38,1007
100,11/09/2026 09:39,81000,regulated-action-state,19447,713812,429,8690,1793,8405,129,38,991
101,11/09/2026 09:40,81000,regulated-action-state,19559,520523,428,8807,1815,8362,144,38,981
102,11/09/2026 09:40,81000,regulated-action-state,19341,520061,428,8640,1742,8394,135,38,995
103,11/09/2026 09:40,81000,regulated-action-state,19512,719396,429,8599,1783,8568,131,38,967
104,11/09/2026 09:41,81000,regulated-action-state,19586,699375,427,8690,1781,8557,129,38,1013
105,11/09/2026 09:41,81000,regulated-action-state,19357,506033,425,8590,1801,8396,142,39,1013
106,11/09/2026 09:41,81000,regulated-action-state,19759,591892,429,8711,1783,8704,131,38,1031
107,11/09/2026 09:42,81000,regulated-action-state,19367,598538,428,8668,1772,8368,128,38,982
108,11/09/2026 09:42,81000,regulated-action-state,19460,505979,463,8670,1756,8432,136,38,1000
109,11/09/2026 09:42,81000,regulated-action-state,19489,672991,438,8760,1799,8364,127,37,1006
110,11/09/2026 09:43,81000,regulated-action-state,19581,578925,427,8790,1765,8455,141,38,997
111,11/09/2026 09:43,81000,regulated-action-state,19458,505127,443,8744,1763,8370,136,38,970
112,11/09/2026 09:43,81000,regulated-action-state,19394,515374,427,8708,1752,8368,137,38,1035
113,11/09/2026 09:44,81000,regulated-action-state,19563,597252,442,8775,1773,8443,128,38,982
114,11/09/2026 09:44,81000,regulated-action-state,19342,535105,427,8610,1760,8408,135,38,977
115,11/09/2026 09:44,81000,regulated-action-state,19519,585776,428,8644,1764,8550,131,38,946
116,11/09/2026 09:45,81000,regulated-action-state,19411,538513,425,8648,1777,8407,152,38,997
117,11/09/2026 09:45,81000,regulated-action-state,19407,518912,427,8675,1768,8380,156,38,982
118,11/09/2026 09:45,81000,regulated-action-state,19447,598174,426,8701,1800,8381,137,38,973
119,11/09/2026 09:46,81000,regulated-action-state,19583,611610,435,8739,1803,8478,125,38,1019
120,11/09/2026 09:46,81000,regulated-action-state,19502,694056,430,8789,1782,8366,132,38,1012
121,11/09/2026 09:46,81000,regulated-action-state,19558,580674,438,8715,1776,8498,129,38,1039
122,11/09/2026 09:47,81000,regulated-action-state,19293,711887,427,8606,1784,8344,130,38,995
123,11/09/2026 09:47,81000,regulated-action-state,19566,524822,425,8792,1760,8444,143,38,1007
124,11/09/2026 09:47,81000,regulated-action-state,19527,690691,437,8732,1796,8428,131,38,1050
125,11/09/2026 09:48,81000,regulated-action-state,19397,558056,429,8652,1751,8426,137,38,995
126,11/09/2026 09:48,81000,regulated-action-state,19561,524605,445,8828,1757,8392,138,38,1131
127,11/09/2026 09:48,81000,regulated-action-state,19525,626787,434,8593,1846,8521,130,38,955
128,11/09/2026 09:49,81000,regulated-action-state,19503,689236,444,8714,1792,8419,131,38,1011
129,11/09/2026 09:49,81000,regulated-action-state,19382,633244,434,8603,1774,8438,130,38,983
130,11/09/2026 09:49,81000,regulated-action-state,19392,487118,429,8658,1782,8378,143,39,1037
131,11/09/2026 09:50,81000,regulated-action-state,19448,515792,425,8662,1797,8422,139,38,1007
132,11/09/2026 09:50,81000,regulated-action-state,19471,523951,428,8731,1750,8407,153,38,1006
133,11/09/2026 09:50,81000,regulated-action-state,19663,506336,424,8695,1761,8649,132,38,975
134,11/09/2026 09:51,81000,regulated-action-state,19401,555415,430,8706,1773,8356,134,38,1022
135,11/09/2026 09:51,81000,regulated-action-state,19559,637549,429,8741,1764,8477,145,37,1000
136,11/09/2026 09:51,81000,regulated-action-state,19472,696372,428,8701,1799,8416,126,38,1012
137,11/09/2026 09:51,81000,regulated-action-state,19624,596561,427,8591,1786,8686,132,38,983
138,11/09/2026 09:52,81000,regulated-action-state,19556,598311,429,8712,1773,8511,130,38,991
139,11/09/2026 09:52,81000,regulated-action-state,19344,611844,426,8683,1776,8332,126,38,987
140,11/09/2026 09:52,81000,regulated-action-state,19338,693867,423,8602,1772,8409,129,38,1039
141,11/09/2026 09:53,81000,regulated-action-state,19423,514877,433,8717,1795,8341,135,38,981
142,11/09/2026 09:53,81000,regulated-action-state,19440,520219,427,8738,1760,8381,133,38,1008
143,11/09/2026 09:53,81000,regulated-action-state,19492,632009,441,8758,1774,8390,127,38,990
144,11/09/2026 09:54,81000,regulated-action-state,19451,537798,428,8663,1765,8450,143,38,983
145,11/09/2026 09:54,81000,regulated-action-state,19513,520598,430,8827,1744,8374,136,38,1000
146,11/09/2026 09:54,81000,regulated-action-state,19383,702561,429,8636,1774,8413,129,38,1004
147,11/09/2026 09:55,81000,regulated-action-state,19443,644072,429,8707,1742,8431,132,37,1023
148,11/09/2026 09:55,81000,regulated-action-state,19720,671696,428,8796,1782,8586,126,37,988
149,11/09/2026 09:55,81000,regulated-action-state,19582,515244,423,8673,1744,8599,141,38,1001
150,11/09/2026 09:56,81000,regulated-action-state,19446,577613,427,8671,1756,8448,142,38,988
151,11/09/2026 09:56,81000,regulated-action-state,19393,715651,428,8652,1775,8409,126,38,1039
152,11/09/2026 09:56,81000,regulated-action-state,19505,487984,430,8668,1786,8468,151,39,1081
153,11/09/2026 09:57,81000,regulated-action-state,19419,599979,438,8647,1750,8452,130,38,982
154,11/09/2026 09:57,81000,regulated-action-state,19411,607629,429,8610,1765,8474,130,38,1010
155,11/09/2026 09:57,81000,regulated-action-state,19422,642573,426,8692,1808,8363,131,38,975
156,11/09/2026 09:58,81000,regulated-action-state,19630,520020,426,8723,1793,8551,134,38,998
157,11/09/2026 09:58,81000,regulated-action-state,19667,689642,426,8791,1776,8545,127,38,1062
158,11/09/2026 09:58,81000,regulated-action-state,19431,524780,427,8550,1752,8552,148,38,995
159,11/09/2026 09:59,81000,regulated-action-state,19573,599619,433,8772,1765,8466,134,38,1024
160,11/09/2026 09:59,81000,regulated-action-state,19435,646701,425,8725,1782,8373,127,37,958
161,11/09/2026 09:59,81000,regulated-action-state,19464,525139,427,8731,1791,8379,134,38,1017
162,11/09/2026 10:00,81000,regulated-action-state,19424,606593,426,8649,1745,8469,133,38,972
163,11/09/2026 10:00,81000,regulated-action-state,19436,567327,428,8720,1798,8363,126,38,1054
164,11/09/2026 10:00,81000,regulated-action-state,19634,596651,428,8777,1805,8482,140,38,1025
165,11/09/2026 10:01,81000,regulated-action-state,19560,641199,429,8669,1784,8522,154,37,966
166,11/09/2026 10:01,81000,regulated-action-state,19621,692592,425,8879,1796,8383,136,38,1087
167,11/09/2026 10:01,81000,regulated-action-state,19453,659570,428,8612,1776,8506,130,37,976
168,11/09/2026 10:02,81000,regulated-action-state,19644,713050,430,8624,1795,8663,131,38,1000
169,11/09/2026 10:02,81000,regulated-action-state,19419,723587,426,8688,1788,8386,128,38,1048
170,11/09/2026 10:02,81000,regulated-action-state,19360,687872,428,8658,1792,8351,129,38,964
171,11/09/2026 10:03,81000,regulated-action-state,19452,629418,426,8668,1766,8455,134,37,953
172,11/09/2026 10:03,81000,regulated-action-state,19411,635829,427,8654,1744,8454,131,37,960
173,11/09/2026 10:03,81000,regulated-action-state,19579,567330,429,8788,1778,8442,140,38,1025
174,11/09/2026 10:04,81000,regulated-action-state,19390,553110,451,8647,1733,8432,125,38,981
175,11/09/2026 10:04,81000,regulated-action-state,19296,702692,429,8627,1773,8338,128,37,1028
176,11/09/2026 10:04,81000,regulated-action-state,19491,604739,424,8654,1773,8501,136,38,943
177,11/09/2026 10:05,81000,regulated-action-state,19553,579904,428,8681,1785,8517,140,38,1008
178,11/09/2026 10:05,81000,regulated-action-state,19549,500756,426,8798,1773,8411,140,38,1051
179,11/09/2026 10:05,81000,regulated-action-state,19413,519769,463,8739,1741,8327,141,38,959
180,11/09/2026 10:06,81000,regulated-action-state,19417,622081,438,8680,1787,8378,132,38,1024
181,11/09/2026 10:06,81000,regulated-action-state,19392,519798,427,8605,1791,8432,134,38,957
182,11/09/2026 10:06,81000,regulated-action-state,19415,532741,426,8573,1756,8518,141,38,998
183,11/09/2026 10:07,81000,regulated-action-state,19555,688182,431,8755,1789,8440,138,38,1009
184,11/09/2026 10:07,81000,regulated-action-state,19605,519708,437,8690,1765,8580,132,38,990
185,11/09/2026 10:07,81000,regulated-action-state,19630,666541,452,8649,1752,8647,128,37,928
186,11/09/2026 10:08,81000,regulated-action-state,19637,620570,429,8620,1770,8687,129,38,1019
187,11/09/2026 10:08,81000,regulated-action-state,19584,506004,429,8718,1760,8521,153,38,965
188,11/09/2026 10:08,81000,regulated-action-state,19410,524824,460,8658,1762,8388,139,38,950
189,11/09/2026 10:09,81000,regulated-action-state,19369,704234,430,8596,1778,8435,128,38,982
190,11/09/2026 10:09,81000,regulated-action-state,19560,615562,427,8707,1786,8507,132,38,1016
191,11/09/2026 10:09,81000,regulated-action-state,19755,710031,432,8695,1827,8656,144,38,1065
192,11/09/2026 10:10,81000,regulated-action-state,19362,708124,431,8642,1762,8395,130,38,1028
193,11/09/2026 10:10,81000,regulated-action-state,19528,558421,428,8716,1780,8475,127,38,1059
194,11/09/2026 10:10,81000,regulated-action-state,19735,658688,436,8946,1751,8472,129,37,1045
195,11/09/2026 10:11,81000,regulated-action-state,19615,518557,427,8701,1762,8577,145,38,1024
196,11/09/2026 10:11,81000,regulated-action-state,19572,696279,431,8741,1814,8456,128,38,1034
197,11/09/2026 10:11,81000,regulated-action-state,19379,631551,429,8697,1745,8376,130,37,995
198,11/09/2026 10:12,81000,regulated-action-state,19468,627987,427,8617,1769,8521,132,38,962
199,11/09/2026 10:12,81000,regulated-action-state,19668,687695,427,8794,1792,8521,133,38,1028
200,11/09/2026 10:12,81000,regulated-action-state,19602,674214,426,8686,1796,8561,131,37,1023
1,11/09/2026 10:18,94500,regulated-action-state,22170,719270,431,9875,1935,9782,145,44,1072
2,11/09/2026 10:18,94500,regulated-action-state,22100,721346,452,9891,1914,9693,150,44,1119
3,11/09/2026 10:18,94500,regulated-action-state,22260,732733,456,10001,1919,9726,156,44,1073
4,11/09/2026 10:19,94500,regulated-action-state,22113,655642,428,9808,1910,9821,144,44,1127
5,11/09/2026 10:19,94500,regulated-action-state,22290,710344,428,9999,1929,9779,154,44,1112
6,11/09/2026 10:19,94500,regulated-action-state,22069,588986,428,9900,1917,9666,157,44,1145
7,11/09/2026 10:20,94500,regulated-action-state,22200,738144,428,9890,1964,9772,144,44,1137
8,11/09/2026 10:20,94500,regulated-action-state,22390,752409,426,9912,1949,9960,141,44,1084
9,11/09/2026 10:21,94500,regulated-action-state,22154,737887,428,9910,1902,9751,161,44,1137
10,11/09/2026 10:21,94500,regulated-action-state,22037,724233,426,9848,1943,9670,148,44,1160
11,11/09/2026 10:21,94500,regulated-action-state,22203,661613,431,9948,1928,9748,146,44,1128
12,11/09/2026 10:22,94500,regulated-action-state,22449,586046,437,10114,1919,9815,162,44,1351
13,11/09/2026 10:22,94500,regulated-action-state,22227,748422,428,9970,1937,9747,143,44,1137
14,11/09/2026 10:22,94500,regulated-action-state,22223,628085,428,9952,1932,9744,164,44,1126
15,11/09/2026 10:23,94500,regulated-action-state,22147,738540,426,9900,1921,9754,144,44,1151
16,11/09/2026 10:23,94500,regulated-action-state,22251,716555,427,9891,1921,9861,149,44,1183
17,11/09/2026 10:24,94500,regulated-action-state,22040,702401,426,9842,1922,9702,147,44,1103
18,11/09/2026 10:24,94500,regulated-action-state,22179,582946,427,9932,1922,9737,159,45,1152
19,11/09/2026 10:24,94500,regulated-action-state,22268,621005,446,9911,1932,9835,142,44,1090
20,11/09/2026 10:25,94500,regulated-action-state,22091,661907,430,9869,1939,9706,145,44,1130
21,11/09/2026 10:25,94500,regulated-action-state,22101,653005,431,9870,1905,9744,148,44,1105
22,11/09/2026 10:25,94500,regulated-action-state,22073,714765,429,9842,1918,9736,146,44,1148
23,11/09/2026 10:26,94500,regulated-action-state,22226,716058,436,9829,1939,9870,150,44,1100
24,11/09/2026 10:26,94500,regulated-action-state,22319,650839,427,9959,1914,9858,160,44,1270
25,11/09/2026 10:26,94500,regulated-action-state,22221,711659,425,9919,1921,9790,163,44,1111
26,11/09/2026 10:27,94500,regulated-action-state,22165,584840,428,9873,1961,9750,150,44,1140
27,11/09/2026 10:27,94500,regulated-action-state,22094,663033,428,9908,1912,9698,147,44,1110
28,11/09/2026 10:28,94500,regulated-action-state,22477,581297,427,10012,1959,9925,151,44,1248
29,11/09/2026 10:28,94500,regulated-action-state,22385,590972,431,10000,1920,9875,157,44,1130
30,11/09/2026 10:28,94500,regulated-action-state,22132,626283,440,9949,1906,9676,160,45,1172
31,11/09/2026 10:29,94500,regulated-action-state,22139,590153,439,9871,1969,9707,152,45,1092
32,11/09/2026 10:29,94500,regulated-action-state,22240,584502,426,9887,1918,9848,159,45,1132
33,11/09/2026 10:29,94500,regulated-action-state,22183,732069,426,9901,1928,9779,146,44,1177
34,11/09/2026 10:30,94500,regulated-action-state,22298,712639,428,9934,1965,9825,144,44,1155
35,11/09/2026 10:30,94500,regulated-action-state,22069,769895,428,9866,1901,9724,148,44,1113
36,11/09/2026 10:31,94500,regulated-action-state,22260,552949,426,9959,1917,9797,159,44,1241
37,11/09/2026 10:31,94500,regulated-action-state,22048,731026,426,9910,1932,9632,145,44,1135
38,11/09/2026 10:31,94500,regulated-action-state,22266,612018,426,9783,1928,9980,147,45,1122
39,11/09/2026 10:32,94500,regulated-action-state,22061,756136,427,9818,1925,9741,147,43,1117
40,11/09/2026 10:32,94500,regulated-action-state,22178,779728,427,9819,1917,9866,147,44,1057
41,11/09/2026 10:32,94500,regulated-action-state,22051,724419,426,9858,1933,9684,148,44,1136
42,11/09/2026 10:33,94500,regulated-action-state,22189,725648,427,9931,1933,9750,147,44,1146
43,11/09/2026 10:33,94500,regulated-action-state,22126,729043,428,9857,1949,9742,149,44,1176
44,11/09/2026 10:34,94500,regulated-action-state,22104,620641,426,9899,1966,9668,143,45,1117
45,11/09/2026 10:34,94500,regulated-action-state,22174,628728,426,9788,1943,9860,155,44,1100
46,11/09/2026 10:34,94500,regulated-action-state,22189,705263,428,9989,1910,9720,140,44,1134
47,11/09/2026 10:35,94500,regulated-action-state,22396,725975,425,9962,1943,9917,147,44,1194
48,11/09/2026 10:35,94500,regulated-action-state,22171,634873,429,9926,1966,9699,150,43,1149
49,11/09/2026 10:35,94500,regulated-action-state,22133,714768,429,9944,1899,9711,148,44,1115
50,11/09/2026 10:36,94500,regulated-action-state,22132,730954,432,9848,1931,9773,145,44,1092
51,11/09/2026 10:36,94500,regulated-action-state,22286,793998,428,9848,1910,9947,150,43,1157
52,11/09/2026 10:37,94500,regulated-action-state,22021,617404,455,9897,1892,9633,143,45,1149
53,11/09/2026 10:37,94500,regulated-action-state,22141,597933,427,9894,1911,9749,158,44,1105
54,11/09/2026 10:37,94500,regulated-action-state,22125,707236,427,9894,1955,9699,148,44,1128
55,11/09/2026 10:38,94500,regulated-action-state,22386,736668,444,10135,1933,9715,157,44,1306
56,11/09/2026 10:38,94500,regulated-action-state,22294,742989,429,9926,1926,9842,169,44,1159
57,11/09/2026 10:38,94500,regulated-action-state,22373,742586,427,10048,1928,9826,142,44,1210
58,11/09/2026 10:39,94500,regulated-action-state,22335,557273,425,9950,1972,9824,161,44,1173
59,11/09/2026 10:39,94500,regulated-action-state,22118,708729,454,9829,1928,9755,149,44,1100
60,11/09/2026 10:40,94500,regulated-action-state,22053,619280,436,9839,1923,9689,164,44,1135
61,11/09/2026 10:40,94500,regulated-action-state,22242,632165,432,9874,1922,9863,148,44,1142
62,11/09/2026 10:40,94500,regulated-action-state,22381,629193,432,9998,1935,9868,146,45,1183
63,11/09/2026 10:41,94500,regulated-action-state,22692,759174,430,10064,1943,10098,155,44,1325
64,11/09/2026 10:41,94500,regulated-action-state,22228,617714,430,9909,1941,9799,147,45,1126
65,11/09/2026 10:41,94500,regulated-action-state,22112,750214,426,9892,1920,9727,145,44,1119
66,11/09/2026 10:42,94500,regulated-action-state,21989,599800,437,9840,1911,9641,158,45,1110
67,11/09/2026 10:42,94500,regulated-action-state,22351,590762,425,9864,1951,9946,163,44,1195
68,11/09/2026 10:43,94500,regulated-action-state,22194,629028,427,9939,1901,9776,149,45,1167
69,11/09/2026 10:43,94500,regulated-action-state,21905,618354,425,9854,1913,9564,146,45,1097
70,11/09/2026 10:43,94500,regulated-action-state,22019,731613,428,9832,1919,9689,148,44,1113
71,11/09/2026 10:44,94500,regulated-action-state,22053,726018,423,9815,1968,9688,157,44,1180
72,11/09/2026 10:44,94500,regulated-action-state,22215,733560,426,9970,1933,9738,147,44,1244
73,11/09/2026 10:44,94500,regulated-action-state,22020,616932,428,9844,1925,9675,145,44,1081
74,11/09/2026 10:45,94500,regulated-action-state,22154,627825,427,9885,1916,9762,161,45,1132
75,11/09/2026 10:45,94500,regulated-action-state,22299,598276,447,9956,1918,9818,157,44,1086
76,11/09/2026 10:46,94500,regulated-action-state,22066,733811,427,9872,1918,9700,147,44,1158
77,11/09/2026 10:46,94500,regulated-action-state,22234,776367,430,9919,1949,9789,146,44,1093
78,11/09/2026 10:46,94500,regulated-action-state,22063,626941,427,9843,1931,9713,147,45,1112
79,11/09/2026 10:47,94500,regulated-action-state,22294,707151,437,9983,1941,9782,150,44,1119
80,11/09/2026 10:47,94500,regulated-action-state,22224,629874,448,10002,1924,9700,148,45,1149
81,11/09/2026 10:47,94500,regulated-action-state,21926,722230,430,9744,1925,9665,160,44,1073
82,11/09/2026 10:48,94500,regulated-action-state,22334,720186,427,10103,1933,9722,148,44,1161
83,11/09/2026 10:48,94500,regulated-action-state,22187,713997,429,9916,1916,9770,153,44,1241
84,11/09/2026 10:49,94500,regulated-action-state,22069,698027,429,9917,1898,9675,148,44,1228
85,11/09/2026 10:49,94500,regulated-action-state,22474,595912,440,9938,1904,10032,159,44,1109
86,11/09/2026 10:49,94500,regulated-action-state,22200,758231,430,9911,1929,9785,144,44,1139
87,11/09/2026 10:50,94500,regulated-action-state,22126,627949,426,9844,1977,9729,147,45,1130
88,11/09/2026 10:50,94500,regulated-action-state,22224,730785,430,9856,1943,9851,142,44,1111
89,11/09/2026 10:50,94500,regulated-action-state,22196,728754,428,9925,1909,9788,144,44,1141
90,11/09/2026 10:51,94500,regulated-action-state,21957,720264,426,9793,1902,9687,146,44,1060
91,11/09/2026 10:51,94500,regulated-action-state,22172,730525,430,9882,1899,9803,155,44,1129
92,11/09/2026 10:51,94500,regulated-action-state,22002,696901,428,9851,1920,9645,156,44,1132
93,11/09/2026 10:52,94500,regulated-action-state,22136,629073,426,9847,1926,9788,146,45,1104
94,11/09/2026 10:52,94500,regulated-action-state,22187,616383,428,9966,1892,9755,144,45,1137
95,11/09/2026 10:53,94500,regulated-action-state,22334,575956,437,9932,1906,9899,157,44,1149
96,11/09/2026 10:53,94500,regulated-action-state,21992,587840,426,9879,1936,9578,171,45,1233
97,11/09/2026 10:53,94500,regulated-action-state,22158,717350,426,9884,1951,9748,146,44,1127
98,11/09/2026 10:54,94500,regulated-action-state,22395,662186,426,9823,1949,10049,146,44,1161
99,11/09/2026 10:54,94500,regulated-action-state,22242,655421,424,9839,1925,9906,145,44,1090
100,11/09/2026 10:54,94500,regulated-action-state,22033,715505,426,9841,1926,9691,147,44,1137
101,11/09/2026 10:55,94500,regulated-action-state,22148,590665,442,9957,1901,9692,155,44,1149
102,11/09/2026 10:55,94500,regulated-action-state,22027,657749,426,9898,1903,9649,148,44,1175
103,11/09/2026 10:56,94500,regulated-action-state,22401,590110,429,10121,1913,9775,162,44,1257
104,11/09/2026 10:56,94500,regulated-action-state,22018,588546,427,9866,1889,9671,163,45,1148
105,11/09/2026 10:56,94500,regulated-action-state,22137,575717,427,9886,1918,9748,155,44,1133
106,11/09/2026 10:57,94500,regulated-action-state,22250,580992,441,9868,1939,9846,154,44,1081
107,11/09/2026 10:57,94500,regulated-action-state,22083,584182,428,9820,1919,9750,163,45,1132
108,11/09/2026 10:57,94500,regulated-action-state,22169,706074,426,9978,1921,9697,144,44,1206
109,11/09/2026 10:58,94500,regulated-action-state,22394,618472,426,9936,1991,9896,142,44,1193
110,11/09/2026 10:58,94500,regulated-action-state,22139,594117,427,9979,1913,9664,154,45,1104
111,11/09/2026 10:59,94500,regulated-action-state,22252,706779,428,10018,1950,9708,145,44,1152
112,11/09/2026 10:59,94500,regulated-action-state,22206,754609,429,9966,1912,9749,147,44,1211
113,11/09/2026 10:59,94500,regulated-action-state,22242,690890,429,10028,1918,9717,148,44,1258
114,11/09/2026 11:00,94500,regulated-action-state,22381,635415,436,10084,1929,9781,149,44,1191
115,11/09/2026 11:00,94500,regulated-action-state,22146,748061,427,9855,1949,9748,165,44,1070
116,11/09/2026 11:00,94500,regulated-action-state,21991,671940,428,9851,1905,9659,146,44,1123
117,11/09/2026 11:01,94500,regulated-action-state,22076,722345,433,9895,1929,9670,147,44,1101
118,11/09/2026 11:01,94500,regulated-action-state,22246,742286,428,10073,1913,9686,144,44,1266
119,11/09/2026 11:02,94500,regulated-action-state,22177,754896,427,9802,1942,9858,145,42,1135
120,11/09/2026 11:02,94500,regulated-action-state,22248,744577,428,10018,1934,9717,150,44,1131
121,11/09/2026 11:02,94500,regulated-action-state,21991,627108,428,9837,1901,9676,148,45,1126
122,11/09/2026 11:03,94500,regulated-action-state,22100,732575,429,9931,1921,9671,146,44,1168
123,11/09/2026 11:03,94500,regulated-action-state,22177,586799,425,9830,1947,9819,154,44,1191
124,11/09/2026 11:03,94500,regulated-action-state,22226,704153,434,9978,1921,9743,148,44,1132
125,11/09/2026 11:04,94500,regulated-action-state,22086,732368,427,9959,1917,9636,144,44,1217
126,11/09/2026 11:04,94500,regulated-action-state,22151,618600,426,9886,1902,9775,160,44,1126
127,11/09/2026 11:05,94500,regulated-action-state,21951,588552,425,9812,1916,9642,154,45,1059
128,11/09/2026 11:05,94500,regulated-action-state,22193,720697,426,9874,1941,9794,156,44,1107
129,11/09/2026 11:05,94500,regulated-action-state,22285,576196,430,10015,1898,9787,153,44,1135
130,11/09/2026 11:06,94500,regulated-action-state,22117,588170,432,9829,1938,9762,153,45,1109
131,11/09/2026 11:06,94500,regulated-action-state,22339,707274,429,9954,1894,9908,151,44,1200
132,11/09/2026 11:06,94500,regulated-action-state,22060,589414,428,9895,1900,9668,167,44,1117
133,11/09/2026 11:07,94500,regulated-action-state,22178,729902,433,9978,1917,9699,150,44,1246
134,11/09/2026 11:07,94500,regulated-action-state,21934,721937,426,9850,1925,9584,146,44,1077
135,11/09/2026 11:08,94500,regulated-action-state,22309,639914,445,9986,1944,9783,148,45,1098
136,11/09/2026 11:08,94500,regulated-action-state,22257,721288,427,10080,1922,9680,146,44,1222
137,11/09/2026 11:08,94500,regulated-action-state,22227,615921,426,9790,1902,9963,144,44,1144
138,11/09/2026 11:09,94500,regulated-action-state,22093,614613,425,9839,1905,9775,147,44,1126
139,11/09/2026 11:09,94500,regulated-action-state,22334,594419,427,10083,1973,9695,154,45,1218
140,11/09/2026 11:09,94500,regulated-action-state,22230,566708,437,9906,1925,9797,163,44,1162
141,11/09/2026 11:10,94500,regulated-action-state,22341,696708,428,9932,1924,9905,150,44,1154
142,11/09/2026 11:10,94500,regulated-action-state,22264,633467,429,9941,1927,9819,147,45,1205
143,11/09/2026 11:11,94500,regulated-action-state,22028,733745,426,9810,1914,9727,148,44,1083
144,11/09/2026 11:11,94500,regulated-action-state,22029,627514,428,9893,1900,9658,148,45,1127
145,11/09/2026 11:11,94500,regulated-action-state,21998,634240,428,9826,1914,9680,148,44,1155
146,11/09/2026 11:12,94500,regulated-action-state,22061,731194,426,9882,1928,9677,145,44,1179
147,11/09/2026 11:12,94500,regulated-action-state,22196,773216,428,9935,1933,9750,148,44,1082
148,11/09/2026 11:12,94500,regulated-action-state,22156,750625,426,9816,1918,9845,149,44,1114
149,11/09/2026 11:13,94500,regulated-action-state,22127,645795,432,9899,1927,9707,160,44,1165
150,11/09/2026 11:13,94500,regulated-action-state,22303,617282,426,9990,1922,9816,147,45,1218
151,11/09/2026 11:13,94500,regulated-action-state,22179,697936,453,9975,1935,9667,147,44,1147
152,11/09/2026 11:14,94500,regulated-action-state,22089,721063,426,9921,1929,9664,147,44,1119
153,11/09/2026 11:14,94500,regulated-action-state,22277,711966,429,9953,1947,9787,159,44,1250
154,11/09/2026 11:15,94500,regulated-action-state,22342,701198,427,9971,1902,9879,162,44,1159
155,11/09/2026 11:15,94500,regulated-action-state,22183,594772,428,9934,1938,9709,172,45,1084
156,11/09/2026 11:15,94500,regulated-action-state,22130,595060,427,9924,1935,9686,157,45,1172
157,11/09/2026 11:16,94500,regulated-action-state,22350,722769,428,9982,1910,9874,154,44,1124
158,11/09/2026 11:16,94500,regulated-action-state,22140,721960,431,9934,1933,9692,148,44,1169
159,11/09/2026 11:16,94500,regulated-action-state,22346,743207,440,9918,1939,9899,149,44,1105
160,11/09/2026 11:17,94500,regulated-action-state,22390,704330,426,10145,1937,9726,154,44,1268
161,11/09/2026 11:17,94500,regulated-action-state,22171,723411,436,9891,1890,9801,151,44,1124
162,11/09/2026 11:18,94500,regulated-action-state,22238,600634,424,9814,1909,9923,167,45,1113
163,11/09/2026 11:18,94500,regulated-action-state,22036,594787,426,9830,1927,9692,159,45,1126
164,11/09/2026 11:18,94500,regulated-action-state,22282,757387,438,9941,1941,9811,149,44,1125
165,11/09/2026 11:19,94500,regulated-action-state,22379,667309,450,9972,1909,9891,155,44,1161
166,11/09/2026 11:19,94500,regulated-action-state,22275,626816,440,10000,1910,9779,144,45,1293
167,11/09/2026 11:19,94500,regulated-action-state,22227,616793,427,9888,1926,9838,145,45,1163
168,11/09/2026 11:20,94500,regulated-action-state,22547,728270,425,10093,1916,9961,149,44,1146
169,11/09/2026 11:20,94500,regulated-action-state,22397,739530,428,10000,1927,9878,162,44,1167
170,11/09/2026 11:21,94500,regulated-action-state,22068,712984,434,9840,1907,9740,145,44,1074
171,11/09/2026 11:21,94500,regulated-action-state,22187,711208,424,9897,1951,9767,146,44,1150
172,11/09/2026 11:21,94500,regulated-action-state,21981,742938,439,9789,1902,9703,146,44,1111
173,11/09/2026 11:22,94500,regulated-action-state,22017,569126,425,9894,1901,9640,154,44,1128
174,11/09/2026 11:22,94500,regulated-action-state,22017,711914,432,9839,1903,9693,148,44,1092
175,11/09/2026 11:22,94500,regulated-action-state,22287,669723,426,9911,1926,9877,145,44,1156
176,11/09/2026 11:23,94500,regulated-action-state,22342,595470,427,9957,1919,9869,168,44,1153
177,11/09/2026 11:23,94500,regulated-action-state,22153,699678,428,9947,1915,9716,144,44,1111
178,11/09/2026 11:24,94500,regulated-action-state,22288,740248,425,10003,1919,9794,146,44,1209
179,11/09/2026 11:24,94500,regulated-action-state,21990,783175,430,9799,1924,9686,149,43,1040
180,11/09/2026 11:24,94500,regulated-action-state,22369,734807,439,10148,1923,9712,144,44,1198
181,11/09/2026 11:25,94500,regulated-action-state,22333,615809,427,10030,1929,9801,145,44,1228
182,11/09/2026 11:25,94500,regulated-action-state,22131,583386,429,9940,1931,9678,152,45,1083
183,11/09/2026 11:25,94500,regulated-action-state,22183,587891,426,9829,1964,9795,167,44,1094
184,11/09/2026 11:26,94500,regulated-action-state,22171,736026,426,10015,1922,9660,145,44,1150
185,11/09/2026 11:26,94500,regulated-action-state,22239,703016,427,9854,1963,9843,150,44,1120
186,11/09/2026 11:27,94500,regulated-action-state,22064,727870,429,9829,1938,9711,154,44,1077
187,11/09/2026 11:27,94500,regulated-action-state,22385,622083,427,9966,1932,9913,144,45,1206
188,11/09/2026 11:27,94500,regulated-action-state,22271,617395,428,9966,1918,9812,145,45,1178
189,11/09/2026 11:28,94500,regulated-action-state,22330,698833,428,10009,1956,9792,144,44,1169
190,11/09/2026 11:28,94500,regulated-action-state,21967,714484,428,9781,1892,9719,146,44,1089
191,11/09/2026 11:28,94500,regulated-action-state,22085,723715,428,9882,1918,9708,147,44,1113
192,11/09/2026 11:29,94500,regulated-action-state,22308,737618,429,9875,1929,9930,143,44,1139
193,11/09/2026 11:29,94500,regulated-action-state,22398,627674,428,9928,1981,9912,147,44,1169
194,11/09/2026 11:30,94500,regulated-action-state,21923,596160,426,9793,1911,9632,158,44,1126
195,11/09/2026 11:30,94500,regulated-action-state,22353,624395,431,9984,1919,9872,144,44,1222
196,11/09/2026 11:30,94500,regulated-action-state,22340,735289,429,10025,1964,9772,148,44,1203
197,11/09/2026 11:31,94500,regulated-action-state,22054,582301,428,9897,1933,9640,154,44,1187
198,11/09/2026 11:31,94500,regulated-action-state,22337,642442,427,10004,1942,9817,145,44,1142
199,11/09/2026 11:31,94500,regulated-action-state,22300,745249,430,10063,1936,9722,148,44,1137
200,11/09/2026 11:32,94500,regulated-action-state,22189,740132,429,9877,1953,9781,147,44,1147
1,11/09/2026 11:37,108000,regulated-action-state,25147,758054,440,11256,2256,11024,169,49,1299
2,11/09/2026 11:38,108000,regulated-action-state,25258,741626,427,11163,2213,11291,162,50,1306
3,11/09/2026 11:38,108000,regulated-action-state,25401,840500,425,11327,2268,11221,158,48,1274
4,11/09/2026 11:38,108000,regulated-action-state,25453,697739,442,11384,2227,11211,186,50,1274
5,11/09/2026 11:39,108000,regulated-action-state,25364,695684,439,11383,2219,11153,169,50,1463
6,11/09/2026 11:39,108000,regulated-action-state,25038,820303,426,11197,2223,11029,161,50,1314
7,11/09/2026 11:40,108000,regulated-action-state,25211,657729,425,11321,2248,11040,175,49,1436
8,11/09/2026 11:40,108000,regulated-action-state,25438,814027,429,11277,2217,11354,158,50,1295
9,11/09/2026 11:41,108000,regulated-action-state,25394,701899,429,11377,2233,11183,170,50,1422
10,11/09/2026 11:41,108000,regulated-action-state,25179,675993,429,11158,2255,11146,188,50,1314
11,11/09/2026 11:41,108000,regulated-action-state,25109,668429,446,11314,2211,10967,169,50,1284
12,11/09/2026 11:42,108000,regulated-action-state,25172,799160,427,11236,2238,11101,168,50,1348
13,11/09/2026 11:42,108000,regulated-action-state,25471,799085,429,11364,2225,11293,158,49,1378
14,11/09/2026 11:43,108000,regulated-action-state,25257,664577,432,11352,2235,11047,188,50,1418
15,11/09/2026 11:43,108000,regulated-action-state,25317,749666,440,11328,2216,11172,159,49,1323
16,11/09/2026 11:44,108000,regulated-action-state,25368,898198,426,11361,2236,11180,162,49,1303
17,11/09/2026 11:44,108000,regulated-action-state,25299,833284,426,11307,2230,11173,161,49,1328
18,11/09/2026 11:44,108000,regulated-action-state,25291,819637,428,11287,2237,11166,171,50,1323
19,11/09/2026 11:45,108000,regulated-action-state,25446,819038,427,11450,2214,11181,172,50,1309
20,11/09/2026 11:45,108000,regulated-action-state,25076,797880,443,11278,2232,10961,160,50,1277
21,11/09/2026 11:46,108000,regulated-action-state,25114,797397,427,11209,2191,11122,162,49,1270
22,11/09/2026 11:46,108000,regulated-action-state,25295,813807,438,11289,2229,11177,159,50,1404
23,11/09/2026 11:47,108000,regulated-action-state,25304,783316,430,11349,2229,11136,158,49,1340
24,11/09/2026 11:47,108000,regulated-action-state,25209,728372,428,11258,2252,11113,156,49,1272
25,11/09/2026 11:47,108000,regulated-action-state,25141,797242,426,11236,2220,11102,155,50,1296
26,11/09/2026 11:48,108000,regulated-action-state,25124,827213,428,11267,2256,11016,155,50,1304
27,11/09/2026 11:48,108000,regulated-action-state,25134,823039,426,11353,2228,10963,161,49,1418
28,11/09/2026 11:49,108000,regulated-action-state,25400,683477,426,11307,2241,11257,165,50,1294
29,11/09/2026 11:49,108000,regulated-action-state,25455,675389,427,11222,2255,11377,172,50,1347
30,11/09/2026 11:50,108000,regulated-action-state,25335,708266,424,11347,2237,11159,167,50,1315
31,11/09/2026 11:50,108000,regulated-action-state,25265,895833,443,11293,2206,11164,157,49,1311
32,11/09/2026 11:50,108000,regulated-action-state,25258,817056,427,11253,2204,11208,163,50,1345
33,11/09/2026 11:51,108000,regulated-action-state,25244,814096,427,11261,2212,11182,159,50,1327
34,11/09/2026 11:51,108000,regulated-action-state,25398,851204,427,11329,2220,11263,158,49,1375
35,11/09/2026 11:52,108000,regulated-action-state,25121,791912,427,11275,2224,11024,169,49,1327
36,11/09/2026 11:52,108000,regulated-action-state,25018,792790,429,11213,2189,11021,164,49,1286
37,11/09/2026 11:52,108000,regulated-action-state,25216,748762,426,11236,2238,11155,160,49,1280
38,11/09/2026 11:53,108000,regulated-action-state,25225,845134,429,11343,2203,11088,159,49,1334
39,11/09/2026 11:53,108000,regulated-action-state,25230,857431,425,11232,2265,11142,163,49,1252
40,11/09/2026 11:54,108000,regulated-action-state,25231,812341,427,11347,2206,11089,160,50,1402
41,11/09/2026 11:54,108000,regulated-action-state,25256,766493,428,11162,2246,11260,158,49,1331
42,11/09/2026 11:55,108000,regulated-action-state,25478,820820,433,11425,2242,11214,163,50,1269
43,11/09/2026 11:55,108000,regulated-action-state,25067,819806,427,11209,2215,11053,162,49,1276
44,11/09/2026 11:55,108000,regulated-action-state,25418,741814,426,11337,2202,11294,156,49,1334
45,11/09/2026 11:56,108000,regulated-action-state,25189,800207,425,11265,2228,11108,160,50,1354
46,11/09/2026 11:56,108000,regulated-action-state,24972,890978,427,11204,2202,10980,157,49,1287
47,11/09/2026 11:57,108000,regulated-action-state,25155,812233,426,11289,2201,11075,162,50,1384
48,11/09/2026 11:57,108000,regulated-action-state,24953,814904,429,11205,2209,10951,157,50,1375
49,11/09/2026 11:58,108000,regulated-action-state,25177,737952,431,11256,2259,11070,158,50,1313
50,11/09/2026 11:58,108000,regulated-action-state,25122,856556,425,11232,2222,11083,159,49,1298
51,11/09/2026 11:58,108000,regulated-action-state,25061,790467,428,11230,2192,11044,166,49,1309
52,11/09/2026 11:59,108000,regulated-action-state,25183,811627,428,11309,2224,11064,157,50,1342
53,11/09/2026 11:59,108000,regulated-action-state,25278,856901,427,11348,2231,11108,163,49,1317
54,11/09/2026 12:00,108000,regulated-action-state,25134,871935,427,11270,2219,11046,170,49,1269
55,11/09/2026 12:00,108000,regulated-action-state,25408,810817,427,11332,2282,11196,168,50,1392
56,11/09/2026 12:01,108000,regulated-action-state,25237,669656,428,11219,2213,11201,174,50,1275
57,11/09/2026 12:01,108000,regulated-action-state,25244,663437,429,11253,2263,11123,173,50,1374
58,11/09/2026 12:01,108000,regulated-action-state,25240,865702,428,11247,2203,11198,161,49,1268
59,11/09/2026 12:02,108000,regulated-action-state,25429,822333,427,11412,2227,11203,158,50,1370
60,11/09/2026 12:02,108000,regulated-action-state,25045,908234,430,11187,2190,11077,160,49,1251
61,11/09/2026 12:03,108000,regulated-action-state,25558,818120,439,11365,2216,11370,165,50,1350
62,11/09/2026 12:03,108000,regulated-action-state,25150,653770,444,11194,2232,11105,173,50,1311
63,11/09/2026 12:04,108000,regulated-action-state,25370,688533,428,11349,2251,11166,174,50,1385
64,11/09/2026 12:04,108000,regulated-action-state,25097,799217,424,11203,2202,11106,160,50,1314
65,11/09/2026 12:04,108000,regulated-action-state,25324,682655,428,11234,2213,11278,170,50,1325
66,11/09/2026 12:05,108000,regulated-action-state,25328,803656,429,11335,2197,11206,158,49,1391
67,11/09/2026 12:05,108000,regulated-action-state,25181,846443,427,11301,2212,11075,163,49,1312
68,11/09/2026 12:06,108000,regulated-action-state,25275,914833,426,11252,2231,11205,160,49,1293
69,11/09/2026 12:06,108000,regulated-action-state,25060,800781,427,11291,2223,10960,157,49,1304
70,11/09/2026 12:06,108000,regulated-action-state,25428,684472,427,11345,2255,11233,167,50,1315
71,11/09/2026 12:07,108000,regulated-action-state,25337,668115,428,11270,2215,11250,170,50,1315
72,11/09/2026 12:07,108000,regulated-action-state,25270,801144,428,11422,2253,11003,162,49,1367
73,11/09/2026 12:08,108000,regulated-action-state,25083,828865,426,11201,2197,11095,161,50,1337
74,11/09/2026 12:08,108000,regulated-action-state,25358,692359,429,11271,2263,11224,169,50,1291
75,11/09/2026 12:09,108000,regulated-action-state,25007,863547,433,11251,2265,10895,161,49,1327
76,11/09/2026 12:09,108000,regulated-action-state,25300,819926,429,11434,2274,10983,178,50,1573
77,11/09/2026 12:09,108000,regulated-action-state,25360,808772,428,11362,2301,11106,162,50,1353
78,11/09/2026 12:10,108000,regulated-action-state,25467,894535,427,11445,2249,11184,159,49,1501
79,11/09/2026 12:10,108000,regulated-action-state,25192,838615,429,11300,2246,11060,156,49,1331
80,11/09/2026 12:11,108000,regulated-action-state,25353,808829,434,11481,2234,11036,166,50,1404
81,11/09/2026 12:11,108000,regulated-action-state,25090,759069,424,11291,2189,11025,158,49,1292
82,11/09/2026 12:12,108000,regulated-action-state,25004,818250,427,11191,2219,11008,157,50,1250
83,11/09/2026 12:12,108000,regulated-action-state,25215,696705,425,11382,2196,11041,169,50,1352
84,11/09/2026 12:12,108000,regulated-action-state,25166,832193,432,11258,2246,11073,156,49,1281
85,11/09/2026 12:13,108000,regulated-action-state,25199,675370,429,11243,2224,11128,174,50,1283
86,11/09/2026 12:13,108000,regulated-action-state,25133,810573,429,11261,2254,11026,160,50,1331
87,11/09/2026 12:14,108000,regulated-action-state,25236,849810,426,11189,2208,11249,162,49,1294
88,11/09/2026 12:14,108000,regulated-action-state,25151,798637,444,11256,2243,11047,158,50,1347
89,11/09/2026 12:15,108000,regulated-action-state,25459,785555,447,11335,2218,11298,159,49,1318
90,11/09/2026 12:15,108000,regulated-action-state,25205,894673,463,11331,2214,11038,158,49,1326
91,11/09/2026 12:15,108000,regulated-action-state,25117,807816,427,11210,2262,11055,160,50,1267
92,11/09/2026 12:16,108000,regulated-action-state,25323,663742,425,11333,2218,11174,170,50,1357
93,11/09/2026 12:16,108000,regulated-action-state,25135,814599,426,11234,2283,11033,157,50,1302
94,11/09/2026 12:17,108000,regulated-action-state,25282,653330,426,11172,2260,11254,168,50,1303
95,11/09/2026 12:17,108000,regulated-action-state,25196,828844,427,11396,2250,10961,160,50,1290
96,11/09/2026 12:18,108000,regulated-action-state,25306,717566,439,11324,2269,11114,159,49,1335
97,11/09/2026 12:18,108000,regulated-action-state,25241,663084,428,11208,2224,11206,173,50,1286
98,11/09/2026 12:18,108000,regulated-action-state,25439,812961,429,11354,2232,11264,159,50,1359
99,11/09/2026 12:19,108000,regulated-action-state,25353,851682,465,11452,2211,11064,159,49,1356
100,11/09/2026 12:19,108000,regulated-action-state,25173,868409,440,11346,2186,11039,160,49,1318
101,11/09/2026 12:20,108000,regulated-action-state,25276,669491,428,11302,2227,11143,174,50,1355
102,11/09/2026 12:20,108000,regulated-action-state,25677,810705,430,11407,2308,11369,159,50,1417
103,11/09/2026 12:20,108000,regulated-action-state,25156,808078,428,11196,2227,11130,173,50,1325
104,11/09/2026 12:21,108000,regulated-action-state,25185,887682,426,11267,2219,11109,162,49,1254
105,11/09/2026 12:21,108000,regulated-action-state,25192,747594,439,11204,2239,11152,156,49,1294
106,11/09/2026 12:22,108000,regulated-action-state,25489,749486,463,11264,2215,11385,160,49,1253
107,11/09/2026 12:22,108000,regulated-action-state,25170,798913,428,11275,2199,11107,160,50,1402
108,11/09/2026 12:23,108000,regulated-action-state,25302,829139,447,11390,2224,11080,160,49,1326
109,11/09/2026 12:23,108000,regulated-action-state,25200,839545,433,11293,2286,11024,163,50,1288
110,11/09/2026 12:23,108000,regulated-action-state,25123,815266,427,11300,2259,10976,158,50,1387
111,11/09/2026 12:24,108000,regulated-action-state,25117,829737,426,11283,2218,11026,161,50,1282
112,11/09/2026 12:24,108000,regulated-action-state,25148,809636,432,11231,2228,11099,156,50,1367
113,11/09/2026 12:25,108000,regulated-action-state,25110,821193,428,11186,2266,11071,158,50,1322
114,11/09/2026 12:25,108000,regulated-action-state,24965,813256,428,11219,2206,10946,164,50,1302
115,11/09/2026 12:26,108000,regulated-action-state,25297,688214,426,11255,2271,11172,170,50,1413
116,11/09/2026 12:26,108000,regulated-action-state,25297,798877,424,11301,2271,11139,159,50,1337
117,11/09/2026 12:26,108000,regulated-action-state,25105,669523,426,11337,2272,10891,177,50,1399
118,11/09/2026 12:27,108000,regulated-action-state,25298,844864,428,11432,2242,11033,160,49,1416
119,11/09/2026 12:27,108000,regulated-action-state,25344,813457,429,11417,2248,11083,165,50,1350
120,11/09/2026 12:28,108000,regulated-action-state,25486,860607,426,11599,2191,11109,159,49,1624
121,11/09/2026 12:28,108000,regulated-action-state,25057,812337,429,11183,2207,11060,176,50,1295
122,11/09/2026 12:29,108000,regulated-action-state,25316,803860,426,11314,2268,11144,162,49,1300
123,11/09/2026 12:29,108000,regulated-action-state,25255,813893,430,11268,2219,11178,159,50,1347
124,11/09/2026 12:29,108000,regulated-action-state,25096,821479,426,11240,2201,11069,157,50,1366
125,11/09/2026 12:30,108000,regulated-action-state,25102,806631,426,11184,2208,11098,183,50,1248
126,11/09/2026 12:30,108000,regulated-action-state,25349,807757,426,11316,2249,11197,159,49,1284
127,11/09/2026 12:31,108000,regulated-action-state,25212,897244,427,11293,2199,11132,159,49,1345
128,11/09/2026 12:31,108000,regulated-action-state,25417,893939,426,11322,2243,11264,160,49,1343
129,11/09/2026 12:32,108000,regulated-action-state,25541,673219,428,11337,2232,11366,175,50,1296
130,11/09/2026 12:32,108000,regulated-action-state,25198,792152,427,11256,2246,11108,158,49,1313
131,11/09/2026 12:32,108000,regulated-action-state,25264,816985,425,11241,2218,11219,159,50,1333
132,11/09/2026 12:33,108000,regulated-action-state,25507,674737,434,11446,2229,11221,175,50,1445
133,11/09/2026 12:33,108000,regulated-action-state,25181,809839,433,11325,2251,10998,172,50,1307
134,11/09/2026 12:34,108000,regulated-action-state,25200,817151,429,11262,2233,11113,161,50,1394
135,11/09/2026 12:34,108000,regulated-action-state,25149,828881,434,11267,2232,11056,158,50,1319
136,11/09/2026 12:34,108000,regulated-action-state,25183,817198,431,11296,2215,11074,163,50,1339
137,11/09/2026 12:35,108000,regulated-action-state,25222,846205,428,11241,2255,11117,179,49,1302
138,11/09/2026 12:35,108000,regulated-action-state,25054,818767,426,11147,2203,11100,175,50,1254
139,11/09/2026 12:36,108000,regulated-action-state,25295,896879,430,11298,2201,11190,174,49,1327
140,11/09/2026 12:36,108000,regulated-action-state,25275,736302,427,11244,2206,11237,159,49,1254
141,11/09/2026 12:37,108000,regulated-action-state,25125,823075,427,11237,2232,11074,153,50,1255
142,11/09/2026 12:37,108000,regulated-action-state,25384,713819,429,11469,2258,11056,170,50,1412
143,11/09/2026 12:37,108000,regulated-action-state,25248,669413,430,11192,2205,11250,169,50,1299
144,11/09/2026 12:38,108000,regulated-action-state,25158,686360,428,11177,2236,11147,167,50,1336
145,11/09/2026 12:38,108000,regulated-action-state,25251,855840,432,11266,2291,11101,159,49,1307
146,11/09/2026 12:39,108000,regulated-action-state,25345,758047,428,11254,2243,11259,159,49,1365
147,11/09/2026 12:39,108000,regulated-action-state,25234,783221,435,11307,2228,11098,164,49,1295
148,11/09/2026 12:40,108000,regulated-action-state,25197,854084,428,11320,2227,11056,164,49,1347
149,11/09/2026 12:40,108000,regulated-action-state,25177,816610,440,11228,2199,11147,161,50,1277
150,11/09/2026 12:40,108000,regulated-action-state,25596,797519,428,11506,2246,11253,162,50,1404
151,11/09/2026 12:41,108000,regulated-action-state,25243,698268,429,11220,2229,11183,179,50,1283
152,11/09/2026 12:41,108000,regulated-action-state,25042,798458,439,11268,2214,10959,161,50,1343
153,11/09/2026 12:42,108000,regulated-action-state,25136,817402,430,11286,2215,11030,174,50,1302
154,11/09/2026 12:42,108000,regulated-action-state,25192,803589,434,11234,2256,11106,160,49,1254
155,11/09/2026 12:43,108000,regulated-action-state,25535,663684,426,11320,2254,11364,169,50,1386
156,11/09/2026 12:43,108000,regulated-action-state,25175,825383,430,11322,2207,11055,159,50,1292
157,11/09/2026 12:43,108000,regulated-action-state,25169,905785,430,11274,2234,11067,162,49,1306
158,11/09/2026 12:44,108000,regulated-action-state,25156,664424,425,11228,2203,11129,170,50,1270
159,11/09/2026 12:44,108000,regulated-action-state,25078,875358,428,11230,2224,11030,164,49,1283
160,11/09/2026 12:45,108000,regulated-action-state,25050,836491,425,11206,2202,11052,163,49,1274
161,11/09/2026 12:45,108000,regulated-action-state,25213,800190,428,11289,2287,11047,161,50,1270
162,11/09/2026 12:46,108000,regulated-action-state,25377,808622,439,11328,2224,11220,163,50,1321
163,11/09/2026 12:46,108000,regulated-action-state,25186,819302,426,11307,2222,11066,163,50,1396
164,11/09/2026 12:46,108000,regulated-action-state,25389,813104,427,11231,2217,11339,173,50,1358
165,11/09/2026 12:47,108000,regulated-action-state,25090,683256,426,11249,2218,11030,166,50,1298
166,11/09/2026 12:47,108000,regulated-action-state,25156,818628,428,11304,2237,11024,161,50,1331
167,11/09/2026 12:48,108000,regulated-action-state,25210,807008,429,11338,2225,11059,157,50,1314
168,11/09/2026 12:48,108000,regulated-action-state,25159,814221,427,11333,2212,11029,156,50,1355
169,11/09/2026 12:48,108000,regulated-action-state,25098,796431,435,11335,2202,10963,161,49,1311
170,11/09/2026 12:49,108000,regulated-action-state,25315,842896,429,11295,2288,11140,161,49,1334
171,11/09/2026 12:49,108000,regulated-action-state,25379,813664,446,11219,2220,11322,170,50,1306
172,11/09/2026 12:50,108000,regulated-action-state,25317,905668,425,11318,2213,11187,173,49,1322
173,11/09/2026 12:50,108000,regulated-action-state,25489,785880,442,11355,2217,11294,179,49,1460
174,11/09/2026 12:51,108000,regulated-action-state,25321,902157,430,11256,2232,11223,178,49,1312
175,11/09/2026 12:51,108000,regulated-action-state,25399,671253,448,11295,2265,11223,166,50,1325
176,11/09/2026 12:51,108000,regulated-action-state,25430,809476,429,11388,2256,11195,159,50,1415
177,11/09/2026 12:52,108000,regulated-action-state,25598,649841,428,11359,2238,11398,173,49,1396
178,11/09/2026 12:52,108000,regulated-action-state,25130,816518,427,11253,2218,11072,159,50,1326
179,11/09/2026 12:53,108000,regulated-action-state,25293,820905,427,11359,2230,11100,175,50,1407
180,11/09/2026 12:53,108000,regulated-action-state,25446,708653,431,11418,2224,11200,169,50,1427
181,11/09/2026 12:54,108000,regulated-action-state,25161,670916,426,11228,2254,11081,170,50,1275
182,11/09/2026 12:54,108000,regulated-action-state,25328,814221,425,11299,2260,11179,163,50,1318
183,11/09/2026 12:54,108000,regulated-action-state,25245,659851,429,11240,2232,11171,171,50,1330
184,11/09/2026 12:55,108000,regulated-action-state,25420,758455,440,11320,2201,11288,169,49,1454
185,11/09/2026 12:55,108000,regulated-action-state,25420,888509,428,11408,2239,11172,172,49,1391
186,11/09/2026 12:56,108000,regulated-action-state,25491,663619,427,11460,2265,11169,168,50,1349
187,11/09/2026 12:56,108000,regulated-action-state,25247,801326,433,11358,2236,11059,160,49,1317
188,11/09/2026 12:57,108000,regulated-action-state,25126,811791,445,11217,2228,11076,159,50,1316
189,11/09/2026 12:57,108000,regulated-action-state,25804,818500,430,11285,2190,11737,160,50,1362
190,11/09/2026 12:57,108000,regulated-action-state,25496,795761,457,11480,2213,11175,168,49,1283
191,11/09/2026 12:58,108000,regulated-action-state,25164,819356,426,11253,2228,11072,183,50,1290
192,11/09/2026 12:58,108000,regulated-action-state,25267,812567,428,11373,2207,11099,158,50,1319
193,11/09/2026 12:59,108000,regulated-action-state,25323,703580,436,11399,2213,11102,170,50,1486
194,11/09/2026 12:59,108000,regulated-action-state,25053,802597,438,11193,2220,11038,163,50,1319
195,11/09/2026 13:00,108000,regulated-action-state,25166,778460,427,11264,2230,11086,158,49,1288
196,11/09/2026 13:00,108000,regulated-action-state,25180,825587,427,11205,2199,11190,157,50,1282
197,11/09/2026 13:00,108000,regulated-action-state,25711,678013,429,11478,2247,11385,171,50,1369
198,11/09/2026 13:01,108000,regulated-action-state,25165,750305,430,11336,2252,10980,165,49,1342
199,11/09/2026 13:01,108000,regulated-action-state,25336,877345,430,11245,2237,11249,174,49,1330
200,11/09/2026 13:02,108000,regulated-action-state,25605,681083,443,11390,2187,11408,175,50,1412
1,11/09/2026 14:57,13500,temporal-action-state,4032,81707,431,1661,274,1602,62,5,117
2,11/09/2026 14:57,13500,temporal-action-state,3972,90283,427,1624,271,1608,40,5,118
3,11/09/2026 14:57,13500,temporal-action-state,4038,103524,470,1665,225,1632,43,5,115
4,11/09/2026 14:57,13500,temporal-action-state,3975,104248,427,1622,283,1598,43,5,116
5,11/09/2026 14:57,13500,temporal-action-state,4013,98823,440,1628,269,1629,45,5,120
6,11/09/2026 14:57,13500,temporal-action-state,4010,94123,426,1635,291,1614,42,5,113
7,11/09/2026 14:57,13500,temporal-action-state,3986,81670,440,1660,227,1597,60,5,111
8,11/09/2026 14:57,13500,temporal-action-state,3994,99523,428,1634,282,1604,45,5,118
9,11/09/2026 14:57,13500,temporal-action-state,3998,87203,429,1662,224,1619,61,5,118
10,11/09/2026 14:57,13500,temporal-action-state,3996,82123,426,1635,260,1608,64,5,123
11,11/09/2026 14:57,13500,temporal-action-state,3898,104392,428,1612,220,1591,43,5,116
12,11/09/2026 14:57,13500,temporal-action-state,3982,98213,428,1611,255,1631,56,5,118
13,11/09/2026 14:57,13500,temporal-action-state,4025,109369,428,1651,288,1613,43,5,118
14,11/09/2026 14:58,13500,temporal-action-state,3998,89313,427,1627,291,1606,44,5,118
15,11/09/2026 14:58,13500,temporal-action-state,3978,87631,431,1673,222,1582,68,5,116
16,11/09/2026 14:58,13500,temporal-action-state,4031,83193,427,1624,293,1626,59,5,116
17,11/09/2026 14:58,13500,temporal-action-state,3937,107906,428,1627,223,1612,45,5,116
18,11/09/2026 14:58,13500,temporal-action-state,3910,103140,428,1622,224,1579,54,5,116
19,11/09/2026 14:58,13500,temporal-action-state,3925,103377,447,1659,220,1555,42,5,121
20,11/09/2026 14:58,13500,temporal-action-state,4028,89288,446,1619,286,1633,42,5,116
21,11/09/2026 14:58,13500,temporal-action-state,3953,103100,425,1625,282,1576,43,5,116
22,11/09/2026 14:58,13500,temporal-action-state,3957,88740,450,1651,222,1590,41,5,115
23,11/09/2026 14:58,13500,temporal-action-state,4025,87290,426,1614,270,1654,60,5,118
24,11/09/2026 14:58,13500,temporal-action-state,3991,87644,454,1658,223,1594,60,5,109
25,11/09/2026 14:58,13500,temporal-action-state,4005,89223,428,1676,285,1573,41,5,115
26,11/09/2026 14:58,13500,temporal-action-state,3957,99588,426,1636,261,1589,43,5,115
27,11/09/2026 14:58,13500,temporal-action-state,4022,103647,429,1622,272,1653,44,5,116
28,11/09/2026 14:59,13500,temporal-action-state,3953,103282,424,1648,275,1558,44,5,113
29,11/09/2026 14:59,13500,temporal-action-state,3985,89733,429,1644,224,1643,43,5,115
30,11/09/2026 14:59,13500,temporal-action-state,4029,103621,426,1626,286,1642,47,5,117
31,11/09/2026 14:59,13500,temporal-action-state,3938,109282,427,1631,224,1599,55,5,117
32,11/09/2026 14:59,13500,temporal-action-state,3981,103154,446,1662,223,1603,45,5,117
33,11/09/2026 14:59,13500,temporal-action-state,3991,103996,425,1626,282,1610,46,5,115
34,11/09/2026 14:59,13500,temporal-action-state,4063,103331,454,1663,310,1593,43,5,118
35,11/09/2026 14:59,13500,temporal-action-state,4012,89109,426,1610,285,1644,45,5,119
36,11/09/2026 14:59,13500,temporal-action-state,3972,103591,446,1674,224,1584,42,5,119
37,11/09/2026 14:59,13500,temporal-action-state,3972,82119,439,1616,268,1583,63,5,123
38,11/09/2026 14:59,13500,temporal-action-state,3989,93910,427,1639,266,1612,43,5,114
39,11/09/2026 14:59,13500,temporal-action-state,4020,103536,429,1610,283,1649,46,5,113
40,11/09/2026 14:59,13500,temporal-action-state,3966,103065,443,1657,226,1594,44,5,117
41,11/09/2026 14:59,13500,temporal-action-state,3951,98496,447,1663,221,1576,43,5,120
42,11/09/2026 14:59,13500,temporal-action-state,3943,104009,428,1636,223,1610,44,5,115
43,11/09/2026 15:00,13500,temporal-action-state,3989,88898,429,1646,287,1584,41,5,116
44,11/09/2026 15:00,13500,temporal-action-state,4080,103843,427,1694,287,1628,42,5,117
45,11/09/2026 15:00,13500,temporal-action-state,4019,99585,450,1712,222,1590,43,5,118
46,11/09/2026 15:00,13500,temporal-action-state,3915,90206,426,1636,222,1588,42,5,117
47,11/09/2026 15:00,13500,temporal-action-state,4005,104816,426,1635,289,1608,44,5,114
48,11/09/2026 15:00,13500,temporal-action-state,4070,103719,430,1649,304,1640,45,5,115
49,11/09/2026 15:00,13500,temporal-action-state,3905,88201,427,1642,219,1563,52,5,117
50,11/09/2026 15:00,13500,temporal-action-state,3952,88336,426,1631,272,1580,41,5,113
51,11/09/2026 15:00,13500,temporal-action-state,3991,99112,427,1619,266,1634,44,5,116
52,11/09/2026 15:00,13500,temporal-action-state,4040,103986,427,1642,287,1637,45,5,117
53,11/09/2026 15:00,13500,temporal-action-state,3895,88793,422,1616,221,1572,61,5,115
54,11/09/2026 15:00,13500,temporal-action-state,3941,103072,427,1636,222,1612,43,5,117
55,11/09/2026 15:00,13500,temporal-action-state,3916,105015,427,1611,223,1608,45,5,115
56,11/09/2026 15:00,13500,temporal-action-state,3947,103979,439,1639,223,1599,44,5,116
57,11/09/2026 15:01,13500,temporal-action-state,3994,98702,429,1643,262,1604,54,5,115
58,11/09/2026 15:01,13500,temporal-action-state,3944,102849,427,1650,224,1596,45,5,115
59,11/09/2026 15:01,13500,temporal-action-state,4021,105085,429,1637,294,1616,44,5,122
60,11/09/2026 15:01,13500,temporal-action-state,3987,88356,430,1618,288,1589,61,5,115
61,11/09/2026 15:01,13500,temporal-action-state,3978,83727,430,1617,282,1585,62,5,113
62,11/09/2026 15:01,13500,temporal-action-state,3964,102866,470,1640,222,1586,43,5,117
63,11/09/2026 15:01,13500,temporal-action-state,3991,89601,467,1659,225,1595,45,5,113
64,11/09/2026 15:01,13500,temporal-action-state,4003,89751,429,1637,285,1605,44,5,118
65,11/09/2026 15:01,13500,temporal-action-state,3917,98861,428,1636,222,1585,44,5,118
66,11/09/2026 15:01,13500,temporal-action-state,4018,99172,428,1652,271,1619,47,5,113
67,11/09/2026 15:01,13500,temporal-action-state,3970,82790,439,1677,222,1568,63,5,117
68,11/09/2026 15:01,13500,temporal-action-state,3950,108513,430,1625,259,1591,44,5,120
69,11/09/2026 15:01,13500,temporal-action-state,3903,98504,429,1611,221,1598,41,5,116
70,11/09/2026 15:01,13500,temporal-action-state,3901,93480,436,1609,223,1586,45,5,110
71,11/09/2026 15:01,13500,temporal-action-state,3933,82855,428,1647,223,1573,61,5,118
72,11/09/2026 15:02,13500,temporal-action-state,4032,89421,428,1658,285,1617,43,5,116
73,11/09/2026 15:02,13500,temporal-action-state,3969,103572,429,1632,272,1589,45,5,116
74,11/09/2026 15:02,13500,temporal-action-state,3945,97962,427,1612,287,1574,43,5,115
75,11/09/2026 15:02,13500,temporal-action-state,4055,86819,443,1651,286,1613,59,5,112
76,11/09/2026 15:02,13500,temporal-action-state,3944,104238,441,1659,224,1574,45,5,113
77,11/09/2026 15:02,13500,temporal-action-state,3948,98762,429,1621,259,1592,44,5,118
78,11/09/2026 15:02,13500,temporal-action-state,4074,105039,446,1689,229,1663,44,5,116
79,11/09/2026 15:02,13500,temporal-action-state,3998,82484,427,1643,273,1590,62,5,112
80,11/09/2026 15:02,13500,temporal-action-state,3957,103683,442,1635,224,1611,44,5,115
81,11/09/2026 15:02,13500,temporal-action-state,3919,87710,429,1642,222,1563,61,5,116
82,11/09/2026 15:02,13500,temporal-action-state,4048,98099,426,1655,283,1638,44,5,114
83,11/09/2026 15:02,13500,temporal-action-state,3929,82130,428,1626,221,1588,64,5,115
84,11/09/2026 15:02,13500,temporal-action-state,3999,93243,426,1645,270,1612,44,5,112
85,11/09/2026 15:02,13500,temporal-action-state,3963,104852,425,1651,222,1613,50,5,115
86,11/09/2026 15:03,13500,temporal-action-state,3887,104358,429,1616,221,1576,43,5,112
87,11/09/2026 15:03,13500,temporal-action-state,4003,104037,426,1621,295,1615,44,5,117
88,11/09/2026 15:03,13500,temporal-action-state,4021,89831,446,1676,225,1628,45,5,118
89,11/09/2026 15:03,13500,temporal-action-state,3996,98735,430,1640,274,1598,53,5,116
90,11/09/2026 15:03,13500,temporal-action-state,3986,89809,428,1620,260,1631,45,5,116
91,11/09/2026 15:03,13500,temporal-action-state,3951,82843,427,1622,231,1607,63,5,118
92,11/09/2026 15:03,13500,temporal-action-state,4015,89604,430,1637,270,1633,42,5,115
93,11/09/2026 15:03,13500,temporal-action-state,4005,102286,428,1638,274,1619,45,5,118
94,11/09/2026 15:03,13500,temporal-action-state,4037,103604,426,1644,286,1634,46,5,115
95,11/09/2026 15:03,13500,temporal-action-state,3978,104204,429,1608,292,1604,43,5,117
96,11/09/2026 15:03,13500,temporal-action-state,3963,87519,426,1612,285,1578,60,5,112
97,11/09/2026 15:03,13500,temporal-action-state,3934,88243,427,1624,224,1588,69,5,113
98,11/09/2026 15:03,13500,temporal-action-state,4004,99171,427,1634,277,1620,44,5,117
99,11/09/2026 15:03,13500,temporal-action-state,3963,87639,428,1621,261,1590,61,5,113
100,11/09/2026 15:03,13500,temporal-action-state,3966,104628,426,1623,283,1589,43,5,117
101,11/09/2026 15:04,13500,temporal-action-state,4105,98058,431,1690,290,1646,47,5,118
102,11/09/2026 15:04,13500,temporal-action-state,4011,100262,427,1650,283,1598,51,5,113
103,11/09/2026 15:04,13500,temporal-action-state,3992,104541,426,1619,295,1608,43,5,116
104,11/09/2026 15:04,13500,temporal-action-state,3972,99376,429,1638,264,1595,44,5,114
105,11/09/2026 15:04,13500,temporal-action-state,4029,104995,427,1621,300,1633,45,5,115
106,11/09/2026 15:04,13500,temporal-action-state,3971,104761,428,1623,298,1578,42,5,113
107,11/09/2026 15:04,13500,temporal-action-state,4023,88954,426,1649,304,1598,44,5,119
108,11/09/2026 15:04,13500,temporal-action-state,3957,99257,443,1640,222,1598,51,5,117
109,11/09/2026 15:04,13500,temporal-action-state,3959,90183,426,1638,286,1563,44,5,117
110,11/09/2026 15:04,13500,temporal-action-state,3950,98423,426,1632,228,1618,44,5,120
111,11/09/2026 15:04,13500,temporal-action-state,3909,103999,427,1641,223,1574,42,5,118
112,11/09/2026 15:04,13500,temporal-action-state,4013,88706,428,1635,284,1621,43,5,122
113,11/09/2026 15:04,13500,temporal-action-state,3973,82796,444,1663,229,1575,61,5,113
114,11/09/2026 15:04,13500,temporal-action-state,3979,98997,429,1627,284,1593,44,5,116
115,11/09/2026 15:05,13500,temporal-action-state,4021,104745,425,1618,288,1642,46,5,118
116,11/09/2026 15:05,13500,temporal-action-state,3938,104039,427,1624,223,1619,42,5,116
117,11/09/2026 15:05,13500,temporal-action-state,3960,104627,419,1616,263,1616,42,5,117
118,11/09/2026 15:05,13500,temporal-action-state,3980,88831,428,1625,262,1619,44,5,115
119,11/09/2026 15:05,13500,temporal-action-state,3966,89142,444,1644,224,1610,41,5,115
120,11/09/2026 15:05,13500,temporal-action-state,3912,88836,426,1626,224,1592,41,5,114
121,11/09/2026 15:05,13500,temporal-action-state,3987,104724,429,1614,284,1615,43,5,117
122,11/09/2026 15:05,13500,temporal-action-state,4022,89559,432,1628,288,1620,52,5,113
123,11/09/2026 15:05,13500,temporal-action-state,4011,89245,440,1658,228,1642,41,5,121
124,11/09/2026 15:05,13500,temporal-action-state,3949,109850,425,1618,268,1592,44,5,113
125,11/09/2026 15:05,13500,temporal-action-state,3992,103608,435,1668,287,1554,44,5,117
126,11/09/2026 15:05,13500,temporal-action-state,3998,82785,443,1690,223,1578,61,5,110
127,11/09/2026 15:05,13500,temporal-action-state,4025,88572,422,1619,299,1638,44,5,112
128,11/09/2026 15:05,13500,temporal-action-state,4004,88746,440,1638,283,1597,43,5,117
129,11/09/2026 15:05,13500,temporal-action-state,3953,82448,425,1612,282,1571,61,5,113
130,11/09/2026 15:06,13500,temporal-action-state,3951,104166,430,1644,224,1599,52,5,115
131,11/09/2026 15:06,13500,temporal-action-state,3959,99649,437,1667,223,1588,43,5,116
132,11/09/2026 15:06,13500,temporal-action-state,4008,82450,430,1644,287,1581,64,5,113
133,11/09/2026 15:06,13500,temporal-action-state,3918,87765,425,1623,224,1602,42,5,117
134,11/09/2026 15:06,13500,temporal-action-state,3982,104225,436,1625,284,1592,43,5,114
135,11/09/2026 15:06,13500,temporal-action-state,4076,103952,428,1643,299,1658,47,5,114
136,11/09/2026 15:06,13500,temporal-action-state,3995,104360,438,1642,224,1646,44,5,114
137,11/09/2026 15:06,13500,temporal-action-state,4022,99028,426,1661,272,1616,44,5,114
138,11/09/2026 15:06,13500,temporal-action-state,3985,90053,431,1615,292,1603,42,5,111
139,11/09/2026 15:06,13500,temporal-action-state,4037,88642,429,1618,289,1657,42,5,114
140,11/09/2026 15:06,13500,temporal-action-state,3995,89493,428,1626,272,1624,42,5,114
141,11/09/2026 15:06,13500,temporal-action-state,4026,103190,427,1669,292,1593,44,5,114
142,11/09/2026 15:06,13500,temporal-action-state,3999,104282,426,1628,293,1594,56,5,118
143,11/09/2026 15:06,13500,temporal-action-state,4058,83334,426,1631,265,1671,62,5,115
144,11/09/2026 15:07,13500,temporal-action-state,4077,105023,438,1639,285,1667,45,5,125
145,11/09/2026 15:07,13500,temporal-action-state,3998,104078,429,1620,283,1621,43,5,116
146,11/09/2026 15:07,13500,temporal-action-state,4001,99128,427,1640,232,1653,47,5,114
147,11/09/2026 15:07,13500,temporal-action-state,4027,104348,427,1620,294,1641,43,5,114
148,11/09/2026 15:07,13500,temporal-action-state,4023,82857,449,1670,221,1621,61,5,113
149,11/09/2026 15:07,13500,temporal-action-state,3925,88059,428,1618,222,1613,42,5,116
150,11/09/2026 15:07,13500,temporal-action-state,4017,82360,446,1676,225,1607,61,5,117
151,11/09/2026 15:07,13500,temporal-action-state,3940,103963,427,1636,223,1608,43,5,113
152,11/09/2026 15:07,13500,temporal-action-state,4030,104629,424,1666,285,1610,44,5,117
153,11/09/2026 15:07,13500,temporal-action-state,3957,104701,445,1633,223,1611,44,5,114
154,11/09/2026 15:07,13500,temporal-action-state,3982,89498,440,1630,224,1643,43,5,123
155,11/09/2026 15:07,13500,temporal-action-state,3975,90274,429,1626,262,1614,41,5,114
156,11/09/2026 15:07,13500,temporal-action-state,3991,102893,429,1606,264,1646,44,5,118
157,11/09/2026 15:07,13500,temporal-action-state,4044,88804,430,1621,290,1655,46,5,112
158,11/09/2026 15:07,13500,temporal-action-state,3967,102828,438,1650,222,1612,43,5,114
159,11/09/2026 15:08,13500,temporal-action-state,3992,103700,431,1632,290,1593,44,5,115
160,11/09/2026 15:08,13500,temporal-action-state,4003,105134,450,1673,228,1607,44,5,120
161,11/09/2026 15:08,13500,temporal-action-state,4003,94050,432,1623,270,1629,47,5,117
162,11/09/2026 15:08,13500,temporal-action-state,4025,103945,431,1640,284,1624,44,5,120
163,11/09/2026 15:08,13500,temporal-action-state,3955,104486,429,1651,221,1606,46,5,118
164,11/09/2026 15:08,13500,temporal-action-state,3967,99566,429,1606,268,1607,55,5,117
165,11/09/2026 15:08,13500,temporal-action-state,4035,82416,430,1665,276,1601,61,5,119
166,11/09/2026 15:08,13500,temporal-action-state,4026,99114,425,1635,290,1627,47,5,116
167,11/09/2026 15:08,13500,temporal-action-state,3966,103275,431,1617,260,1611,44,5,117
168,11/09/2026 15:08,13500,temporal-action-state,3996,103496,428,1647,265,1610,44,5,115
169,11/09/2026 15:08,13500,temporal-action-state,3993,87600,425,1622,282,1589,72,5,118
170,11/09/2026 15:08,13500,temporal-action-state,3939,104653,426,1632,272,1564,43,5,121
171,11/09/2026 15:08,13500,temporal-action-state,3992,90435,428,1637,275,1607,43,5,117
172,11/09/2026 15:08,13500,temporal-action-state,3974,98971,427,1637,281,1581,46,5,119
173,11/09/2026 15:09,13500,temporal-action-state,3970,82403,426,1617,283,1581,62,5,115
174,11/09/2026 15:09,13500,temporal-action-state,4025,93687,430,1642,285,1614,52,5,115
175,11/09/2026 15:09,13500,temporal-action-state,4010,98047,440,1630,296,1597,45,5,111
176,11/09/2026 15:09,13500,temporal-action-state,3978,93023,430,1641,285,1577,42,5,117
177,11/09/2026 15:09,13500,temporal-action-state,3975,87378,426,1633,259,1592,64,5,114
178,11/09/2026 15:09,13500,temporal-action-state,3932,103658,438,1630,222,1599,42,5,116
179,11/09/2026 15:09,13500,temporal-action-state,3953,93065,432,1635,237,1605,43,5,119
180,11/09/2026 15:09,13500,temporal-action-state,4049,103802,447,1648,287,1615,50,5,114
181,11/09/2026 15:09,13500,temporal-action-state,4009,99340,429,1641,286,1603,48,5,112
182,11/09/2026 15:09,13500,temporal-action-state,3979,89820,429,1636,263,1609,42,5,112
183,11/09/2026 15:09,13500,temporal-action-state,4029,89623,426,1649,287,1620,45,5,117
184,11/09/2026 15:09,13500,temporal-action-state,3965,103363,426,1637,222,1633,44,5,117
185,11/09/2026 15:09,13500,temporal-action-state,4004,98848,427,1639,265,1621,50,5,120
186,11/09/2026 15:09,13500,temporal-action-state,3952,103935,431,1650,223,1602,45,5,123
187,11/09/2026 15:10,13500,temporal-action-state,4019,109419,426,1623,268,1655,45,5,116
188,11/09/2026 15:10,13500,temporal-action-state,3977,99984,428,1642,222,1639,44,5,116
189,11/09/2026 15:10,13500,temporal-action-state,3999,92504,427,1649,265,1613,44,5,116
190,11/09/2026 15:10,13500,temporal-action-state,3971,103890,430,1626,287,1581,44,5,116
191,11/09/2026 15:10,13500,temporal-action-state,3961,103393,430,1629,228,1625,47,5,117
192,11/09/2026 15:10,13500,temporal-action-state,3952,92492,442,1649,223,1594,41,5,114
193,11/09/2026 15:10,13500,temporal-action-state,3954,82747,427,1634,268,1553,69,5,114
194,11/09/2026 15:10,13500,temporal-action-state,3994,88840,437,1657,222,1634,41,5,117
195,11/09/2026 15:10,13500,temporal-action-state,3987,103160,437,1669,224,1611,44,5,116
196,11/09/2026 15:10,13500,temporal-action-state,3929,82414,428,1619,225,1595,61,5,114
197,11/09/2026 15:10,13500,temporal-action-state,4044,98233,430,1669,287,1611,44,5,120
198,11/09/2026 15:10,13500,temporal-action-state,4020,88977,428,1628,292,1625,45,5,116
199,11/09/2026 15:10,13500,temporal-action-state,3979,89191,432,1671,231,1601,43,5,114
200,11/09/2026 15:10,13500,temporal-action-state,4033,98519,445,1678,226,1638,43,5,122
1,11/09/2026 15:16,27000,temporal-action-state,6942,157136,434,2982,534,2911,79,13,282
2,11/09/2026 15:16,27000,temporal-action-state,6931,149672,428,2978,525,2932,66,13,283
3,11/09/2026 15:16,27000,temporal-action-state,6885,282234,427,2994,532,2866,63,12,280
4,11/09/2026 15:16,27000,temporal-action-state,6911,157285,432,2959,530,2913,74,13,280
5,11/09/2026 15:16,27000,temporal-action-state,6964,277195,431,2973,533,2961,65,12,297
6,11/09/2026 15:16,27000,temporal-action-state,6913,257441,428,2975,493,2951,65,12,290
7,11/09/2026 15:16,27000,temporal-action-state,6938,242756,426,2987,504,2955,63,12,301
8,11/09/2026 15:16,27000,temporal-action-state,6900,152132,428,2974,507,2911,77,13,301
9,11/09/2026 15:16,27000,temporal-action-state,6895,271023,426,2966,523,2912,66,12,276
10,11/09/2026 15:17,27000,temporal-action-state,6935,261393,426,2975,528,2939,65,12,281
11,11/09/2026 15:17,27000,temporal-action-state,6853,151748,429,2971,510,2873,68,13,285
12,11/09/2026 15:17,27000,temporal-action-state,6950,251829,430,3004,506,2932,76,12,273
13,11/09/2026 15:17,27000,temporal-action-state,6950,157097,437,3041,482,2919,70,13,292
14,11/09/2026 15:17,27000,temporal-action-state,6887,253460,438,2976,502,2902,66,12,286
15,11/09/2026 15:17,27000,temporal-action-state,6930,239306,426,2948,508,2974,73,12,279
16,11/09/2026 15:17,27000,temporal-action-state,6915,282104,436,2986,527,2899,65,12,287
17,11/09/2026 15:17,27000,temporal-action-state,6925,150753,428,2978,504,2944,69,13,290
18,11/09/2026 15:18,27000,temporal-action-state,6907,253060,428,2974,539,2897,67,12,283
19,11/09/2026 15:18,27000,temporal-action-state,6956,244191,428,2987,472,2989,78,12,292
20,11/09/2026 15:18,27000,temporal-action-state,7042,242041,427,2973,536,3038,66,12,289
21,11/09/2026 15:18,27000,temporal-action-state,6880,240211,425,2991,476,2922,64,12,293
22,11/09/2026 15:18,27000,temporal-action-state,6901,283551,443,2983,501,2910,62,12,276
23,11/09/2026 15:18,27000,temporal-action-state,6876,261205,427,2955,507,2920,63,12,281
24,11/09/2026 15:18,27000,temporal-action-state,6899,152194,460,3010,473,2887,68,13,298
25,11/09/2026 15:18,27000,temporal-action-state,6937,260172,425,2987,523,2934,66,12,279
26,11/09/2026 15:18,27000,temporal-action-state,6956,148066,427,3039,536,2884,68,13,288
27,11/09/2026 15:19,27000,temporal-action-state,6961,246874,438,2980,516,2961,64,12,272
28,11/09/2026 15:19,27000,temporal-action-state,7016,147616,433,2984,552,2975,70,13,297
29,11/09/2026 15:19,27000,temporal-action-state,6836,248460,429,2949,462,2932,63,12,268
30,11/09/2026 15:19,27000,temporal-action-state,6833,259725,427,2963,465,2912,64,12,286
31,11/09/2026 15:19,27000,temporal-action-state,6902,149556,425,2966,531,2912,66,13,279
32,11/09/2026 15:19,27000,temporal-action-state,6905,154406,427,2993,471,2937,74,13,274
33,11/09/2026 15:19,27000,temporal-action-state,6955,149381,432,3000,541,2906,73,13,287
34,11/09/2026 15:19,27000,temporal-action-state,6906,154952,430,2964,506,2931,71,13,297
35,11/09/2026 15:20,27000,temporal-action-state,6893,279636,429,3010,473,2915,64,12,281
36,11/09/2026 15:20,27000,temporal-action-state,6844,151976,426,2955,473,2910,79,13,274
37,11/09/2026 15:20,27000,temporal-action-state,6882,281477,427,2993,467,2930,63,12,285
38,11/09/2026 15:20,27000,temporal-action-state,6843,154651,424,2982,464,2903,69,13,290
39,11/09/2026 15:20,27000,temporal-action-state,6943,154956,468,3032,473,2901,67,13,294
40,11/09/2026 15:20,27000,temporal-action-state,7010,254545,430,3019,536,2959,64,12,269
41,11/09/2026 15:20,27000,temporal-action-state,6894,251796,435,3012,468,2912,64,12,287
42,11/09/2026 15:20,27000,temporal-action-state,7013,252160,426,3056,541,2922,66,12,305
43,11/09/2026 15:20,27000,temporal-action-state,6831,160002,424,2958,505,2873,70,13,281
44,11/09/2026 15:21,27000,temporal-action-state,6874,157047,428,2995,463,2912,74,13,292
45,11/09/2026 15:21,27000,temporal-action-state,6819,160353,428,2989,469,2858,73,13,277
46,11/09/2026 15:21,27000,temporal-action-state,6933,249815,425,2949,537,2955,65,12,286
47,11/09/2026 15:21,27000,temporal-action-state,6976,152103,432,2974,530,2957,81,13,287
48,11/09/2026 15:21,27000,temporal-action-state,6944,252867,426,2962,540,2950,63,12,279
49,11/09/2026 15:21,27000,temporal-action-state,6971,152148,427,3006,529,2938,69,13,304
50,11/09/2026 15:21,27000,temporal-action-state,6851,281063,430,2950,499,2904,66,12,292
51,11/09/2026 15:21,27000,temporal-action-state,6922,153073,425,2985,468,2974,67,13,292
52,11/09/2026 15:22,27000,temporal-action-state,6895,154567,424,2963,529,2909,69,13,265
53,11/09/2026 15:22,27000,temporal-action-state,6984,251889,427,2961,506,3023,65,12,281
54,11/09/2026 15:22,27000,temporal-action-state,6943,153203,427,2974,562,2907,71,13,275
55,11/09/2026 15:22,27000,temporal-action-state,6871,151809,426,2974,522,2878,67,13,278
56,11/09/2026 15:22,27000,temporal-action-state,6930,257438,429,2978,526,2931,64,12,284
57,11/09/2026 15:22,27000,temporal-action-state,6822,152053,431,2996,463,2852,78,13,281
58,11/09/2026 15:22,27000,temporal-action-state,6896,257336,427,3016,477,2909,64,12,291
59,11/09/2026 15:22,27000,temporal-action-state,6935,254913,429,2974,510,2955,64,12,282
60,11/09/2026 15:22,27000,temporal-action-state,6936,152299,428,2982,539,2918,67,13,285
61,11/09/2026 15:23,27000,temporal-action-state,6913,152297,426,2991,531,2887,76,13,278
62,11/09/2026 15:23,27000,temporal-action-state,6926,257466,426,3018,505,2912,63,12,289
63,11/09/2026 15:23,27000,temporal-action-state,6886,152079,428,2998,469,2903,86,13,281
64,11/09/2026 15:23,27000,temporal-action-state,6935,284371,441,3012,466,2938,76,12,276
65,11/09/2026 15:23,27000,temporal-action-state,6889,151732,432,2947,513,2927,69,13,277
66,11/09/2026 15:23,27000,temporal-action-state,6887,278745,440,3019,470,2891,65,12,287
67,11/09/2026 15:23,27000,temporal-action-state,6955,256099,438,2994,468,2990,63,12,287
68,11/09/2026 15:23,27000,temporal-action-state,6895,251703,431,2972,523,2904,64,12,287
69,11/09/2026 15:24,27000,temporal-action-state,6930,151804,436,3001,535,2887,69,13,277
70,11/09/2026 15:24,27000,temporal-action-state,6949,263038,448,2953,514,2967,66,12,284
71,11/09/2026 15:24,27000,temporal-action-state,6939,251490,429,3031,536,2877,64,12,281
72,11/09/2026 15:24,27000,temporal-action-state,6851,257670,437,2995,479,2876,62,12,275
73,11/09/2026 15:24,27000,temporal-action-state,6875,152310,428,2959,533,2884,69,13,277
74,11/09/2026 15:24,27000,temporal-action-state,6939,154525,444,2973,502,2948,70,13,279
75,11/09/2026 15:24,27000,temporal-action-state,6938,268361,432,3006,535,2900,64,12,282
76,11/09/2026 15:24,27000,temporal-action-state,6921,234939,427,2963,530,2936,63,12,284
77,11/09/2026 15:24,27000,temporal-action-state,6947,280943,430,2969,524,2945,77,12,279
78,11/09/2026 15:25,27000,temporal-action-state,7016,154347,434,3050,474,2988,68,13,299
79,11/09/2026 15:25,27000,temporal-action-state,6939,259958,427,2985,505,2943,77,12,287
80,11/09/2026 15:25,27000,temporal-action-state,6934,150504,438,2958,505,2961,70,13,294
81,11/09/2026 15:25,27000,temporal-action-state,6864,149233,428,2975,529,2865,66,13,280
82,11/09/2026 15:25,27000,temporal-action-state,6810,261659,427,2939,469,2901,73,12,275
83,11/09/2026 15:25,27000,temporal-action-state,6853,152145,427,2963,532,2863,66,13,282
84,11/09/2026 15:25,27000,temporal-action-state,6963,255097,455,2975,466,2988,77,12,282
85,11/09/2026 15:25,27000,temporal-action-state,6966,260581,435,2977,539,2937,76,12,284
86,11/09/2026 15:26,27000,temporal-action-state,6892,151761,441,3031,479,2872,67,13,284
87,11/09/2026 15:26,27000,temporal-action-state,6932,149531,429,2953,539,2937,71,13,279
88,11/09/2026 15:26,27000,temporal-action-state,6885,253150,428,2939,537,2900,80,12,271
89,11/09/2026 15:26,27000,temporal-action-state,6953,241786,430,2964,528,2966,63,12,280
90,11/09/2026 15:26,27000,temporal-action-state,6924,245117,447,2984,527,2900,64,12,279
91,11/09/2026 15:26,27000,temporal-action-state,6929,282601,430,2951,531,2943,73,12,277
92,11/09/2026 15:26,27000,temporal-action-state,6909,282119,427,3002,475,2938,65,12,276
93,11/09/2026 15:26,27000,temporal-action-state,6868,157503,427,2956,524,2892,67,13,276
94,11/09/2026 15:26,27000,temporal-action-state,6984,281969,427,3007,558,2926,63,12,301
95,11/09/2026 15:27,27000,temporal-action-state,6930,153636,437,3039,473,2908,71,13,285
96,11/09/2026 15:27,27000,temporal-action-state,6936,155042,426,2979,524,2936,69,13,280
97,11/09/2026 15:27,27000,temporal-action-state,6909,282135,441,2989,470,2942,65,12,289
98,11/09/2026 15:27,27000,temporal-action-state,6915,252028,428,3012,505,2905,62,12,290
99,11/09/2026 15:27,27000,temporal-action-state,6901,253052,430,2974,511,2919,66,12,280
100,11/09/2026 15:27,27000,temporal-action-state,6943,259042,427,2949,514,2987,63,12,285
101,11/09/2026 15:27,27000,temporal-action-state,6883,149540,450,3016,467,2879,69,13,281
102,11/09/2026 15:27,27000,temporal-action-state,6989,284805,428,3021,536,2935,67,12,279
103,11/09/2026 15:28,27000,temporal-action-state,6931,277221,427,2979,534,2924,65,12,287
104,11/09/2026 15:28,27000,temporal-action-state,6807,254847,428,2984,467,2860,65,12,279
105,11/09/2026 15:28,27000,temporal-action-state,6836,154529,424,2962,465,2898,84,13,284
106,11/09/2026 15:28,27000,temporal-action-state,6911,278734,429,2973,529,2914,64,12,294
107,11/09/2026 15:28,27000,temporal-action-state,6885,157401,426,2973,512,2888,84,13,284
108,11/09/2026 15:28,27000,temporal-action-state,6956,149367,450,2997,508,2929,70,13,299
109,11/09/2026 15:28,27000,temporal-action-state,6963,257353,444,3029,473,2951,65,12,282
110,11/09/2026 15:28,27000,temporal-action-state,6853,151786,428,2959,472,2926,67,13,281
111,11/09/2026 15:28,27000,temporal-action-state,6895,257707,426,2984,466,2951,66,12,282
112,11/09/2026 15:29,27000,temporal-action-state,6858,151883,427,3017,476,2868,68,13,289
113,11/09/2026 15:29,27000,temporal-action-state,6829,157264,429,2967,465,2899,66,13,286
114,11/09/2026 15:29,27000,temporal-action-state,6908,154799,426,2968,522,2919,70,13,289
115,11/09/2026 15:29,27000,temporal-action-state,6918,254701,448,3008,473,2915,73,12,281
116,11/09/2026 15:29,27000,temporal-action-state,6952,255109,426,2964,518,2974,68,12,286
117,11/09/2026 15:29,27000,temporal-action-state,6888,274262,427,3002,509,2883,65,12,282
118,11/09/2026 15:29,27000,temporal-action-state,6933,152123,438,3014,468,2943,67,13,291
119,11/09/2026 15:29,27000,temporal-action-state,6884,257615,426,2981,502,2896,78,12,288
120,11/09/2026 15:30,27000,temporal-action-state,6901,151937,432,2957,524,2919,67,13,275
121,11/09/2026 15:30,27000,temporal-action-state,6837,284454,429,2994,475,2873,64,12,267
122,11/09/2026 15:30,27000,temporal-action-state,6865,277204,425,2976,501,2880,81,12,278
123,11/09/2026 15:30,27000,temporal-action-state,6794,284549,430,2966,475,2858,63,12,284
124,11/09/2026 15:30,27000,temporal-action-state,6901,283474,429,2954,532,2918,66,12,290
125,11/09/2026 15:30,27000,temporal-action-state,6905,157261,457,3018,481,2878,69,13,290
126,11/09/2026 15:30,27000,temporal-action-state,6948,154560,480,3014,473,2910,69,13,287
127,11/09/2026 15:30,27000,temporal-action-state,6863,157044,440,2963,478,2908,71,13,286
128,11/09/2026 15:30,27000,temporal-action-state,6924,284454,427,2954,527,2950,64,12,285
129,11/09/2026 15:31,27000,temporal-action-state,6891,152245,429,3029,468,2893,69,13,289
130,11/09/2026 15:31,27000,temporal-action-state,6918,150781,431,2991,505,2920,67,13,285
131,11/09/2026 15:31,27000,temporal-action-state,6919,283114,425,2946,513,2964,70,12,275
132,11/09/2026 15:31,27000,temporal-action-state,6969,151882,449,2994,537,2916,71,13,287
133,11/09/2026 15:31,27000,temporal-action-state,6944,160570,431,3008,537,2898,69,13,290
134,11/09/2026 15:31,27000,temporal-action-state,6964,153315,431,3008,527,2927,68,13,302
135,11/09/2026 15:31,27000,temporal-action-state,6899,281843,432,2982,473,2944,65,12,285
136,11/09/2026 15:31,27000,temporal-action-state,6911,160029,426,2991,518,2902,72,13,290
137,11/09/2026 15:32,27000,temporal-action-state,6880,252852,429,2943,526,2916,64,12,270
138,11/09/2026 15:32,27000,temporal-action-state,6891,254778,427,2998,467,2932,64,12,280
139,11/09/2026 15:32,27000,temporal-action-state,6857,275650,429,2958,529,2875,64,12,272
140,11/09/2026 15:32,27000,temporal-action-state,6935,251748,425,2987,504,2951,65,12,276
141,11/09/2026 15:32,27000,temporal-action-state,6920,148009,429,2970,533,2920,66,13,279
142,11/09/2026 15:32,27000,temporal-action-state,6925,154755,426,2953,526,2948,70,13,281
143,11/09/2026 15:32,27000,temporal-action-state,6966,149745,438,3028,473,2946,79,13,293
144,11/09/2026 15:32,27000,temporal-action-state,6956,276750,429,3022,532,2906,66,12,284
145,11/09/2026 15:33,27000,temporal-action-state,6854,284932,427,2986,473,2888,79,12,269
146,11/09/2026 15:33,27000,temporal-action-state,6939,151978,446,3005,479,2934,73,13,282
147,11/09/2026 15:33,27000,temporal-action-state,6965,282225,426,2972,532,2965,67,12,265
148,11/09/2026 15:33,27000,temporal-action-state,6879,150478,437,2977,515,2881,67,13,278
149,11/09/2026 15:33,27000,temporal-action-state,6858,152246,426,2989,465,2906,71,13,295
150,11/09/2026 15:33,27000,temporal-action-state,6831,245022,437,2979,465,2884,63,12,288
151,11/09/2026 15:33,27000,temporal-action-state,6930,157052,430,3042,503,2885,68,13,280
152,11/09/2026 15:33,27000,temporal-action-state,6935,159519,428,2969,527,2941,68,13,302
153,11/09/2026 15:33,27000,temporal-action-state,6972,250091,428,3000,534,2944,63,12,283
154,11/09/2026 15:34,27000,temporal-action-state,6883,152153,429,2966,522,2895,69,13,286
155,11/09/2026 15:34,27000,temporal-action-state,6893,263196,431,2996,531,2867,66,12,281
156,11/09/2026 15:34,27000,temporal-action-state,6966,157075,425,2986,537,2947,68,13,305
157,11/09/2026 15:34,27000,temporal-action-state,6907,248885,435,2975,541,2891,64,12,279
158,11/09/2026 15:34,27000,temporal-action-state,6806,151757,427,2971,464,2875,69,13,280
159,11/09/2026 15:34,27000,temporal-action-state,6914,152257,430,2991,530,2893,68,13,273
160,11/09/2026 15:34,27000,temporal-action-state,6903,152084,428,2975,502,2922,74,13,297
161,11/09/2026 15:34,27000,temporal-action-state,6869,160617,427,2983,463,2926,68,13,298
162,11/09/2026 15:35,27000,temporal-action-state,6860,149649,425,2970,505,2889,68,13,280
163,11/09/2026 15:35,27000,temporal-action-state,6949,151790,437,3024,466,2940,79,13,288
164,11/09/2026 15:35,27000,temporal-action-state,6851,152827,424,2945,505,2909,66,13,280
165,11/09/2026 15:35,27000,temporal-action-state,6882,253553,431,2971,473,2942,63,12,280
166,11/09/2026 15:35,27000,temporal-action-state,7025,260644,426,3014,537,2972,74,12,274
167,11/09/2026 15:35,27000,temporal-action-state,6865,154990,428,2973,515,2869,77,13,273
168,11/09/2026 15:35,27000,temporal-action-state,6925,151692,425,2985,536,2907,70,13,286
169,11/09/2026 15:35,27000,temporal-action-state,6942,245079,432,3007,499,2938,64,12,282
170,11/09/2026 15:35,27000,temporal-action-state,6919,260953,438,3024,466,2924,66,12,302
171,11/09/2026 15:36,27000,temporal-action-state,6855,244306,426,2953,467,2943,64,12,282
172,11/09/2026 15:36,27000,temporal-action-state,6984,283455,437,2972,547,2950,75,12,289
173,11/09/2026 15:36,27000,temporal-action-state,6930,252445,432,3007,470,2954,65,12,275
174,11/09/2026 15:36,27000,temporal-action-state,7071,247535,455,3066,536,2935,76,12,303
175,11/09/2026 15:36,27000,temporal-action-state,6848,272191,424,2968,506,2884,64,12,283
176,11/09/2026 15:36,27000,temporal-action-state,6896,153406,426,2964,526,2911,67,13,274
177,11/09/2026 15:36,27000,temporal-action-state,6855,152059,427,2961,540,2858,68,13,280
178,11/09/2026 15:36,27000,temporal-action-state,7011,257268,430,2964,541,3007,66,12,271
179,11/09/2026 15:37,27000,temporal-action-state,6917,236417,428,2958,524,2942,63,12,280
180,11/09/2026 15:37,27000,temporal-action-state,6869,152176,427,2946,529,2897,68,13,276
181,11/09/2026 15:37,27000,temporal-action-state,6970,253769,430,3031,475,2961,70,12,284
182,11/09/2026 15:37,27000,temporal-action-state,6894,276698,430,3014,467,2917,64,12,287
183,11/09/2026 15:37,27000,temporal-action-state,6867,149326,438,3022,468,2872,66,13,275
184,11/09/2026 15:37,27000,temporal-action-state,6919,273942,431,2965,543,2914,64,12,276
185,11/09/2026 15:37,27000,temporal-action-state,6896,157592,426,2982,476,2941,69,13,284
186,11/09/2026 15:37,27000,temporal-action-state,6962,239248,432,2966,472,3012,78,12,280
187,11/09/2026 15:37,27000,temporal-action-state,6908,152967,435,2939,544,2921,67,13,294
188,11/09/2026 15:38,27000,temporal-action-state,6865,252140,429,2953,528,2891,63,12,287
189,11/09/2026 15:38,27000,temporal-action-state,7063,251465,451,3074,510,2954,72,12,275
190,11/09/2026 15:38,27000,temporal-action-state,6865,279050,429,2990,520,2859,66,12,278
191,11/09/2026 15:38,27000,temporal-action-state,6921,156907,427,2978,560,2887,67,13,285
192,11/09/2026 15:38,27000,temporal-action-state,6912,151803,453,3013,464,2909,71,13,292
193,11/09/2026 15:38,27000,temporal-action-state,6927,152411,426,2979,523,2927,70,13,287
194,11/09/2026 15:38,27000,temporal-action-state,6906,149297,428,2986,525,2885,79,13,288
195,11/09/2026 15:38,27000,temporal-action-state,6934,157113,440,3032,470,2922,67,13,298
196,11/09/2026 15:39,27000,temporal-action-state,6903,157414,437,2972,470,2942,80,13,302
197,11/09/2026 15:39,27000,temporal-action-state,6936,154755,445,3019,473,2929,68,13,277
198,11/09/2026 15:39,27000,temporal-action-state,6895,149249,431,2963,471,2959,69,13,282
199,11/09/2026 15:39,27000,temporal-action-state,6915,154838,427,3020,476,2920,69,13,296
200,11/09/2026 15:39,27000,temporal-action-state,6919,148088,429,2984,499,2938,67,13,288
1,11/09/2026 15:44,40500,temporal-action-state,10172,279312,447,4534,816,4292,81,21,482
2,11/09/2026 15:44,40500,temporal-action-state,10189,244171,449,4484,799,4359,96,21,480
3,11/09/2026 15:45,40500,temporal-action-state,10116,272562,429,4387,857,4362,79,21,491
4,11/09/2026 15:45,40500,temporal-action-state,10074,288835,457,4446,810,4274,85,21,479
5,11/09/2026 15:45,40500,temporal-action-state,10132,304039,435,4409,851,4356,79,21,492
6,11/09/2026 15:45,40500,temporal-action-state,10212,286969,429,4436,871,4393,81,21,517
7,11/09/2026 15:45,40500,temporal-action-state,10172,276090,429,4434,860,4365,83,21,467
8,11/09/2026 15:45,40500,temporal-action-state,10023,288178,426,4417,792,4303,82,21,470
9,11/09/2026 15:46,40500,temporal-action-state,10122,240910,429,4402,837,4364,87,21,472
10,11/09/2026 15:46,40500,temporal-action-state,10104,300074,436,4425,859,4299,82,21,512
11,11/09/2026 15:46,40500,temporal-action-state,10080,255766,427,4394,860,4300,99,21,461
12,11/09/2026 15:46,40500,temporal-action-state,10084,273631,435,4434,842,4290,82,21,484
13,11/09/2026 15:46,40500,temporal-action-state,10213,282092,427,4448,868,4387,81,21,468
14,11/09/2026 15:46,40500,temporal-action-state,10073,274323,426,4419,852,4292,82,21,478
15,11/09/2026 15:47,40500,temporal-action-state,10056,270858,428,4437,833,4275,81,21,469
16,11/09/2026 15:47,40500,temporal-action-state,10122,282608,438,4415,868,4316,82,21,487
17,11/09/2026 15:47,40500,temporal-action-state,10181,289474,426,4493,831,4346,82,21,493
18,11/09/2026 15:47,40500,temporal-action-state,10385,267493,429,4549,864,4451,89,21,487
19,11/09/2026 15:47,40500,temporal-action-state,10087,284711,426,4420,867,4279,94,21,480
20,11/09/2026 15:47,40500,temporal-action-state,10207,258858,432,4475,835,4373,90,21,478
21,11/09/2026 15:48,40500,temporal-action-state,10161,287163,429,4462,861,4326,82,21,467
22,11/09/2026 15:48,40500,temporal-action-state,10123,288955,429,4450,863,4295,85,21,484
23,11/09/2026 15:48,40500,temporal-action-state,10122,244173,425,4430,853,4326,86,21,488
24,11/09/2026 15:48,40500,temporal-action-state,10146,289850,439,4420,873,4331,80,21,456
25,11/09/2026 15:48,40500,temporal-action-state,10020,274168,427,4366,805,4336,84,21,463
26,11/09/2026 15:48,40500,temporal-action-state,10135,383614,434,4476,808,4332,84,20,454
27,11/09/2026 15:49,40500,temporal-action-state,10074,231818,428,4391,851,4314,88,21,476
28,11/09/2026 15:49,40500,temporal-action-state,10188,290647,471,4494,801,4340,81,21,474
29,11/09/2026 15:49,40500,temporal-action-state,10062,288169,427,4414,835,4304,80,21,462
30,11/09/2026 15:49,40500,temporal-action-state,10083,277982,425,4412,858,4307,80,21,457
31,11/09/2026 15:49,40500,temporal-action-state,10051,289895,425,4414,853,4276,82,21,463
32,11/09/2026 15:49,40500,temporal-action-state,10106,276896,445,4473,821,4285,81,21,480
33,11/09/2026 15:50,40500,temporal-action-state,10144,275265,427,4410,831,4386,89,21,483
34,11/09/2026 15:50,40500,temporal-action-state,10154,287173,426,4456,857,4329,85,21,468
35,11/09/2026 15:50,40500,temporal-action-state,10153,234258,430,4447,851,4339,85,21,471
36,11/09/2026 15:50,40500,temporal-action-state,10154,258782,426,4434,804,4395,93,21,477
37,11/09/2026 15:50,40500,temporal-action-state,10126,293851,428,4394,854,4367,81,21,467
38,11/09/2026 15:51,40500,temporal-action-state,10130,293225,427,4442,824,4351,83,21,479
39,11/09/2026 15:51,40500,temporal-action-state,10203,304908,427,4484,840,4366,84,21,483
40,11/09/2026 15:51,40500,temporal-action-state,10180,299383,428,4409,867,4393,80,21,479
41,11/09/2026 15:51,40500,temporal-action-state,10144,291851,429,4412,845,4376,80,21,477
42,11/09/2026 15:51,40500,temporal-action-state,10204,234988,428,4485,813,4390,87,21,481
43,11/09/2026 15:51,40500,temporal-action-state,10251,377709,441,4499,812,4416,81,20,463
44,11/09/2026 15:52,40500,temporal-action-state,10131,284314,428,4396,864,4360,82,21,466
45,11/09/2026 15:52,40500,temporal-action-state,10175,285837,426,4484,840,4339,83,21,521
46,11/09/2026 15:52,40500,temporal-action-state,10077,303623,432,4449,838,4272,85,21,492
47,11/09/2026 15:52,40500,temporal-action-state,10031,281881,428,4391,859,4271,80,21,463
48,11/09/2026 15:52,40500,temporal-action-state,10235,276028,453,4530,823,4348,79,21,467
49,11/09/2026 15:52,40500,temporal-action-state,10047,309673,439,4387,859,4281,79,21,450
50,11/09/2026 15:53,40500,temporal-action-state,10252,256090,428,4447,877,4403,95,21,463
51,11/09/2026 15:53,40500,temporal-action-state,10160,287427,436,4447,861,4333,81,21,459
52,11/09/2026 15:53,40500,temporal-action-state,10065,306936,423,4403,848,4306,83,21,455
53,11/09/2026 15:53,40500,temporal-action-state,10067,282770,427,4440,800,4319,78,21,472
54,11/09/2026 15:53,40500,temporal-action-state,10072,295261,431,4411,822,4326,81,21,480
55,11/09/2026 15:53,40500,temporal-action-state,10102,274479,429,4434,847,4309,81,21,454
56,11/09/2026 15:54,40500,temporal-action-state,10139,307890,428,4421,818,4382,89,21,518
57,11/09/2026 15:54,40500,temporal-action-state,10085,285276,427,4380,847,4337,92,21,441
58,11/09/2026 15:54,40500,temporal-action-state,10265,286612,431,4432,876,4439,86,21,481
59,11/09/2026 15:54,40500,temporal-action-state,10198,293050,473,4484,824,4334,81,21,508
60,11/09/2026 15:54,40500,temporal-action-state,10149,293356,465,4487,813,4301,82,21,492
61,11/09/2026 15:54,40500,temporal-action-state,10132,311614,427,4458,812,4353,80,21,490
62,11/09/2026 15:55,40500,temporal-action-state,10241,295040,426,4460,866,4400,88,21,473
63,11/09/2026 15:55,40500,temporal-action-state,10158,294457,428,4445,843,4323,118,21,464
64,11/09/2026 15:55,40500,temporal-action-state,10183,294225,427,4470,833,4362,89,21,461
65,11/09/2026 15:55,40500,temporal-action-state,10161,291873,455,4478,815,4328,83,21,480
66,11/09/2026 15:55,40500,temporal-action-state,10212,271920,431,4520,823,4355,81,21,484
67,11/09/2026 15:56,40500,temporal-action-state,10189,300365,429,4490,841,4346,82,21,522
68,11/09/2026 15:56,40500,temporal-action-state,10098,302835,427,4437,841,4311,81,21,461
69,11/09/2026 15:56,40500,temporal-action-state,10100,385534,432,4444,855,4285,82,20,487
70,11/09/2026 15:56,40500,temporal-action-state,10159,300948,431,4422,812,4402,90,21,465
71,11/09/2026 15:56,40500,temporal-action-state,10147,243972,433,4452,802,4375,84,21,473
72,11/09/2026 15:56,40500,temporal-action-state,10184,290988,426,4415,863,4393,84,21,480
73,11/09/2026 15:57,40500,temporal-action-state,10250,293907,431,4482,845,4408,82,21,498
74,11/09/2026 15:57,40500,temporal-action-state,10280,387007,442,4489,882,4385,81,20,477
75,11/09/2026 15:57,40500,temporal-action-state,10183,276881,435,4428,836,4390,92,21,467
76,11/09/2026 15:57,40500,temporal-action-state,10111,385362,426,4409,839,4354,81,20,466
77,11/09/2026 15:57,40500,temporal-action-state,10104,275803,435,4442,808,4334,82,21,493
78,11/09/2026 15:57,40500,temporal-action-state,10221,252346,426,4479,863,4363,88,21,470
79,11/09/2026 15:58,40500,temporal-action-state,10147,233476,433,4445,844,4336,88,21,471
80,11/09/2026 15:58,40500,temporal-action-state,10102,276268,449,4438,810,4322,81,21,474
81,11/09/2026 15:58,40500,temporal-action-state,10063,274067,428,4433,821,4291,88,21,484
82,11/09/2026 15:58,40500,temporal-action-state,10120,277419,428,4413,867,4328,82,21,501
83,11/09/2026 15:58,40500,temporal-action-state,10091,286356,428,4430,813,4337,82,21,474
84,11/09/2026 15:58,40500,temporal-action-state,10160,302145,428,4400,864,4384,81,21,467
85,11/09/2026 15:59,40500,temporal-action-state,10103,278141,427,4432,856,4290,97,21,483
86,11/09/2026 15:59,40500,temporal-action-state,10114,289834,438,4476,819,4299,81,21,481
87,11/09/2026 15:59,40500,temporal-action-state,10058,241347,426,4410,801,4337,82,21,467
88,11/09/2026 15:59,40500,temporal-action-state,10331,279008,426,4503,879,4438,82,21,516
89,11/09/2026 15:59,40500,temporal-action-state,10120,384960,428,4419,830,4359,82,20,468
90,11/09/2026 15:59,40500,temporal-action-state,10112,241328,426,4396,843,4360,85,21,462
91,11/09/2026 16:00,40500,temporal-action-state,10046,297871,428,4392,833,4311,82,21,463
92,11/09/2026 16:00,40500,temporal-action-state,10100,288572,427,4431,871,4287,82,21,471
93,11/09/2026 16:00,40500,temporal-action-state,10131,244107,425,4388,809,4420,87,21,464
94,11/09/2026 16:00,40500,temporal-action-state,10098,241738,428,4414,843,4313,98,21,462
95,11/09/2026 16:00,40500,temporal-action-state,10123,293992,427,4451,859,4304,80,21,484
96,11/09/2026 16:00,40500,temporal-action-state,10177,230827,430,4473,841,4346,85,21,461
97,11/09/2026 16:01,40500,temporal-action-state,10064,308953,427,4404,862,4289,80,21,455
98,11/09/2026 16:01,40500,temporal-action-state,10120,281923,427,4418,858,4321,94,21,484
99,11/09/2026 16:01,40500,temporal-action-state,10163,255971,429,4435,869,4341,87,21,473
100,11/09/2026 16:01,40500,temporal-action-state,10129,292012,430,4434,846,4336,80,21,469
101,11/09/2026 16:01,40500,temporal-action-state,10257,243991,445,4488,841,4386,96,21,470
102,11/09/2026 16:02,40500,temporal-action-state,10171,233516,427,4443,864,4320,114,21,466
103,11/09/2026 16:02,40500,temporal-action-state,10244,279693,438,4488,882,4351,82,21,482
104,11/09/2026 16:02,40500,temporal-action-state,10094,304306,427,4469,834,4270,91,21,482
105,11/09/2026 16:02,40500,temporal-action-state,10166,284669,445,4485,814,4330,90,21,496
106,11/09/2026 16:02,40500,temporal-action-state,10188,290482,431,4435,830,4410,81,21,494
107,11/09/2026 16:02,40500,temporal-action-state,10109,294711,429,4454,838,4305,81,21,479
108,11/09/2026 16:03,40500,temporal-action-state,10172,241223,429,4445,857,4353,86,21,475
109,11/09/2026 16:03,40500,temporal-action-state,10116,249404,437,4421,862,4308,86,21,449
110,11/09/2026 16:03,40500,temporal-action-state,10051,287366,429,4395,842,4301,82,21,465
111,11/09/2026 16:03,40500,temporal-action-state,10068,300068,426,4389,839,4325,87,21,487
112,11/09/2026 16:03,40500,temporal-action-state,10039,311090,429,4409,850,4269,81,21,460
113,11/09/2026 16:03,40500,temporal-action-state,10072,298256,427,4422,863,4270,89,21,471
114,11/09/2026 16:04,40500,temporal-action-state,10188,252849,426,4443,816,4413,89,21,535
115,11/09/2026 16:04,40500,temporal-action-state,10061,272975,426,4402,869,4280,83,21,468
116,11/09/2026 16:04,40500,temporal-action-state,10158,277060,435,4451,870,4321,79,21,484
117,11/09/2026 16:04,40500,temporal-action-state,10057,284392,430,4407,806,4331,81,21,481
118,11/09/2026 16:04,40500,temporal-action-state,10149,285935,427,4431,870,4334,84,21,478
119,11/09/2026 16:04,40500,temporal-action-state,10173,298099,428,4453,865,4344,80,21,485
120,11/09/2026 16:05,40500,temporal-action-state,10103,293683,428,4448,842,4301,82,21,504
121,11/09/2026 16:05,40500,temporal-action-state,10242,238436,429,4418,836,4461,96,21,470
122,11/09/2026 16:05,40500,temporal-action-state,10109,286248,423,4403,857,4331,94,21,469
123,11/09/2026 16:05,40500,temporal-action-state,10180,241807,426,4409,822,4419,101,21,492
124,11/09/2026 16:05,40500,temporal-action-state,10088,280281,427,4398,862,4317,81,21,456
125,11/09/2026 16:05,40500,temporal-action-state,10145,269713,426,4473,818,4340,87,21,530
126,11/09/2026 16:06,40500,temporal-action-state,10144,277917,424,4441,868,4325,83,21,459
127,11/09/2026 16:06,40500,temporal-action-state,10177,384796,430,4472,870,4320,82,20,467
128,11/09/2026 16:06,40500,temporal-action-state,10100,293870,427,4432,811,4347,81,21,486
129,11/09/2026 16:06,40500,temporal-action-state,10154,288413,430,4418,828,4394,81,21,472
130,11/09/2026 16:06,40500,temporal-action-state,10034,286540,425,4418,838,4271,80,21,470
131,11/09/2026 16:06,40500,temporal-action-state,10101,273634,429,4438,842,4307,83,21,471
132,11/09/2026 16:07,40500,temporal-action-state,10111,284465,426,4402,870,4329,81,21,449
133,11/09/2026 16:07,40500,temporal-action-state,10110,271376,451,4437,846,4295,80,21,479
134,11/09/2026 16:07,40500,temporal-action-state,10093,287819,426,4453,820,4306,85,21,476
135,11/09/2026 16:07,40500,temporal-action-state,10159,238784,423,4456,869,4324,84,21,463
136,11/09/2026 16:07,40500,temporal-action-state,10204,234830,430,4487,814,4385,87,21,474
137,11/09/2026 16:08,40500,temporal-action-state,10080,271215,428,4394,841,4337,79,21,477
138,11/09/2026 16:08,40500,temporal-action-state,10142,292891,427,4473,841,4320,79,21,491
139,11/09/2026 16:08,40500,temporal-action-state,10118,293871,430,4440,864,4288,96,21,457
140,11/09/2026 16:08,40500,temporal-action-state,10092,284984,427,4429,825,4321,87,21,478
141,11/09/2026 16:08,40500,temporal-action-state,10213,256102,424,4423,862,4411,90,21,484
142,11/09/2026 16:08,40500,temporal-action-state,10149,234706,429,4400,845,4385,88,21,448
143,11/09/2026 16:09,40500,temporal-action-state,10092,291945,443,4459,805,4302,81,21,501
144,11/09/2026 16:09,40500,temporal-action-state,10150,285460,429,4412,863,4362,82,21,468
145,11/09/2026 16:09,40500,temporal-action-state,10225,289802,433,4505,848,4356,81,21,497
146,11/09/2026 16:09,40500,temporal-action-state,10085,268357,430,4424,819,4318,93,21,477
147,11/09/2026 16:09,40500,temporal-action-state,10163,304803,427,4435,855,4352,91,21,464
148,11/09/2026 16:09,40500,temporal-action-state,10139,294910,428,4453,845,4330,82,21,511
149,11/09/2026 16:10,40500,temporal-action-state,10069,276417,439,4440,813,4292,81,21,472
150,11/09/2026 16:10,40500,temporal-action-state,10139,291232,427,4485,873,4271,81,21,516
151,11/09/2026 16:10,40500,temporal-action-state,10169,280681,447,4495,810,4331,83,21,482
152,11/09/2026 16:10,40500,temporal-action-state,10124,306636,426,4450,814,4351,81,21,465
153,11/09/2026 16:10,40500,temporal-action-state,10080,265845,431,4428,818,4321,81,21,463
154,11/09/2026 16:10,40500,temporal-action-state,10083,309346,426,4399,814,4361,80,21,489
155,11/09/2026 16:11,40500,temporal-action-state,10116,288871,427,4386,840,4374,88,21,454
156,11/09/2026 16:11,40500,temporal-action-state,10200,296112,429,4490,874,4324,81,21,479
157,11/09/2026 16:11,40500,temporal-action-state,10060,273649,430,4477,817,4252,81,21,490
158,11/09/2026 16:11,40500,temporal-action-state,10091,253483,428,4402,857,4313,89,21,479
159,11/09/2026 16:11,40500,temporal-action-state,10043,273079,432,4464,808,4254,82,21,495
160,11/09/2026 16:11,40500,temporal-action-state,10059,288622,437,4401,811,4326,82,21,471
161,11/09/2026 16:12,40500,temporal-action-state,10094,276422,428,4398,813,4370,83,21,460
162,11/09/2026 16:12,40500,temporal-action-state,10097,301168,426,4409,834,4342,84,21,487
163,11/09/2026 16:12,40500,temporal-action-state,10100,284614,428,4425,802,4362,81,21,484
164,11/09/2026 16:12,40500,temporal-action-state,10086,281581,430,4410,817,4347,80,21,468
165,11/09/2026 16:12,40500,temporal-action-state,10027,273137,425,4405,839,4276,79,21,480
166,11/09/2026 16:12,40500,temporal-action-state,10123,285481,428,4462,841,4304,85,21,470
167,11/09/2026 16:13,40500,temporal-action-state,10082,298702,431,4460,819,4288,82,21,474
168,11/09/2026 16:13,40500,temporal-action-state,10137,289410,427,4435,830,4361,83,21,486
169,11/09/2026 16:13,40500,temporal-action-state,10062,240245,435,4410,821,4312,82,21,467
170,11/09/2026 16:13,40500,temporal-action-state,10076,386536,426,4407,840,4320,81,20,452
171,11/09/2026 16:13,40500,temporal-action-state,10242,234041,429,4467,860,4398,87,21,482
172,11/09/2026 16:14,40500,temporal-action-state,10140,285790,428,4450,860,4317,82,21,468
173,11/09/2026 16:14,40500,temporal-action-state,10170,290478,443,4481,809,4354,81,21,474
174,11/09/2026 16:14,40500,temporal-action-state,10066,238522,424,4415,830,4310,85,21,482
175,11/09/2026 16:14,40500,temporal-action-state,10151,296057,427,4423,866,4349,84,21,468
176,11/09/2026 16:14,40500,temporal-action-state,10060,275387,427,4402,808,4330,91,21,461
177,11/09/2026 16:14,40500,temporal-action-state,10107,291134,463,4464,812,4286,81,21,479
178,11/09/2026 16:15,40500,temporal-action-state,10104,294065,435,4413,862,4313,79,21,470
179,11/09/2026 16:15,40500,temporal-action-state,10136,249798,435,4419,834,4362,84,21,497
180,11/09/2026 16:15,40500,temporal-action-state,10008,274272,426,4412,819,4269,81,21,460
181,11/09/2026 16:15,40500,temporal-action-state,10246,291328,427,4433,880,4422,82,21,469
182,11/09/2026 16:15,40500,temporal-action-state,10144,291213,426,4433,860,4333,91,21,480
183,11/09/2026 16:15,40500,temporal-action-state,10190,259760,426,4442,840,4384,95,21,490
184,11/09/2026 16:16,40500,temporal-action-state,10090,285094,427,4433,817,4314,96,21,480
185,11/09/2026 16:16,40500,temporal-action-state,10015,270050,427,4426,806,4273,80,21,480
186,11/09/2026 16:16,40500,temporal-action-state,10030,306822,430,4419,810,4287,82,21,447
187,11/09/2026 16:16,40500,temporal-action-state,10160,259388,426,4446,866,4331,89,21,480
188,11/09/2026 16:16,40500,temporal-action-state,10026,252904,428,4388,839,4281,87,21,475
189,11/09/2026 16:16,40500,temporal-action-state,10043,239161,427,4424,816,4288,86,21,472
190,11/09/2026 16:17,40500,temporal-action-state,10072,308081,429,4419,829,4312,81,21,505
191,11/09/2026 16:17,40500,temporal-action-state,10166,289593,448,4458,862,4314,82,21,475
192,11/09/2026 16:17,40500,temporal-action-state,10229,295132,428,4443,847,4427,82,21,469
193,11/09/2026 16:17,40500,temporal-action-state,10152,240297,427,4412,839,4385,88,21,476
194,11/09/2026 16:17,40500,temporal-action-state,10128,289649,426,4435,840,4343,83,21,465
195,11/09/2026 16:17,40500,temporal-action-state,10206,384192,442,4527,808,4348,80,20,510
196,11/09/2026 16:18,40500,temporal-action-state,10146,250806,426,4448,840,4343,87,21,455
197,11/09/2026 16:18,40500,temporal-action-state,10020,302972,428,4402,833,4274,82,21,481
198,11/09/2026 16:18,40500,temporal-action-state,10047,304010,428,4385,857,4293,82,21,457
199,11/09/2026 16:18,40500,temporal-action-state,10091,277687,430,4426,834,4319,80,21,456
200,11/09/2026 16:18,40500,temporal-action-state,10189,314369,425,4485,853,4340,83,21,477
1,11/09/2026 16:24,54000,temporal-action-state,12915,397961,442,5748,1013,5611,98,26,612
2,11/09/2026 16:24,54000,temporal-action-state,12931,386896,425,5714,1047,5647,97,26,615
3,11/09/2026 16:24,54000,temporal-action-state,12779,388225,426,5717,1011,5532,92,26,608
4,11/09/2026 16:24,54000,temporal-action-state,12829,368225,427,5722,1025,5556,96,26,641
5,11/09/2026 16:24,54000,temporal-action-state,12818,315869,427,5699,1038,5550,101,26,616
6,11/09/2026 16:25,54000,temporal-action-state,12922,392015,426,5789,1074,5533,97,26,636
7,11/09/2026 16:25,54000,temporal-action-state,12770,397327,427,5676,1023,5548,94,26,606
8,11/09/2026 16:25,54000,temporal-action-state,12766,389275,426,5750,1006,5489,93,26,649
9,11/09/2026 16:25,54000,temporal-action-state,12820,379959,426,5776,1008,5502,106,26,638
10,11/09/2026 16:25,54000,temporal-action-state,12997,392318,456,5826,1021,5595,96,26,638
11,11/09/2026 16:26,54000,temporal-action-state,12857,320495,424,5772,1018,5542,99,26,619
12,11/09/2026 16:26,54000,temporal-action-state,12881,357595,431,5761,1039,5551,97,26,624
13,11/09/2026 16:26,54000,temporal-action-state,12792,388252,430,5692,1008,5566,95,26,640
14,11/09/2026 16:26,54000,temporal-action-state,12857,360084,427,5791,1014,5529,93,26,619
15,11/09/2026 16:27,54000,temporal-action-state,12946,322879,436,5817,1047,5546,98,26,635
16,11/09/2026 16:27,54000,temporal-action-state,12973,391637,426,5848,1003,5596,97,26,746
17,11/09/2026 16:27,54000,temporal-action-state,12845,389422,428,5757,1048,5514,96,26,613
18,11/09/2026 16:27,54000,temporal-action-state,12964,495359,427,5842,1052,5530,111,25,630
19,11/09/2026 16:27,54000,temporal-action-state,12875,326829,428,5766,1049,5530,100,26,628
20,11/09/2026 16:28,54000,temporal-action-state,12875,389822,426,5760,1036,5552,99,26,649
21,11/09/2026 16:28,54000,temporal-action-state,12979,499100,427,5768,1035,5653,95,25,638
22,11/09/2026 16:28,54000,temporal-action-state,12885,378033,430,5772,1070,5518,93,26,614
23,11/09/2026 16:28,54000,temporal-action-state,12908,329440,433,5768,1013,5589,104,26,633
24,11/09/2026 16:29,54000,temporal-action-state,12974,394112,458,5788,1027,5602,96,26,645
25,11/09/2026 16:29,54000,temporal-action-state,12981,315263,468,5822,1020,5569,99,26,607
26,11/09/2026 16:29,54000,temporal-action-state,12863,342527,426,5709,1044,5578,103,26,616
27,11/09/2026 16:29,54000,temporal-action-state,12889,493533,427,5729,1031,5604,96,25,609
28,11/09/2026 16:29,54000,temporal-action-state,12843,385275,433,5729,1054,5530,95,26,634
29,11/09/2026 16:30,54000,temporal-action-state,12922,380242,428,5815,1015,5566,96,26,663
30,11/09/2026 16:30,54000,temporal-action-state,12762,393703,430,5736,1008,5488,97,26,612
31,11/09/2026 16:30,54000,temporal-action-state,12911,332840,425,5748,1047,5573,115,26,638
32,11/09/2026 16:30,54000,temporal-action-state,12874,386828,431,5744,1065,5536,96,26,618
33,11/09/2026 16:31,54000,temporal-action-state,12952,386836,451,5805,1004,5594,96,26,618
34,11/09/2026 16:31,54000,temporal-action-state,13053,492778,431,5916,1023,5584,97,25,702
35,11/09/2026 16:31,54000,temporal-action-state,12956,385227,431,5757,1091,5580,96,26,647
36,11/09/2026 16:31,54000,temporal-action-state,12838,389671,428,5826,1018,5468,96,26,637
37,11/09/2026 16:31,54000,temporal-action-state,12856,377220,427,5769,1054,5510,95,26,636
38,11/09/2026 16:32,54000,temporal-action-state,12929,378106,445,5812,1012,5562,96,26,625
39,11/09/2026 16:32,54000,temporal-action-state,12883,371261,427,5754,1026,5576,98,26,623
40,11/09/2026 16:32,54000,temporal-action-state,12908,340608,429,5775,1042,5556,105,26,618
41,11/09/2026 16:32,54000,temporal-action-state,12845,377361,452,5805,1011,5480,95,26,619
42,11/09/2026 16:32,54000,temporal-action-state,12868,500385,429,5701,1037,5601,98,25,594
43,11/09/2026 16:33,54000,temporal-action-state,12886,319514,430,5714,1055,5583,102,26,627
44,11/09/2026 16:33,54000,temporal-action-state,12813,390032,427,5766,1023,5490,106,26,628
45,11/09/2026 16:33,54000,temporal-action-state,12738,330786,424,5698,1074,5439,101,26,620
46,11/09/2026 16:33,54000,temporal-action-state,12912,337191,429,5754,1044,5580,103,26,629
47,11/09/2026 16:34,54000,temporal-action-state,12882,390873,428,5792,1008,5559,93,26,666
48,11/09/2026 16:34,54000,temporal-action-state,12896,386480,431,5753,1043,5569,97,26,627
49,11/09/2026 16:34,54000,temporal-action-state,12775,388101,427,5825,1009,5417,94,26,653
50,11/09/2026 16:34,54000,temporal-action-state,12899,386346,427,5757,1013,5603,97,26,672
51,11/09/2026 16:34,54000,temporal-action-state,12888,316591,426,5767,1003,5583,107,26,630
52,11/09/2026 16:35,54000,temporal-action-state,12990,327710,436,5825,1019,5606,101,26,603
53,11/09/2026 16:35,54000,temporal-action-state,12948,494816,428,5758,1029,5637,94,25,661
54,11/09/2026 16:35,54000,temporal-action-state,12913,385098,430,5793,1030,5563,96,26,632
55,11/09/2026 16:35,54000,temporal-action-state,12831,315617,428,5741,1049,5512,99,26,640
56,11/09/2026 16:36,54000,temporal-action-state,12874,393901,427,5840,1055,5455,96,26,628
57,11/09/2026 16:36,54000,temporal-action-state,12849,385470,428,5746,1063,5514,95,26,647
58,11/09/2026 16:36,54000,temporal-action-state,12831,316557,427,5749,1025,5525,103,26,621
59,11/09/2026 16:36,54000,temporal-action-state,12767,367562,426,5704,1058,5480,96,26,620
60,11/09/2026 16:36,54000,temporal-action-state,12768,375218,427,5695,1035,5513,97,26,613
61,11/09/2026 16:37,54000,temporal-action-state,12926,388511,463,5779,1012,5575,95,26,627
62,11/09/2026 16:37,54000,temporal-action-state,12849,392149,425,5745,1033,5548,96,26,614
63,11/09/2026 16:37,54000,temporal-action-state,12885,500512,431,5745,1022,5585,101,25,624
64,11/09/2026 16:37,54000,temporal-action-state,12802,387294,427,5698,1060,5509,107,26,608
65,11/09/2026 16:37,54000,temporal-action-state,12856,386727,427,5813,1031,5490,93,26,619
66,11/09/2026 16:38,54000,temporal-action-state,12919,367548,445,5842,1022,5510,98,26,719
67,11/09/2026 16:38,54000,temporal-action-state,12921,376168,427,5732,1051,5614,96,26,612
68,11/09/2026 16:38,54000,temporal-action-state,12902,383737,426,5825,1047,5507,94,26,655
69,11/09/2026 16:38,54000,temporal-action-state,13088,488522,428,5941,1021,5598,97,25,696
70,11/09/2026 16:39,54000,temporal-action-state,13060,336371,430,5874,1052,5599,103,26,643
71,11/09/2026 16:39,54000,temporal-action-state,12761,391826,425,5737,1033,5471,93,26,608
72,11/09/2026 16:39,54000,temporal-action-state,12920,388519,426,5742,1051,5602,97,26,633
73,11/09/2026 16:39,54000,temporal-action-state,13003,323385,431,5825,1043,5604,99,26,619
74,11/09/2026 16:39,54000,temporal-action-state,12839,391257,461,5760,1041,5481,93,26,629
75,11/09/2026 16:40,54000,temporal-action-state,12938,495135,429,5730,1045,5635,97,25,601
76,11/09/2026 16:40,54000,temporal-action-state,12757,388358,427,5709,1006,5517,96,26,644
77,11/09/2026 16:40,54000,temporal-action-state,12926,326027,429,5782,1042,5553,118,26,619
78,11/09/2026 16:40,54000,temporal-action-state,12900,316543,433,5832,1008,5523,102,26,727
79,11/09/2026 16:41,54000,temporal-action-state,12770,367743,430,5719,1053,5471,96,26,623
80,11/09/2026 16:41,54000,temporal-action-state,12876,482744,436,5770,1014,5547,106,25,623
81,11/09/2026 16:41,54000,temporal-action-state,12750,387006,430,5726,1030,5466,96,26,655
82,11/09/2026 16:41,54000,temporal-action-state,12798,362871,437,5747,1010,5506,96,26,632
83,11/09/2026 16:41,54000,temporal-action-state,12854,390339,426,5771,1021,5537,98,26,636
84,11/09/2026 16:42,54000,temporal-action-state,13014,491493,426,5756,1095,5627,108,25,639
85,11/09/2026 16:42,54000,temporal-action-state,12975,381907,425,5878,1001,5576,93,26,635
86,11/09/2026 16:42,54000,temporal-action-state,12910,378475,439,5797,1034,5529,110,26,619
87,11/09/2026 16:42,54000,temporal-action-state,12929,315943,423,5789,1057,5556,102,26,630
88,11/09/2026 16:42,54000,temporal-action-state,12981,318689,428,5781,1076,5594,100,26,616
89,11/09/2026 16:43,54000,temporal-action-state,12877,384247,428,5780,1050,5522,96,26,646
90,11/09/2026 16:43,54000,temporal-action-state,12864,332403,460,5760,1011,5526,104,26,612
91,11/09/2026 16:43,54000,temporal-action-state,12864,337074,428,5814,1023,5493,103,26,652
92,11/09/2026 16:43,54000,temporal-action-state,12865,378056,453,5795,1011,5510,94,26,600
93,11/09/2026 16:44,54000,temporal-action-state,12863,493471,427,5757,1016,5557,104,25,614
94,11/09/2026 16:44,54000,temporal-action-state,12823,386709,428,5783,1014,5503,94,26,621
95,11/09/2026 16:44,54000,temporal-action-state,12808,490098,427,5722,1008,5547,101,25,593
96,11/09/2026 16:44,54000,temporal-action-state,12916,368755,426,5750,1050,5585,102,26,620
97,11/09/2026 16:44,54000,temporal-action-state,12752,389879,425,5731,1009,5485,100,26,644
98,11/09/2026 16:45,54000,temporal-action-state,12997,327595,426,5825,1033,5604,108,26,621
99,11/09/2026 16:45,54000,temporal-action-state,12969,362909,429,5827,1071,5542,98,26,650
100,11/09/2026 16:45,54000,temporal-action-state,12959,385328,426,5831,1058,5532,110,26,726
101,11/09/2026 16:45,54000,temporal-action-state,12845,331599,434,5680,1040,5586,103,26,609
102,11/09/2026 16:46,54000,temporal-action-state,12849,315548,426,5709,1008,5598,106,26,610
103,11/09/2026 16:46,54000,temporal-action-state,12948,372440,427,5833,1059,5532,96,26,654
104,11/09/2026 16:46,54000,temporal-action-state,12844,315375,427,5767,1059,5490,99,26,633
105,11/09/2026 16:46,54000,temporal-action-state,12899,368327,431,5762,1077,5533,95,26,644
106,11/09/2026 16:46,54000,temporal-action-state,12890,485783,429,5757,1050,5557,94,25,615
107,11/09/2026 16:47,54000,temporal-action-state,12993,387741,440,5848,1067,5538,98,26,620
108,11/09/2026 16:47,54000,temporal-action-state,12980,387785,426,5849,1055,5545,103,26,626
109,11/09/2026 16:47,54000,temporal-action-state,12789,485694,426,5704,1015,5546,96,25,605
110,11/09/2026 16:47,54000,temporal-action-state,12942,388981,431,5836,1075,5502,96,26,670
111,11/09/2026 16:47,54000,temporal-action-state,12954,388692,427,5769,1056,5605,95,26,619
112,11/09/2026 16:48,54000,temporal-action-state,12933,375690,434,5844,1044,5515,93,26,688
113,11/09/2026 16:48,54000,temporal-action-state,12908,359007,430,5682,1062,5636,96,26,605
114,11/09/2026 16:48,54000,temporal-action-state,12773,393022,429,5705,1008,5536,93,26,631
115,11/09/2026 16:48,54000,temporal-action-state,12818,387974,436,5777,1017,5492,95,26,622
116,11/09/2026 16:49,54000,temporal-action-state,12949,385310,430,5853,1051,5521,93,26,728
117,11/09/2026 16:49,54000,temporal-action-state,12951,492408,428,5779,1062,5584,97,25,612
118,11/09/2026 16:49,54000,temporal-action-state,12884,337837,427,5755,1012,5584,104,26,650
119,11/09/2026 16:49,54000,temporal-action-state,12857,359238,428,5797,1059,5475,96,26,677
120,11/09/2026 16:49,54000,temporal-action-state,12856,394414,428,5713,1062,5541,110,26,617
121,11/09/2026 16:50,54000,temporal-action-state,12898,392620,438,5705,1070,5574,110,26,618
122,11/09/2026 16:50,54000,temporal-action-state,12958,381136,438,5793,1044,5583,98,26,628
123,11/09/2026 16:50,54000,temporal-action-state,12934,322911,426,5752,1062,5592,99,26,626
124,11/09/2026 16:50,54000,temporal-action-state,13008,386976,450,5902,1026,5536,92,26,718
125,11/09/2026 16:51,54000,temporal-action-state,12961,323614,428,5796,1061,5575,100,26,624
126,11/09/2026 16:51,54000,temporal-action-state,12974,376630,443,5860,1053,5518,98,26,638
127,11/09/2026 16:51,54000,temporal-action-state,12758,388219,428,5731,1004,5497,96,26,638
128,11/09/2026 16:51,54000,temporal-action-state,12976,488577,428,5854,1032,5566,94,25,624
129,11/09/2026 16:51,54000,temporal-action-state,12850,394161,429,5742,1014,5568,94,26,647
130,11/09/2026 16:52,54000,temporal-action-state,12823,376829,427,5744,1028,5527,96,26,630
131,11/09/2026 16:52,54000,temporal-action-state,12793,391401,434,5748,999,5513,97,26,627
132,11/09/2026 16:52,54000,temporal-action-state,12970,383929,430,5759,1041,5641,96,26,627
133,11/09/2026 16:52,54000,temporal-action-state,12928,386123,429,5813,1058,5531,96,26,639
134,11/09/2026 16:53,54000,temporal-action-state,12807,378983,433,5741,1013,5521,96,26,645
135,11/09/2026 16:53,54000,temporal-action-state,12781,372190,426,5711,1067,5480,96,26,599
136,11/09/2026 16:53,54000,temporal-action-state,13008,387081,426,5806,1031,5646,97,26,608
137,11/09/2026 16:53,54000,temporal-action-state,12843,392024,428,5751,1013,5555,95,26,640
138,11/09/2026 16:53,54000,temporal-action-state,12853,385014,425,5782,1031,5516,96,26,675
139,11/09/2026 16:54,54000,temporal-action-state,12994,382319,429,5931,1007,5529,95,26,729
140,11/09/2026 16:54,54000,temporal-action-state,12883,371944,429,5839,1017,5503,93,26,670
141,11/09/2026 16:54,54000,temporal-action-state,12856,363132,430,5726,1062,5541,95,26,611
142,11/09/2026 16:54,54000,temporal-action-state,12957,324131,430,5740,1109,5575,102,26,643
143,11/09/2026 16:54,54000,temporal-action-state,12924,386394,428,5771,1048,5577,97,26,644
144,11/09/2026 16:55,54000,temporal-action-state,12908,387215,425,5786,1009,5568,117,26,615
145,11/09/2026 16:55,54000,temporal-action-state,12993,390083,425,5849,1076,5548,92,26,734
146,11/09/2026 16:55,54000,temporal-action-state,12946,319886,430,5729,1039,5644,102,26,626
147,11/09/2026 16:55,54000,temporal-action-state,12921,388410,429,5803,1050,5540,97,26,676
148,11/09/2026 16:56,54000,temporal-action-state,12925,383918,428,5727,1040,5632,95,26,609
149,11/09/2026 16:56,54000,temporal-action-state,12798,370566,429,5729,1056,5490,92,26,609
150,11/09/2026 16:56,54000,temporal-action-state,12921,377244,425,5777,1016,5606,96,26,644
151,11/09/2026 16:56,54000,temporal-action-state,12818,387027,437,5770,1023,5493,94,26,651
152,11/09/2026 16:56,54000,temporal-action-state,12813,315209,427,5789,1064,5430,100,26,648
153,11/09/2026 16:57,54000,temporal-action-state,12933,383997,428,5766,1012,5616,109,26,642
154,11/09/2026 16:57,54000,temporal-action-state,12814,391706,427,5749,1055,5485,95,26,624
155,11/09/2026 16:57,54000,temporal-action-state,12896,388020,428,5772,1061,5536,98,26,661
156,11/09/2026 16:57,54000,temporal-action-state,12925,375028,428,5774,1084,5532,105,26,617
157,11/09/2026 16:58,54000,temporal-action-state,12869,396068,430,5769,1054,5520,95,26,650
158,11/09/2026 16:58,54000,temporal-action-state,12935,392109,446,5806,1026,5556,100,26,620
159,11/09/2026 16:58,54000,temporal-action-state,12885,384217,429,5801,1024,5536,93,26,644
160,11/09/2026 16:58,54000,temporal-action-state,12860,389795,428,5712,1053,5565,100,26,610
161,11/09/2026 16:58,54000,temporal-action-state,12834,362494,427,5757,1059,5494,95,26,633
162,11/09/2026 16:59,54000,temporal-action-state,12905,388639,427,5751,1037,5597,91,26,641
163,11/09/2026 16:59,54000,temporal-action-state,12732,371145,429,5690,1010,5507,94,26,599
164,11/09/2026 16:59,54000,temporal-action-state,12978,370627,440,5817,1028,5583,109,26,656
165,11/09/2026 16:59,54000,temporal-action-state,12791,371078,429,5708,1011,5545,95,26,627
166,11/09/2026 16:59,54000,temporal-action-state,12744,398812,431,5707,1005,5501,97,26,626
167,11/09/2026 17:00,54000,temporal-action-state,12863,365095,425,5744,1048,5551,94,26,644
168,11/09/2026 17:00,54000,temporal-action-state,12968,372186,425,5867,1059,5521,95,26,666
169,11/09/2026 17:00,54000,temporal-action-state,12884,487718,428,5737,1045,5574,98,25,625
170,11/09/2026 17:00,54000,temporal-action-state,12818,324007,426,5703,1029,5555,104,26,621
171,11/09/2026 17:01,54000,temporal-action-state,12936,336101,425,5758,1065,5581,105,26,650
172,11/09/2026 17:01,54000,temporal-action-state,12879,382941,428,5790,1021,5546,93,26,634
173,11/09/2026 17:01,54000,temporal-action-state,12827,372634,433,5734,1019,5541,98,26,621
174,11/09/2026 17:01,54000,temporal-action-state,12960,386581,427,5814,1085,5538,95,26,661
175,11/09/2026 17:01,54000,temporal-action-state,12826,373127,438,5780,1008,5503,94,26,611
176,11/09/2026 17:02,54000,temporal-action-state,12925,384552,430,5812,1017,5560,104,26,643
177,11/09/2026 17:02,54000,temporal-action-state,12913,395546,425,5808,1012,5569,96,26,649
178,11/09/2026 17:02,54000,temporal-action-state,12879,390246,430,5778,1057,5517,96,26,609
179,11/09/2026 17:02,54000,temporal-action-state,12981,323451,429,5795,1019,5634,102,26,628
180,11/09/2026 17:03,54000,temporal-action-state,12838,366192,425,5691,1018,5606,97,26,633
181,11/09/2026 17:03,54000,temporal-action-state,12901,335953,429,5735,1016,5619,100,26,629
182,11/09/2026 17:03,54000,temporal-action-state,12803,374631,426,5775,1042,5464,94,26,658
183,11/09/2026 17:03,54000,temporal-action-state,12819,331252,430,5740,1008,5541,98,26,622
184,11/09/2026 17:03,54000,temporal-action-state,13045,388218,436,5796,1046,5667,97,26,620
185,11/09/2026 17:04,54000,temporal-action-state,12895,387592,426,5837,1011,5523,96,26,668
186,11/09/2026 17:04,54000,temporal-action-state,12744,335622,424,5711,1059,5449,100,26,591
187,11/09/2026 17:04,54000,temporal-action-state,12804,353756,428,5698,1043,5539,94,26,613
188,11/09/2026 17:04,54000,temporal-action-state,12901,483884,427,5755,1057,5563,96,25,650
189,11/09/2026 17:04,54000,temporal-action-state,13057,326973,457,5833,1020,5644,101,26,680
190,11/09/2026 17:05,54000,temporal-action-state,12862,390786,425,5776,1081,5484,93,26,640
191,11/09/2026 17:05,54000,temporal-action-state,12897,395228,432,5833,1010,5525,94,26,625
192,11/09/2026 17:05,54000,temporal-action-state,12897,373026,426,5763,1058,5550,99,26,636
193,11/09/2026 17:05,54000,temporal-action-state,13063,358149,430,5916,1023,5588,104,26,652
194,11/09/2026 17:06,54000,temporal-action-state,12983,326304,432,5767,1082,5599,102,26,612
195,11/09/2026 17:06,54000,temporal-action-state,12836,387522,426,5718,1024,5567,98,26,608
196,11/09/2026 17:06,54000,temporal-action-state,12814,319618,429,5677,1051,5555,100,26,605
197,11/09/2026 17:06,54000,temporal-action-state,12813,360619,425,5740,1032,5503,110,26,638
198,11/09/2026 17:06,54000,temporal-action-state,12776,391064,427,5764,1009,5478,96,26,629
199,11/09/2026 17:07,54000,temporal-action-state,12814,393906,428,5770,1010,5506,100,26,631
200,11/09/2026 17:07,54000,temporal-action-state,12854,373632,429,5753,1065,5509,96,26,620
1,11/09/2026 17:12,67500,temporal-action-state,16017,591330,429,7271,1384,6801,131,32,857
2,11/09/2026 17:12,67500,temporal-action-state,16052,601192,453,7238,1380,6870,109,32,817
3,11/09/2026 17:13,67500,temporal-action-state,16117,469143,427,7267,1428,6884,109,32,787
4,11/09/2026 17:13,67500,temporal-action-state,15934,604402,429,7126,1382,6886,110,32,821
5,11/09/2026 17:13,67500,temporal-action-state,16180,606304,437,7273,1392,6959,116,32,788
6,11/09/2026 17:13,67500,temporal-action-state,15954,597274,436,7192,1384,6824,116,32,773
7,11/09/2026 17:14,67500,temporal-action-state,16072,601620,427,7251,1416,6863,114,32,881
8,11/09/2026 17:14,67500,temporal-action-state,15987,488384,446,7211,1410,6809,110,32,775
9,11/09/2026 17:14,67500,temporal-action-state,15855,549811,427,7142,1384,6789,110,32,804
10,11/09/2026 17:15,67500,temporal-action-state,16032,604897,425,7260,1393,6845,107,32,805
11,11/09/2026 17:15,67500,temporal-action-state,15901,411837,428,7221,1385,6746,120,32,783
12,11/09/2026 17:15,67500,temporal-action-state,15968,412465,431,7167,1385,6858,124,32,784
13,11/09/2026 17:15,67500,temporal-action-state,16040,405185,425,7269,1385,6842,117,32,798
14,11/09/2026 17:16,67500,temporal-action-state,15937,597595,429,7227,1385,6784,110,32,832
15,11/09/2026 17:16,67500,temporal-action-state,15951,579914,428,7138,1390,6882,111,32,789
16,11/09/2026 17:16,67500,temporal-action-state,16051,613333,429,7289,1401,6820,110,32,920
17,11/09/2026 17:16,67500,temporal-action-state,15965,582163,427,7156,1378,6891,112,32,802
18,11/09/2026 17:17,67500,temporal-action-state,16131,472798,432,7183,1412,6990,111,32,854
19,11/09/2026 17:17,67500,temporal-action-state,15980,568261,426,7157,1407,6877,111,32,821
20,11/09/2026 17:17,67500,temporal-action-state,16163,600853,429,7381,1367,6869,115,32,960
21,11/09/2026 17:18,67500,temporal-action-state,16031,600515,438,7202,1380,6900,109,32,782
22,11/09/2026 17:18,67500,temporal-action-state,16032,593413,432,7275,1402,6802,120,32,865
23,11/09/2026 17:18,67500,temporal-action-state,16094,597700,427,7190,1397,6968,110,32,821
24,11/09/2026 17:18,67500,temporal-action-state,16136,470301,430,7220,1431,6945,108,32,817
25,11/09/2026 17:19,67500,temporal-action-state,16015,557543,425,7148,1399,6920,121,32,763
26,11/09/2026 17:19,67500,temporal-action-state,15944,557808,436,7108,1419,6855,124,31,768
27,11/09/2026 17:19,67500,temporal-action-state,15987,601005,431,7201,1386,6858,110,32,800
28,11/09/2026 17:19,67500,temporal-action-state,15972,487075,442,7277,1387,6757,108,32,825
29,11/09/2026 17:20,67500,temporal-action-state,16130,468051,444,7229,1387,6948,121,32,791
30,11/09/2026 17:20,67500,temporal-action-state,15947,581767,428,7228,1389,6787,113,32,821
31,11/09/2026 17:20,67500,temporal-action-state,16003,505129,427,7198,1382,6874,119,32,858
32,11/09/2026 17:21,67500,temporal-action-state,15953,577809,425,7119,1412,6884,111,32,767
33,11/09/2026 17:21,67500,temporal-action-state,16067,563713,430,7293,1374,6859,108,31,864
34,11/09/2026 17:21,67500,temporal-action-state,15990,607850,440,7207,1392,6838,111,32,783
35,11/09/2026 17:21,67500,temporal-action-state,16051,606349,451,7246,1408,6833,110,32,784
36,11/09/2026 17:22,67500,temporal-action-state,16170,511891,428,7196,1401,7020,124,32,798
37,11/09/2026 17:22,67500,temporal-action-state,15954,478805,428,7193,1416,6799,117,32,759
38,11/09/2026 17:22,67500,temporal-action-state,16081,582574,448,7321,1384,6808,118,32,818
39,11/09/2026 17:22,67500,temporal-action-state,16123,466145,427,7291,1382,6913,109,32,933
40,11/09/2026 17:23,67500,temporal-action-state,15819,403958,419,7120,1383,6777,119,32,788
41,11/09/2026 17:23,67500,temporal-action-state,16176,412588,431,7269,1410,6936,127,32,777
42,11/09/2026 17:23,67500,temporal-action-state,15996,543160,427,7153,1401,6900,112,31,788
43,11/09/2026 17:23,67500,temporal-action-state,16101,577463,427,7250,1389,6918,114,32,795
44,11/09/2026 17:24,67500,temporal-action-state,16052,405360,428,7225,1410,6871,116,32,820
45,11/09/2026 17:24,67500,temporal-action-state,16040,594857,429,7199,1432,6868,110,32,796
46,11/09/2026 17:24,67500,temporal-action-state,15941,587644,429,7198,1402,6787,124,32,790
47,11/09/2026 17:25,67500,temporal-action-state,15823,414001,428,7082,1371,6818,122,32,771
48,11/09/2026 17:25,67500,temporal-action-state,16134,542269,427,7145,1409,7041,110,31,783
49,11/09/2026 17:25,67500,temporal-action-state,15823,607032,433,7125,1374,6778,110,32,804
50,11/09/2026 17:25,67500,temporal-action-state,15972,606599,427,7153,1422,6849,119,32,798
51,11/09/2026 17:26,67500,temporal-action-state,15921,591175,427,7158,1380,6845,110,32,797
52,11/09/2026 17:26,67500,temporal-action-state,15981,553818,436,7152,1396,6887,108,32,807
53,11/09/2026 17:26,67500,temporal-action-state,15979,598315,428,7200,1376,6850,124,32,817
54,11/09/2026 17:26,67500,temporal-action-state,15912,601011,426,7159,1392,6825,108,32,831
55,11/09/2026 17:27,67500,temporal-action-state,15986,490674,430,7190,1405,6849,110,32,772
56,11/09/2026 17:27,67500,temporal-action-state,15891,404856,426,7207,1399,6734,124,32,846
57,11/09/2026 17:27,67500,temporal-action-state,15890,564964,431,7089,1409,6851,109,32,765
58,11/09/2026 17:28,67500,temporal-action-state,15830,578929,424,7146,1375,6774,109,32,780
59,11/09/2026 17:28,67500,temporal-action-state,16058,592920,429,7233,1412,6870,112,32,816
60,11/09/2026 17:28,67500,temporal-action-state,16061,518710,438,7147,1397,6963,114,31,765
61,11/09/2026 17:28,67500,temporal-action-state,15947,580928,424,7238,1397,6776,110,32,876
62,11/09/2026 17:29,67500,temporal-action-state,15819,567083,427,7121,1385,6777,107,32,789
63,11/09/2026 17:29,67500,temporal-action-state,16068,594209,424,7211,1378,6941,112,32,803
64,11/09/2026 17:29,67500,temporal-action-state,16065,578268,435,7196,1392,6922,118,32,814
65,11/09/2026 17:29,67500,temporal-action-state,15970,557236,424,7121,1398,6919,106,31,792
66,11/09/2026 17:30,67500,temporal-action-state,16071,404628,437,7137,1416,6960,118,32,826
67,11/09/2026 17:30,67500,temporal-action-state,15985,432065,423,7165,1398,6889,109,32,816
68,11/09/2026 17:30,67500,temporal-action-state,15962,395130,430,7180,1434,6793,124,32,778
69,11/09/2026 17:30,67500,temporal-action-state,15959,583172,428,7164,1400,6852,112,32,805
70,11/09/2026 17:31,67500,temporal-action-state,16085,486139,428,7245,1386,6902,122,32,808
71,11/09/2026 17:31,67500,temporal-action-state,15869,593340,428,7147,1376,6793,124,32,772
72,11/09/2026 17:31,67500,temporal-action-state,16027,555417,427,7202,1417,6866,114,32,824
73,11/09/2026 17:32,67500,temporal-action-state,16151,592473,427,7270,1384,6956,111,32,916
74,11/09/2026 17:32,67500,temporal-action-state,15993,599450,437,7180,1400,6861,112,32,814
75,11/09/2026 17:32,67500,temporal-action-state,15972,552893,438,7223,1393,6806,109,32,781
76,11/09/2026 17:32,67500,temporal-action-state,16082,409225,428,7195,1399,6938,121,32,782
77,11/09/2026 17:33,67500,temporal-action-state,16193,575221,428,7397,1425,6831,111,32,884
78,11/09/2026 17:33,67500,temporal-action-state,15924,409670,430,7123,1390,6861,119,32,756
79,11/09/2026 17:33,67500,temporal-action-state,15907,554474,425,7141,1403,6817,120,31,819
80,11/09/2026 17:33,67500,temporal-action-state,16013,409097,427,7167,1404,6896,118,32,782
81,11/09/2026 17:34,67500,temporal-action-state,15994,560633,428,7177,1394,6881,112,32,831
82,11/09/2026 17:34,67500,temporal-action-state,16013,595178,427,7229,1406,6840,108,32,800
83,11/09/2026 17:34,67500,temporal-action-state,15916,552471,428,7066,1379,6929,113,31,761
84,11/09/2026 17:35,67500,temporal-action-state,16048,505073,429,7194,1384,6921,119,32,805
85,11/09/2026 17:35,67500,temporal-action-state,15987,596406,429,7161,1409,6855,132,32,791
86,11/09/2026 17:35,67500,temporal-action-state,15985,581399,453,7195,1393,6827,114,32,772
87,11/09/2026 17:35,67500,temporal-action-state,15995,605525,426,7173,1406,6878,110,32,847
88,11/09/2026 17:36,67500,temporal-action-state,16039,587069,430,7233,1408,6857,109,32,792
89,11/09/2026 17:36,67500,temporal-action-state,15964,568507,428,7200,1400,6824,109,32,797
90,11/09/2026 17:36,67500,temporal-action-state,16054,412323,426,7206,1394,6912,116,32,863
91,11/09/2026 17:36,67500,temporal-action-state,16088,606837,427,7293,1367,6891,109,32,865
92,11/09/2026 17:37,67500,temporal-action-state,15906,607176,455,7140,1381,6820,108,32,783
93,11/09/2026 17:37,67500,temporal-action-state,16023,584965,431,7154,1435,6888,114,32,808
94,11/09/2026 17:37,67500,temporal-action-state,15965,507990,428,7108,1379,6930,118,32,783
95,11/09/2026 17:38,67500,temporal-action-state,16064,521859,427,7210,1388,6929,109,32,786
96,11/09/2026 17:38,67500,temporal-action-state,16166,519787,445,7195,1387,7027,110,32,844
97,11/09/2026 17:38,67500,temporal-action-state,15876,556680,430,7120,1374,6843,107,32,794
98,11/09/2026 17:38,67500,temporal-action-state,16050,448419,428,7151,1388,6972,109,32,770
99,11/09/2026 17:39,67500,temporal-action-state,15904,399675,428,7183,1391,6781,119,32,813
100,11/09/2026 17:39,67500,temporal-action-state,16006,592880,435,7258,1389,6813,108,31,810
101,11/09/2026 17:39,67500,temporal-action-state,16007,409027,426,7219,1396,6840,125,32,777
102,11/09/2026 17:39,67500,temporal-action-state,16002,550923,427,7213,1384,6866,111,31,890
103,11/09/2026 17:40,67500,temporal-action-state,16081,603041,437,7300,1379,6848,115,32,823
104,11/09/2026 17:40,67500,temporal-action-state,16014,596877,425,7165,1404,6901,117,32,813
105,11/09/2026 17:40,67500,temporal-action-state,16018,521741,425,7207,1382,6886,115,32,802
106,11/09/2026 17:40,67500,temporal-action-state,15985,529207,427,7152,1405,6888,111,32,821
107,11/09/2026 17:41,67500,temporal-action-state,16087,561469,441,7316,1394,6824,110,32,895
108,11/09/2026 17:41,67500,temporal-action-state,15921,602230,428,7176,1385,6815,115,32,797
109,11/09/2026 17:41,67500,temporal-action-state,15907,581573,425,7227,1378,6764,111,32,782
110,11/09/2026 17:42,67500,temporal-action-state,16160,557429,428,7366,1401,6856,107,32,890
111,11/09/2026 17:42,67500,temporal-action-state,16000,596927,429,7240,1414,6802,112,32,814
112,11/09/2026 17:42,67500,temporal-action-state,15932,593407,426,7163,1389,6836,116,32,825
113,11/09/2026 17:42,67500,temporal-action-state,16077,398986,429,7276,1394,6858,118,32,799
114,11/09/2026 17:43,67500,temporal-action-state,15915,600916,426,7103,1409,6860,115,32,772
115,11/09/2026 17:43,67500,temporal-action-state,15849,505276,427,7109,1372,6825,113,32,764
116,11/09/2026 17:43,67500,temporal-action-state,15960,542696,444,7146,1414,6838,116,32,800
117,11/09/2026 17:43,67500,temporal-action-state,16033,491954,426,7162,1394,6938,111,32,785
118,11/09/2026 17:44,67500,temporal-action-state,16115,559925,430,7188,1397,6985,114,32,785
119,11/09/2026 17:44,67500,temporal-action-state,15999,609328,429,7150,1402,6907,110,32,796
120,11/09/2026 17:44,67500,temporal-action-state,16058,533291,426,7231,1394,6892,114,32,879
121,11/09/2026 17:45,67500,temporal-action-state,16082,562288,425,7280,1412,6850,113,32,822
122,11/09/2026 17:45,67500,temporal-action-state,15897,561557,434,7131,1394,6826,109,32,785
123,11/09/2026 17:45,67500,temporal-action-state,16084,486679,447,7186,1414,6924,111,32,771
124,11/09/2026 17:45,67500,temporal-action-state,16008,563558,428,7272,1390,6808,109,32,782
125,11/09/2026 17:46,67500,temporal-action-state,16224,580259,434,7355,1395,6928,110,32,898
126,11/09/2026 17:46,67500,temporal-action-state,16102,576482,430,7188,1390,6958,133,32,787
127,11/09/2026 17:46,67500,temporal-action-state,15895,605764,428,7158,1392,6807,109,32,774
128,11/09/2026 17:46,67500,temporal-action-state,16026,399302,428,7222,1382,6874,118,32,820
129,11/09/2026 17:47,67500,temporal-action-state,16041,577044,426,7157,1405,6941,110,32,807
130,11/09/2026 17:47,67500,temporal-action-state,15913,455039,423,7099,1401,6879,108,32,766
131,11/09/2026 17:47,67500,temporal-action-state,15951,597261,430,7212,1374,6824,109,32,816
132,11/09/2026 17:47,67500,temporal-action-state,15930,557993,427,7198,1396,6786,121,32,828
133,11/09/2026 17:48,67500,temporal-action-state,16047,554031,428,7217,1391,6896,112,31,785
134,11/09/2026 17:48,67500,temporal-action-state,15966,563740,439,7168,1405,6842,111,32,802
135,11/09/2026 17:48,67500,temporal-action-state,15851,592682,428,7173,1382,6757,110,32,788
136,11/09/2026 17:49,67500,temporal-action-state,16041,592222,429,7246,1378,6877,110,32,864
137,11/09/2026 17:49,67500,temporal-action-state,16008,601224,444,7156,1400,6882,124,32,822
138,11/09/2026 17:49,67500,temporal-action-state,16097,605505,430,7228,1405,6921,111,32,778
139,11/09/2026 17:49,67500,temporal-action-state,16022,599393,427,7223,1384,6878,109,32,809
140,11/09/2026 17:50,67500,temporal-action-state,15995,557143,429,7150,1378,6926,111,31,770
141,11/09/2026 17:50,67500,temporal-action-state,16078,490029,432,7305,1443,6785,112,32,884
142,11/09/2026 17:50,67500,temporal-action-state,15951,604874,436,7165,1384,6853,111,32,807
143,11/09/2026 17:50,67500,temporal-action-state,16069,413024,436,7123,1395,6996,116,32,784
144,11/09/2026 17:51,67500,temporal-action-state,15980,507007,437,7172,1403,6857,109,31,755
145,11/09/2026 17:51,67500,temporal-action-state,16024,419818,433,7132,1387,6951,119,32,803
146,11/09/2026 17:51,67500,temporal-action-state,16030,544497,425,7181,1387,6920,115,31,776
147,11/09/2026 17:52,67500,temporal-action-state,16014,526797,427,7168,1419,6888,110,32,794
148,11/09/2026 17:52,67500,temporal-action-state,15957,593615,437,7143,1396,6865,113,32,792
149,11/09/2026 17:52,67500,temporal-action-state,16131,488056,432,7210,1410,6960,118,32,798
150,11/09/2026 17:52,67500,temporal-action-state,15916,502794,426,7116,1402,6860,110,32,777
151,11/09/2026 17:53,67500,temporal-action-state,15978,571396,432,7196,1409,6830,109,32,810
152,11/09/2026 17:53,67500,temporal-action-state,15879,581188,429,7135,1404,6793,116,32,815
153,11/09/2026 17:53,67500,temporal-action-state,16022,596739,448,7157,1377,6926,112,32,775
154,11/09/2026 17:53,67500,temporal-action-state,15960,409021,427,7228,1387,6793,123,32,849
155,11/09/2026 17:54,67500,temporal-action-state,15986,513616,430,7138,1418,6887,111,32,784
156,11/09/2026 17:54,67500,temporal-action-state,16077,491321,428,7186,1450,6899,111,32,781
157,11/09/2026 17:54,67500,temporal-action-state,16106,597870,436,7250,1387,6923,109,32,800
158,11/09/2026 17:55,67500,temporal-action-state,15840,595485,428,7123,1401,6776,110,32,812
159,11/09/2026 17:55,67500,temporal-action-state,16006,508820,427,7166,1381,6921,108,32,803
160,11/09/2026 17:55,67500,temporal-action-state,16090,497213,426,7293,1395,6851,122,32,766
161,11/09/2026 17:55,67500,temporal-action-state,15972,556644,430,7147,1387,6886,119,32,790
162,11/09/2026 17:56,67500,temporal-action-state,15842,570201,428,7110,1376,6818,107,32,779
163,11/09/2026 17:56,67500,temporal-action-state,16018,581849,435,7203,1399,6869,110,32,827
164,11/09/2026 17:56,67500,temporal-action-state,15992,574027,435,7256,1400,6789,109,32,817
165,11/09/2026 17:56,67500,temporal-action-state,15921,597131,428,7192,1398,6789,112,31,779
166,11/09/2026 17:57,67500,temporal-action-state,15917,565699,430,7181,1389,6805,109,32,771
167,11/09/2026 17:57,67500,temporal-action-state,16025,584675,431,7138,1398,6944,112,32,779
168,11/09/2026 17:57,67500,temporal-action-state,16146,528709,425,7338,1428,6843,110,32,932
169,11/09/2026 17:57,67500,temporal-action-state,16080,497736,425,7231,1400,6912,110,32,873
170,11/09/2026 17:58,67500,temporal-action-state,15879,490875,440,7129,1373,6825,111,32,817
171,11/09/2026 17:58,67500,temporal-action-state,16040,591734,429,7178,1437,6883,110,32,820
172,11/09/2026 17:58,67500,temporal-action-state,16046,605320,431,7221,1388,6890,115,32,789
173,11/09/2026 17:59,67500,temporal-action-state,15895,591767,429,7147,1391,6818,110,32,809
174,11/09/2026 17:59,67500,temporal-action-state,16131,513785,427,7323,1407,6859,113,32,856
175,11/09/2026 17:59,67500,temporal-action-state,15878,570389,424,7153,1381,6806,112,32,775
176,11/09/2026 17:59,67500,temporal-action-state,16078,484173,426,7233,1399,6907,111,32,814
177,11/09/2026 18:00,67500,temporal-action-state,15991,595717,428,7120,1408,6924,110,32,768
178,11/09/2026 18:00,67500,temporal-action-state,16166,521463,436,7246,1384,6986,113,32,800
179,11/09/2026 18:00,67500,temporal-action-state,15956,605489,429,7179,1417,6819,110,32,792
180,11/09/2026 18:00,67500,temporal-action-state,15882,409120,430,7185,1376,6763,125,32,779
181,11/09/2026 18:01,67500,temporal-action-state,15917,408482,435,7167,1376,6824,113,32,799
182,11/09/2026 18:01,67500,temporal-action-state,15855,506212,428,7110,1380,6825,110,32,836
183,11/09/2026 18:01,67500,temporal-action-state,15972,494160,450,7141,1376,6894,108,32,755
184,11/09/2026 18:02,67500,temporal-action-state,16031,596348,452,7177,1415,6876,109,32,789
185,11/09/2026 18:02,67500,temporal-action-state,16168,603159,447,7318,1406,6886,110,32,831
186,11/09/2026 18:02,67500,temporal-action-state,16083,500366,432,7183,1378,6978,111,32,808
187,11/09/2026 18:02,67500,temporal-action-state,15995,601531,427,7184,1414,6858,109,32,771
188,11/09/2026 18:03,67500,temporal-action-state,15871,560730,426,7184,1383,6755,120,32,776
189,11/09/2026 18:03,67500,temporal-action-state,16140,577020,429,7234,1420,6945,110,32,818
190,11/09/2026 18:03,67500,temporal-action-state,15987,408495,424,7163,1434,6840,124,32,813
191,11/09/2026 18:03,67500,temporal-action-state,15850,567181,428,7107,1404,6795,113,32,744
192,11/09/2026 18:04,67500,temporal-action-state,15917,597842,424,7156,1393,6829,114,32,768
193,11/09/2026 18:04,67500,temporal-action-state,15902,412919,433,7136,1376,6838,116,32,781
194,11/09/2026 18:04,67500,temporal-action-state,16022,513345,435,7113,1411,6945,116,32,779
195,11/09/2026 18:04,67500,temporal-action-state,15899,596086,432,7133,1393,6820,120,32,767
196,11/09/2026 18:05,67500,temporal-action-state,16007,604335,429,7147,1387,6929,113,32,791
197,11/09/2026 18:05,67500,temporal-action-state,16124,592167,431,7208,1383,6985,114,32,770
198,11/09/2026 18:05,67500,temporal-action-state,15965,580283,428,7213,1391,6822,109,32,844
199,11/09/2026 18:06,67500,temporal-action-state,15985,548890,446,7269,1380,6776,112,32,862
200,11/09/2026 18:06,67500,temporal-action-state,16084,580573,430,7235,1404,6905,109,32,809
1,11/09/2026 18:11,81000,temporal-action-state,19486,532518,426,8754,1745,8417,142,38,1002
2,11/09/2026 18:11,81000,temporal-action-state,19353,698115,430,8672,1797,8318,135,38,1033
3,11/09/2026 18:12,81000,temporal-action-state,19408,706711,427,8636,1787,8421,133,38,979
4,11/09/2026 18:12,81000,temporal-action-state,19491,699534,426,8681,1775,8475,132,38,1045
5,11/09/2026 18:12,81000,temporal-action-state,19467,523921,426,8672,1810,8415,142,39,1001
6,11/09/2026 18:13,81000,temporal-action-state,19563,704747,427,8621,1803,8576,134,38,979
7,11/09/2026 18:13,81000,temporal-action-state,19458,524063,432,8677,1765,8445,137,38,968
8,11/09/2026 18:13,81000,temporal-action-state,19579,700981,428,8804,1779,8432,134,38,1163
9,11/09/2026 18:14,81000,temporal-action-state,19528,650207,429,8731,1784,8440,142,38,1030
10,11/09/2026 18:14,81000,temporal-action-state,19509,703870,426,8685,1811,8447,138,38,1080
11,11/09/2026 18:14,81000,temporal-action-state,19476,519982,429,8689,1765,8449,142,38,989
12,11/09/2026 18:15,81000,temporal-action-state,19541,510084,425,8575,1746,8649,144,38,973
13,11/09/2026 18:15,81000,temporal-action-state,19486,519538,443,8760,1783,8346,151,38,1008
14,11/09/2026 18:15,81000,temporal-action-state,19527,695018,449,8738,1793,8418,127,38,992
15,11/09/2026 18:16,81000,temporal-action-state,19608,520644,429,8763,1814,8449,152,38,1020
16,11/09/2026 18:16,81000,temporal-action-state,19678,713164,428,8789,1798,8532,129,38,1022
17,11/09/2026 18:16,81000,temporal-action-state,19575,702053,451,8804,1801,8384,133,38,956
18,11/09/2026 18:17,81000,temporal-action-state,19310,694391,424,8647,1795,8314,128,38,979
19,11/09/2026 18:17,81000,temporal-action-state,19447,657223,427,8637,1788,8464,129,37,957
20,11/09/2026 18:17,81000,temporal-action-state,19452,640654,426,8707,1792,8393,131,38,1064
21,11/09/2026 18:18,81000,temporal-action-state,19597,709308,438,8741,1798,8477,141,38,1059
22,11/09/2026 18:18,81000,temporal-action-state,19455,702678,426,8771,1780,8344,132,38,1053
23,11/09/2026 18:18,81000,temporal-action-state,19411,664511,437,8677,1790,8370,135,38,998
24,11/09/2026 18:19,81000,temporal-action-state,19524,563846,428,8652,1849,8462,132,38,990
25,11/09/2026 18:19,81000,temporal-action-state,19450,620289,430,8652,1778,8455,133,38,1004
26,11/09/2026 18:19,81000,temporal-action-state,19592,519732,427,8719,1752,8552,140,38,1055
27,11/09/2026 18:20,81000,temporal-action-state,19475,515878,427,8762,1747,8386,152,38,1011
28,11/09/2026 18:20,81000,temporal-action-state,19675,533964,428,8729,1807,8567,142,38,1025
29,11/09/2026 18:20,81000,temporal-action-state,19235,510215,431,8609,1762,8281,151,38,965
30,11/09/2026 18:21,81000,temporal-action-state,19684,657507,436,8861,1758,8497,130,37,1075
31,11/09/2026 18:21,81000,temporal-action-state,19648,592002,441,8746,1776,8548,134,38,1035
32,11/09/2026 18:21,81000,temporal-action-state,19706,709224,428,8752,1801,8592,131,38,1030
33,11/09/2026 18:22,81000,temporal-action-state,19338,519480,439,8540,1788,8433,136,38,969
34,11/09/2026 18:22,81000,temporal-action-state,19345,689508,427,8633,1782,8365,136,38,967
35,11/09/2026 18:22,81000,temporal-action-state,19400,524320,424,8738,1760,8342,134,38,960
36,11/09/2026 18:23,81000,temporal-action-state,19508,505880,444,8645,1821,8458,138,38,1014
37,11/09/2026 18:23,81000,temporal-action-state,19461,622980,425,8705,1750,8448,131,38,975
38,11/09/2026 18:23,81000,temporal-action-state,19484,497117,431,8608,1770,8520,153,38,934
39,11/09/2026 18:24,81000,temporal-action-state,19411,520392,432,8608,1792,8439,137,38,991
40,11/09/2026 18:24,81000,temporal-action-state,19723,614515,428,8695,1823,8641,133,38,1024
41,11/09/2026 18:24,81000,temporal-action-state,19496,565359,428,8675,1770,8492,129,38,962
42,11/09/2026 18:25,81000,temporal-action-state,19564,519186,435,8781,1758,8451,138,38,1037
43,11/09/2026 18:25,81000,temporal-action-state,19459,690755,448,8666,1799,8405,139,38,1002
44,11/09/2026 18:25,81000,temporal-action-state,19640,689660,457,8778,1818,8443,142,38,1005
45,11/09/2026 18:26,81000,temporal-action-state,19384,519222,428,8673,1755,8391,134,38,1021
46,11/09/2026 18:26,81000,temporal-action-state,19352,690115,426,8641,1781,8375,127,38,947
47,11/09/2026 18:26,81000,temporal-action-state,19384,520136,427,8655,1801,8363,136,38,978
48,11/09/2026 18:27,81000,temporal-action-state,19713,533243,428,8737,1798,8605,144,38,1025
49,11/09/2026 18:27,81000,temporal-action-state,19450,621620,441,8696,1785,8393,133,38,1000
50,11/09/2026 18:27,81000,temporal-action-state,19443,629442,424,8626,1773,8483,135,37,969
51,11/09/2026 18:28,81000,temporal-action-state,19380,632523,426,8598,1747,8474,132,37,958
52,11/09/2026 18:28,81000,temporal-action-state,19406,636942,428,8651,1748,8443,135,37,1014
53,11/09/2026 18:28,81000,temporal-action-state,19364,608798,426,8641,1767,8394,134,38,938
54,11/09/2026 18:29,81000,temporal-action-state,19181,622227,427,8550,1758,8309,135,38,967
55,11/09/2026 18:29,81000,temporal-action-state,19692,588058,427,8769,1796,8564,135,38,1030
56,11/09/2026 18:29,81000,temporal-action-state,19408,696884,426,8602,1761,8486,130,38,984
57,11/09/2026 18:30,81000,temporal-action-state,19469,520287,427,8682,1791,8408,158,38,1004
58,11/09/2026 18:30,81000,temporal-action-state,19842,631419,427,8824,1780,8672,138,37,1001
59,11/09/2026 18:30,81000,temporal-action-state,19602,603490,429,8768,1764,8502,136,38,1085
60,11/09/2026 18:31,81000,temporal-action-state,19301,713279,427,8643,1761,8335,133,37,931
61,11/09/2026 18:31,81000,temporal-action-state,19648,632253,432,8673,1776,8628,137,37,967
62,11/09/2026 18:31,81000,temporal-action-state,19609,612734,447,8771,1795,8463,132,38,1005
63,11/09/2026 18:32,81000,temporal-action-state,19439,644708,426,8680,1746,8456,129,37,1011
64,11/09/2026 18:32,81000,temporal-action-state,19423,556297,427,8693,1769,8396,136,38,1009
65,11/09/2026 18:32,81000,temporal-action-state,19613,593242,434,8679,1789,8575,134,37,986
66,11/09/2026 18:32,81000,temporal-action-state,19510,497052,427,8635,1825,8474,146,39,1028
67,11/09/2026 18:33,81000,temporal-action-state,19578,688482,431,8747,1777,8480,140,38,1013
68,11/09/2026 18:33,81000,temporal-action-state,19371,515395,427,8712,1740,8353,136,38,953
69,11/09/2026 18:33,81000,temporal-action-state,19407,533166,426,8621,1775,8440,143,38,1004
70,11/09/2026 18:34,81000,temporal-action-state,19567,518888,428,8681,1797,8511,148,38,989
71,11/09/2026 18:34,81000,temporal-action-state,19582,518554,438,8761,1757,8484,139,38,1087
72,11/09/2026 18:34,81000,temporal-action-state,19682,613324,429,8764,1801,8553,134,38,995
73,11/09/2026 18:35,81000,temporal-action-state,19633,687635,441,8716,1826,8505,142,38,994
74,11/09/2026 18:35,81000,temporal-action-state,19497,640379,429,8683,1779,8472,132,37,981
75,11/09/2026 18:35,81000,temporal-action-state,19778,514312,424,8746,1767,8701,139,38,1023
76,11/09/2026 18:36,81000,temporal-action-state,19542,509724,426,8670,1758,8537,148,38,968
77,11/09/2026 18:36,81000,temporal-action-state,19504,608660,466,8694,1777,8436,130,38,978
78,11/09/2026 18:36,81000,temporal-action-state,19519,644209,425,8755,1748,8459,130,37,990
79,11/09/2026 18:37,81000,temporal-action-state,19870,702782,441,8781,1786,8725,134,38,1015
80,11/09/2026 18:37,81000,temporal-action-state,19612,511035,426,8707,1785,8547,145,38,997
81,11/09/2026 18:37,81000,temporal-action-state,19273,647267,427,8572,1772,8366,134,38,965
82,11/09/2026 18:38,81000,temporal-action-state,19403,701635,424,8626,1784,8435,132,38,1025
83,11/09/2026 18:38,81000,temporal-action-state,19531,688285,436,8664,1796,8503,130,38,992
84,11/09/2026 18:38,81000,temporal-action-state,19489,686720,427,8777,1787,8359,137,38,1098
85,11/09/2026 18:39,81000,temporal-action-state,19494,697386,427,8711,1793,8428,133,38,973
86,11/09/2026 18:39,81000,temporal-action-state,19410,566218,426,8668,1742,8440,132,38,1085
87,11/09/2026 18:39,81000,temporal-action-state,19425,520484,424,8614,1763,8483,139,38,1000
88,11/09/2026 18:40,81000,temporal-action-state,19423,706685,427,8646,1797,8420,130,38,1027
89,11/09/2026 18:40,81000,temporal-action-state,19527,645896,427,8755,1757,8456,129,37,982
90,11/09/2026 18:40,81000,temporal-action-state,19505,608241,426,8663,1766,8517,130,38,1072
91,11/09/2026 18:41,81000,temporal-action-state,19384,668403,430,8738,1743,8334,135,37,988
92,11/09/2026 18:41,81000,temporal-action-state,19504,631880,426,8657,1800,8476,143,38,1004
93,11/09/2026 18:41,81000,temporal-action-state,19699,492139,428,8837,1781,8504,146,38,1048
94,11/09/2026 18:42,81000,temporal-action-state,19625,633297,427,8758,1776,8529,134,37,1002
95,11/09/2026 18:42,81000,temporal-action-state,19480,524445,426,8621,1762,8534,135,38,1003
96,11/09/2026 18:42,81000,temporal-action-state,19571,693282,427,8680,1789,8525,149,38,1009
97,11/09/2026 18:43,81000,temporal-action-state,19578,606503,445,8684,1790,8528,128,38,1070
98,11/09/2026 18:43,81000,temporal-action-state,19496,661009,432,8685,1795,8447,134,37,960
99,11/09/2026 18:43,81000,temporal-action-state,19455,532705,430,8693,1801,8380,148,38,971
100,11/09/2026 18:44,81000,temporal-action-state,19512,526978,426,8602,1800,8540,142,38,951
101,11/09/2026 18:44,81000,temporal-action-state,19581,547753,428,8695,1762,8564,130,38,1016
102,11/09/2026 18:44,81000,temporal-action-state,19503,619839,427,8583,1785,8569,136,38,994
103,11/09/2026 18:45,81000,temporal-action-state,19490,515666,434,8665,1792,8457,140,38,972
104,11/09/2026 18:45,81000,temporal-action-state,19537,556111,427,8685,1771,8516,136,38,983
105,11/09/2026 18:45,81000,temporal-action-state,19351,655820,444,8625,1771,8379,129,38,963
106,11/09/2026 18:46,81000,temporal-action-state,19533,603034,426,8674,1752,8546,134,38,999
107,11/09/2026 18:46,81000,temporal-action-state,19458,533578,428,8675,1774,8425,155,38,958
108,11/09/2026 18:46,81000,temporal-action-state,19483,593375,451,8676,1761,8459,133,38,1006
109,11/09/2026 18:47,81000,temporal-action-state,19567,710004,434,8772,1796,8430,133,38,1020
110,11/09/2026 18:47,81000,temporal-action-state,19677,576388,428,8678,1804,8613,151,38,979
111,11/09/2026 18:47,81000,temporal-action-state,19506,708498,430,8782,1785,8374,133,38,1037
112,11/09/2026 18:48,81000,temporal-action-state,19606,631799,436,8700,1764,8573,131,37,940
113,11/09/2026 18:48,81000,temporal-action-state,19503,632462,429,8637,1764,8542,130,37,966
114,11/09/2026 18:48,81000,temporal-action-state,19420,514787,437,8662,1764,8401,153,38,1001
115,11/09/2026 18:49,81000,temporal-action-state,19555,695220,429,8702,1819,8468,134,38,1004
116,11/09/2026 18:49,81000,temporal-action-state,19627,537731,455,8682,1795,8534,160,38,1045
117,11/09/2026 18:49,81000,temporal-action-state,19379,718266,426,8631,1781,8404,135,38,1048
118,11/09/2026 18:50,81000,temporal-action-state,19696,694161,433,8746,1806,8583,126,38,1048
119,11/09/2026 18:50,81000,temporal-action-state,19357,519415,433,8687,1761,8335,139,38,974
120,11/09/2026 18:50,81000,temporal-action-state,19413,713743,426,8652,1782,8423,128,38,1028
121,11/09/2026 18:51,81000,temporal-action-state,19430,515323,427,8657,1780,8426,138,38,994
122,11/09/2026 18:51,81000,temporal-action-state,19652,652603,427,8737,1767,8584,134,37,1007
123,11/09/2026 18:51,81000,temporal-action-state,19424,511354,424,8696,1767,8378,157,38,976
124,11/09/2026 18:52,81000,temporal-action-state,19442,524513,449,8678,1759,8409,144,38,981
125,11/09/2026 18:52,81000,temporal-action-state,19480,574215,427,8590,1813,8520,127,38,962
126,11/09/2026 18:52,81000,temporal-action-state,19490,639754,426,8668,1755,8508,131,37,1003
127,11/09/2026 18:53,81000,temporal-action-state,19452,596889,451,8713,1754,8395,136,38,988
128,11/09/2026 18:53,81000,temporal-action-state,19418,510324,430,8685,1759,8403,139,38,1003
129,11/09/2026 18:53,81000,temporal-action-state,19615,615688,442,8745,1765,8511,150,38,988
130,11/09/2026 18:54,81000,temporal-action-state,19572,711815,428,8704,1835,8469,134,38,1035
131,11/09/2026 18:54,81000,temporal-action-state,19442,708839,428,8625,1828,8424,135,38,1033
132,11/09/2026 18:54,81000,temporal-action-state,19326,560463,425,8655,1756,8356,132,38,983
133,11/09/2026 18:54,81000,temporal-action-state,19594,637410,450,8748,1786,8475,132,38,1096
134,11/09/2026 18:55,81000,temporal-action-state,19513,660200,424,8599,1755,8592,140,37,966
135,11/09/2026 18:55,81000,temporal-action-state,19411,716586,431,8630,1789,8419,140,38,1046
136,11/09/2026 18:55,81000,temporal-action-state,19434,600871,429,8653,1784,8435,132,38,1019
137,11/09/2026 18:56,81000,temporal-action-state,19398,518923,428,8640,1748,8443,136,38,974
138,11/09/2026 18:56,81000,temporal-action-state,19444,704260,428,8644,1789,8444,136,38,1040
139,11/09/2026 18:56,81000,temporal-action-state,19544,703976,427,8710,1784,8481,140,38,1009
140,11/09/2026 18:57,81000,temporal-action-state,19560,580158,444,8665,1785,8527,137,38,1026
141,11/09/2026 18:57,81000,temporal-action-state,19469,520058,427,8669,1776,8456,138,38,1008
142,11/09/2026 18:57,81000,temporal-action-state,19486,591427,425,8702,1760,8471,127,38,1020
143,11/09/2026 18:58,81000,temporal-action-state,19465,562559,427,8776,1789,8339,132,38,1066
144,11/09/2026 18:58,81000,temporal-action-state,19327,708099,429,8626,1791,8338,142,38,974
145,11/09/2026 18:58,81000,temporal-action-state,19542,716491,453,8695,1780,8472,140,38,1068
146,11/09/2026 18:59,81000,temporal-action-state,19466,690466,447,8763,1767,8348,138,37,945
147,11/09/2026 18:59,81000,temporal-action-state,19405,700793,439,8709,1790,8330,136,38,964
148,11/09/2026 18:59,81000,temporal-action-state,19505,714704,426,8738,1796,8413,130,38,1003
149,11/09/2026 19:00,81000,temporal-action-state,19657,694761,436,8821,1772,8497,130,38,1003
150,11/09/2026 19:00,81000,temporal-action-state,19608,722056,429,8626,1791,8606,153,38,1032
151,11/09/2026 19:00,81000,temporal-action-state,19532,515165,428,8760,1760,8424,158,38,1014
152,11/09/2026 19:01,81000,temporal-action-state,19484,698681,428,8671,1805,8444,132,38,1014
153,11/09/2026 19:01,81000,temporal-action-state,19532,688490,425,8671,1827,8446,161,38,1056
154,11/09/2026 19:01,81000,temporal-action-state,19321,608934,434,8573,1788,8392,132,38,988
155,11/09/2026 19:02,81000,temporal-action-state,19778,515207,440,8970,1780,8444,142,38,1071
156,11/09/2026 19:02,81000,temporal-action-state,19423,573440,430,8731,1756,8374,130,38,1005
157,11/09/2026 19:02,81000,temporal-action-state,19576,632345,456,8690,1796,8494,138,38,1041
158,11/09/2026 19:03,81000,temporal-action-state,19482,511138,431,8678,1785,8450,137,38,983
159,11/09/2026 19:03,81000,temporal-action-state,19398,696636,427,8688,1779,8368,134,38,1058
160,11/09/2026 19:03,81000,temporal-action-state,19284,627638,427,8599,1749,8375,131,37,955
161,11/09/2026 19:04,81000,temporal-action-state,19569,519347,425,8790,1760,8457,135,38,1107
162,11/09/2026 19:04,81000,temporal-action-state,19451,519985,428,8576,1800,8504,141,38,985
163,11/09/2026 19:04,81000,temporal-action-state,19711,506466,440,8768,1761,8596,145,38,1020
164,11/09/2026 19:05,81000,temporal-action-state,19438,684036,440,8683,1790,8380,142,38,974
165,11/09/2026 19:05,81000,temporal-action-state,19508,631935,426,8684,1747,8513,136,37,975
166,11/09/2026 19:05,81000,temporal-action-state,19528,505454,425,8631,1762,8565,143,38,985
167,11/09/2026 19:06,81000,temporal-action-state,19373,625540,425,8628,1789,8391,138,38,985
168,11/09/2026 19:06,81000,temporal-action-state,19450,515466,428,8686,1750,8445,139,38,1066
169,11/09/2026 19:06,81000,temporal-action-state,19374,524850,428,8600,1766,8435,142,38,954
170,11/09/2026 19:07,81000,temporal-action-state,19388,534879,430,8596,1744,8477,139,38,1002
171,11/09/2026 19:07,81000,temporal-action-state,19452,516016,429,8647,1749,8483,143,38,952
172,11/09/2026 19:07,81000,temporal-action-state,19742,702526,427,8803,1780,8589,141,38,986
173,11/09/2026 19:08,81000,temporal-action-state,19433,582063,433,8650,1751,8460,137,38,1022
174,11/09/2026 19:08,81000,temporal-action-state,19545,590196,430,8674,1788,8505,145,38,1022
175,11/09/2026 19:08,81000,temporal-action-state,19545,695152,428,8728,1803,8453,131,38,1066
176,11/09/2026 19:09,81000,temporal-action-state,19348,520453,431,8685,1745,8350,135,38,968
177,11/09/2026 19:09,81000,temporal-action-state,19512,616240,426,8600,1792,8547,145,38,943
178,11/09/2026 19:09,81000,temporal-action-state,19466,639666,431,8692,1742,8466,133,37,958
179,11/09/2026 19:10,81000,temporal-action-state,19429,717059,431,8692,1799,8376,129,38,1007
180,11/09/2026 19:10,81000,temporal-action-state,19423,488958,441,8644,1789,8398,149,39,1094
181,11/09/2026 19:10,81000,temporal-action-state,19429,515186,431,8686,1765,8407,138,38,965
182,11/09/2026 19:11,81000,temporal-action-state,19455,523696,430,8728,1766,8389,139,38,1082
183,11/09/2026 19:11,81000,temporal-action-state,19412,510627,425,8621,1806,8403,154,38,954
184,11/09/2026 19:11,81000,temporal-action-state,19583,493530,428,8690,1792,8504,167,39,1022
185,11/09/2026 19:12,81000,temporal-action-state,19447,533592,427,8749,1750,8382,136,38,1046
186,11/09/2026 19:12,81000,temporal-action-state,19529,692942,430,8659,1796,8501,141,38,969
187,11/09/2026 19:12,81000,temporal-action-state,19311,678337,426,8617,1757,8377,132,37,934
188,11/09/2026 19:13,81000,temporal-action-state,19490,667633,430,8718,1794,8412,133,38,980
189,11/09/2026 19:13,81000,temporal-action-state,19675,506746,426,8726,1796,8580,144,38,1001
190,11/09/2026 19:13,81000,temporal-action-state,19398,563993,425,8658,1806,8377,129,38,1008
191,11/09/2026 19:14,81000,temporal-action-state,19236,644631,428,8641,1749,8285,131,37,948
192,11/09/2026 19:14,81000,temporal-action-state,19410,520428,425,8642,1776,8419,146,38,979
193,11/09/2026 19:14,81000,temporal-action-state,19640,634641,438,8727,1761,8576,135,37,1013
194,11/09/2026 19:14,81000,temporal-action-state,19480,713014,428,8694,1834,8389,134,38,1031
195,11/09/2026 19:15,81000,temporal-action-state,19682,525318,430,8694,1773,8640,143,38,1016
196,11/09/2026 19:15,81000,temporal-action-state,19703,511346,428,8778,1757,8582,156,38,1058
197,11/09/2026 19:15,81000,temporal-action-state,19480,558025,425,8717,1747,8453,137,38,1100
198,11/09/2026 19:16,81000,temporal-action-state,19471,514392,426,8737,1759,8408,139,38,1009
199,11/09/2026 19:16,81000,temporal-action-state,19436,722932,431,8618,1765,8483,136,38,952
200,11/09/2026 19:16,81000,temporal-action-state,19467,629926,427,8693,1744,8467,134,37,957
1,11/09/2026 19:22,94500,temporal-action-state,22136,629422,427,9913,1969,9675,151,44,1129
2,11/09/2026 19:22,94500,temporal-action-state,22161,626660,439,9930,1926,9711,153,45,1151
3,11/09/2026 19:23,94500,temporal-action-state,22194,618461,434,9973,1896,9744,144,44,1158
4,11/09/2026 19:23,94500,temporal-action-state,22079,717946,426,9934,1906,9658,154,44,1117
5,11/09/2026 19:23,94500,temporal-action-state,22189,720724,426,9933,1908,9759,161,44,1098
6,11/09/2026 19:24,94500,temporal-action-state,22252,662419,448,10038,1908,9715,140,44,1275
7,11/09/2026 19:24,94500,temporal-action-state,22111,665099,428,9837,1898,9793,153,44,1091
8,11/09/2026 19:24,94500,temporal-action-state,22374,746008,431,9961,1904,9937,138,44,1177
9,11/09/2026 19:25,94500,temporal-action-state,22071,657547,425,9816,1921,9742,165,44,1148
10,11/09/2026 19:25,94500,temporal-action-state,22291,627962,428,9943,1913,9859,145,45,1120
11,11/09/2026 19:26,94500,temporal-action-state,22131,737387,428,9939,1924,9697,141,44,1117
12,11/09/2026 19:26,94500,temporal-action-state,22158,738266,429,9877,1899,9806,145,44,1106
13,11/09/2026 19:26,94500,temporal-action-state,22049,627547,427,9867,1906,9700,147,45,1162
14,11/09/2026 19:27,94500,temporal-action-state,22277,726635,431,9906,1906,9885,146,44,1164
15,11/09/2026 19:27,94500,temporal-action-state,22273,623814,427,9951,1897,9850,145,44,1263
16,11/09/2026 19:27,94500,temporal-action-state,22167,589101,429,9896,1910,9773,157,45,1131
17,11/09/2026 19:28,94500,temporal-action-state,22247,594873,428,9922,1929,9813,153,45,1228
18,11/09/2026 19:28,94500,temporal-action-state,22297,665246,448,10020,1919,9766,142,44,1147
19,11/09/2026 19:29,94500,temporal-action-state,22157,716775,428,9961,1918,9709,139,44,1187
20,11/09/2026 19:29,94500,temporal-action-state,22047,549384,426,9916,1906,9636,161,44,1199
21,11/09/2026 19:29,94500,temporal-action-state,22085,637661,427,9921,1883,9712,140,44,1132
22,11/09/2026 19:30,94500,temporal-action-state,22123,758518,427,9887,1908,9757,141,44,1142
23,11/09/2026 19:30,94500,temporal-action-state,22226,736086,426,9892,1942,9817,146,44,1256
24,11/09/2026 19:30,94500,temporal-action-state,22091,626992,427,9840,1889,9776,158,45,1142
25,11/09/2026 19:31,94500,temporal-action-state,22025,722288,428,9882,1891,9682,140,44,1079
26,11/09/2026 19:31,94500,temporal-action-state,22176,693589,428,9932,1927,9742,145,44,1104
27,11/09/2026 19:32,94500,temporal-action-state,22165,640616,435,9964,1924,9698,142,44,1152
28,11/09/2026 19:32,94500,temporal-action-state,22050,664021,427,9894,1925,9662,141,44,1144
29,11/09/2026 19:32,94500,temporal-action-state,22181,752889,426,9951,1947,9711,144,44,1216
30,11/09/2026 19:33,94500,temporal-action-state,22108,583793,429,9802,1928,9797,151,45,1126
31,11/09/2026 19:33,94500,temporal-action-state,22154,657770,425,9899,1900,9784,144,44,1189
32,11/09/2026 19:33,94500,temporal-action-state,22135,619429,425,9940,1926,9701,140,44,1187
33,11/09/2026 19:34,94500,temporal-action-state,22192,744081,428,9929,1918,9771,144,44,1104
34,11/09/2026 19:34,94500,temporal-action-state,22162,744060,426,9901,1880,9810,144,44,1139
35,11/09/2026 19:35,94500,temporal-action-state,22098,782473,428,9912,1918,9680,158,43,1101
36,11/09/2026 19:35,94500,temporal-action-state,22116,670904,425,9887,1907,9746,150,44,1190
37,11/09/2026 19:35,94500,temporal-action-state,22067,757216,429,9807,1882,9803,144,44,1098
38,11/09/2026 19:36,94500,temporal-action-state,22048,590288,442,9832,1900,9714,158,44,1112
39,11/09/2026 19:36,94500,temporal-action-state,22420,650596,425,9947,1964,9937,145,44,1235
40,11/09/2026 19:36,94500,temporal-action-state,22151,716206,441,9942,1915,9709,143,44,1139
41,11/09/2026 19:37,94500,temporal-action-state,22255,709626,424,9935,1959,9791,142,44,1161
42,11/09/2026 19:37,94500,temporal-action-state,22123,704007,426,9853,1910,9779,154,44,1110
43,11/09/2026 19:37,94500,temporal-action-state,21978,629550,428,9867,1888,9648,145,45,1078
44,11/09/2026 19:38,94500,temporal-action-state,22234,716755,427,9818,1957,9882,148,44,1154
45,11/09/2026 19:38,94500,temporal-action-state,22110,719628,453,9877,1901,9734,144,44,1124
46,11/09/2026 19:39,94500,temporal-action-state,22008,618317,427,9833,1891,9705,151,45,1158
47,11/09/2026 19:39,94500,temporal-action-state,22079,695773,428,9897,1887,9716,149,44,1140
48,11/09/2026 19:39,94500,temporal-action-state,21924,733445,428,9803,1886,9662,141,44,1110
49,11/09/2026 19:40,94500,temporal-action-state,22186,722819,451,9905,1922,9761,145,44,1136
50,11/09/2026 19:40,94500,temporal-action-state,22208,622353,425,9962,1925,9752,142,45,1221
51,11/09/2026 19:40,94500,temporal-action-state,22027,589236,429,9813,1911,9718,154,44,1148
52,11/09/2026 19:41,94500,temporal-action-state,22091,713597,429,9848,1921,9734,158,44,1116
53,11/09/2026 19:41,94500,temporal-action-state,22113,617009,426,9926,1907,9697,155,45,1157
54,11/09/2026 19:42,94500,temporal-action-state,22340,758492,441,10009,1901,9842,145,44,1159
55,11/09/2026 19:42,94500,temporal-action-state,22151,583563,452,9955,1915,9678,149,45,1115
56,11/09/2026 19:42,94500,temporal-action-state,22128,719325,429,9892,1905,9761,139,44,1106
57,11/09/2026 19:43,94500,temporal-action-state,22239,622363,430,9947,1911,9799,150,45,1220
58,11/09/2026 19:43,94500,temporal-action-state,22249,587810,427,9883,1966,9825,145,44,1134
59,11/09/2026 19:43,94500,temporal-action-state,22135,693587,426,9977,1899,9686,145,44,1149
60,11/09/2026 19:44,94500,temporal-action-state,22173,601009,439,9857,1905,9820,150,44,1167
61,11/09/2026 19:44,94500,temporal-action-state,22130,657407,444,9907,1912,9726,139,44,1104
62,11/09/2026 19:45,94500,temporal-action-state,21982,765035,430,9799,1914,9682,154,44,1100
63,11/09/2026 19:45,94500,temporal-action-state,22199,720807,425,9964,1932,9730,145,44,1143
64,11/09/2026 19:45,94500,temporal-action-state,22247,716890,430,9941,1947,9788,140,44,1160
65,11/09/2026 19:46,94500,temporal-action-state,22092,638839,433,9853,1931,9735,138,44,1069
66,11/09/2026 19:46,94500,temporal-action-state,22103,772788,428,9880,1923,9727,142,44,1125
67,11/09/2026 19:46,94500,temporal-action-state,22357,753161,430,10042,1920,9797,167,44,1265
68,11/09/2026 19:47,94500,temporal-action-state,22375,731620,436,10037,1987,9769,145,44,1268
69,11/09/2026 19:47,94500,temporal-action-state,22234,735811,429,9922,1908,9829,144,44,1140
70,11/09/2026 19:48,94500,temporal-action-state,22091,728974,427,9882,1925,9713,143,44,1112
71,11/09/2026 19:48,94500,temporal-action-state,22057,589028,429,9802,1902,9770,152,45,1095
72,11/09/2026 19:48,94500,temporal-action-state,22193,619243,426,9883,1917,9814,150,44,1148
73,11/09/2026 19:49,94500,temporal-action-state,22181,730774,430,10025,1901,9676,146,44,1148
74,11/09/2026 19:49,94500,temporal-action-state,22006,617346,435,9883,1901,9645,139,45,1108
75,11/09/2026 19:49,94500,temporal-action-state,22112,650709,428,9904,1907,9731,140,45,1154
76,11/09/2026 19:50,94500,temporal-action-state,22143,736622,428,9972,1924,9673,144,44,1249
77,11/09/2026 19:50,94500,temporal-action-state,22104,723825,428,9940,1895,9694,146,44,1148
78,11/09/2026 19:51,94500,temporal-action-state,22123,722138,427,9773,1920,9862,140,44,1110
79,11/09/2026 19:51,94500,temporal-action-state,22138,749595,439,9926,1940,9689,141,44,1128
80,11/09/2026 19:51,94500,temporal-action-state,22088,646827,432,9842,1945,9726,142,44,1106
81,11/09/2026 19:52,94500,temporal-action-state,22175,660306,433,9934,1904,9739,163,44,1125
82,11/09/2026 19:52,94500,temporal-action-state,21946,591854,429,9819,1957,9588,150,44,1106
83,11/09/2026 19:52,94500,temporal-action-state,22436,773173,432,9911,1923,10024,144,44,1167
84,11/09/2026 19:53,94500,temporal-action-state,22183,628595,430,9948,1902,9758,143,44,1145
85,11/09/2026 19:53,94500,temporal-action-state,22128,739631,430,9896,1916,9733,150,44,1162
86,11/09/2026 19:54,94500,temporal-action-state,22173,598075,428,10036,1950,9609,149,44,1094
87,11/09/2026 19:54,94500,temporal-action-state,22139,716497,427,9872,1947,9737,154,44,1119
88,11/09/2026 19:54,94500,temporal-action-state,22015,744464,428,9783,1890,9766,146,44,1112
89,11/09/2026 19:55,94500,temporal-action-state,22008,634636,426,9845,1918,9675,142,44,1084
90,11/09/2026 19:55,94500,temporal-action-state,22207,660058,437,9964,1943,9718,142,44,1133
91,11/09/2026 19:55,94500,temporal-action-state,22310,619570,428,10099,1933,9705,143,44,1224
92,11/09/2026 19:56,94500,temporal-action-state,22420,719736,427,9964,1929,9955,143,44,1133
93,11/09/2026 19:56,94500,temporal-action-state,22329,599385,426,9930,1907,9906,159,44,1187
94,11/09/2026 19:56,94500,temporal-action-state,22262,642379,429,9849,1963,9869,150,44,1212
95,11/09/2026 19:57,94500,temporal-action-state,22151,726622,451,9935,1908,9715,140,44,1064
96,11/09/2026 19:57,94500,temporal-action-state,22205,585123,439,9782,1897,9934,152,44,1105
97,11/09/2026 19:58,94500,temporal-action-state,22316,782539,432,9965,1909,9854,154,43,1232
98,11/09/2026 19:58,94500,temporal-action-state,22249,626715,429,9914,1919,9841,144,45,1182
99,11/09/2026 19:58,94500,temporal-action-state,22195,728295,428,9952,1916,9752,145,44,1204
100,11/09/2026 19:59,94500,temporal-action-state,22175,586947,425,9873,1927,9784,164,44,1089
101,11/09/2026 19:59,94500,temporal-action-state,22078,780229,428,9887,1923,9699,140,43,1151
102,11/09/2026 19:59,94500,temporal-action-state,22139,618170,441,10037,1918,9599,143,45,1253
103,11/09/2026 20:00,94500,temporal-action-state,22215,759630,428,9967,1903,9773,142,44,1088
104,11/09/2026 20:00,94500,temporal-action-state,22004,627776,427,9797,1901,9734,144,45,1133
105,11/09/2026 20:01,94500,temporal-action-state,22259,730988,426,9905,1937,9839,150,44,1108
106,11/09/2026 20:01,94500,temporal-action-state,22297,721833,428,9979,1922,9821,145,44,1107
107,11/09/2026 20:01,94500,temporal-action-state,22255,738979,436,10004,1897,9775,140,44,1145
108,11/09/2026 20:02,94500,temporal-action-state,22155,736177,426,9863,1931,9789,144,44,1083
109,11/09/2026 20:02,94500,temporal-action-state,22147,631418,428,10081,1898,9600,138,44,1135
110,11/09/2026 20:02,94500,temporal-action-state,22189,699615,425,10021,1916,9683,143,44,1132
111,11/09/2026 20:03,94500,temporal-action-state,22225,729950,436,9997,1926,9720,144,44,1109
112,11/09/2026 20:03,94500,temporal-action-state,22142,580770,443,9900,1899,9740,159,45,1102
113,11/09/2026 20:04,94500,temporal-action-state,22232,616850,435,9991,1916,9747,141,45,1229
114,11/09/2026 20:04,94500,temporal-action-state,22093,642863,429,9835,1923,9751,153,44,1115
115,11/09/2026 20:04,94500,temporal-action-state,22288,728952,436,9869,1919,9918,144,44,1084
116,11/09/2026 20:05,94500,temporal-action-state,22119,723804,427,9866,1886,9784,153,44,1157
117,11/09/2026 20:05,94500,temporal-action-state,22102,592016,430,9862,1934,9725,149,44,1126
118,11/09/2026 20:05,94500,temporal-action-state,22253,601647,432,9882,1935,9839,163,44,1135
119,11/09/2026 20:06,94500,temporal-action-state,22014,705237,429,9816,1930,9688,149,44,1133
120,11/09/2026 20:06,94500,temporal-action-state,21993,594110,428,9967,1886,9561,149,45,1119
121,11/09/2026 20:07,94500,temporal-action-state,21877,750781,438,9752,1923,9620,143,44,1067
122,11/09/2026 20:07,94500,temporal-action-state,22127,787034,428,9855,1891,9803,147,44,1110
123,11/09/2026 20:07,94500,temporal-action-state,22279,737031,437,9981,1933,9780,147,44,1122
124,11/09/2026 20:08,94500,temporal-action-state,22059,754455,447,9908,1908,9655,140,43,1208
125,11/09/2026 20:08,94500,temporal-action-state,21999,594448,427,9877,1924,9617,152,45,1128
126,11/09/2026 20:08,94500,temporal-action-state,22188,715047,430,9828,1896,9890,143,44,1101
127,11/09/2026 20:09,94500,temporal-action-state,22128,631766,426,9933,1927,9697,144,44,1108
128,11/09/2026 20:09,94500,temporal-action-state,22449,766270,428,9957,1973,9942,147,42,1247
129,11/09/2026 20:10,94500,temporal-action-state,22029,697818,429,9904,1906,9648,140,44,1164
130,11/09/2026 20:10,94500,temporal-action-state,21942,698723,429,9814,1887,9653,156,44,1153
131,11/09/2026 20:10,94500,temporal-action-state,22104,721179,428,9845,1910,9776,143,44,1121
132,11/09/2026 20:11,94500,temporal-action-state,22127,710014,434,9912,1939,9675,164,44,1132
133,11/09/2026 20:11,94500,temporal-action-state,22313,703601,430,9936,1957,9837,151,44,1117
134,11/09/2026 20:11,94500,temporal-action-state,22176,702321,428,9967,1921,9705,153,44,1221
135,11/09/2026 20:12,94500,temporal-action-state,22257,721628,443,10057,1891,9719,144,44,1146
136,11/09/2026 20:12,94500,temporal-action-state,22032,731849,427,9797,1914,9747,144,44,1111
137,11/09/2026 20:13,94500,temporal-action-state,21844,549716,429,9846,1880,9534,154,44,1111
138,11/09/2026 20:13,94500,temporal-action-state,22408,644492,433,10013,1972,9839,150,44,1177
139,11/09/2026 20:13,94500,temporal-action-state,22065,698383,428,9840,1902,9751,143,44,1113
140,11/09/2026 20:14,94500,temporal-action-state,22053,703007,429,9935,1904,9639,144,44,1131
141,11/09/2026 20:14,94500,temporal-action-state,22152,619132,427,9846,1890,9842,144,44,1175
142,11/09/2026 20:14,94500,temporal-action-state,22402,615630,426,9972,1928,9930,145,44,1193
143,11/09/2026 20:15,94500,temporal-action-state,22474,601544,428,9897,1916,10061,170,44,1141
144,11/09/2026 20:15,94500,temporal-action-state,22092,737949,428,9957,1920,9642,143,44,1132
145,11/09/2026 20:16,94500,temporal-action-state,22446,571740,429,10028,1907,9926,154,44,1230
146,11/09/2026 20:16,94500,temporal-action-state,22221,587935,426,9995,1939,9696,164,45,1245
147,11/09/2026 20:16,94500,temporal-action-state,22150,758108,433,9894,1898,9781,143,44,1098
148,11/09/2026 20:17,94500,temporal-action-state,22135,580954,426,9878,1963,9725,143,44,1111
149,11/09/2026 20:17,94500,temporal-action-state,22245,654482,441,9948,1926,9783,145,44,1132
150,11/09/2026 20:17,94500,temporal-action-state,22336,633813,429,9940,1985,9831,149,43,1252
151,11/09/2026 20:18,94500,temporal-action-state,22162,615980,445,9953,1946,9673,142,44,1116
152,11/09/2026 20:18,94500,temporal-action-state,22001,748155,428,9850,1908,9666,147,44,1101
153,11/09/2026 20:18,94500,temporal-action-state,22117,772977,424,9848,1898,9804,141,43,1116
154,11/09/2026 20:19,94500,temporal-action-state,22369,566653,429,9906,1925,9952,155,44,1114
155,11/09/2026 20:19,94500,temporal-action-state,22203,732178,436,9998,1893,9726,148,44,1163
156,11/09/2026 20:20,94500,temporal-action-state,22221,700494,431,9952,1910,9784,142,44,1119
157,11/09/2026 20:20,94500,temporal-action-state,22216,727945,429,9885,1939,9817,144,44,1184
158,11/09/2026 20:20,94500,temporal-action-state,22275,744427,430,9827,1901,9973,142,44,1140
159,11/09/2026 20:21,94500,temporal-action-state,22139,648489,429,9817,1923,9802,166,44,1089
160,11/09/2026 20:21,94500,temporal-action-state,22077,618252,433,9839,1908,9747,149,45,1149
161,11/09/2026 20:21,94500,temporal-action-state,22327,661496,430,10015,1944,9793,143,44,1099
162,11/09/2026 20:22,94500,temporal-action-state,22205,721908,436,9966,1916,9729,156,44,1252
163,11/09/2026 20:22,94500,temporal-action-state,22109,700546,429,9865,1919,9751,143,44,1134
164,11/09/2026 20:23,94500,temporal-action-state,22140,693704,435,9901,1948,9690,163,44,1126
165,11/09/2026 20:23,94500,temporal-action-state,22322,722047,468,9913,1925,9861,152,44,1124
166,11/09/2026 20:23,94500,temporal-action-state,22151,596116,427,9895,1896,9780,151,44,1144
167,11/09/2026 20:24,94500,temporal-action-state,22420,552497,436,9999,1975,9838,170,44,1144
168,11/09/2026 20:24,94500,temporal-action-state,22138,659299,432,9861,1928,9756,160,44,1156
169,11/09/2026 20:24,94500,temporal-action-state,22261,600233,425,9955,1903,9819,157,44,1249
170,11/09/2026 20:25,94500,temporal-action-state,22166,733891,427,9987,1959,9649,142,44,1246
171,11/09/2026 20:25,94500,temporal-action-state,22143,712635,426,9993,1961,9614,146,44,1120
172,11/09/2026 20:26,94500,temporal-action-state,22007,630190,427,9789,1905,9730,154,45,1100
173,11/09/2026 20:26,94500,temporal-action-state,22170,557170,430,9822,1937,9813,166,44,1111
174,11/09/2026 20:26,94500,temporal-action-state,22076,632719,427,9790,1908,9803,146,44,1108
175,11/09/2026 20:27,94500,temporal-action-state,22071,621485,427,9849,1900,9754,139,45,1122
176,11/09/2026 20:27,94500,temporal-action-state,22082,619888,446,9932,1890,9660,152,44,1139
177,11/09/2026 20:27,94500,temporal-action-state,21988,779464,428,9778,1908,9723,149,44,1057
178,11/09/2026 20:28,94500,temporal-action-state,22248,589933,442,9883,1939,9829,153,44,1135
179,11/09/2026 20:28,94500,temporal-action-state,22282,648235,432,9926,1926,9854,143,44,1106
180,11/09/2026 20:29,94500,temporal-action-state,22281,692338,429,9846,1942,9916,147,43,1104
181,11/09/2026 20:29,94500,temporal-action-state,22086,631147,428,9888,1917,9701,151,45,1137
182,11/09/2026 20:29,94500,temporal-action-state,22307,573632,431,9981,1908,9837,149,44,1101
183,11/09/2026 20:30,94500,temporal-action-state,22025,572975,429,9837,1916,9682,159,44,1108
184,11/09/2026 20:30,94500,temporal-action-state,22136,698721,429,9893,1906,9762,144,44,1146
185,11/09/2026 20:30,94500,temporal-action-state,22483,692072,425,10237,1946,9726,147,44,1308
186,11/09/2026 20:31,94500,temporal-action-state,22197,723012,436,9923,1937,9744,156,44,1219
187,11/09/2026 20:31,94500,temporal-action-state,22014,706907,432,9820,1939,9679,142,44,1090
188,11/09/2026 20:32,94500,temporal-action-state,22190,593700,444,9924,1906,9758,156,45,1131
189,11/09/2026 20:32,94500,temporal-action-state,22125,626745,433,9900,1933,9705,153,45,1079
190,11/09/2026 20:32,94500,temporal-action-state,21942,720669,431,9795,1929,9637,147,44,1102
191,11/09/2026 20:33,94500,temporal-action-state,22095,589009,432,9938,1893,9678,153,45,1221
192,11/09/2026 20:33,94500,temporal-action-state,22065,646599,427,9824,1947,9721,144,44,1139
193,11/09/2026 20:33,94500,temporal-action-state,22021,580894,427,9801,1890,9749,153,44,1100
194,11/09/2026 20:34,94500,temporal-action-state,22385,720203,432,9958,1939,9906,149,44,1164
195,11/09/2026 20:34,94500,temporal-action-state,22249,738392,431,9883,1915,9867,151,44,1152
196,11/09/2026 20:35,94500,temporal-action-state,22104,629897,429,9879,1921,9733,141,44,1116
197,11/09/2026 20:35,94500,temporal-action-state,22223,741323,433,9868,1907,9859,154,44,1184
198,11/09/2026 20:35,94500,temporal-action-state,22199,741740,441,9866,1931,9811,149,44,1090
199,11/09/2026 20:36,94500,temporal-action-state,22054,733612,432,9834,1937,9693,156,44,1067
200,11/09/2026 20:36,94500,temporal-action-state,22187,588886,432,9862,1935,9783,174,45,1109
1,11/09/2026 20:41,108000,temporal-action-state,25295,820890,440,11403,2209,11090,152,50,1340
2,11/09/2026 20:42,108000,temporal-action-state,25156,885548,430,11245,2225,11096,158,49,1316
3,11/09/2026 20:42,108000,temporal-action-state,25210,675370,436,11188,2210,11208,166,50,1334
4,11/09/2026 20:43,108000,temporal-action-state,25278,747667,428,11262,2224,11194,168,49,1337
5,11/09/2026 20:43,108000,temporal-action-state,25342,818721,444,11431,2293,11016,157,50,1373
6,11/09/2026 20:44,108000,temporal-action-state,25325,807111,439,11369,2239,11121,155,50,1335
7,11/09/2026 20:44,108000,temporal-action-state,25221,708014,435,11430,2216,10969,169,50,1388
8,11/09/2026 20:44,108000,temporal-action-state,25006,883279,429,11123,2186,11108,159,49,1251
9,11/09/2026 20:45,108000,temporal-action-state,25101,816125,427,11236,2253,11018,164,50,1295
10,11/09/2026 20:45,108000,temporal-action-state,25446,799993,427,11339,2275,11243,161,50,1412
11,11/09/2026 20:46,108000,temporal-action-state,25076,811828,430,11176,2222,11079,167,50,1271
12,11/09/2026 20:46,108000,temporal-action-state,25196,810971,426,11287,2229,11096,157,50,1333
13,11/09/2026 20:47,108000,temporal-action-state,25207,815937,429,11319,2252,11048,157,50,1310
14,11/09/2026 20:47,108000,temporal-action-state,25283,811745,426,11407,2207,11086,155,50,1449
15,11/09/2026 20:47,108000,temporal-action-state,24894,777066,439,11108,2181,11006,157,49,1239
16,11/09/2026 20:48,108000,temporal-action-state,25374,654721,430,11253,2223,11293,173,49,1306
17,11/09/2026 20:48,108000,temporal-action-state,25216,669415,431,11208,2188,11221,166,50,1307
18,11/09/2026 20:49,108000,temporal-action-state,25217,674681,430,11218,2242,11154,170,50,1284
19,11/09/2026 20:49,108000,temporal-action-state,24976,796543,430,11171,2250,10965,158,49,1251
20,11/09/2026 20:49,108000,temporal-action-state,25235,772573,431,11251,2200,11198,154,49,1234
21,11/09/2026 20:50,108000,temporal-action-state,25192,856451,432,11205,2285,11109,159,49,1266
22,11/09/2026 20:50,108000,temporal-action-state,25207,813239,432,11397,2180,11041,155,50,1417
23,11/09/2026 20:51,108000,temporal-action-state,25127,664181,431,11267,2212,11045,170,50,1306
24,11/09/2026 20:51,108000,temporal-action-state,25193,728133,428,11219,2285,11103,156,50,1260
25,11/09/2026 20:52,108000,temporal-action-state,25152,669514,454,11202,2219,11111,164,49,1276
26,11/09/2026 20:52,108000,temporal-action-state,25315,807354,431,11294,2275,11155,158,50,1312
27,11/09/2026 20:52,108000,temporal-action-state,25337,797911,427,11336,2205,11211,157,50,1351
28,11/09/2026 20:53,108000,temporal-action-state,25100,822011,430,11284,2252,10973,159,50,1299
29,11/09/2026 20:53,108000,temporal-action-state,25040,840686,439,11231,2235,10978,155,50,1320
30,11/09/2026 20:54,108000,temporal-action-state,25013,675024,435,11257,2199,10955,165,50,1292
31,11/09/2026 20:54,108000,temporal-action-state,25602,673983,433,11253,2278,11466,170,49,1254
32,11/09/2026 20:55,108000,temporal-action-state,25268,820474,450,11324,2226,11091,174,50,1395
33,11/09/2026 20:55,108000,temporal-action-state,25285,661107,432,11301,2249,11122,180,50,1403
34,11/09/2026 20:55,108000,temporal-action-state,25095,804275,433,11207,2216,11082,155,50,1346
35,11/09/2026 20:56,108000,temporal-action-state,25277,670874,440,11483,2194,10985,173,50,1425
36,11/09/2026 20:56,108000,temporal-action-state,25295,677509,428,11313,2244,11145,163,50,1325
37,11/09/2026 20:57,108000,temporal-action-state,25650,742907,432,11413,2210,11422,171,49,1466
38,11/09/2026 20:57,108000,temporal-action-state,25293,693631,430,11351,2217,11129,165,50,1350
39,11/09/2026 20:58,108000,temporal-action-state,25181,801491,427,11245,2251,11095,161,49,1277
40,11/09/2026 20:58,108000,temporal-action-state,25250,822759,432,11335,2270,11041,171,50,1282
41,11/09/2026 20:58,108000,temporal-action-state,25352,669013,430,11284,2273,11194,170,49,1356
42,11/09/2026 20:59,108000,temporal-action-state,25276,742056,430,11299,2245,11146,154,49,1306
43,11/09/2026 20:59,108000,temporal-action-state,25295,814511,430,11309,2269,11114,171,50,1342
44,11/09/2026 21:00,108000,temporal-action-state,25553,707815,440,11346,2270,11322,173,50,1429
45,11/09/2026 21:00,108000,temporal-action-state,25278,917624,428,11437,2228,11019,164,49,1422
46,11/09/2026 21:01,108000,temporal-action-state,25271,812493,434,11484,2247,10954,151,50,1474
47,11/09/2026 21:01,108000,temporal-action-state,25557,803642,428,11464,2224,11285,154,48,1371
48,11/09/2026 21:01,108000,temporal-action-state,25069,818990,429,11237,2203,11043,156,50,1298
49,11/09/2026 21:02,108000,temporal-action-state,25391,821105,427,11441,2204,11160,158,50,1404
50,11/09/2026 21:02,108000,temporal-action-state,25282,668648,427,11346,2227,11114,166,49,1321
51,11/09/2026 21:03,108000,temporal-action-state,25156,809176,428,11236,2239,11096,155,50,1309
52,11/09/2026 21:03,108000,temporal-action-state,25509,743307,428,11344,2235,11346,154,49,1321
53,11/09/2026 21:03,108000,temporal-action-state,25230,886155,428,11439,2217,10990,154,49,1323
54,11/09/2026 21:04,108000,temporal-action-state,25295,748366,427,11321,2217,11169,157,49,1339
55,11/09/2026 21:04,108000,temporal-action-state,25356,840394,429,11390,2215,11162,158,49,1436
56,11/09/2026 21:05,108000,temporal-action-state,25150,691148,427,11209,2229,11121,162,50,1311
57,11/09/2026 21:05,108000,temporal-action-state,25413,755068,438,11232,2260,11324,158,49,1344
58,11/09/2026 21:06,108000,temporal-action-state,25099,903241,426,11319,2266,10928,158,49,1363
59,11/09/2026 21:06,108000,temporal-action-state,25507,811058,427,11484,2241,11196,157,50,1442
60,11/09/2026 21:06,108000,temporal-action-state,25213,773668,426,11243,2232,11155,154,49,1278
61,11/09/2026 21:07,108000,temporal-action-state,25291,814084,430,11285,2228,11189,157,50,1354
62,11/09/2026 21:07,108000,temporal-action-state,25149,663589,436,11324,2233,10985,168,50,1335
63,11/09/2026 21:08,108000,temporal-action-state,25407,663587,441,11291,2244,11256,174,50,1341
64,11/09/2026 21:08,108000,temporal-action-state,25157,812625,429,11301,2223,11038,164,50,1388
65,11/09/2026 21:09,108000,temporal-action-state,25095,841057,431,11187,2223,11091,161,49,1248
66,11/09/2026 21:09,108000,temporal-action-state,25145,826982,429,11260,2251,11050,153,50,1260
67,11/09/2026 21:09,108000,temporal-action-state,25088,866745,430,11247,2224,11030,156,49,1333
68,11/09/2026 21:10,108000,temporal-action-state,25361,742208,427,11300,2245,11234,153,49,1308
69,11/09/2026 21:10,108000,temporal-action-state,24922,833075,431,11140,2248,10943,158,49,1268
70,11/09/2026 21:11,108000,temporal-action-state,25208,809902,431,11294,2223,11093,166,50,1405
71,11/09/2026 21:11,108000,temporal-action-state,25085,877397,425,11252,2230,11017,159,49,1305
72,11/09/2026 21:12,108000,temporal-action-state,25169,900425,427,11231,2203,11140,166,49,1298
73,11/09/2026 21:12,108000,temporal-action-state,25172,860296,430,11271,2199,11093,176,49,1330
74,11/09/2026 21:12,108000,temporal-action-state,25212,709840,433,11295,2187,11131,165,50,1346
75,11/09/2026 21:13,108000,temporal-action-state,25228,771933,426,11273,2226,11134,166,49,1320
76,11/09/2026 21:13,108000,temporal-action-state,25234,654555,428,11209,2228,11199,169,49,1295
77,11/09/2026 21:14,108000,temporal-action-state,25236,678207,429,11257,2267,11101,179,50,1349
78,11/09/2026 21:14,108000,temporal-action-state,25260,806741,426,11379,2230,11063,159,50,1353
79,11/09/2026 21:15,108000,temporal-action-state,25166,691754,426,11356,2216,11002,165,50,1433
80,11/09/2026 21:15,108000,temporal-action-state,25583,862170,428,11271,2250,11472,160,49,1322
81,11/09/2026 21:15,108000,temporal-action-state,25120,799672,427,11289,2211,11037,155,50,1286
82,11/09/2026 21:16,108000,temporal-action-state,25160,677251,426,11222,2206,11118,186,50,1333
83,11/09/2026 21:16,108000,temporal-action-state,25150,682409,426,11162,2280,11119,161,50,1306
84,11/09/2026 21:17,108000,temporal-action-state,25259,817808,433,11349,2264,11054,158,50,1319
85,11/09/2026 21:17,108000,temporal-action-state,25255,807422,441,11457,2259,10938,158,50,1497
86,11/09/2026 21:17,108000,temporal-action-state,25208,733533,427,11304,2219,11102,154,50,1373
87,11/09/2026 21:18,108000,temporal-action-state,25197,662282,427,11254,2248,11093,172,50,1312
88,11/09/2026 21:18,108000,temporal-action-state,25205,803229,428,11248,2205,11153,169,50,1335
89,11/09/2026 21:19,108000,temporal-action-state,25206,827771,426,11388,2218,11012,159,50,1428
90,11/09/2026 21:19,108000,temporal-action-state,25157,856658,427,11253,2247,11065,162,49,1318
91,11/09/2026 21:20,108000,temporal-action-state,25304,812246,426,11406,2225,11087,159,50,1423
92,11/09/2026 21:20,108000,temporal-action-state,25273,659935,430,11279,2217,11162,183,50,1340
93,11/09/2026 21:20,108000,temporal-action-state,25293,899573,426,11316,2221,11169,160,49,1366
94,11/09/2026 21:21,108000,temporal-action-state,25389,810764,440,11319,2244,11224,161,50,1301
95,11/09/2026 21:21,108000,temporal-action-state,25040,828853,427,11221,2218,11017,154,50,1273
96,11/09/2026 21:22,108000,temporal-action-state,25133,798707,427,11193,2217,11139,155,50,1337
97,11/09/2026 21:22,108000,temporal-action-state,25070,808402,433,11247,2225,11004,160,49,1335
98,11/09/2026 21:23,108000,temporal-action-state,25077,857660,440,11267,2216,10988,164,49,1289
99,11/09/2026 21:23,108000,temporal-action-state,25474,703937,426,11518,2232,11129,166,50,1421
100,11/09/2026 21:23,108000,temporal-action-state,25125,682039,427,11377,2224,10932,163,50,1302
101,11/09/2026 21:24,108000,temporal-action-state,25045,867737,432,11144,2210,11097,161,49,1271
102,11/09/2026 21:24,108000,temporal-action-state,25136,708582,428,11286,2195,11050,176,50,1311
103,11/09/2026 21:25,108000,temporal-action-state,25371,891312,429,11328,2259,11178,175,49,1357
104,11/09/2026 21:25,108000,temporal-action-state,25159,812231,462,11322,2201,11000,172,50,1320
105,11/09/2026 21:26,108000,temporal-action-state,25235,674057,429,11316,2235,11092,161,49,1330
106,11/09/2026 21:26,108000,temporal-action-state,25040,713000,426,11127,2224,11100,160,50,1317
107,11/09/2026 21:26,108000,temporal-action-state,25246,669087,433,11171,2234,11219,187,50,1292
108,11/09/2026 21:27,108000,temporal-action-state,25064,689094,427,11205,2243,11016,171,49,1293
109,11/09/2026 21:27,108000,temporal-action-state,25400,860159,450,11311,2195,11287,155,49,1340
110,11/09/2026 21:28,108000,temporal-action-state,25449,707972,436,11427,2203,11212,170,50,1397
111,11/09/2026 21:28,108000,temporal-action-state,25346,663784,430,11284,2226,11227,178,50,1313
112,11/09/2026 21:28,108000,temporal-action-state,25110,801816,427,11268,2236,11020,156,50,1425
113,11/09/2026 21:29,108000,temporal-action-state,25075,814685,447,11232,2267,10972,156,50,1275
114,11/09/2026 21:29,108000,temporal-action-state,25345,813146,428,11480,2217,11058,159,50,1385
115,11/09/2026 21:30,108000,temporal-action-state,25302,713758,429,11192,2266,11242,171,50,1323
116,11/09/2026 21:30,108000,temporal-action-state,25143,798346,426,11290,2214,11038,173,50,1299
117,11/09/2026 21:31,108000,temporal-action-state,25156,816247,429,11231,2211,11113,170,50,1335
118,11/09/2026 21:31,108000,temporal-action-state,25386,750892,429,11392,2253,11152,158,49,1314
119,11/09/2026 21:31,108000,temporal-action-state,24848,805968,431,11203,2198,10859,155,50,1274
120,11/09/2026 21:32,108000,temporal-action-state,25347,763742,426,11232,2250,11285,151,49,1314
121,11/09/2026 21:32,108000,temporal-action-state,25161,822910,429,11283,2220,11066,160,50,1303
122,11/09/2026 21:33,108000,temporal-action-state,25129,815457,425,11298,2225,11023,156,50,1347
123,11/09/2026 21:33,108000,temporal-action-state,25341,862070,427,11238,2199,11313,163,49,1282
124,11/09/2026 21:34,108000,temporal-action-state,25309,813135,430,11343,2251,11126,157,50,1408
125,11/09/2026 21:34,108000,temporal-action-state,25414,896145,428,11413,2230,11180,160,49,1331
126,11/09/2026 21:34,108000,temporal-action-state,25388,736168,427,11451,2240,11113,155,49,1338
127,11/09/2026 21:35,108000,temporal-action-state,25291,816565,429,11348,2182,11174,156,49,1354
128,11/09/2026 21:35,108000,temporal-action-state,25145,752432,431,11261,2258,11036,158,49,1283
129,11/09/2026 21:36,108000,temporal-action-state,25428,874893,427,11353,2239,11246,160,49,1301
130,11/09/2026 21:36,108000,temporal-action-state,25160,797778,434,11229,2226,11114,154,50,1348
131,11/09/2026 21:37,108000,temporal-action-state,25380,731167,426,11281,2217,11297,157,49,1283
132,11/09/2026 21:37,108000,temporal-action-state,25128,684157,428,11234,2281,11020,163,49,1323
133,11/09/2026 21:37,108000,temporal-action-state,24922,813422,428,11188,2201,10943,160,50,1309
134,11/09/2026 21:38,108000,temporal-action-state,25556,668809,429,11319,2260,11377,168,50,1361
135,11/09/2026 21:38,108000,temporal-action-state,25060,823291,439,11238,2230,10992,158,50,1351
136,11/09/2026 21:39,108000,temporal-action-state,25217,799693,426,11223,2221,11191,154,50,1300
137,11/09/2026 21:39,108000,temporal-action-state,25285,813229,429,11315,2243,11137,159,50,1393
138,11/09/2026 21:40,108000,temporal-action-state,25089,909116,431,11312,2187,11001,156,49,1317
139,11/09/2026 21:40,108000,temporal-action-state,25061,857659,428,11193,2198,11071,170,49,1274
140,11/09/2026 21:40,108000,temporal-action-state,25180,670583,428,11188,2210,11179,172,50,1279
141,11/09/2026 21:41,108000,temporal-action-state,25286,775822,444,11252,2217,11214,157,49,1270
142,11/09/2026 21:41,108000,temporal-action-state,25224,813020,428,11156,2209,11253,175,50,1317
143,11/09/2026 21:42,108000,temporal-action-state,25357,813079,430,11336,2188,11235,166,50,1374
144,11/09/2026 21:42,108000,temporal-action-state,25071,822648,426,11270,2208,11010,156,50,1370
145,11/09/2026 21:42,108000,temporal-action-state,25020,800595,428,11182,2190,11057,161,49,1323
146,11/09/2026 21:43,108000,temporal-action-state,25316,860616,440,11482,2207,11028,158,49,1274
147,11/09/2026 21:43,108000,temporal-action-state,25395,819840,429,11376,2227,11208,152,50,1464
148,11/09/2026 21:44,108000,temporal-action-state,25271,678439,428,11379,2189,11106,167,50,1316
149,11/09/2026 21:44,108000,temporal-action-state,25534,759668,426,11404,2220,11316,166,49,1351
150,11/09/2026 21:45,108000,temporal-action-state,25287,815318,428,11339,2214,11138,166,50,1393
151,11/09/2026 21:45,108000,temporal-action-state,25050,833461,428,11267,2194,11005,154,49,1321
152,11/09/2026 21:45,108000,temporal-action-state,25097,802251,428,11239,2259,11001,168,49,1312
153,11/09/2026 21:46,108000,temporal-action-state,25075,674595,424,11268,2185,11025,171,50,1401
154,11/09/2026 21:46,108000,temporal-action-state,25418,667056,427,11319,2209,11272,189,50,1312
155,11/09/2026 21:47,108000,temporal-action-state,25198,856296,431,11282,2225,11096,163,49,1306
156,11/09/2026 21:47,108000,temporal-action-state,25515,798556,428,11581,2245,11103,157,50,1497
157,11/09/2026 21:48,108000,temporal-action-state,25368,829075,458,11299,2239,11207,163,50,1336
158,11/09/2026 21:48,108000,temporal-action-state,25112,686406,427,11199,2228,11088,166,50,1284
159,11/09/2026 21:48,108000,temporal-action-state,25180,812221,440,11326,2191,11064,157,50,1442
160,11/09/2026 21:49,108000,temporal-action-state,25400,654863,427,11407,2246,11148,171,49,1397
161,11/09/2026 21:49,108000,temporal-action-state,25167,800135,435,11213,2260,11102,154,48,1267
162,11/09/2026 21:50,108000,temporal-action-state,25261,827091,428,11212,2222,11241,157,49,1323
163,11/09/2026 21:50,108000,temporal-action-state,25216,752392,425,11196,2253,11184,156,49,1230
164,11/09/2026 21:51,108000,temporal-action-state,25212,825925,438,11359,2202,11038,172,50,1295
165,11/09/2026 21:51,108000,temporal-action-state,25245,813216,443,11348,2179,11117,156,50,1274
166,11/09/2026 21:51,108000,temporal-action-state,25443,809397,426,11275,2280,11298,161,50,1323
167,11/09/2026 21:52,108000,temporal-action-state,25082,659414,428,11238,2200,11043,172,50,1320
168,11/09/2026 21:52,108000,temporal-action-state,25441,672498,433,11494,2179,11166,167,50,1452
169,11/09/2026 21:53,108000,temporal-action-state,25215,811836,428,11319,2264,11045,156,50,1317
170,11/09/2026 21:53,108000,temporal-action-state,25348,736606,431,11273,2209,11275,158,49,1256
171,11/09/2026 21:54,108000,temporal-action-state,25240,845785,427,11256,2262,11117,177,49,1351
172,11/09/2026 21:54,108000,temporal-action-state,25356,663714,427,11462,2215,11081,169,50,1495
173,11/09/2026 21:54,108000,temporal-action-state,25083,830152,429,11227,2208,11058,160,50,1338
174,11/09/2026 21:55,108000,temporal-action-state,25071,816439,425,11202,2244,11045,151,50,1336
175,11/09/2026 21:55,108000,temporal-action-state,25210,691227,428,11325,2218,11063,174,50,1320
176,11/09/2026 21:56,108000,temporal-action-state,25206,681923,431,11126,2212,11268,168,50,1281
177,11/09/2026 21:56,108000,temporal-action-state,25039,654120,439,11226,2244,10960,166,50,1272
178,11/09/2026 21:56,108000,temporal-action-state,25211,818203,429,11355,2253,11021,152,50,1429
179,11/09/2026 21:57,108000,temporal-action-state,25174,818332,429,11316,2236,11029,162,50,1422
180,11/09/2026 21:57,108000,temporal-action-state,25238,661232,429,11287,2270,11079,170,50,1304
181,11/09/2026 21:58,108000,temporal-action-state,25141,818799,427,11281,2237,11034,158,50,1290
182,11/09/2026 21:58,108000,temporal-action-state,25597,737499,427,11492,2247,11273,156,49,1406
183,11/09/2026 21:59,108000,temporal-action-state,25539,662401,428,11347,2225,11373,164,50,1319
184,11/09/2026 21:59,108000,temporal-action-state,25225,677103,430,11284,2205,11134,169,50,1286
185,11/09/2026 21:59,108000,temporal-action-state,25206,748295,440,11277,2209,11110,168,49,1304
186,11/09/2026 22:00,108000,temporal-action-state,25144,874173,426,11342,2217,10995,161,49,1325
187,11/09/2026 22:00,108000,temporal-action-state,25214,797631,427,11344,2245,11037,158,50,1292
188,11/09/2026 22:01,108000,temporal-action-state,25193,811268,425,11239,2223,11145,158,50,1263
189,11/09/2026 22:01,108000,temporal-action-state,25087,697306,429,11288,2204,10997,167,50,1374
190,11/09/2026 22:02,108000,temporal-action-state,25268,662799,456,11230,2230,11179,171,49,1298
191,11/09/2026 22:02,108000,temporal-action-state,25372,793444,447,11505,2208,11054,156,50,1472
192,11/09/2026 22:02,108000,temporal-action-state,25301,799806,438,11250,2229,11218,163,50,1329
193,11/09/2026 22:03,108000,temporal-action-state,24909,819382,428,11239,2207,10877,156,50,1311
194,11/09/2026 22:03,108000,temporal-action-state,25071,815375,448,11285,2200,10978,158,50,1272
195,11/09/2026 22:04,108000,temporal-action-state,25254,863941,434,11335,2227,11086,170,49,1261
196,11/09/2026 22:04,108000,temporal-action-state,25278,866072,429,11318,2293,11082,154,49,1324
197,11/09/2026 22:05,108000,temporal-action-state,25142,817896,431,11282,2181,11093,153,50,1286
198,11/09/2026 22:05,108000,temporal-action-state,25426,669590,452,11354,2217,11234,168,50,1377
199,11/09/2026 22:05,108000,temporal-action-state,25542,797275,428,11421,2222,11313,156,50,1277
200,11/09/2026 22:06,108000,temporal-action-state,25768,839981,443,11411,2309,11445,159,48,1457
1,12/09/2026 00:01,13500,event-state,3896,75905,431,1635,220,1577,31,5,114
2,12/09/2026 00:01,13500,event-state,3876,92371,428,1631,232,1572,12,5,116
3,12/09/2026 00:01,13500,event-state,3962,92327,425,1614,291,1619,11,5,118
4,12/09/2026 00:01,13500,event-state,3879,102327,429,1642,225,1569,12,5,118
5,12/09/2026 00:01,13500,event-state,3911,92628,431,1630,260,1576,11,5,115
6,12/09/2026 00:01,13500,event-state,3931,82277,427,1628,227,1635,11,5,118
7,12/09/2026 00:01,13500,event-state,3971,97257,426,1623,287,1622,12,5,117
8,12/09/2026 00:01,13500,event-state,3982,75837,431,1637,272,1607,34,5,118
9,12/09/2026 00:01,13500,event-state,4044,75799,430,1642,265,1674,32,5,113
10,12/09/2026 00:02,13500,event-state,4018,75892,428,1610,283,1663,32,5,115
11,12/09/2026 00:02,13500,event-state,4007,75978,429,1637,273,1632,35,5,113
12,12/09/2026 00:02,13500,event-state,3923,97368,443,1631,223,1613,11,5,115
13,12/09/2026 00:02,13500,event-state,4114,76511,430,1678,295,1677,33,5,118
14,12/09/2026 00:02,13500,event-state,3984,97406,427,1657,294,1592,12,5,116
15,12/09/2026 00:02,13500,event-state,3971,75838,430,1631,232,1644,32,5,117
16,12/09/2026 00:02,13500,event-state,3886,97922,433,1632,224,1584,11,5,116
17,12/09/2026 00:02,13500,event-state,3980,82062,433,1640,272,1622,11,5,113
18,12/09/2026 00:02,13500,event-state,3971,92670,443,1627,268,1619,12,5,119
19,12/09/2026 00:02,13500,event-state,3921,97387,433,1646,224,1604,12,5,113
20,12/09/2026 00:02,13500,event-state,3897,97424,430,1636,225,1593,11,5,116
21,12/09/2026 00:02,13500,event-state,3980,97410,431,1628,286,1623,11,5,114
22,12/09/2026 00:02,13500,event-state,4034,97019,470,1681,223,1647,11,5,111
23,12/09/2026 00:02,13500,event-state,4007,82241,432,1623,289,1651,11,5,114
24,12/09/2026 00:02,13500,event-state,4003,97753,438,1631,294,1627,12,5,121
25,12/09/2026 00:03,13500,event-state,3997,97780,429,1675,273,1606,11,5,116
26,12/09/2026 00:03,13500,event-state,4019,98414,428,1660,299,1618,12,5,122
27,12/09/2026 00:03,13500,event-state,3957,92167,427,1628,274,1614,12,5,117
28,12/09/2026 00:03,13500,event-state,3979,75877,455,1674,226,1585,39,5,114
29,12/09/2026 00:03,13500,event-state,3947,92348,429,1628,291,1585,11,5,118
30,12/09/2026 00:03,13500,event-state,3956,77512,426,1610,265,1641,11,5,118
31,12/09/2026 00:03,13500,event-state,3971,92475,428,1626,269,1635,11,5,115
32,12/09/2026 00:03,13500,event-state,3963,92411,428,1620,264,1637,12,5,117
33,12/09/2026 00:03,13500,event-state,3957,92094,437,1626,289,1591,11,5,116
34,12/09/2026 00:03,13500,event-state,3937,92083,428,1628,270,1598,11,5,116
35,12/09/2026 00:03,13500,event-state,3896,75861,447,1640,223,1552,32,5,112
36,12/09/2026 00:03,13500,event-state,3958,97574,431,1635,274,1605,11,5,114
37,12/09/2026 00:03,13500,event-state,3901,75846,427,1628,226,1587,32,5,115
38,12/09/2026 00:03,13500,event-state,3938,76455,435,1628,226,1615,32,5,117
39,12/09/2026 00:04,13500,event-state,3929,97292,430,1657,222,1606,11,5,117
40,12/09/2026 00:04,13500,event-state,3981,97224,430,1617,283,1638,11,5,113
41,12/09/2026 00:04,13500,event-state,3949,75904,430,1649,226,1611,31,5,118
42,12/09/2026 00:04,13500,event-state,3913,82423,431,1638,223,1608,11,5,119
43,12/09/2026 00:04,13500,event-state,3995,77456,426,1641,277,1638,11,5,120
44,12/09/2026 00:04,13500,event-state,4049,75900,432,1624,293,1666,33,5,114
45,12/09/2026 00:04,13500,event-state,3981,75820,429,1629,287,1603,31,5,115
46,12/09/2026 00:04,13500,event-state,3956,81933,440,1654,225,1625,11,5,114
47,12/09/2026 00:04,13500,event-state,3995,93205,430,1670,288,1595,11,5,119
48,12/09/2026 00:04,13500,event-state,3997,92166,430,1621,284,1650,11,5,119
49,12/09/2026 00:04,13500,event-state,3959,82392,431,1620,264,1631,11,5,116
50,12/09/2026 00:04,13500,event-state,3928,93485,426,1612,289,1588,11,5,117
51,12/09/2026 00:04,13500,event-state,3928,92645,430,1636,220,1628,11,5,120
52,12/09/2026 00:04,13500,event-state,3917,94007,426,1610,271,1596,12,5,114
53,12/09/2026 00:04,13500,event-state,3963,97443,433,1634,225,1659,11,5,120
54,12/09/2026 00:05,13500,event-state,4003,97459,430,1626,285,1649,11,5,115
55,12/09/2026 00:05,13500,event-state,3995,81776,433,1626,288,1634,12,5,113
56,12/09/2026 00:05,13500,event-state,3982,82828,427,1636,297,1609,11,5,116
57,12/09/2026 00:05,13500,event-state,3940,97502,427,1621,280,1600,11,5,113
58,12/09/2026 00:05,13500,event-state,3905,97200,425,1627,225,1603,23,5,112
59,12/09/2026 00:05,13500,event-state,3981,82488,431,1641,289,1606,11,5,114
60,12/09/2026 00:05,13500,event-state,3919,93442,428,1648,221,1610,11,5,115
61,12/09/2026 00:05,13500,event-state,3945,75926,452,1662,224,1572,33,5,116
62,12/09/2026 00:05,13500,event-state,3979,75980,446,1700,224,1576,31,5,116
63,12/09/2026 00:05,13500,event-state,3944,77489,451,1639,224,1618,11,5,113
64,12/09/2026 00:05,13500,event-state,3987,75862,430,1643,283,1597,33,5,115
65,12/09/2026 00:05,13500,event-state,3872,97352,429,1627,222,1581,11,5,114
66,12/09/2026 00:05,13500,event-state,3968,92169,431,1637,229,1657,12,5,118
67,12/09/2026 00:05,13500,event-state,3977,102674,433,1623,285,1622,12,5,111
68,12/09/2026 00:06,13500,event-state,3941,86926,427,1625,283,1594,11,5,112
69,12/09/2026 00:06,13500,event-state,3960,77544,429,1644,265,1609,11,5,120
70,12/09/2026 00:06,13500,event-state,3957,77523,427,1653,287,1578,11,5,115
71,12/09/2026 00:06,13500,event-state,3946,82043,443,1673,225,1592,11,5,115
72,12/09/2026 00:06,13500,event-state,3930,77455,425,1626,222,1644,11,5,111
73,12/09/2026 00:06,13500,event-state,3988,97132,442,1641,261,1631,12,5,120
74,12/09/2026 00:06,13500,event-state,3923,75951,435,1630,235,1587,33,5,118
75,12/09/2026 00:06,13500,event-state,3999,97043,429,1646,279,1632,11,5,123
76,12/09/2026 00:06,13500,event-state,4035,97377,431,1675,295,1621,11,5,115
77,12/09/2026 00:06,13500,event-state,3951,77528,430,1630,269,1608,11,5,113
78,12/09/2026 00:06,13500,event-state,4006,92547,429,1673,286,1606,11,5,115
79,12/09/2026 00:06,13500,event-state,4030,75993,449,1693,282,1571,32,5,113
80,12/09/2026 00:06,13500,event-state,3885,75850,430,1632,223,1567,31,5,116
81,12/09/2026 00:06,13500,event-state,3974,97278,428,1651,263,1619,11,5,118
82,12/09/2026 00:06,13500,event-state,3960,97659,429,1629,281,1608,11,5,116
83,12/09/2026 00:07,13500,event-state,4010,76337,429,1641,288,1618,32,5,114
84,12/09/2026 00:07,13500,event-state,4001,97205,429,1659,275,1624,11,5,115
85,12/09/2026 00:07,13500,event-state,3989,82358,436,1646,293,1600,11,5,116
86,12/09/2026 00:07,13500,event-state,3935,92573,426,1608,270,1618,11,5,113
87,12/09/2026 00:07,13500,event-state,3975,82374,428,1628,270,1635,11,5,121
88,12/09/2026 00:07,13500,event-state,3997,82347,431,1636,287,1630,11,5,114
89,12/09/2026 00:07,13500,event-state,3923,93321,428,1601,258,1623,12,5,116
90,12/09/2026 00:07,13500,event-state,3942,75866,431,1640,261,1577,31,5,113
91,12/09/2026 00:07,13500,event-state,4061,75896,426,1633,316,1653,32,5,117
92,12/09/2026 00:07,13500,event-state,3966,82420,428,1627,293,1604,12,5,116
93,12/09/2026 00:07,13500,event-state,3967,92693,458,1663,224,1610,11,5,113
94,12/09/2026 00:07,13500,event-state,3986,97254,426,1642,271,1633,12,5,114
95,12/09/2026 00:07,13500,event-state,3954,75950,430,1613,233,1643,32,5,113
96,12/09/2026 00:07,13500,event-state,3888,82449,430,1636,225,1584,11,5,123
97,12/09/2026 00:07,13500,event-state,4036,75862,430,1647,289,1636,32,5,112
98,12/09/2026 00:08,13500,event-state,3887,77536,428,1633,223,1589,11,5,113
99,12/09/2026 00:08,13500,event-state,3950,91975,458,1646,229,1602,12,5,115
100,12/09/2026 00:08,13500,event-state,3952,92674,429,1625,225,1660,12,5,117
101,12/09/2026 00:08,13500,event-state,3975,93307,430,1661,289,1581,11,5,115
102,12/09/2026 00:08,13500,event-state,3877,82537,428,1627,229,1579,11,5,113
103,12/09/2026 00:08,13500,event-state,3987,97365,430,1631,300,1613,11,5,117
104,12/09/2026 00:08,13500,event-state,3991,76179,430,1635,287,1596,40,5,117
105,12/09/2026 00:08,13500,event-state,3987,97700,443,1617,288,1625,11,5,113
106,12/09/2026 00:08,13500,event-state,4006,82555,429,1637,293,1633,11,5,114
107,12/09/2026 00:08,13500,event-state,3928,97233,431,1626,225,1633,12,5,117
108,12/09/2026 00:08,13500,event-state,3975,92265,430,1623,282,1626,11,5,118
109,12/09/2026 00:08,13500,event-state,3937,77504,435,1657,222,1610,11,5,113
110,12/09/2026 00:08,13500,event-state,3956,86418,437,1619,274,1612,12,5,114
111,12/09/2026 00:08,13500,event-state,3948,98037,428,1644,285,1578,11,5,115
112,12/09/2026 00:09,13500,event-state,3964,75834,442,1628,223,1636,33,5,121
113,12/09/2026 00:09,13500,event-state,3966,92442,428,1621,272,1632,12,5,119
114,12/09/2026 00:09,13500,event-state,3923,97763,450,1662,223,1575,11,5,117
115,12/09/2026 00:09,13500,event-state,3936,92285,432,1625,288,1577,11,5,117
116,12/09/2026 00:09,13500,event-state,3972,92538,430,1658,270,1600,11,5,117
117,12/09/2026 00:09,13500,event-state,3970,76002,428,1640,286,1583,31,5,115
118,12/09/2026 00:09,13500,event-state,4038,82022,445,1668,291,1621,11,5,116
119,12/09/2026 00:09,13500,event-state,3929,75865,426,1632,294,1544,31,5,110
120,12/09/2026 00:09,13500,event-state,3990,75838,428,1618,283,1627,33,5,114
121,12/09/2026 00:09,13500,event-state,3954,97829,430,1625,291,1595,11,5,117
122,12/09/2026 00:09,13500,event-state,3864,75955,426,1621,220,1561,34,5,116
123,12/09/2026 00:09,13500,event-state,3919,75977,427,1644,221,1593,32,5,127
124,12/09/2026 00:09,13500,event-state,3940,75813,429,1640,264,1572,33,5,116
125,12/09/2026 00:09,13500,event-state,3958,75991,442,1665,223,1595,31,5,112
126,12/09/2026 00:09,13500,event-state,3963,81899,430,1620,287,1613,11,5,114
127,12/09/2026 00:10,13500,event-state,3987,82551,431,1636,279,1628,11,5,119
128,12/09/2026 00:10,13500,event-state,3987,75840,428,1628,288,1610,31,5,114
129,12/09/2026 00:10,13500,event-state,3967,92627,428,1633,282,1611,11,5,117
130,12/09/2026 00:10,13500,event-state,3974,82443,429,1638,292,1602,11,5,121
131,12/09/2026 00:10,13500,event-state,3914,77516,428,1632,221,1620,11,5,120
132,12/09/2026 00:10,13500,event-state,3924,92292,431,1638,225,1618,11,5,114
133,12/09/2026 00:10,13500,event-state,3934,81918,429,1635,261,1596,11,5,115
134,12/09/2026 00:10,13500,event-state,3915,92520,428,1632,226,1616,11,5,114
135,12/09/2026 00:10,13500,event-state,3996,97681,430,1637,294,1620,12,5,115
136,12/09/2026 00:10,13500,event-state,4013,75848,439,1624,299,1616,34,5,118
137,12/09/2026 00:10,13500,event-state,3917,93525,433,1673,219,1579,11,5,117
138,12/09/2026 00:10,13500,event-state,3918,92003,425,1650,222,1607,11,5,122
139,12/09/2026 00:10,13500,event-state,3980,92011,426,1659,270,1612,11,5,116
140,12/09/2026 00:10,13500,event-state,3996,76520,432,1632,288,1609,33,5,118
141,12/09/2026 00:11,13500,event-state,3968,97536,446,1682,225,1602,11,5,114
142,12/09/2026 00:11,13500,event-state,3983,96902,426,1622,288,1633,12,5,117
143,12/09/2026 00:11,13500,event-state,3925,92577,431,1615,289,1577,11,5,118
144,12/09/2026 00:11,13500,event-state,4058,102452,432,1647,289,1677,11,5,113
145,12/09/2026 00:11,13500,event-state,3959,82146,441,1645,290,1571,11,5,119
146,12/09/2026 00:11,13500,event-state,3961,82004,434,1671,226,1617,11,5,114
147,12/09/2026 00:11,13500,event-state,3985,97253,433,1624,287,1627,12,5,116
148,12/09/2026 00:11,13500,event-state,3995,97591,440,1674,289,1579,12,5,118
149,12/09/2026 00:11,13500,event-state,3969,97399,427,1638,298,1594,11,5,113
150,12/09/2026 00:11,13500,event-state,3942,97484,428,1645,288,1568,11,5,118
151,12/09/2026 00:11,13500,event-state,3972,97288,427,1632,289,1610,12,5,116
152,12/09/2026 00:11,13500,event-state,3962,82035,438,1654,228,1630,11,5,118
153,12/09/2026 00:11,13500,event-state,4013,93636,428,1641,286,1644,11,5,123
154,12/09/2026 00:11,13500,event-state,3954,93244,431,1616,269,1624,11,5,118
155,12/09/2026 00:11,13500,event-state,4054,91987,451,1676,288,1625,11,5,117
156,12/09/2026 00:12,13500,event-state,3928,97424,441,1658,222,1593,11,5,113
157,12/09/2026 00:12,13500,event-state,3960,75879,427,1631,272,1597,31,5,110
158,12/09/2026 00:12,13500,event-state,3926,92218,426,1634,293,1559,11,5,114
159,12/09/2026 00:12,13500,event-state,3889,92514,428,1610,270,1568,11,5,115
160,12/09/2026 00:12,13500,event-state,3903,92483,433,1644,221,1592,11,5,116
161,12/09/2026 00:12,13500,event-state,3947,97857,439,1636,285,1574,11,5,118
162,12/09/2026 00:12,13500,event-state,3995,92184,446,1612,291,1634,11,5,116
163,12/09/2026 00:12,13500,event-state,3982,97466,433,1646,259,1631,11,5,117
164,12/09/2026 00:12,13500,event-state,3900,82405,427,1624,224,1613,11,5,120
165,12/09/2026 00:12,13500,event-state,3945,92572,425,1623,298,1586,11,5,117
166,12/09/2026 00:12,13500,event-state,3926,92991,428,1604,268,1613,11,5,113
167,12/09/2026 00:12,13500,event-state,3957,92693,429,1623,288,1604,11,5,118
168,12/09/2026 00:12,13500,event-state,3918,92256,426,1636,226,1617,11,5,115
169,12/09/2026 00:12,13500,event-state,3978,77575,432,1642,265,1626,11,5,116
170,12/09/2026 00:12,13500,event-state,3900,92308,428,1621,221,1618,11,5,117
171,12/09/2026 00:13,13500,event-state,3938,97275,426,1619,269,1611,11,5,119
172,12/09/2026 00:13,13500,event-state,3968,97306,441,1628,290,1596,11,5,114
173,12/09/2026 00:13,13500,event-state,3989,93281,434,1672,225,1644,11,5,115
174,12/09/2026 00:13,13500,event-state,3986,75829,433,1621,293,1605,31,5,118
175,12/09/2026 00:13,13500,event-state,3969,82487,427,1636,280,1611,12,5,114
176,12/09/2026 00:13,13500,event-state,3913,92808,452,1654,224,1570,11,5,118
177,12/09/2026 00:13,13500,event-state,3931,75932,427,1608,221,1640,33,5,120
178,12/09/2026 00:13,13500,event-state,3934,92125,427,1636,222,1635,11,5,115
179,12/09/2026 00:13,13500,event-state,3943,75857,430,1641,226,1611,33,5,115
180,12/09/2026 00:13,13500,event-state,3976,75885,432,1643,295,1573,32,5,114
181,12/09/2026 00:13,13500,event-state,3917,92137,442,1652,223,1588,11,5,115
182,12/09/2026 00:13,13500,event-state,3989,93018,431,1620,290,1634,11,5,118
183,12/09/2026 00:13,13500,event-state,3899,92603,438,1664,222,1561,11,5,119
184,12/09/2026 00:13,13500,event-state,3899,92750,427,1631,222,1607,11,5,115
185,12/09/2026 00:14,13500,event-state,3957,97658,431,1623,258,1632,11,5,117
186,12/09/2026 00:14,13500,event-state,3952,98132,427,1624,282,1606,12,5,118
187,12/09/2026 00:14,13500,event-state,3948,75839,427,1625,266,1598,31,5,115
188,12/09/2026 00:14,13500,event-state,3956,77437,438,1629,284,1593,11,5,119
189,12/09/2026 00:14,13500,event-state,3970,82368,441,1686,223,1607,11,5,121
190,12/09/2026 00:14,13500,event-state,3995,97291,431,1641,290,1620,12,5,117
191,12/09/2026 00:14,13500,event-state,4010,82744,432,1632,269,1662,14,5,111
192,12/09/2026 00:14,13500,event-state,3994,75919,446,1697,221,1596,31,5,120
193,12/09/2026 00:14,13500,event-state,4101,75926,443,1692,294,1640,31,5,111
194,12/09/2026 00:14,13500,event-state,3980,82543,443,1628,260,1635,11,5,112
195,12/09/2026 00:14,13500,event-state,3943,97473,429,1614,285,1602,11,5,115
196,12/09/2026 00:14,13500,event-state,3933,82385,432,1633,238,1617,11,5,115
197,12/09/2026 00:14,13500,event-state,3964,82382,429,1638,271,1612,11,5,112
198,12/09/2026 00:14,13500,event-state,3957,98554,434,1630,287,1592,12,5,113
199,12/09/2026 00:14,13500,event-state,3960,75845,432,1618,282,1595,31,5,108
200,12/09/2026 00:15,13500,event-state,3932,86303,445,1674,225,1574,11,5,118
1,12/09/2026 00:20,27000,event-state,6848,240602,441,2986,470,2939,12,12,281
2,12/09/2026 00:20,27000,event-state,6839,229427,446,2970,471,2939,11,12,270
3,12/09/2026 00:20,27000,event-state,6881,275731,440,3018,533,2876,11,12,284
4,12/09/2026 00:20,27000,event-state,6844,264346,427,2993,471,2939,12,12,288
5,12/09/2026 00:20,27000,event-state,6801,273628,427,2967,523,2871,11,12,284
6,12/09/2026 00:20,27000,event-state,6880,263501,428,2997,537,2905,11,12,282
7,12/09/2026 00:20,27000,event-state,6775,248477,428,2973,467,2895,11,12,280
8,12/09/2026 00:20,27000,event-state,6814,281793,427,2986,530,2857,12,12,278
9,12/09/2026 00:21,27000,event-state,6855,275961,428,3005,481,2928,11,12,278
10,12/09/2026 00:21,27000,event-state,6947,275618,430,2997,536,2969,12,12,284
11,12/09/2026 00:21,27000,event-state,6866,244217,439,2966,479,2969,11,12,284
12,12/09/2026 00:21,27000,event-state,6827,269234,430,2969,528,2886,11,12,286
13,12/09/2026 00:21,27000,event-state,6743,231538,428,2973,470,2858,11,12,271
14,12/09/2026 00:21,27000,event-state,6897,241039,431,3002,469,2980,11,12,282
15,12/09/2026 00:21,27000,event-state,6824,278821,433,2960,482,2936,11,12,274
16,12/09/2026 00:21,27000,event-state,6812,261058,435,2977,477,2910,11,12,274
17,12/09/2026 00:22,27000,event-state,6924,232869,442,3001,472,2997,11,12,285
18,12/09/2026 00:22,27000,event-state,6906,273175,430,2967,526,2970,11,12,279
19,12/09/2026 00:22,27000,event-state,6801,277191,430,2954,525,2880,11,12,279
20,12/09/2026 00:22,27000,event-state,6922,270536,438,3010,524,2937,11,12,273
21,12/09/2026 00:22,27000,event-state,6796,271289,430,2945,532,2876,12,12,276
22,12/09/2026 00:22,27000,event-state,6900,223933,430,2982,542,2933,11,12,297
23,12/09/2026 00:22,27000,event-state,6832,246142,429,2994,472,2923,12,12,274
24,12/09/2026 00:22,27000,event-state,6841,285014,427,2978,510,2913,11,12,271
25,12/09/2026 00:22,27000,event-state,6873,241863,428,2965,474,2992,12,12,281
26,12/09/2026 00:23,27000,event-state,6905,240359,432,2946,506,3007,12,12,283
27,12/09/2026 00:23,27000,event-state,6888,276805,432,2962,538,2943,11,12,272
28,12/09/2026 00:23,27000,event-state,6890,275890,453,3004,469,2951,11,12,275
29,12/09/2026 00:23,27000,event-state,6850,257062,430,2982,506,2919,12,12,281
30,12/09/2026 00:23,27000,event-state,6941,270883,438,3028,526,2937,11,12,273
31,12/09/2026 00:23,27000,event-state,6794,278739,431,2978,467,2905,11,12,271
32,12/09/2026 00:23,27000,event-state,7002,273020,431,2992,532,3034,12,12,293
33,12/09/2026 00:23,27000,event-state,6960,275457,429,3028,516,2974,12,12,291
34,12/09/2026 00:24,27000,event-state,6849,274122,438,3003,473,2921,12,12,283
35,12/09/2026 00:24,27000,event-state,6819,273522,438,2969,499,2899,11,12,279
36,12/09/2026 00:24,27000,event-state,6823,275797,438,3016,469,2886,12,12,279
37,12/09/2026 00:24,27000,event-state,6911,237482,428,3022,561,2887,11,12,287
38,12/09/2026 00:24,27000,event-state,6923,240490,428,2967,528,2986,13,12,272
39,12/09/2026 00:24,27000,event-state,6853,275688,425,2972,538,2904,11,12,277
40,12/09/2026 00:24,27000,event-state,6898,272841,429,3015,555,2886,11,12,284
41,12/09/2026 00:24,27000,event-state,6800,276723,428,2981,501,2878,11,12,287
42,12/09/2026 00:24,27000,event-state,6885,248896,428,3015,464,2964,11,12,283
43,12/09/2026 00:25,27000,event-state,6836,276884,455,3002,473,2894,11,12,285
44,12/09/2026 00:25,27000,event-state,6914,278490,428,3003,509,2962,11,12,301
45,12/09/2026 00:25,27000,event-state,6762,219301,427,2945,466,2911,11,12,281
46,12/09/2026 00:25,27000,event-state,6867,245276,432,2975,534,2913,11,12,287
47,12/09/2026 00:25,27000,event-state,6826,276740,428,3003,469,2913,12,12,268
48,12/09/2026 00:25,27000,event-state,6829,279379,426,2990,522,2878,11,12,280
49,12/09/2026 00:25,27000,event-state,6847,281450,429,2985,538,2881,12,12,274
50,12/09/2026 00:25,27000,event-state,6881,276516,432,2983,535,2917,12,12,272
51,12/09/2026 00:26,27000,event-state,6874,281752,434,2980,532,2915,11,12,290
52,12/09/2026 00:26,27000,event-state,6794,270348,427,2980,475,2899,12,12,282
53,12/09/2026 00:26,27000,event-state,6854,276647,427,3015,465,2934,11,12,289
54,12/09/2026 00:26,27000,event-state,6829,273745,428,2969,509,2910,11,12,287
55,12/09/2026 00:26,27000,event-state,6889,274757,431,2969,538,2938,11,12,278
56,12/09/2026 00:26,27000,event-state,6847,245769,436,3009,468,2919,12,12,282
57,12/09/2026 00:26,27000,event-state,6796,245890,429,2959,465,2929,12,12,286
58,12/09/2026 00:26,27000,event-state,6862,274158,431,2970,466,2981,12,12,287
59,12/09/2026 00:26,27000,event-state,6812,240579,441,2995,467,2896,11,12,283
60,12/09/2026 00:27,27000,event-state,6861,266430,427,3017,534,2871,11,12,281
61,12/09/2026 00:27,27000,event-state,6941,257352,431,3001,546,2950,11,12,287
62,12/09/2026 00:27,27000,event-state,6905,279121,455,3021,506,2909,11,12,276
63,12/09/2026 00:27,27000,event-state,6833,264801,468,2963,507,2882,11,12,283
64,12/09/2026 00:27,27000,event-state,6929,246383,445,3061,472,2937,12,12,286
65,12/09/2026 00:27,27000,event-state,6838,284299,428,3011,505,2881,11,12,271
66,12/09/2026 00:27,27000,event-state,6873,241638,449,3009,467,2934,11,12,286
67,12/09/2026 00:27,27000,event-state,6753,275545,426,2943,506,2865,11,12,273
68,12/09/2026 00:28,27000,event-state,6845,271445,427,2986,531,2888,12,12,296
69,12/09/2026 00:28,27000,event-state,6923,278650,433,3024,542,2910,11,12,277
70,12/09/2026 00:28,27000,event-state,6793,275138,430,2976,470,2903,11,12,283
71,12/09/2026 00:28,27000,event-state,6863,274138,434,3016,511,2889,12,12,279
72,12/09/2026 00:28,27000,event-state,6895,270186,430,3010,538,2903,11,12,281
73,12/09/2026 00:28,27000,event-state,6911,245455,428,2972,512,2986,11,12,284
74,12/09/2026 00:28,27000,event-state,6938,227666,437,2996,516,2976,11,12,282
75,12/09/2026 00:28,27000,event-state,6907,238489,428,2952,531,2983,11,12,284
76,12/09/2026 00:28,27000,event-state,6835,275924,429,2980,470,2941,12,12,283
77,12/09/2026 00:29,27000,event-state,6851,281912,430,3020,528,2860,11,12,290
78,12/09/2026 00:29,27000,event-state,6827,276914,429,2976,516,2892,11,12,281
79,12/09/2026 00:29,27000,event-state,6844,267563,430,2986,508,2907,11,12,280
80,12/09/2026 00:29,27000,event-state,6838,263870,445,2990,470,2920,11,12,297
81,12/09/2026 00:29,27000,event-state,6919,279242,432,2982,537,2955,11,12,279
82,12/09/2026 00:29,27000,event-state,6940,235581,442,3010,535,2940,11,12,283
83,12/09/2026 00:29,27000,event-state,6784,264232,432,2969,471,2899,11,12,298
84,12/09/2026 00:29,27000,event-state,6827,237346,430,2966,474,2943,12,12,285
85,12/09/2026 00:30,27000,event-state,6836,278075,425,2960,542,2896,12,12,274
86,12/09/2026 00:30,27000,event-state,6908,236853,431,2979,513,2971,11,12,277
87,12/09/2026 00:30,27000,event-state,6855,272812,425,2970,533,2913,12,12,287
88,12/09/2026 00:30,27000,event-state,6881,282418,440,2988,482,2958,11,12,285
89,12/09/2026 00:30,27000,event-state,6821,275764,431,2974,525,2877,11,12,279
90,12/09/2026 00:30,27000,event-state,6828,270171,432,2967,534,2883,11,12,266
91,12/09/2026 00:30,27000,event-state,6832,275520,434,2985,469,2930,11,12,286
92,12/09/2026 00:30,27000,event-state,6806,268434,430,2996,471,2897,11,12,271
93,12/09/2026 00:30,27000,event-state,6907,268226,468,2987,560,2878,12,12,275
94,12/09/2026 00:31,27000,event-state,6822,278488,426,3000,464,2919,11,12,283
95,12/09/2026 00:31,27000,event-state,6820,275820,425,2971,464,2946,11,12,285
96,12/09/2026 00:31,27000,event-state,6774,241771,428,2958,475,2901,11,12,289
97,12/09/2026 00:31,27000,event-state,6776,270469,428,2934,475,2926,11,12,286
98,12/09/2026 00:31,27000,event-state,6840,243380,438,2989,502,2899,11,12,285
99,12/09/2026 00:31,27000,event-state,6819,275426,430,2968,504,2904,11,12,274
100,12/09/2026 00:31,27000,event-state,6938,272032,429,2978,527,2991,11,12,275
101,12/09/2026 00:31,27000,event-state,6834,278692,430,2946,533,2912,11,12,282
102,12/09/2026 00:31,27000,event-state,6828,274563,425,2972,531,2887,11,12,275
103,12/09/2026 00:32,27000,event-state,6796,276317,426,2985,475,2897,11,12,277
104,12/09/2026 00:32,27000,event-state,6904,262417,440,2982,532,2936,11,12,302
105,12/09/2026 00:32,27000,event-state,6864,240471,432,2991,540,2888,11,12,279
106,12/09/2026 00:32,27000,event-state,6759,273697,426,2933,464,2923,11,12,277
107,12/09/2026 00:32,27000,event-state,6855,273742,448,2986,466,2942,11,12,290
108,12/09/2026 00:32,27000,event-state,6858,229491,429,2970,529,2917,11,12,271
109,12/09/2026 00:32,27000,event-state,6823,273099,427,2973,532,2879,11,12,274
110,12/09/2026 00:32,27000,event-state,6787,279329,431,2989,469,2884,11,12,283
111,12/09/2026 00:33,27000,event-state,6858,275784,431,2967,530,2917,11,12,276
112,12/09/2026 00:33,27000,event-state,6828,269423,427,2976,500,2912,11,12,295
113,12/09/2026 00:33,27000,event-state,6851,275375,450,2972,538,2877,11,12,289
114,12/09/2026 00:33,27000,event-state,6855,276955,427,2960,534,2920,11,12,280
115,12/09/2026 00:33,27000,event-state,6789,272028,429,2985,471,2890,12,12,280
116,12/09/2026 00:33,27000,event-state,6875,241665,426,3004,508,2925,11,12,286
117,12/09/2026 00:33,27000,event-state,6847,274253,427,2960,517,2930,11,12,274
118,12/09/2026 00:33,27000,event-state,6879,270564,428,3019,520,2899,11,12,293
119,12/09/2026 00:33,27000,event-state,6801,271802,428,2973,467,2920,11,12,287
120,12/09/2026 00:34,27000,event-state,6864,274265,427,2986,525,2913,11,12,294
121,12/09/2026 00:34,27000,event-state,6804,281650,425,2977,512,2877,12,12,281
122,12/09/2026 00:34,27000,event-state,6795,281222,431,2977,502,2872,11,12,276
123,12/09/2026 00:34,27000,event-state,6886,272827,440,2980,535,2919,11,12,283
124,12/09/2026 00:34,27000,event-state,6814,237368,430,2975,472,2924,11,12,280
125,12/09/2026 00:34,27000,event-state,6869,275932,428,2968,515,2946,11,12,284
126,12/09/2026 00:34,27000,event-state,6942,238521,445,3031,471,2982,11,12,288
127,12/09/2026 00:34,27000,event-state,6762,245315,428,2979,470,2873,11,12,279
128,12/09/2026 00:35,27000,event-state,6789,284365,430,2986,472,2888,11,12,278
129,12/09/2026 00:35,27000,event-state,6839,273420,430,2983,468,2944,11,12,278
130,12/09/2026 00:35,27000,event-state,6776,246273,425,2994,468,2876,11,12,275
131,12/09/2026 00:35,27000,event-state,6902,276096,434,2989,547,2918,11,12,276
132,12/09/2026 00:35,27000,event-state,6921,245373,431,2988,533,2955,11,12,285
133,12/09/2026 00:35,27000,event-state,6857,281335,431,2975,519,2918,12,12,278
134,12/09/2026 00:35,27000,event-state,6876,273580,424,2979,522,2938,11,12,279
135,12/09/2026 00:35,27000,event-state,6890,281231,431,2969,531,2945,11,12,270
136,12/09/2026 00:35,27000,event-state,6817,274277,428,2976,526,2875,11,12,279
137,12/09/2026 00:36,27000,event-state,6907,241201,450,2987,497,2958,12,12,278
138,12/09/2026 00:36,27000,event-state,6804,274821,427,3017,465,2882,11,12,279
139,12/09/2026 00:36,27000,event-state,6906,247662,443,3023,504,2923,11,12,290
140,12/09/2026 00:36,27000,event-state,6735,269177,430,2964,470,2857,12,12,276
141,12/09/2026 00:36,27000,event-state,6909,238039,427,2971,529,2969,11,12,279
142,12/09/2026 00:36,27000,event-state,6794,278631,429,2985,467,2900,11,12,278
143,12/09/2026 00:36,27000,event-state,6794,275426,426,2960,467,2927,11,12,287
144,12/09/2026 00:36,27000,event-state,6879,264381,427,3029,484,2926,11,12,283
145,12/09/2026 00:37,27000,event-state,6878,277289,430,2986,531,2917,12,12,277
146,12/09/2026 00:37,27000,event-state,6879,266957,435,3004,507,2919,12,12,282
147,12/09/2026 00:37,27000,event-state,6974,245358,460,3018,562,2919,12,12,273
148,12/09/2026 00:37,27000,event-state,6908,274499,428,2991,544,2932,11,12,288
149,12/09/2026 00:37,27000,event-state,6804,274644,426,2958,526,2880,12,12,277
150,12/09/2026 00:37,27000,event-state,6898,239269,426,2979,534,2946,12,12,284
151,12/09/2026 00:37,27000,event-state,6805,282011,429,2966,530,2867,11,12,276
152,12/09/2026 00:37,27000,event-state,6941,271559,429,3011,532,2955,11,12,289
153,12/09/2026 00:37,27000,event-state,6733,266787,427,2953,503,2838,11,12,282
154,12/09/2026 00:38,27000,event-state,6828,278619,433,3012,465,2905,11,12,278
155,12/09/2026 00:38,27000,event-state,6851,273691,430,2970,535,2902,11,12,274
156,12/09/2026 00:38,27000,event-state,6821,278604,431,2972,505,2900,11,12,284
157,12/09/2026 00:38,27000,event-state,6897,284436,423,3016,508,2937,11,12,295
158,12/09/2026 00:38,27000,event-state,6828,281886,431,2981,511,2890,13,12,276
159,12/09/2026 00:38,27000,event-state,6794,272909,427,2971,501,2882,11,12,288
160,12/09/2026 00:38,27000,event-state,6901,276210,431,2964,548,2945,11,12,288
161,12/09/2026 00:38,27000,event-state,6889,257726,432,2969,512,2963,11,12,290
162,12/09/2026 00:39,27000,event-state,6877,264498,428,3004,508,2923,11,12,291
163,12/09/2026 00:39,27000,event-state,6816,270037,446,2990,510,2857,11,12,293
164,12/09/2026 00:39,27000,event-state,6802,278940,428,2979,469,2912,13,12,277
165,12/09/2026 00:39,27000,event-state,6880,240042,432,2995,473,2966,12,12,282
166,12/09/2026 00:39,27000,event-state,6970,241125,430,2997,537,2993,11,12,273
167,12/09/2026 00:39,27000,event-state,6811,242844,428,2966,526,2877,11,12,277
168,12/09/2026 00:39,27000,event-state,6852,267471,429,3020,477,2912,11,12,285
169,12/09/2026 00:39,27000,event-state,6871,273928,428,2956,529,2945,11,12,274
170,12/09/2026 00:39,27000,event-state,6834,276432,426,2954,528,2913,11,12,275
171,12/09/2026 00:40,27000,event-state,6828,239421,442,2952,507,2913,11,12,287
172,12/09/2026 00:40,27000,event-state,6883,148789,429,2975,557,2899,21,13,282
173,12/09/2026 00:40,27000,event-state,6891,273465,428,2981,528,2941,11,12,277
174,12/09/2026 00:40,27000,event-state,6926,273615,443,3068,537,2864,11,12,278
175,12/09/2026 00:40,27000,event-state,6945,268447,429,3008,538,2958,11,12,286
176,12/09/2026 00:40,27000,event-state,6810,275713,427,2960,536,2873,12,12,276
177,12/09/2026 00:40,27000,event-state,6858,275093,428,3000,544,2873,11,12,273
178,12/09/2026 00:40,27000,event-state,6881,240189,432,2960,531,2946,11,12,279
179,12/09/2026 00:40,27000,event-state,6814,258755,432,2984,470,2914,11,12,286
180,12/09/2026 00:41,27000,event-state,6851,273349,428,2982,536,2893,11,12,282
181,12/09/2026 00:41,27000,event-state,6880,237313,435,2962,506,2964,11,12,275
182,12/09/2026 00:41,27000,event-state,6926,273519,435,2966,557,2954,12,12,293
183,12/09/2026 00:41,27000,event-state,6857,275477,428,2954,537,2925,11,12,285
184,12/09/2026 00:41,27000,event-state,6901,235366,433,3046,469,2939,11,12,275
185,12/09/2026 00:41,27000,event-state,6946,259896,426,3025,537,2945,12,12,289
186,12/09/2026 00:41,27000,event-state,6834,240467,428,2978,509,2907,11,12,278
187,12/09/2026 00:41,27000,event-state,6722,241107,427,2969,465,2848,11,12,275
188,12/09/2026 00:42,27000,event-state,6830,269973,426,2989,525,2877,11,12,285
189,12/09/2026 00:42,27000,event-state,6854,269166,427,2964,536,2914,11,12,278
190,12/09/2026 00:42,27000,event-state,6858,246463,429,2975,532,2909,11,12,276
191,12/09/2026 00:42,27000,event-state,6877,272219,437,2973,550,2904,11,12,291
192,12/09/2026 00:42,27000,event-state,6850,273090,439,2960,471,2966,12,12,287
193,12/09/2026 00:42,27000,event-state,6872,273913,430,2996,532,2901,11,12,285
194,12/09/2026 00:42,27000,event-state,6934,281607,441,2980,534,2966,11,12,283
195,12/09/2026 00:42,27000,event-state,6893,227018,428,2975,508,2969,11,12,270
196,12/09/2026 00:42,27000,event-state,6951,268239,432,3063,517,2926,11,12,283
197,12/09/2026 00:43,27000,event-state,6839,274565,427,2966,525,2902,18,12,281
198,12/09/2026 00:43,27000,event-state,6869,272698,430,3005,479,2941,12,12,279
199,12/09/2026 00:43,27000,event-state,6882,276591,440,2988,469,2971,11,12,287
200,12/09/2026 00:43,27000,event-state,6871,259882,438,2970,538,2911,12,12,284
1,12/09/2026 00:48,40500,event-state,10026,266291,428,4450,823,4311,11,21,485
2,12/09/2026 00:48,40500,event-state,10116,253115,431,4410,874,4387,12,21,462
3,12/09/2026 00:48,40500,event-state,10059,270571,435,4448,814,4348,12,21,456
4,12/09/2026 00:49,40500,event-state,9996,260281,427,4438,805,4313,11,21,468
5,12/09/2026 00:49,40500,event-state,10116,266474,429,4452,868,4353,11,21,490
6,12/09/2026 00:49,40500,event-state,10061,264972,429,4414,866,4339,11,21,468
7,12/09/2026 00:49,40500,event-state,10128,235868,427,4419,874,4388,18,21,473
8,12/09/2026 00:49,40500,event-state,10154,233864,431,4494,828,4380,19,21,498
9,12/09/2026 00:49,40500,event-state,10085,272572,430,4451,812,4378,12,21,469
10,12/09/2026 00:50,40500,event-state,10097,272447,427,4419,842,4396,11,21,456
11,12/09/2026 00:50,40500,event-state,10041,253897,432,4447,810,4338,11,21,466
12,12/09/2026 00:50,40500,event-state,10019,273272,429,4497,811,4269,11,21,473
13,12/09/2026 00:50,40500,event-state,10117,237100,430,4448,827,4392,18,21,462
14,12/09/2026 00:50,40500,event-state,10051,253523,428,4390,843,4377,11,21,451
15,12/09/2026 00:51,40500,event-state,10046,249892,436,4459,812,4327,11,21,465
16,12/09/2026 00:51,40500,event-state,10200,269293,428,4433,869,4458,11,21,474
17,12/09/2026 00:51,40500,event-state,10136,258634,433,4495,879,4316,11,21,478
18,12/09/2026 00:51,40500,event-state,10117,236507,431,4421,810,4436,18,21,482
19,12/09/2026 00:51,40500,event-state,10052,266164,446,4463,834,4297,11,21,479
20,12/09/2026 00:51,40500,event-state,10181,250836,431,4448,852,4437,12,21,527
21,12/09/2026 00:52,40500,event-state,10034,382397,432,4446,864,4278,12,20,457
22,12/09/2026 00:52,40500,event-state,10004,269318,432,4442,810,4306,11,21,472
23,12/09/2026 00:52,40500,event-state,10013,276212,429,4419,806,4345,12,21,467
24,12/09/2026 00:52,40500,event-state,10060,275377,428,4426,874,4319,11,21,465
25,12/09/2026 00:52,40500,event-state,9996,358713,439,4457,812,4275,11,20,483
26,12/09/2026 00:52,40500,event-state,10157,368745,439,4467,854,4385,11,20,447
27,12/09/2026 00:53,40500,event-state,10167,284049,432,4468,877,4376,11,21,503
28,12/09/2026 00:53,40500,event-state,10047,274386,428,4450,829,4327,11,21,464
29,12/09/2026 00:53,40500,event-state,10145,291720,429,4469,873,4360,12,21,515
30,12/09/2026 00:53,40500,event-state,10075,265697,432,4404,862,4363,11,21,464
31,12/09/2026 00:53,40500,event-state,10127,271861,431,4430,878,4375,11,21,474
32,12/09/2026 00:53,40500,event-state,10122,286971,429,4471,854,4354,12,21,541
33,12/09/2026 00:54,40500,event-state,10075,262340,429,4449,834,4350,11,21,527
34,12/09/2026 00:54,40500,event-state,10072,271056,462,4442,810,4346,11,21,467
35,12/09/2026 00:54,40500,event-state,10073,295743,428,4443,852,4337,12,21,486
36,12/09/2026 00:54,40500,event-state,10139,233654,431,4417,847,4420,21,21,477
37,12/09/2026 00:54,40500,event-state,9984,271843,426,4412,845,4287,11,21,463
38,12/09/2026 00:54,40500,event-state,10069,271178,431,4434,833,4357,11,21,466
39,12/09/2026 00:55,40500,event-state,9992,265326,427,4439,803,4310,11,21,500
40,12/09/2026 00:55,40500,event-state,10192,234009,441,4478,848,4404,20,21,483
41,12/09/2026 00:55,40500,event-state,10147,266968,428,4477,824,4405,11,21,494
42,12/09/2026 00:55,40500,event-state,10085,252554,425,4443,869,4333,12,21,479
43,12/09/2026 00:55,40500,event-state,10211,261013,454,4558,814,4371,11,21,482
44,12/09/2026 00:55,40500,event-state,9990,272187,426,4398,860,4292,12,21,467
45,12/09/2026 00:56,40500,event-state,10085,263379,449,4430,868,4324,11,21,471
46,12/09/2026 00:56,40500,event-state,10117,359731,426,4421,862,4394,12,20,459
47,12/09/2026 00:56,40500,event-state,10120,281217,444,4419,872,4371,12,21,493
48,12/09/2026 00:56,40500,event-state,10073,385053,428,4439,868,4324,11,20,472
49,12/09/2026 00:56,40500,event-state,10053,362197,454,4432,864,4290,11,20,455
50,12/09/2026 00:57,40500,event-state,10033,374503,428,4440,820,4333,11,20,460
51,12/09/2026 00:57,40500,event-state,10144,270645,432,4501,872,4327,11,21,491
52,12/09/2026 00:57,40500,event-state,10067,283909,439,4465,811,4338,12,21,490
53,12/09/2026 00:57,40500,event-state,10097,388219,432,4486,839,4328,11,20,487
54,12/09/2026 00:57,40500,event-state,9989,261687,442,4421,824,4287,12,21,459
55,12/09/2026 00:57,40500,event-state,10116,268247,442,4450,880,4331,11,21,464
56,12/09/2026 00:58,40500,event-state,10005,272053,439,4417,801,4335,12,21,460
57,12/09/2026 00:58,40500,event-state,10031,262752,428,4427,857,4306,11,21,467
58,12/09/2026 00:58,40500,event-state,10020,385085,451,4435,820,4301,12,20,454
59,12/09/2026 00:58,40500,event-state,10231,233622,442,4575,838,4353,22,21,448
60,12/09/2026 00:58,40500,event-state,10083,272906,425,4446,838,4361,11,21,487
61,12/09/2026 00:58,40500,event-state,9994,270231,426,4396,839,4320,11,21,482
62,12/09/2026 00:59,40500,event-state,10191,236653,432,4448,813,4478,19,21,488
63,12/09/2026 00:59,40500,event-state,10163,373232,427,4410,848,4465,11,20,451
64,12/09/2026 00:59,40500,event-state,10171,280392,428,4486,875,4368,12,21,532
65,12/09/2026 00:59,40500,event-state,10000,266526,431,4421,862,4272,11,21,464
66,12/09/2026 00:59,40500,event-state,10145,265416,428,4467,870,4367,11,21,471
67,12/09/2026 00:59,40500,event-state,10127,360525,428,4405,842,4439,11,20,451
68,12/09/2026 01:00,40500,event-state,10104,286755,428,4437,867,4358,12,21,497
69,12/09/2026 01:00,40500,event-state,10009,284678,430,4440,837,4288,12,21,473
70,12/09/2026 01:00,40500,event-state,10101,268492,441,4455,866,4326,12,21,470
71,12/09/2026 01:00,40500,event-state,10051,284945,428,4446,867,4296,12,21,465
72,12/09/2026 01:00,40500,event-state,10005,274205,427,4416,864,4285,12,21,452
73,12/09/2026 01:00,40500,event-state,10071,366375,429,4452,855,4321,11,20,448
74,12/09/2026 01:01,40500,event-state,10353,236380,426,4442,909,4553,21,21,481
75,12/09/2026 01:01,40500,event-state,10213,371471,441,4457,869,4432,12,20,448
76,12/09/2026 01:01,40500,event-state,10169,387160,433,4446,833,4444,11,20,452
77,12/09/2026 01:01,40500,event-state,9949,255704,434,4436,808,4258,11,21,460
78,12/09/2026 01:01,40500,event-state,10022,365283,434,4410,860,4305,11,20,460
79,12/09/2026 01:01,40500,event-state,10078,279889,428,4462,857,4317,12,21,502
80,12/09/2026 01:02,40500,event-state,10080,269822,436,4523,806,4302,11,21,468
81,12/09/2026 01:02,40500,event-state,10069,256839,431,4422,836,4366,11,21,471
82,12/09/2026 01:02,40500,event-state,10052,276603,443,4476,819,4300,12,21,479
83,12/09/2026 01:02,40500,event-state,10120,366819,434,4443,811,4420,11,20,455
84,12/09/2026 01:02,40500,event-state,10155,268180,439,4480,871,4353,11,21,508
85,12/09/2026 01:02,40500,event-state,10000,262501,435,4414,840,4297,11,21,476
86,12/09/2026 01:03,40500,event-state,10015,265491,427,4414,841,4319,11,21,470
87,12/09/2026 01:03,40500,event-state,10090,279152,431,4441,878,4327,11,21,479
88,12/09/2026 01:03,40500,event-state,10079,272530,427,4475,837,4327,11,21,496
89,12/09/2026 01:03,40500,event-state,10083,367351,427,4470,804,4368,11,20,530
90,12/09/2026 01:03,40500,event-state,10040,270021,431,4430,811,4355,12,21,509
91,12/09/2026 01:04,40500,event-state,10074,275869,435,4424,883,4318,13,21,463
92,12/09/2026 01:04,40500,event-state,10049,267820,430,4444,828,4335,11,21,472
93,12/09/2026 01:04,40500,event-state,10114,358413,433,4410,866,4391,11,20,488
94,12/09/2026 01:04,40500,event-state,10029,252236,429,4464,842,4281,11,21,472
95,12/09/2026 01:04,40500,event-state,10058,277285,430,4421,867,4327,11,21,470
96,12/09/2026 01:04,40500,event-state,10131,236314,440,4494,815,4361,18,21,486
97,12/09/2026 01:05,40500,event-state,10122,255227,437,4415,811,4446,12,21,471
98,12/09/2026 01:05,40500,event-state,10093,369232,432,4416,890,4342,11,20,461
99,12/09/2026 01:05,40500,event-state,10074,280928,425,4419,871,4345,12,21,478
100,12/09/2026 01:05,40500,event-state,9993,279925,429,4431,806,4313,12,21,473
101,12/09/2026 01:05,40500,event-state,10076,255903,444,4414,843,4362,11,21,479
102,12/09/2026 01:05,40500,event-state,10101,263974,427,4441,873,4347,11,21,479
103,12/09/2026 01:06,40500,event-state,10177,266627,442,4512,818,4392,12,21,487
104,12/09/2026 01:06,40500,event-state,10049,233372,430,4397,860,4341,19,21,468
105,12/09/2026 01:06,40500,event-state,10069,262344,427,4426,870,4334,11,21,478
106,12/09/2026 01:06,40500,event-state,10068,251278,442,4413,870,4330,11,21,458
107,12/09/2026 01:06,40500,event-state,10142,358922,432,4415,816,4466,12,20,451
108,12/09/2026 01:06,40500,event-state,10007,254413,426,4403,872,4293,11,21,462
109,12/09/2026 01:07,40500,event-state,10040,233766,431,4442,854,4291,20,21,479
110,12/09/2026 01:07,40500,event-state,10085,271185,442,4388,872,4369,12,21,475
111,12/09/2026 01:07,40500,event-state,10063,294851,424,4413,832,4381,12,21,472
112,12/09/2026 01:07,40500,event-state,10178,260692,428,4499,883,4355,12,21,499
113,12/09/2026 01:07,40500,event-state,10007,265473,428,4420,808,4336,12,21,460
114,12/09/2026 01:07,40500,event-state,10139,273947,450,4490,824,4362,11,21,492
115,12/09/2026 01:08,40500,event-state,10022,269218,426,4407,873,4303,11,21,468
116,12/09/2026 01:08,40500,event-state,10040,236099,430,4433,813,4345,18,21,465
117,12/09/2026 01:08,40500,event-state,10187,387580,427,4468,837,4442,11,20,501
118,12/09/2026 01:08,40500,event-state,10033,254562,426,4413,829,4353,11,21,478
119,12/09/2026 01:08,40500,event-state,10162,261954,434,4507,877,4331,11,21,528
120,12/09/2026 01:08,40500,event-state,10053,269565,428,4439,814,4360,12,21,483
121,12/09/2026 01:09,40500,event-state,10112,256954,435,4420,808,4435,12,21,475
122,12/09/2026 01:09,40500,event-state,10163,274865,444,4464,870,4371,12,21,491
123,12/09/2026 01:09,40500,event-state,10048,256429,433,4457,812,4332,12,21,486
124,12/09/2026 01:09,40500,event-state,10094,361787,425,4439,884,4324,18,20,457
125,12/09/2026 01:09,40500,event-state,10112,251729,431,4476,806,4386,11,21,458
126,12/09/2026 01:10,40500,event-state,9997,266382,433,4402,814,4334,12,21,465
127,12/09/2026 01:10,40500,event-state,10055,248201,429,4434,823,4357,11,21,474
128,12/09/2026 01:10,40500,event-state,10021,387145,431,4428,813,4336,11,20,471
129,12/09/2026 01:10,40500,event-state,10077,280707,432,4474,811,4345,12,21,462
130,12/09/2026 01:10,40500,event-state,10105,277956,432,4453,885,4322,11,21,500
131,12/09/2026 01:10,40500,event-state,10004,245663,427,4425,834,4305,12,21,481
132,12/09/2026 01:11,40500,event-state,10004,264907,431,4424,827,4308,11,21,473
133,12/09/2026 01:11,40500,event-state,10172,236671,429,4456,860,4407,18,21,481
134,12/09/2026 01:11,40500,event-state,10087,233902,430,4426,841,4369,19,21,459
135,12/09/2026 01:11,40500,event-state,10158,379322,428,4448,838,4430,11,20,462
136,12/09/2026 01:11,40500,event-state,10103,365385,430,4442,875,4342,11,20,460
137,12/09/2026 01:11,40500,event-state,10176,273395,430,4458,843,4432,11,21,476
138,12/09/2026 01:12,40500,event-state,10140,281060,427,4450,873,4375,12,21,475
139,12/09/2026 01:12,40500,event-state,10146,253464,429,4416,888,4400,11,21,462
140,12/09/2026 01:12,40500,event-state,10089,255172,431,4458,854,4332,12,21,472
141,12/09/2026 01:12,40500,event-state,10052,272965,429,4407,828,4375,11,21,463
142,12/09/2026 01:12,40500,event-state,10055,364428,430,4410,823,4380,11,20,450
143,12/09/2026 01:12,40500,event-state,10031,277018,426,4455,836,4301,11,21,470
144,12/09/2026 01:13,40500,event-state,10095,385632,446,4461,812,4362,11,20,499
145,12/09/2026 01:13,40500,event-state,10049,270222,431,4432,872,4302,11,21,470
146,12/09/2026 01:13,40500,event-state,10160,270830,446,4452,829,4419,11,21,467
147,12/09/2026 01:13,40500,event-state,10116,357125,449,4505,817,4332,11,20,485
148,12/09/2026 01:13,40500,event-state,10069,272102,431,4410,869,4345,12,21,456
149,12/09/2026 01:13,40500,event-state,10047,261372,440,4428,856,4311,11,21,476
150,12/09/2026 01:14,40500,event-state,10057,381722,430,4404,809,4399,12,20,503
151,12/09/2026 01:14,40500,event-state,9921,283641,439,4388,807,4273,11,21,479
152,12/09/2026 01:14,40500,event-state,10089,267453,429,4452,877,4318,11,21,491
153,12/09/2026 01:14,40500,event-state,10070,368325,430,4422,853,4353,11,20,464
154,12/09/2026 01:14,40500,event-state,10090,270791,436,4480,824,4338,11,21,467
155,12/09/2026 01:14,40500,event-state,9976,358080,426,4379,864,4294,11,20,442
156,12/09/2026 01:15,40500,event-state,10176,283704,432,4431,874,4425,12,21,486
157,12/09/2026 01:15,40500,event-state,10207,373887,429,4490,837,4437,11,20,495
158,12/09/2026 01:15,40500,event-state,10057,282598,429,4398,847,4370,12,21,456
159,12/09/2026 01:15,40500,event-state,10092,372274,430,4487,847,4315,11,20,452
160,12/09/2026 01:15,40500,event-state,10268,236572,431,4499,883,4434,19,21,496
161,12/09/2026 01:15,40500,event-state,10181,266716,428,4455,873,4411,12,21,471
162,12/09/2026 01:16,40500,event-state,10104,271004,442,4467,840,4342,12,21,475
163,12/09/2026 01:16,40500,event-state,10035,386389,433,4438,809,4342,11,20,460
164,12/09/2026 01:16,40500,event-state,10069,265163,430,4474,866,4286,11,21,468
165,12/09/2026 01:16,40500,event-state,9960,372789,432,4384,812,4320,11,20,451
166,12/09/2026 01:16,40500,event-state,10018,251758,431,4431,818,4325,12,21,477
167,12/09/2026 01:17,40500,event-state,10041,280422,428,4470,837,4293,11,21,487
168,12/09/2026 01:17,40500,event-state,10161,381426,426,4450,873,4399,11,20,467
169,12/09/2026 01:17,40500,event-state,10069,268947,431,4459,805,4361,11,21,470
170,12/09/2026 01:17,40500,event-state,10029,284356,436,4419,817,4343,11,21,460
171,12/09/2026 01:17,40500,event-state,10015,285139,431,4420,814,4338,11,21,466
172,12/09/2026 01:17,40500,event-state,10056,268902,432,4455,866,4290,11,21,471
173,12/09/2026 01:18,40500,event-state,10137,261834,433,4409,832,4450,11,21,487
174,12/09/2026 01:18,40500,event-state,10046,299698,432,4403,881,4315,12,21,464
175,12/09/2026 01:18,40500,event-state,10107,266419,428,4458,853,4354,11,21,510
176,12/09/2026 01:18,40500,event-state,10070,280390,430,4419,851,4356,11,21,480
177,12/09/2026 01:18,40500,event-state,10210,271877,432,4562,830,4374,11,21,472
178,12/09/2026 01:18,40500,event-state,10060,276840,439,4436,871,4301,11,21,470
179,12/09/2026 01:19,40500,event-state,10066,272504,441,4447,814,4351,11,21,481
180,12/09/2026 01:19,40500,event-state,10159,358134,427,4488,850,4381,12,20,486
181,12/09/2026 01:19,40500,event-state,10129,257722,436,4531,824,4325,11,21,459
182,12/09/2026 01:19,40500,event-state,10110,279922,439,4497,831,4329,12,21,500
183,12/09/2026 01:19,40500,event-state,10159,272545,440,4540,811,4355,12,21,515
184,12/09/2026 01:19,40500,event-state,10174,287417,436,4478,875,4371,11,21,479
185,12/09/2026 01:20,40500,event-state,10075,261090,428,4477,833,4325,11,21,474
186,12/09/2026 01:20,40500,event-state,10065,258966,431,4435,842,4343,11,21,467
187,12/09/2026 01:20,40500,event-state,9966,286992,439,4397,845,4273,11,21,490
188,12/09/2026 01:20,40500,event-state,10093,280315,431,4429,875,4344,12,21,478
189,12/09/2026 01:20,40500,event-state,10074,284091,430,4444,889,4298,12,21,476
190,12/09/2026 01:20,40500,event-state,10140,281763,428,4483,875,4341,11,21,477
191,12/09/2026 01:21,40500,event-state,10005,271803,438,4454,817,4282,11,21,456
192,12/09/2026 01:21,40500,event-state,10117,382964,432,4477,840,4355,11,20,488
193,12/09/2026 01:21,40500,event-state,10060,272642,433,4428,813,4373,11,21,471
194,12/09/2026 01:21,40500,event-state,9962,364252,432,4385,816,4316,12,20,450
195,12/09/2026 01:21,40500,event-state,10097,266185,445,4464,817,4359,11,21,475
196,12/09/2026 01:21,40500,event-state,10049,376897,433,4443,807,4353,11,20,491
197,12/09/2026 01:22,40500,event-state,10060,265801,427,4427,818,4374,11,21,491
198,12/09/2026 01:22,40500,event-state,10180,369597,447,4508,832,4380,11,20,519
199,12/09/2026 01:22,40500,event-state,10106,265400,434,4434,870,4355,11,21,478
200,12/09/2026 01:22,40500,event-state,10070,295079,428,4446,871,4313,11,21,513
1,12/09/2026 01:27,54000,event-state,12804,365949,429,5718,1073,5570,11,26,609
2,12/09/2026 01:28,54000,event-state,12889,487179,429,5746,1043,5654,16,25,614
3,12/09/2026 01:28,54000,event-state,12695,344965,430,5707,1011,5533,12,26,610
4,12/09/2026 01:28,54000,event-state,12780,345486,426,5758,1032,5550,11,26,660
5,12/09/2026 01:28,54000,event-state,12945,360007,431,5832,1073,5595,12,26,626
6,12/09/2026 01:28,54000,event-state,12843,352590,428,5862,1034,5506,11,26,730
7,12/09/2026 01:29,54000,event-state,12919,457838,430,5768,1044,5664,11,25,620
8,12/09/2026 01:29,54000,event-state,13006,492930,428,5902,1077,5586,11,25,706
9,12/09/2026 01:29,54000,event-state,12739,365577,425,5780,1055,5465,11,26,623
10,12/09/2026 01:29,54000,event-state,12791,348298,433,5766,1057,5522,11,26,633
11,12/09/2026 01:30,54000,event-state,12820,362559,435,5759,1063,5550,11,26,622
12,12/09/2026 01:30,54000,event-state,12783,363271,429,5762,1075,5503,11,26,608
13,12/09/2026 01:30,54000,event-state,12794,341939,427,5782,1084,5488,12,26,625
14,12/09/2026 01:30,54000,event-state,12914,365624,432,5882,1017,5570,11,26,724
15,12/09/2026 01:30,54000,event-state,12830,361378,428,5759,1064,5564,12,26,628
16,12/09/2026 01:31,54000,event-state,12985,351552,443,5956,1013,5559,11,26,637
17,12/09/2026 01:31,54000,event-state,12870,361570,427,5753,1068,5609,11,26,639
18,12/09/2026 01:31,54000,event-state,12890,453244,430,5728,1071,5649,11,25,631
19,12/09/2026 01:31,54000,event-state,12765,343046,441,5756,1025,5530,11,26,599
20,12/09/2026 01:31,54000,event-state,12966,451040,431,5824,1073,5625,11,25,618
21,12/09/2026 01:32,54000,event-state,12773,486087,427,5736,1044,5553,11,25,618
22,12/09/2026 01:32,54000,event-state,12804,486748,428,5731,1045,5587,11,25,625
23,12/09/2026 01:32,54000,event-state,12829,369137,428,5796,1018,5572,11,26,636
24,12/09/2026 01:32,54000,event-state,12767,475259,447,5799,1049,5459,11,25,645
25,12/09/2026 01:33,54000,event-state,12854,364905,443,5790,1053,5555,12,26,650
26,12/09/2026 01:33,54000,event-state,12734,346370,429,5717,1062,5513,11,26,601
27,12/09/2026 01:33,54000,event-state,12981,343710,429,5828,1092,5619,11,26,678
28,12/09/2026 01:33,54000,event-state,12785,361099,427,5740,1027,5578,12,26,627
29,12/09/2026 01:33,54000,event-state,12691,358392,427,5721,1011,5519,11,26,601
30,12/09/2026 01:34,54000,event-state,12896,494716,429,5804,1046,5604,11,25,632
31,12/09/2026 01:34,54000,event-state,12930,467706,442,5794,1079,5603,11,25,633
32,12/09/2026 01:34,54000,event-state,12730,479169,430,5737,1021,5529,11,25,619
33,12/09/2026 01:34,54000,event-state,12848,488609,427,5757,1042,5608,11,25,620
34,12/09/2026 01:35,54000,event-state,12754,351859,444,5724,1060,5512,12,26,630
35,12/09/2026 01:35,54000,event-state,12959,482655,441,5878,1019,5607,12,25,645
36,12/09/2026 01:35,54000,event-state,12696,495910,428,5706,1057,5492,11,25,633
37,12/09/2026 01:35,54000,event-state,12749,345752,426,5785,1048,5478,11,26,613
38,12/09/2026 01:35,54000,event-state,12682,335201,440,5683,1054,5492,11,26,604
39,12/09/2026 01:36,54000,event-state,12828,362376,430,5742,1025,5617,12,26,652
40,12/09/2026 01:36,54000,event-state,12749,361821,432,5738,1060,5506,11,26,629
41,12/09/2026 01:36,54000,event-state,12795,485450,427,5735,1033,5586,12,25,623
42,12/09/2026 01:36,54000,event-state,12850,446949,429,5729,1064,5616,11,25,625
43,12/09/2026 01:36,54000,event-state,12801,366944,429,5782,1014,5563,11,26,667
44,12/09/2026 01:37,54000,event-state,12713,338967,429,5752,1009,5509,11,26,639
45,12/09/2026 01:37,54000,event-state,12729,368519,428,5720,1062,5506,11,26,625
46,12/09/2026 01:37,54000,event-state,12845,460776,429,5808,1012,5583,11,25,639
47,12/09/2026 01:37,54000,event-state,12759,357066,426,5726,1056,5538,11,26,610
48,12/09/2026 01:38,54000,event-state,12995,484898,429,5843,1073,5637,12,25,633
49,12/09/2026 01:38,54000,event-state,12797,345189,431,5820,1038,5495,11,26,702
50,12/09/2026 01:38,54000,event-state,12786,367390,431,5803,1016,5523,11,26,617
51,12/09/2026 01:38,54000,event-state,12825,483309,433,5758,1040,5581,11,25,623
52,12/09/2026 01:38,54000,event-state,12839,361659,432,5743,1070,5580,12,26,612
53,12/09/2026 01:39,54000,event-state,12881,361616,436,5894,1013,5525,11,26,754
54,12/09/2026 01:39,54000,event-state,12915,363964,429,5843,1071,5558,12,26,627
55,12/09/2026 01:39,54000,event-state,12792,369112,426,5711,1063,5580,11,26,601
56,12/09/2026 01:39,54000,event-state,12937,487013,431,5771,1087,5634,11,25,630
57,12/09/2026 01:40,54000,event-state,12883,348451,430,5789,1042,5608,11,26,646
58,12/09/2026 01:40,54000,event-state,12873,479649,427,5807,1087,5540,11,25,611
59,12/09/2026 01:40,54000,event-state,12717,490853,428,5706,1008,5562,11,25,597
60,12/09/2026 01:40,54000,event-state,12802,342183,432,5751,1062,5544,11,26,613
61,12/09/2026 01:40,54000,event-state,12787,345865,429,5758,1039,5548,11,26,621
62,12/09/2026 01:41,54000,event-state,12921,364555,431,5860,1044,5571,12,26,754
63,12/09/2026 01:41,54000,event-state,12837,463084,430,5740,1060,5594,11,25,629
64,12/09/2026 01:41,54000,event-state,12761,493329,436,5735,1059,5518,11,25,620
65,12/09/2026 01:41,54000,event-state,12864,478619,430,5747,1076,5598,11,25,604
66,12/09/2026 01:41,54000,event-state,12804,455466,425,5745,1018,5602,11,25,605
67,12/09/2026 01:42,54000,event-state,12867,362125,427,5874,1049,5503,11,26,655
68,12/09/2026 01:42,54000,event-state,12962,487329,428,5937,1036,5548,11,25,770
69,12/09/2026 01:42,54000,event-state,12809,365576,431,5754,1059,5552,11,26,646
70,12/09/2026 01:42,54000,event-state,12856,341348,427,5782,1043,5591,11,26,622
71,12/09/2026 01:43,54000,event-state,12842,360937,443,5796,1082,5507,12,26,596
72,12/09/2026 01:43,54000,event-state,12836,359773,438,5826,1019,5540,11,26,707
73,12/09/2026 01:43,54000,event-state,12901,360635,429,5817,1076,5567,11,26,726
74,12/09/2026 01:43,54000,event-state,12762,368353,427,5777,1024,5521,11,26,645
75,12/09/2026 01:43,54000,event-state,12755,365095,427,5802,1031,5482,11,26,642
76,12/09/2026 01:44,54000,event-state,12888,364877,432,5827,1044,5570,12,26,627
77,12/09/2026 01:44,54000,event-state,12917,450487,428,5789,1020,5667,12,25,612
78,12/09/2026 01:44,54000,event-state,12758,485292,427,5747,1044,5527,11,25,633
79,12/09/2026 01:44,54000,event-state,12852,499388,432,5788,1024,5595,11,25,639
80,12/09/2026 01:44,54000,event-state,12849,363668,427,5725,1074,5611,11,26,611
81,12/09/2026 01:45,54000,event-state,12860,349411,427,5846,1040,5534,11,26,626
82,12/09/2026 01:45,54000,event-state,12732,367837,430,5737,1009,5543,11,26,616
83,12/09/2026 01:45,54000,event-state,12942,471043,429,5824,1079,5597,12,25,601
84,12/09/2026 01:45,54000,event-state,12974,496323,429,5866,1076,5591,11,25,675
85,12/09/2026 01:46,54000,event-state,12815,367746,431,5781,1016,5575,10,26,665
86,12/09/2026 01:46,54000,event-state,12941,369118,436,5850,1042,5601,11,26,638
87,12/09/2026 01:46,54000,event-state,12772,360360,427,5775,1034,5522,12,26,641
88,12/09/2026 01:46,54000,event-state,12784,493757,427,5760,1012,5572,11,25,619
89,12/09/2026 01:46,54000,event-state,12846,496469,427,5772,1015,5618,11,25,616
90,12/09/2026 01:47,54000,event-state,12768,367702,430,5769,1038,5517,11,26,646
91,12/09/2026 01:47,54000,event-state,12838,471687,454,5753,1018,5601,11,25,630
92,12/09/2026 01:47,54000,event-state,12823,345828,427,5783,1057,5542,11,26,661
93,12/09/2026 01:47,54000,event-state,12854,361545,427,5745,1025,5644,11,26,643
94,12/09/2026 01:48,54000,event-state,12723,366020,433,5774,1014,5489,11,26,622
95,12/09/2026 01:48,54000,event-state,12772,465762,426,5734,1011,5588,11,25,640
96,12/09/2026 01:48,54000,event-state,12806,306875,429,5728,1065,5563,19,26,602
97,12/09/2026 01:48,54000,event-state,12920,484440,428,5803,1012,5664,11,25,625
98,12/09/2026 01:48,54000,event-state,12748,338493,433,5777,1013,5511,12,26,619
99,12/09/2026 01:49,54000,event-state,12859,345037,433,5781,1019,5612,12,26,617
100,12/09/2026 01:49,54000,event-state,12906,330423,436,5738,1070,5650,11,26,632
101,12/09/2026 01:49,54000,event-state,12961,349725,432,5841,1073,5602,11,26,619
102,12/09/2026 01:49,54000,event-state,12793,341853,445,5782,1024,5529,11,26,640
103,12/09/2026 01:49,54000,event-state,12884,358663,430,5765,1007,5668,11,26,618
104,12/09/2026 01:50,54000,event-state,12845,306870,427,5712,1062,5623,19,26,601
105,12/09/2026 01:50,54000,event-state,12835,361168,440,5808,1060,5514,11,26,641
106,12/09/2026 01:50,54000,event-state,12808,359288,430,5781,1024,5559,12,26,610
107,12/09/2026 01:50,54000,event-state,12775,488522,440,5717,1016,5589,12,25,600
108,12/09/2026 01:51,54000,event-state,12818,360664,434,5750,1021,5599,12,26,648
109,12/09/2026 01:51,54000,event-state,12751,361055,426,5750,1008,5554,11,26,616
110,12/09/2026 01:51,54000,event-state,12880,369087,441,5808,1033,5585,11,26,687
111,12/09/2026 01:51,54000,event-state,12924,344356,431,5891,1056,5533,11,26,692
112,12/09/2026 01:51,54000,event-state,12754,464419,428,5791,1064,5458,11,25,640
113,12/09/2026 01:52,54000,event-state,12872,493588,430,5818,1078,5534,11,25,712
114,12/09/2026 01:52,54000,event-state,12786,361621,428,5753,1062,5530,11,26,633
115,12/09/2026 01:52,54000,event-state,12866,358296,428,5814,1082,5530,11,26,658
116,12/09/2026 01:52,54000,event-state,12942,480541,430,5793,1060,5646,11,25,649
117,12/09/2026 01:53,54000,event-state,12741,342842,427,5734,1041,5525,11,26,599
118,12/09/2026 01:53,54000,event-state,12764,479181,429,5743,1072,5508,11,25,608
119,12/09/2026 01:53,54000,event-state,12830,370637,432,5728,1046,5610,11,26,626
120,12/09/2026 01:53,54000,event-state,12866,487204,432,5755,1059,5607,11,25,647
121,12/09/2026 01:53,54000,event-state,12714,346141,430,5722,1057,5493,11,26,640
122,12/09/2026 01:54,54000,event-state,12821,350244,448,5810,1010,5539,11,26,653
123,12/09/2026 01:54,54000,event-state,12844,366812,432,5811,1050,5537,12,26,614
124,12/09/2026 01:54,54000,event-state,12819,494742,431,5759,1020,5596,11,25,620
125,12/09/2026 01:54,54000,event-state,12832,360170,453,5813,1034,5519,11,26,646
126,12/09/2026 01:54,54000,event-state,12848,353843,428,5740,1085,5582,11,26,640
127,12/09/2026 01:55,54000,event-state,12831,491981,438,5816,1077,5486,11,25,605
128,12/09/2026 01:55,54000,event-state,12939,480387,429,5799,1024,5673,11,25,646
129,12/09/2026 01:55,54000,event-state,12833,349210,431,5806,1052,5530,12,26,639
130,12/09/2026 01:55,54000,event-state,12775,348988,433,5744,1024,5561,11,26,633
131,12/09/2026 01:56,54000,event-state,12710,370194,429,5767,1014,5487,11,26,615
132,12/09/2026 01:56,54000,event-state,12898,333872,432,5729,1070,5655,11,26,616
133,12/09/2026 01:56,54000,event-state,12828,495286,432,5764,1026,5592,11,25,615
134,12/09/2026 01:56,54000,event-state,12766,350079,430,5743,1036,5543,12,26,639
135,12/09/2026 01:56,54000,event-state,12942,371902,438,5836,1068,5588,11,26,636
136,12/09/2026 01:57,54000,event-state,12808,313052,429,5749,1065,5544,19,26,629
137,12/09/2026 01:57,54000,event-state,12641,345462,428,5676,1037,5488,11,26,593
138,12/09/2026 01:57,54000,event-state,12773,350510,438,5752,1017,5553,11,26,638
139,12/09/2026 01:57,54000,event-state,12930,492576,472,5792,1025,5628,11,25,607
140,12/09/2026 01:58,54000,event-state,12709,352170,424,5765,1016,5492,11,26,649
141,12/09/2026 01:58,54000,event-state,12747,348993,426,5736,1022,5551,12,26,607
142,12/09/2026 01:58,54000,event-state,12718,346894,427,5745,1054,5479,11,26,610
143,12/09/2026 01:58,54000,event-state,12881,366909,430,5844,1037,5557,11,26,656
144,12/09/2026 01:58,54000,event-state,12762,361780,430,5744,1061,5513,11,26,634
145,12/09/2026 01:59,54000,event-state,12967,489324,430,5821,1040,5663,11,25,637
146,12/09/2026 01:59,54000,event-state,12725,352101,430,5741,1014,5527,11,26,625
147,12/09/2026 01:59,54000,event-state,12818,348906,428,5799,1035,5542,11,26,626
148,12/09/2026 01:59,54000,event-state,12865,493346,432,5775,1044,5600,12,25,637
149,12/09/2026 01:59,54000,event-state,12882,363518,440,5829,1015,5583,12,26,616
150,12/09/2026 02:00,54000,event-state,12998,365581,445,5846,1020,5674,12,26,733
151,12/09/2026 02:00,54000,event-state,12861,357170,430,5834,1072,5513,11,26,666
152,12/09/2026 02:00,54000,event-state,12879,367915,445,5856,1019,5546,11,26,725
153,12/09/2026 02:00,54000,event-state,12697,349066,430,5722,1057,5475,11,26,605
154,12/09/2026 02:01,54000,event-state,12862,362100,431,5778,1035,5604,12,26,637
155,12/09/2026 02:01,54000,event-state,12849,347199,429,5794,1076,5537,11,26,626
156,12/09/2026 02:01,54000,event-state,12903,493320,428,5834,1034,5595,11,25,704
157,12/09/2026 02:01,54000,event-state,12768,474827,452,5812,1015,5476,11,25,610
158,12/09/2026 02:01,54000,event-state,12767,365885,430,5780,1068,5476,11,26,619
159,12/09/2026 02:02,54000,event-state,13049,487398,437,5968,1018,5613,12,25,635
160,12/09/2026 02:02,54000,event-state,12944,458149,426,5847,1064,5595,11,25,695
161,12/09/2026 02:02,54000,event-state,12849,494943,430,5744,1060,5602,11,25,612
162,12/09/2026 02:02,54000,event-state,12906,349577,432,5768,1069,5623,11,26,622
163,12/09/2026 02:02,54000,event-state,12809,358777,431,5738,1074,5554,11,26,646
164,12/09/2026 02:03,54000,event-state,12977,495411,438,5859,1063,5605,11,25,641
165,12/09/2026 02:03,54000,event-state,12849,310931,429,5761,1062,5579,17,26,605
166,12/09/2026 02:03,54000,event-state,12922,368030,434,5805,1038,5632,11,26,634
167,12/09/2026 02:03,54000,event-state,12812,311195,432,5795,1050,5516,17,26,635
168,12/09/2026 02:04,54000,event-state,12809,483506,432,5787,1037,5539,11,25,631
169,12/09/2026 02:04,54000,event-state,12783,362461,428,5769,1011,5561,11,26,648
170,12/09/2026 02:04,54000,event-state,12926,484510,432,5850,1069,5562,11,25,609
171,12/09/2026 02:04,54000,event-state,12834,498173,431,5773,1074,5543,11,25,598
172,12/09/2026 02:04,54000,event-state,12835,364121,429,5755,1038,5600,11,26,643
173,12/09/2026 02:05,54000,event-state,12761,345782,428,5744,1053,5522,12,26,623
174,12/09/2026 02:05,54000,event-state,12815,341689,431,5840,1032,5500,11,26,632
175,12/09/2026 02:05,54000,event-state,12862,473716,425,5737,1071,5616,11,25,650
176,12/09/2026 02:05,54000,event-state,12870,466344,430,5786,1070,5570,12,25,632
177,12/09/2026 02:06,54000,event-state,12706,317372,441,5782,1014,5448,20,26,614
178,12/09/2026 02:06,54000,event-state,12887,361350,426,5808,1031,5607,12,26,682
179,12/09/2026 02:06,54000,event-state,12796,361418,431,5766,1035,5552,11,26,646
180,12/09/2026 02:06,54000,event-state,12653,372158,428,5696,1069,5447,11,26,602
181,12/09/2026 02:06,54000,event-state,12838,488893,428,5762,1070,5565,11,25,607
182,12/09/2026 02:07,54000,event-state,12778,363272,434,5791,1005,5534,11,26,622
183,12/09/2026 02:07,54000,event-state,12761,360174,426,5739,1041,5541,11,26,637
184,12/09/2026 02:07,54000,event-state,12684,361333,429,5688,1050,5504,11,26,610
185,12/09/2026 02:07,54000,event-state,12779,309879,432,5779,1038,5511,19,26,630
186,12/09/2026 02:07,54000,event-state,12883,352017,430,5792,1084,5564,11,26,623
187,12/09/2026 02:08,54000,event-state,12768,345375,432,5753,1061,5509,11,26,618
188,12/09/2026 02:08,54000,event-state,12750,499652,430,5742,1007,5558,11,25,624
189,12/09/2026 02:08,54000,event-state,12715,338813,449,5690,1031,5532,11,26,624
190,12/09/2026 02:08,54000,event-state,12811,362837,422,5774,1040,5562,12,26,634
191,12/09/2026 02:09,54000,event-state,12820,345502,426,5806,1079,5496,11,26,657
192,12/09/2026 02:09,54000,event-state,12813,381103,427,5765,1049,5559,11,26,613
193,12/09/2026 02:09,54000,event-state,12887,310198,429,5813,1060,5565,19,26,657
194,12/09/2026 02:09,54000,event-state,12722,472801,434,5749,1019,5506,11,25,608
195,12/09/2026 02:09,54000,event-state,12983,491969,433,5897,1066,5574,11,25,708
196,12/09/2026 02:10,54000,event-state,12828,306270,433,5799,1010,5565,20,26,638
197,12/09/2026 02:10,54000,event-state,12790,450473,432,5721,1043,5581,11,25,654
198,12/09/2026 02:10,54000,event-state,12922,367518,429,5886,1014,5579,11,26,714
199,12/09/2026 02:10,54000,event-state,12786,358249,434,5727,1020,5592,11,26,623
200,12/09/2026 02:11,54000,event-state,12933,338422,427,5810,1051,5631,11,26,616
1,12/09/2026 02:16,67500,event-state,15868,537234,432,7190,1393,6841,11,32,765
2,12/09/2026 02:16,67500,event-state,15867,398049,444,7132,1401,6877,11,32,785
3,12/09/2026 02:16,67500,event-state,15909,548953,444,7191,1394,6867,11,32,787
4,12/09/2026 02:17,67500,event-state,16007,486095,431,7194,1393,6976,11,32,792
5,12/09/2026 02:17,67500,event-state,15907,526305,439,7216,1410,6829,11,32,847
6,12/09/2026 02:17,67500,event-state,15925,598186,440,7249,1388,6834,12,31,804
7,12/09/2026 02:17,67500,event-state,16000,554719,429,7216,1392,6950,11,32,770
8,12/09/2026 02:18,67500,event-state,15745,564567,432,7156,1388,6756,11,32,782
9,12/09/2026 02:18,67500,event-state,15893,496741,433,7240,1378,6829,11,32,793
10,12/09/2026 02:18,67500,event-state,15918,572348,430,7207,1414,6853,11,32,773
11,12/09/2026 02:18,67500,event-state,15847,540466,430,7201,1382,6821,11,32,802
12,12/09/2026 02:19,67500,event-state,15851,553926,422,7215,1395,6806,12,32,792
13,12/09/2026 02:19,67500,event-state,15870,567158,427,7083,1389,6957,12,32,776
14,12/09/2026 02:19,67500,event-state,15884,569202,431,7181,1417,6842,11,32,793
15,12/09/2026 02:20,67500,event-state,15886,567037,428,7227,1406,6812,11,32,795
16,12/09/2026 02:20,67500,event-state,15914,437611,428,7184,1416,6874,11,32,779
17,12/09/2026 02:20,67500,event-state,16069,540198,428,7247,1397,6984,11,32,822
18,12/09/2026 02:20,67500,event-state,15970,527999,428,7384,1382,6764,11,31,791
19,12/09/2026 02:21,67500,event-state,15927,564357,430,7232,1402,6850,11,32,779
20,12/09/2026 02:21,67500,event-state,15895,552281,426,7150,1410,6897,11,32,792
21,12/09/2026 02:21,67500,event-state,15827,572622,432,7139,1403,6839,11,32,800
22,12/09/2026 02:21,67500,event-state,15889,500378,429,7225,1383,6839,11,31,810
23,12/09/2026 02:22,67500,event-state,15877,533676,430,7145,1396,6892,11,32,792
24,12/09/2026 02:22,67500,event-state,16073,565971,438,7258,1402,6963,11,32,797
25,12/09/2026 02:22,67500,event-state,15971,475514,430,7153,1424,6951,11,32,773
26,12/09/2026 02:22,67500,event-state,15908,598751,428,7272,1398,6797,11,31,883
27,12/09/2026 02:23,67500,event-state,15990,549375,429,7203,1393,6953,11,32,821
28,12/09/2026 02:23,67500,event-state,15875,536445,440,7139,1400,6883,11,32,778
29,12/09/2026 02:23,67500,event-state,15955,541966,429,7137,1393,6982,12,32,776
30,12/09/2026 02:24,67500,event-state,15885,484734,428,7255,1388,6801,12,32,875
31,12/09/2026 02:24,67500,event-state,15892,573034,430,7210,1432,6807,11,32,769
32,12/09/2026 02:24,67500,event-state,15872,554311,430,7193,1397,6838,12,32,830
33,12/09/2026 02:24,67500,event-state,15871,453072,427,7153,1407,6871,11,32,821
34,12/09/2026 02:25,67500,event-state,15924,551358,447,7195,1397,6872,11,32,790
35,12/09/2026 02:25,67500,event-state,15919,426906,425,7137,1394,6948,12,32,788
36,12/09/2026 02:25,67500,event-state,15913,551490,427,7273,1397,6802,11,32,825
37,12/09/2026 02:25,67500,event-state,16074,511184,427,7295,1394,6944,12,32,906
38,12/09/2026 02:26,67500,event-state,16038,440907,427,7175,1408,7014,12,32,790
39,12/09/2026 02:26,67500,event-state,15954,576271,429,7251,1414,6847,11,32,775
40,12/09/2026 02:26,67500,event-state,15781,595757,441,7120,1394,6814,11,31,773
41,12/09/2026 02:27,67500,event-state,16094,601323,430,7265,1391,6995,12,31,801
42,12/09/2026 02:27,67500,event-state,16040,573815,438,7171,1394,7023,12,32,849
43,12/09/2026 02:27,67500,event-state,15964,575950,436,7149,1444,6922,12,32,836
44,12/09/2026 02:27,67500,event-state,16064,486800,429,7232,1391,6999,11,32,778
45,12/09/2026 02:28,67500,event-state,15803,573407,428,7134,1381,6846,12,32,790
46,12/09/2026 02:28,67500,event-state,15888,584947,444,7201,1384,6846,12,31,780
47,12/09/2026 02:28,67500,event-state,16070,540789,432,7173,1399,7052,12,32,831
48,12/09/2026 02:28,67500,event-state,16089,569422,433,7300,1388,6955,11,32,799
49,12/09/2026 02:29,67500,event-state,15971,575645,429,7243,1422,6863,12,32,797
50,12/09/2026 02:29,67500,event-state,16002,572140,453,7238,1452,6846,11,31,787
51,12/09/2026 02:29,67500,event-state,15998,454224,429,7173,1412,6970,12,32,777
52,12/09/2026 02:29,67500,event-state,16035,486103,428,7173,1399,7022,11,32,808
53,12/09/2026 02:30,67500,event-state,15878,559490,437,7169,1378,6882,11,32,779
54,12/09/2026 02:30,67500,event-state,15785,485947,430,7152,1387,6802,11,32,765
55,12/09/2026 02:30,67500,event-state,15876,596890,430,7157,1425,6852,11,31,764
56,12/09/2026 02:31,67500,event-state,16044,450783,433,7235,1408,6955,12,32,844
57,12/09/2026 02:31,67500,event-state,15808,575688,427,7141,1372,6855,12,32,783
58,12/09/2026 02:31,67500,event-state,15913,572112,426,7178,1422,6873,11,32,811
59,12/09/2026 02:31,67500,event-state,15924,571873,435,7181,1393,6903,11,32,779
60,12/09/2026 02:32,67500,event-state,15892,479236,430,7146,1400,6903,11,32,764
61,12/09/2026 02:32,67500,event-state,15889,573258,429,7229,1425,6792,12,32,795
62,12/09/2026 02:32,67500,event-state,15888,575552,429,7296,1386,6764,11,32,798
63,12/09/2026 02:32,67500,event-state,15882,574738,436,7179,1406,6847,11,32,779
64,12/09/2026 02:33,67500,event-state,16006,523619,435,7240,1404,6914,11,32,845
65,12/09/2026 02:33,67500,event-state,15940,571940,431,7230,1379,6887,11,32,808
66,12/09/2026 02:33,67500,event-state,15835,556214,436,7160,1375,6850,12,32,786
67,12/09/2026 02:34,67500,event-state,15822,602480,433,7159,1392,6825,11,31,796
68,12/09/2026 02:34,67500,event-state,16002,530133,431,7207,1395,6955,11,32,803
69,12/09/2026 02:34,67500,event-state,15930,529303,433,7184,1402,6897,11,32,771
70,12/09/2026 02:34,67500,event-state,16066,469279,430,7170,1391,7062,11,32,795
71,12/09/2026 02:35,67500,event-state,15957,568614,431,7213,1411,6889,11,32,775
72,12/09/2026 02:35,67500,event-state,15843,598835,429,7163,1399,6837,12,31,777
73,12/09/2026 02:35,67500,event-state,15860,545828,447,7161,1413,6827,11,32,778
74,12/09/2026 02:35,67500,event-state,15911,572072,467,7253,1383,6796,11,32,798
75,12/09/2026 02:36,67500,event-state,15759,548619,434,7146,1380,6786,11,32,774
76,12/09/2026 02:36,67500,event-state,16029,489968,430,7237,1396,6954,11,32,810
77,12/09/2026 02:36,67500,event-state,15856,564231,425,7179,1401,6837,12,32,799
78,12/09/2026 02:36,67500,event-state,15982,460535,454,7304,1394,6818,11,32,876
79,12/09/2026 02:37,67500,event-state,16035,452485,443,7216,1392,6970,12,32,782
80,12/09/2026 02:37,67500,event-state,16009,455076,426,7179,1396,6995,12,32,792
81,12/09/2026 02:37,67500,event-state,15947,595439,457,7209,1384,6885,11,31,784
82,12/09/2026 02:38,67500,event-state,15843,525549,427,7178,1413,6811,11,31,818
83,12/09/2026 02:38,67500,event-state,15941,549497,427,7236,1423,6842,11,32,804
84,12/09/2026 02:38,67500,event-state,15965,546361,429,7162,1408,6953,11,32,801
85,12/09/2026 02:38,67500,event-state,15814,544393,432,7066,1409,6894,11,32,760
86,12/09/2026 02:39,67500,event-state,15876,454923,426,7122,1392,6922,12,32,767
87,12/09/2026 02:39,67500,event-state,15828,562901,427,7147,1386,6854,12,32,797
88,12/09/2026 02:39,67500,event-state,16025,597044,431,7311,1408,6862,11,31,801
89,12/09/2026 02:39,67500,event-state,15911,455830,431,7185,1393,6889,11,32,818
90,12/09/2026 02:40,67500,event-state,15896,550069,433,7140,1396,6915,12,32,789
91,12/09/2026 02:40,67500,event-state,16048,548081,429,7368,1412,6827,11,32,967
92,12/09/2026 02:40,67500,event-state,15871,527176,433,7228,1396,6801,11,32,819
93,12/09/2026 02:40,67500,event-state,16133,495184,431,7285,1408,6996,11,31,939
94,12/09/2026 02:41,67500,event-state,15936,453508,429,7228,1436,6830,11,32,823
95,12/09/2026 02:41,67500,event-state,16054,485280,446,7304,1387,6905,11,32,771
96,12/09/2026 02:41,67500,event-state,15913,555619,431,7183,1401,6885,11,32,793
97,12/09/2026 02:42,67500,event-state,16066,544866,438,7305,1408,6901,11,32,817
98,12/09/2026 02:42,67500,event-state,16075,498194,426,7220,1395,7022,11,32,825
99,12/09/2026 02:42,67500,event-state,16043,574186,442,7239,1446,6904,11,32,767
100,12/09/2026 02:42,67500,event-state,15997,535110,427,7224,1429,6904,11,31,826
101,12/09/2026 02:43,67500,event-state,15949,536206,432,7218,1424,6862,11,32,822
102,12/09/2026 02:43,67500,event-state,15927,598346,429,7178,1404,6903,12,31,772
103,12/09/2026 02:43,67500,event-state,15909,572349,427,7228,1392,6848,12,32,788
104,12/09/2026 02:43,67500,event-state,16000,549351,431,7345,1407,6803,11,32,927
105,12/09/2026 02:44,67500,event-state,15990,574662,442,7191,1412,6932,12,31,816
106,12/09/2026 02:44,67500,event-state,15880,563023,432,7190,1393,6853,11,32,785
107,12/09/2026 02:44,67500,event-state,15961,484512,430,7239,1395,6885,11,32,852
108,12/09/2026 02:45,67500,event-state,15966,527527,428,7118,1411,6994,12,31,770
109,12/09/2026 02:45,67500,event-state,15841,570013,441,7152,1394,6841,11,32,824
110,12/09/2026 02:45,67500,event-state,16174,566464,448,7396,1438,6879,12,32,917
111,12/09/2026 02:45,67500,event-state,15813,557681,435,7132,1390,6842,12,32,757
112,12/09/2026 02:46,67500,event-state,16046,479390,429,7189,1408,7007,12,32,820
113,12/09/2026 02:46,67500,event-state,15763,566269,445,7136,1379,6790,11,32,764
114,12/09/2026 02:46,67500,event-state,15893,558994,429,7123,1399,6929,11,32,797
115,12/09/2026 02:46,67500,event-state,15973,506522,437,7189,1413,6921,11,32,818
116,12/09/2026 02:47,67500,event-state,15985,459240,444,7136,1414,6978,11,32,786
117,12/09/2026 02:47,67500,event-state,16053,469637,434,7256,1400,6950,11,32,770
118,12/09/2026 02:47,67500,event-state,16069,485177,431,7206,1408,7010,11,32,800
119,12/09/2026 02:47,67500,event-state,16111,480128,433,7265,1428,6971,11,32,800
120,12/09/2026 02:48,67500,event-state,16003,595304,430,7210,1436,6913,11,31,760
121,12/09/2026 02:48,67500,event-state,16022,532200,431,7289,1409,6880,11,32,903
122,12/09/2026 02:48,67500,event-state,16070,565426,431,7278,1438,6909,11,32,822
123,12/09/2026 02:49,67500,event-state,15924,558373,458,7169,1397,6888,11,32,804
124,12/09/2026 02:49,67500,event-state,15974,489189,426,7131,1374,7030,11,32,783
125,12/09/2026 02:49,67500,event-state,15998,545692,430,7277,1392,6886,11,32,778
126,12/09/2026 02:49,67500,event-state,16005,549263,438,7257,1388,6908,12,32,834
127,12/09/2026 02:50,67500,event-state,15908,549325,436,7216,1375,6866,12,32,773
128,12/09/2026 02:50,67500,event-state,15932,601615,433,7236,1387,6865,11,31,778
129,12/09/2026 02:50,67500,event-state,16050,503773,449,7211,1412,6966,11,31,808
130,12/09/2026 02:50,67500,event-state,15907,544688,427,7144,1403,6920,11,32,776
131,12/09/2026 02:51,67500,event-state,15847,515755,425,7173,1381,6855,11,32,784
132,12/09/2026 02:51,67500,event-state,15865,567702,457,7151,1396,6849,11,32,791
133,12/09/2026 02:51,67500,event-state,15887,572326,433,7136,1402,6903,11,32,774
134,12/09/2026 02:52,67500,event-state,15984,559036,427,7191,1396,6956,12,32,796
135,12/09/2026 02:52,67500,event-state,16052,516407,432,7252,1394,6960,11,31,809
136,12/09/2026 02:52,67500,event-state,15876,560035,429,7232,1391,6810,12,32,821
137,12/09/2026 02:52,67500,event-state,16071,558203,430,7179,1389,7060,12,32,768
138,12/09/2026 02:53,67500,event-state,15799,578482,428,7121,1377,6860,11,32,773
139,12/09/2026 02:53,67500,event-state,15878,499827,429,7160,1399,6878,11,32,799
140,12/09/2026 02:53,67500,event-state,15968,532905,427,7189,1388,6951,12,32,794
141,12/09/2026 02:53,67500,event-state,15842,561651,429,7183,1386,6832,11,32,808
142,12/09/2026 02:54,67500,event-state,15987,531784,427,7249,1415,6883,11,32,780
143,12/09/2026 02:54,67500,event-state,16049,465768,439,7220,1387,6989,11,32,793
144,12/09/2026 02:54,67500,event-state,15989,554113,435,7244,1403,6894,11,32,855
145,12/09/2026 02:54,67500,event-state,15922,532749,428,7180,1414,6888,11,32,824
146,12/09/2026 02:55,67500,event-state,15981,497502,427,7278,1417,6847,11,32,828
147,12/09/2026 02:55,67500,event-state,15799,586864,433,7107,1399,6847,11,31,782
148,12/09/2026 02:55,67500,event-state,15957,599352,428,7239,1404,6874,11,31,791
149,12/09/2026 02:56,67500,event-state,16066,566414,427,7275,1421,6930,11,32,887
150,12/09/2026 02:56,67500,event-state,15993,554589,444,7246,1415,6875,10,32,824
151,12/09/2026 02:56,67500,event-state,15863,564818,431,7125,1382,6912,11,32,801
152,12/09/2026 02:56,67500,event-state,15943,556561,430,7156,1407,6937,11,32,785
153,12/09/2026 02:57,67500,event-state,15976,562661,438,7277,1398,6850,11,32,785
154,12/09/2026 02:57,67500,event-state,15898,556137,433,7209,1396,6846,11,32,785
155,12/09/2026 02:57,67500,event-state,15976,572018,425,7259,1418,6861,11,32,919
156,12/09/2026 02:57,67500,event-state,16161,572632,435,7242,1414,7056,11,32,934
157,12/09/2026 02:58,67500,event-state,15798,522188,427,7134,1387,6837,11,32,790
158,12/09/2026 02:58,67500,event-state,15848,532596,430,7158,1408,6840,11,32,807
159,12/09/2026 02:58,67500,event-state,15914,576386,431,7171,1424,6875,12,31,777
160,12/09/2026 02:59,67500,event-state,15997,459876,434,7312,1398,6840,11,32,892
161,12/09/2026 02:59,67500,event-state,15891,566283,432,7126,1380,6939,12,32,769
162,12/09/2026 02:59,67500,event-state,15914,521043,432,7240,1397,6832,11,32,792
163,12/09/2026 02:59,67500,event-state,15927,567228,451,7231,1386,6846,11,32,806
164,12/09/2026 03:00,67500,event-state,16096,517791,432,7240,1408,7002,11,31,794
165,12/09/2026 03:00,67500,event-state,15921,555805,431,7229,1386,6862,11,32,794
166,12/09/2026 03:00,67500,event-state,16084,520817,427,7158,1387,7100,11,31,805
167,12/09/2026 03:00,67500,event-state,16055,564176,426,7245,1407,6964,12,32,814
168,12/09/2026 03:01,67500,event-state,16025,528103,433,7211,1396,6971,12,32,846
169,12/09/2026 03:01,67500,event-state,15892,456236,434,7211,1402,6833,11,32,790
170,12/09/2026 03:01,67500,event-state,15856,560777,430,7160,1388,6866,11,32,838
171,12/09/2026 03:01,67500,event-state,15912,559060,450,7145,1396,6907,11,31,763
172,12/09/2026 03:02,67500,event-state,16066,559959,440,7340,1429,6843,11,32,818
173,12/09/2026 03:02,67500,event-state,15950,510908,429,7134,1380,6995,11,32,794
174,12/09/2026 03:02,67500,event-state,15860,485800,427,7197,1384,6839,11,32,798
175,12/09/2026 03:03,67500,event-state,15957,573227,429,7158,1386,6972,11,32,787
176,12/09/2026 03:03,67500,event-state,16019,602255,441,7254,1395,6916,11,31,788
177,12/09/2026 03:03,67500,event-state,16065,599815,428,7194,1404,7026,11,31,796
178,12/09/2026 03:03,67500,event-state,15786,501445,432,7112,1387,6841,11,32,767
179,12/09/2026 03:04,67500,event-state,15888,526364,439,7158,1387,6891,11,32,755
180,12/09/2026 03:04,67500,event-state,15980,548535,432,7199,1427,6910,11,32,801
181,12/09/2026 03:04,67500,event-state,15922,456642,431,7183,1399,6896,11,32,800
182,12/09/2026 03:04,67500,event-state,15833,467459,427,7230,1409,6754,11,32,832
183,12/09/2026 03:05,67500,event-state,16224,457895,425,7280,1440,7066,11,32,835
184,12/09/2026 03:05,67500,event-state,15957,596988,433,7177,1398,6937,11,31,785
185,12/09/2026 03:05,67500,event-state,15849,519865,436,7229,1380,6791,11,32,889
186,12/09/2026 03:06,67500,event-state,15870,572040,429,7148,1401,6879,11,32,763
187,12/09/2026 03:06,67500,event-state,15987,561733,425,7187,1396,6966,11,32,806
188,12/09/2026 03:06,67500,event-state,15904,548555,434,7178,1415,6865,11,32,772
189,12/09/2026 03:06,67500,event-state,15944,473698,428,7249,1368,6886,11,32,877
190,12/09/2026 03:07,67500,event-state,15967,501821,425,7140,1383,7005,11,32,770
191,12/09/2026 03:07,67500,event-state,15903,509409,432,7228,1401,6827,12,32,826
192,12/09/2026 03:07,67500,event-state,15924,564433,433,7134,1396,6949,12,32,768
193,12/09/2026 03:07,67500,event-state,15958,585093,434,7147,1410,6953,12,31,788
194,12/09/2026 03:08,67500,event-state,15997,551288,426,7289,1374,6895,11,32,891
195,12/09/2026 03:08,67500,event-state,16026,489513,432,7224,1382,6974,12,32,811
196,12/09/2026 03:08,67500,event-state,16041,436641,428,7273,1393,6934,11,32,822
197,12/09/2026 03:08,67500,event-state,15887,555938,429,7215,1383,6848,11,32,814
198,12/09/2026 03:09,67500,event-state,15811,602243,431,7121,1400,6846,11,31,771
199,12/09/2026 03:09,67500,event-state,15772,601146,427,7150,1392,6790,11,31,807
200,12/09/2026 03:09,67500,event-state,15938,518939,430,7130,1411,6954,12,32,801
1,12/09/2026 03:15,81000,event-state,19410,655215,458,8655,1761,8523,11,38,998
2,12/09/2026 03:15,81000,event-state,19315,557933,431,8718,1753,8399,12,38,1032
3,12/09/2026 03:15,81000,event-state,19263,714531,426,8651,1760,8412,12,37,996
4,12/09/2026 03:16,81000,event-state,19483,567563,430,8657,1773,8609,11,38,1014
5,12/09/2026 03:16,81000,event-state,19326,491716,426,8750,1738,8388,22,38,1068
6,12/09/2026 03:16,81000,event-state,19200,652563,428,8631,1775,8352,12,38,990
7,12/09/2026 03:17,81000,event-state,19356,658786,482,8660,1769,8431,11,37,950
8,12/09/2026 03:17,81000,event-state,19376,546933,428,8627,1780,8527,12,38,1018
9,12/09/2026 03:17,81000,event-state,19355,646026,431,8775,1789,8347,11,38,1014
10,12/09/2026 03:18,81000,event-state,19320,524022,426,8633,1756,8492,11,38,951
11,12/09/2026 03:18,81000,event-state,19490,515222,441,8693,1758,8585,11,38,1003
12,12/09/2026 03:18,81000,event-state,19522,515406,431,8697,1785,8596,11,38,951
13,12/09/2026 03:19,81000,event-state,19611,585407,431,8820,1779,8567,12,37,1110
14,12/09/2026 03:19,81000,event-state,19399,676319,432,8616,1795,8543,11,38,946
15,12/09/2026 03:19,81000,event-state,19256,716643,435,8723,1741,8344,11,37,1000
16,12/09/2026 03:19,81000,event-state,19363,600018,432,8665,1792,8460,12,38,1035
17,12/09/2026 03:20,81000,event-state,19402,540582,434,8675,1801,8478,12,38,978
18,12/09/2026 03:20,81000,event-state,19378,713685,432,8729,1755,8448,12,37,927
19,12/09/2026 03:20,81000,event-state,19266,492084,427,8715,1753,8342,26,38,993
20,12/09/2026 03:21,81000,event-state,19457,722550,427,8832,1756,8429,11,37,1001
21,12/09/2026 03:21,81000,event-state,19200,722540,432,8609,1760,8387,11,37,928
22,12/09/2026 03:21,81000,event-state,19421,662276,430,8725,1801,8451,12,38,1063
23,12/09/2026 03:22,81000,event-state,19313,560653,429,8799,1754,8319,11,38,1050
24,12/09/2026 03:22,81000,event-state,19289,590750,430,8775,1753,8318,12,37,950
25,12/09/2026 03:22,81000,event-state,19212,714865,425,8609,1743,8421,11,37,966
26,12/09/2026 03:23,81000,event-state,19175,702266,428,8642,1747,8345,11,37,980
27,12/09/2026 03:23,81000,event-state,19335,718015,428,8681,1740,8473,11,37,989
28,12/09/2026 03:23,81000,event-state,19373,683985,427,8644,1790,8497,12,38,1008
29,12/09/2026 03:24,81000,event-state,19535,668951,432,8777,1827,8485,12,38,1039
30,12/09/2026 03:24,81000,event-state,19199,543589,444,8581,1781,8379,12,38,965
31,12/09/2026 03:24,81000,event-state,19351,695722,440,8692,1791,8415,12,38,1008
32,12/09/2026 03:25,81000,event-state,19353,714543,428,8790,1777,8345,11,37,1036
33,12/09/2026 03:25,81000,event-state,19305,650298,443,8676,1778,8395,11,37,956
34,12/09/2026 03:25,81000,event-state,19185,648616,428,8673,1773,8297,11,38,1080
35,12/09/2026 03:26,81000,event-state,19250,558430,428,8621,1786,8402,11,38,1034
36,12/09/2026 03:26,81000,event-state,19486,674138,425,8748,1837,8462,12,38,985
37,12/09/2026 03:26,81000,event-state,19282,656731,425,8636,1779,8428,12,38,1003
38,12/09/2026 03:27,81000,event-state,19526,667849,440,8720,1785,8569,11,38,1048
39,12/09/2026 03:27,81000,event-state,19496,675577,430,8658,1802,8592,12,38,1002
40,12/09/2026 03:27,81000,event-state,19378,652908,426,8728,1763,8447,12,38,1124
41,12/09/2026 03:28,81000,event-state,19367,594137,430,8734,1749,8442,11,38,998
42,12/09/2026 03:28,81000,event-state,19320,570936,429,8680,1791,8406,12,38,1037
43,12/09/2026 03:28,81000,event-state,19328,680616,428,8687,1755,8445,12,37,962
44,12/09/2026 03:29,81000,event-state,19358,603256,435,8674,1787,8448,12,38,966
45,12/09/2026 03:29,81000,event-state,19410,515542,426,8788,1767,8415,13,38,954
46,12/09/2026 03:29,81000,event-state,19634,592130,428,8781,1800,8612,11,37,997
47,12/09/2026 03:30,81000,event-state,19585,721761,427,8864,1762,8520,11,37,1164
48,12/09/2026 03:30,81000,event-state,19164,703991,429,8678,1747,8297,12,37,978
49,12/09/2026 03:30,81000,event-state,19512,542578,428,8625,1807,8639,12,38,1028
50,12/09/2026 03:31,81000,event-state,19118,604406,424,8599,1761,8321,11,37,977
51,12/09/2026 03:31,81000,event-state,19281,710496,447,8625,1759,8437,11,37,974
52,12/09/2026 03:31,81000,event-state,19262,675713,429,8638,1776,8404,13,38,958
53,12/09/2026 03:32,81000,event-state,19241,673383,432,8647,1792,8357,12,38,947
54,12/09/2026 03:32,81000,event-state,19304,715530,431,8683,1773,8404,11,37,991
55,12/09/2026 03:32,81000,event-state,19257,709649,430,8637,1777,8399,11,37,941
56,12/09/2026 03:33,81000,event-state,19266,715732,429,8611,1772,8441,12,37,972
57,12/09/2026 03:33,81000,event-state,19466,559692,441,8838,1780,8393,12,38,1180
58,12/09/2026 03:33,81000,event-state,19201,620196,428,8576,1773,8410,11,37,964
59,12/09/2026 03:33,81000,event-state,19183,527931,430,8646,1756,8338,11,38,998
60,12/09/2026 03:34,81000,event-state,19734,565089,464,8787,1797,8673,11,38,1012
61,12/09/2026 03:34,81000,event-state,19434,562108,431,8637,1789,8564,11,38,1017
62,12/09/2026 03:34,81000,event-state,19296,580748,428,8559,1755,8541,11,38,978
63,12/09/2026 03:35,81000,event-state,19405,717402,431,8715,1763,8482,12,37,982
64,12/09/2026 03:35,81000,event-state,19355,647763,431,8690,1776,8446,11,38,1050
65,12/09/2026 03:35,81000,event-state,19314,599193,432,8694,1783,8391,12,38,958
66,12/09/2026 03:36,81000,event-state,19230,516350,430,8683,1749,8355,11,38,994
67,12/09/2026 03:36,81000,event-state,19429,678004,440,8703,1799,8473,12,38,1008
68,12/09/2026 03:36,81000,event-state,19211,496829,428,8600,1767,8389,25,38,990
69,12/09/2026 03:37,81000,event-state,19354,594389,426,8743,1768,8403,11,37,989
70,12/09/2026 03:37,81000,event-state,19362,657161,432,8675,1789,8452,12,38,1019
71,12/09/2026 03:37,81000,event-state,19459,714540,427,8729,1763,8526,12,37,1028
72,12/09/2026 03:38,81000,event-state,19386,718097,433,8678,1779,8483,12,37,964
73,12/09/2026 03:38,81000,event-state,19375,712332,427,8715,1789,8431,11,37,1005
74,12/09/2026 03:38,81000,event-state,19338,668310,429,8689,1817,8390,12,38,1020
75,12/09/2026 03:39,81000,event-state,19287,650618,432,8610,1790,8442,12,38,998
76,12/09/2026 03:39,81000,event-state,19697,596556,437,8812,1772,8662,11,37,1033
77,12/09/2026 03:39,81000,event-state,19362,676436,428,8733,1791,8397,11,38,1040
78,12/09/2026 03:40,81000,event-state,19323,492052,427,8698,1755,8414,27,38,1045
79,12/09/2026 03:40,81000,event-state,19261,591452,430,8647,1800,8370,11,37,939
80,12/09/2026 03:40,81000,event-state,19334,705335,429,8616,1792,8484,11,37,977
81,12/09/2026 03:41,81000,event-state,19454,700462,441,8736,1806,8456,12,37,968
82,12/09/2026 03:41,81000,event-state,19441,553983,428,8717,1794,8488,12,38,1024
83,12/09/2026 03:41,81000,event-state,19295,628295,438,8634,1818,8391,11,38,981
84,12/09/2026 03:42,81000,event-state,19216,664949,427,8576,1782,8417,12,38,985
85,12/09/2026 03:42,81000,event-state,19556,564224,434,8780,1802,8526,12,38,1071
86,12/09/2026 03:42,81000,event-state,19432,588863,433,8740,1764,8483,11,37,966
87,12/09/2026 03:43,81000,event-state,19259,676033,427,8649,1771,8399,11,38,1066
88,12/09/2026 03:43,81000,event-state,19293,551507,440,8632,1794,8413,12,38,1018
89,12/09/2026 03:43,81000,event-state,19433,663436,432,8721,1841,8425,12,38,1012
90,12/09/2026 03:44,81000,event-state,19146,581429,426,8603,1785,8320,11,38,989
91,12/09/2026 03:44,81000,event-state,19386,590165,430,8648,1761,8534,11,37,981
92,12/09/2026 03:44,81000,event-state,19184,714577,431,8603,1732,8404,11,37,950
93,12/09/2026 03:45,81000,event-state,19121,706408,426,8638,1729,8316,11,37,979
94,12/09/2026 03:45,81000,event-state,19271,713814,424,8591,1767,8475,11,37,981
95,12/09/2026 03:45,81000,event-state,19376,527247,427,8654,1769,8512,12,38,979
96,12/09/2026 03:46,81000,event-state,19145,719809,426,8659,1741,8306,12,37,958
97,12/09/2026 03:46,81000,event-state,19468,645461,431,8662,1801,8561,11,38,976
98,12/09/2026 03:46,81000,event-state,19166,679706,428,8526,1779,8420,11,38,972
99,12/09/2026 03:47,81000,event-state,19464,595532,427,8787,1791,8446,11,37,1040
100,12/09/2026 03:47,81000,event-state,19215,581222,428,8624,1787,8362,11,38,983
101,12/09/2026 03:47,81000,event-state,19392,497041,428,8682,1756,8498,26,38,1005
102,12/09/2026 03:47,81000,event-state,19524,686073,428,8766,1768,8548,11,37,992
103,12/09/2026 03:48,81000,event-state,19351,518214,453,8672,1760,8452,12,38,954
104,12/09/2026 03:48,81000,event-state,19216,533104,429,8563,1780,8432,11,38,976
105,12/09/2026 03:48,81000,event-state,19482,594648,428,8765,1827,8448,12,37,1066
106,12/09/2026 03:49,81000,event-state,19433,685670,429,8744,1808,8438,11,38,1069
107,12/09/2026 03:49,81000,event-state,19347,671633,426,8669,1767,8471,11,38,1004
108,12/09/2026 03:49,81000,event-state,19306,681732,426,8702,1781,8384,11,37,976
109,12/09/2026 03:50,81000,event-state,19409,709905,437,8803,1758,8396,12,37,965
110,12/09/2026 03:50,81000,event-state,19439,715305,431,8598,1753,8644,11,37,963
111,12/09/2026 03:50,81000,event-state,19239,677306,430,8654,1765,8378,11,38,1005
112,12/09/2026 03:51,81000,event-state,19325,602602,440,8696,1795,8379,12,38,990
113,12/09/2026 03:51,81000,event-state,19406,573233,434,8653,1764,8542,12,38,1033
114,12/09/2026 03:51,81000,event-state,19483,652090,457,8659,1815,8539,11,38,977
115,12/09/2026 03:52,81000,event-state,19323,552306,428,8614,1804,8464,11,38,1001
116,12/09/2026 03:52,81000,event-state,19283,668199,427,8685,1769,8388,12,38,992
117,12/09/2026 03:52,81000,event-state,19205,648458,426,8641,1788,8337,12,38,995
118,12/09/2026 03:53,81000,event-state,19431,681525,427,8725,1750,8515,12,37,976
119,12/09/2026 03:53,81000,event-state,19400,674404,437,8810,1795,8346,11,38,1040
120,12/09/2026 03:53,81000,event-state,19314,705144,431,8776,1772,8322,11,37,967
121,12/09/2026 03:54,81000,event-state,19412,719022,441,8672,1762,8524,11,37,972
122,12/09/2026 03:54,81000,event-state,19123,705083,427,8590,1735,8358,11,37,971
123,12/09/2026 03:54,81000,event-state,19409,629280,439,8735,1736,8486,12,37,992
124,12/09/2026 03:55,81000,event-state,19396,601077,429,8741,1771,8442,12,37,976
125,12/09/2026 03:55,81000,event-state,19146,699222,433,8616,1742,8343,12,37,974
126,12/09/2026 03:55,81000,event-state,19322,618134,434,8697,1745,8433,11,37,1007
127,12/09/2026 03:56,81000,event-state,19339,649575,425,8681,1786,8433,11,37,962
128,12/09/2026 03:56,81000,event-state,19329,677797,429,8773,1769,8345,11,38,1023
129,12/09/2026 03:56,81000,event-state,19233,711945,426,8729,1730,8334,11,37,976
130,12/09/2026 03:57,81000,event-state,19644,524312,432,8800,1773,8626,11,38,1035
131,12/09/2026 03:57,81000,event-state,19294,515800,443,8685,1729,8424,11,38,999
132,12/09/2026 03:57,81000,event-state,19411,521039,430,8680,1806,8483,11,38,1033
133,12/09/2026 03:58,81000,event-state,19394,589538,427,8721,1788,8444,12,37,976
134,12/09/2026 03:58,81000,event-state,19124,533182,431,8594,1765,8321,11,38,951
135,12/09/2026 03:58,81000,event-state,19302,646237,441,8642,1783,8424,11,38,941
136,12/09/2026 03:59,81000,event-state,19338,594611,425,8688,1750,8462,11,38,989
137,12/09/2026 03:59,81000,event-state,19359,588385,428,8760,1745,8413,12,37,1058
138,12/09/2026 03:59,81000,event-state,19290,657651,431,8658,1792,8395,11,38,1009
139,12/09/2026 04:00,81000,event-state,19192,599661,429,8591,1748,8409,12,37,977
140,12/09/2026 04:00,81000,event-state,19253,562707,431,8630,1764,8414,12,38,993
141,12/09/2026 04:00,81000,event-state,19238,496400,432,8684,1761,8334,25,38,962
142,12/09/2026 04:01,81000,event-state,19088,699570,428,8596,1730,8321,12,37,989
143,12/09/2026 04:01,81000,event-state,19391,654394,427,8751,1774,8426,11,38,999
144,12/09/2026 04:01,81000,event-state,19650,549892,429,8728,1764,8716,11,38,1004
145,12/09/2026 04:01,81000,event-state,19364,556137,426,8636,1743,8545,12,38,960
146,12/09/2026 04:02,81000,event-state,19409,600448,428,8719,1808,8438,13,38,1035
147,12/09/2026 04:02,81000,event-state,19389,617435,439,8733,1739,8464,12,37,1008
148,12/09/2026 04:02,81000,event-state,19254,696225,428,8727,1788,8298,12,38,995
149,12/09/2026 04:03,81000,event-state,19144,522896,439,8583,1737,8372,11,38,953
150,12/09/2026 04:03,81000,event-state,19571,547349,426,8755,1790,8587,12,38,1122
151,12/09/2026 04:03,81000,event-state,19295,655309,443,8655,1772,8412,11,38,1002
152,12/09/2026 04:04,81000,event-state,19511,662399,430,8828,1781,8459,12,38,1040
153,12/09/2026 04:04,81000,event-state,19333,630961,429,8698,1790,8402,12,38,1018
154,12/09/2026 04:04,81000,event-state,19195,655784,425,8588,1768,8400,12,38,980
155,12/09/2026 04:05,81000,event-state,19304,700880,430,8627,1764,8469,12,37,968
156,12/09/2026 04:05,81000,event-state,19291,614582,427,8732,1757,8362,11,37,1014
157,12/09/2026 04:05,81000,event-state,19213,674063,428,8627,1760,8385,11,38,1007
158,12/09/2026 04:06,81000,event-state,19404,570953,433,8703,1768,8486,11,38,1003
159,12/09/2026 04:06,81000,event-state,19445,517280,428,8706,1773,8524,12,38,990
160,12/09/2026 04:06,81000,event-state,19299,714763,431,8705,1757,8393,11,37,977
161,12/09/2026 04:07,81000,event-state,19365,572532,437,8672,1759,8484,11,38,988
162,12/09/2026 04:07,81000,event-state,19141,655702,426,8593,1761,8348,11,38,986
163,12/09/2026 04:07,81000,event-state,19426,587585,447,8697,1773,8495,11,37,967
164,12/09/2026 04:08,81000,event-state,19321,618800,430,8673,1750,8455,12,37,1046
165,12/09/2026 04:08,81000,event-state,19527,658753,432,8916,1790,8376,11,38,1108
166,12/09/2026 04:08,81000,event-state,19621,556082,431,8720,1777,8680,11,38,1054
167,12/09/2026 04:09,81000,event-state,19367,516048,433,8670,1765,8487,11,38,974
168,12/09/2026 04:09,81000,event-state,19566,491882,429,8742,1789,8576,27,38,974
169,12/09/2026 04:09,81000,event-state,19130,705027,429,8602,1748,8337,12,37,944
170,12/09/2026 04:10,81000,event-state,19409,533720,426,8671,1787,8512,12,38,1030
171,12/09/2026 04:10,81000,event-state,19316,690930,431,8714,1749,8410,11,37,1047
172,12/09/2026 04:10,81000,event-state,19369,712021,427,8729,1759,8440,12,37,997
173,12/09/2026 04:11,81000,event-state,19225,598665,429,8650,1750,8383,11,37,988
174,12/09/2026 04:11,81000,event-state,19413,563524,454,8734,1774,8438,11,38,1017
175,12/09/2026 04:11,81000,event-state,19143,567380,427,8596,1772,8333,12,38,978
176,12/09/2026 04:12,81000,event-state,19493,630322,428,8699,1777,8575,11,37,1012
177,12/09/2026 04:12,81000,event-state,19383,624032,427,8840,1824,8279,11,37,975
178,12/09/2026 04:12,81000,event-state,19349,565249,428,8679,1754,8475,11,38,1059
179,12/09/2026 04:13,81000,event-state,19318,657459,429,8765,1796,8315,11,38,976
180,12/09/2026 04:13,81000,event-state,19427,602267,429,8589,1790,8605,12,37,956
181,12/09/2026 04:13,81000,event-state,19311,592444,429,8629,1765,8474,11,37,997
182,12/09/2026 04:14,81000,event-state,19429,548073,427,8613,1772,8603,12,38,985
183,12/09/2026 04:14,81000,event-state,19252,614033,437,8573,1771,8457,12,38,977
184,12/09/2026 04:14,81000,event-state,19248,712497,428,8678,1741,8388,11,37,972
185,12/09/2026 04:15,81000,event-state,19257,678601,435,8606,1766,8437,12,38,987
186,12/09/2026 04:15,81000,event-state,19169,659517,432,8594,1789,8342,11,38,976
187,12/09/2026 04:15,81000,event-state,19201,668198,426,8615,1789,8358,11,38,1010
188,12/09/2026 04:15,81000,event-state,19249,641617,426,8728,1772,8309,12,38,1028
189,12/09/2026 04:16,81000,event-state,19421,557919,430,8691,1771,8516,11,38,990
190,12/09/2026 04:16,81000,event-state,19384,493937,433,8674,1756,8497,22,38,969
191,12/09/2026 04:16,81000,event-state,19251,652827,428,8640,1785,8383,12,38,1006
192,12/09/2026 04:17,81000,event-state,19237,651689,431,8658,1765,8369,11,38,969
193,12/09/2026 04:17,81000,event-state,19445,675376,431,8736,1789,8476,12,38,1015
194,12/09/2026 04:17,81000,event-state,19120,702443,429,8653,1731,8294,11,37,1003
195,12/09/2026 04:18,81000,event-state,19481,571626,430,8700,1839,8499,11,38,1009
196,12/09/2026 04:18,81000,event-state,19393,559590,430,8781,1756,8413,11,38,1012
197,12/09/2026 04:18,81000,event-state,19436,539692,431,8752,1769,8471,11,38,1099
198,12/09/2026 04:19,81000,event-state,19345,518945,452,8713,1758,8409,11,38,1011
199,12/09/2026 04:19,81000,event-state,19360,573252,428,8729,1766,8423,12,38,986
200,12/09/2026 04:19,81000,event-state,19256,631377,427,8634,1759,8421,11,37,950
1,12/09/2026 04:25,94500,event-state,22155,552813,440,10093,1949,9644,26,45,1250
2,12/09/2026 04:25,94500,event-state,22123,724719,428,9935,1911,9835,11,43,1172
3,12/09/2026 04:26,94500,event-state,22040,581065,428,9817,1911,9871,11,44,1090
4,12/09/2026 04:26,94500,event-state,21969,720944,436,9967,1910,9642,11,44,1145
5,12/09/2026 04:26,94500,event-state,21866,647665,426,9744,1926,9757,11,44,1108
6,12/09/2026 04:27,94500,event-state,21942,610763,427,9844,1920,9738,11,44,1089
7,12/09/2026 04:27,94500,event-state,22086,680887,428,9913,1907,9825,11,44,1143
8,12/09/2026 04:27,94500,event-state,21993,672677,432,9928,1940,9680,11,44,1103
9,12/09/2026 04:28,94500,event-state,22084,640594,432,9934,1932,9773,11,44,1196
10,12/09/2026 04:28,94500,event-state,22169,717551,428,9903,1931,9893,12,42,1217
11,12/09/2026 04:28,94500,event-state,21940,767318,439,9899,1913,9676,11,43,1103
12,12/09/2026 04:29,94500,event-state,21852,680991,449,9842,1889,9660,11,44,1098
13,12/09/2026 04:29,94500,event-state,22282,578400,442,10022,1912,9893,11,45,1160
14,12/09/2026 04:30,94500,event-state,22058,684305,433,9867,1967,9778,11,44,1111
15,12/09/2026 04:30,94500,event-state,22052,669072,436,9863,1904,9835,12,44,1090
16,12/09/2026 04:30,94500,event-state,22079,596843,444,9935,1912,9774,12,45,1134
17,12/09/2026 04:31,94500,event-state,21938,591823,429,9866,1903,9726,13,45,1124
18,12/09/2026 04:31,94500,event-state,21966,663960,440,9929,1901,9683,12,44,1095
19,12/09/2026 04:31,94500,event-state,21993,691140,427,9906,1901,9747,11,44,1140
20,12/09/2026 04:32,94500,event-state,21925,797411,443,9823,1893,9752,12,44,1083
21,12/09/2026 04:32,94500,event-state,22064,689154,442,9853,1910,9846,11,44,1115
22,12/09/2026 04:33,94500,event-state,22150,551908,427,9948,1898,9847,28,45,1111
23,12/09/2026 04:33,94500,event-state,21963,683745,426,9918,1944,9661,12,44,1187
24,12/09/2026 04:33,94500,event-state,22124,546698,443,9916,1957,9784,22,45,1140
25,12/09/2026 04:34,94500,event-state,22221,666648,433,9979,1955,9841,11,43,1187
26,12/09/2026 04:34,94500,event-state,22134,667955,443,9976,1893,9809,11,44,1219
27,12/09/2026 04:34,94500,event-state,22037,589417,435,9869,1926,9794,11,44,1112
28,12/09/2026 04:35,94500,event-state,22050,570757,441,9979,1899,9717,12,45,1103
29,12/09/2026 04:35,94500,event-state,22012,788480,429,9831,1916,9824,11,43,1094
30,12/09/2026 04:36,94500,event-state,22319,706245,430,9920,1949,10006,12,44,1127
31,12/09/2026 04:36,94500,event-state,22074,692996,427,10017,1925,9691,11,44,1321
32,12/09/2026 04:36,94500,event-state,22177,547916,430,9867,1913,9940,24,44,1127
33,12/09/2026 04:37,94500,event-state,21854,576181,429,9813,1909,9690,11,45,1091
34,12/09/2026 04:37,94500,event-state,22150,681389,428,10025,1953,9732,11,44,1190
35,12/09/2026 04:37,94500,event-state,21845,663538,429,9769,1923,9710,11,44,1054
36,12/09/2026 04:38,94500,event-state,22042,698033,438,9851,1936,9803,12,44,1115
37,12/09/2026 04:38,94500,event-state,21985,782422,424,9822,1969,9757,11,43,1149
38,12/09/2026 04:38,94500,event-state,22258,665260,445,9991,1929,9880,11,44,1128
39,12/09/2026 04:39,94500,event-state,21973,586324,430,9987,1938,9605,11,44,1121
40,12/09/2026 04:39,94500,event-state,21879,685316,427,9801,1921,9717,12,44,1121
41,12/09/2026 04:40,94500,event-state,22043,551851,429,9839,1950,9801,22,45,1127
42,12/09/2026 04:40,94500,event-state,21993,737221,431,9878,1930,9740,11,43,1105
43,12/09/2026 04:40,94500,event-state,22028,657906,432,9976,1929,9678,11,44,1228
44,12/09/2026 04:41,94500,event-state,22184,545854,429,10055,1915,9761,21,45,1127
45,12/09/2026 04:41,94500,event-state,22297,722597,427,10046,1931,9880,12,43,1153
46,12/09/2026 04:41,94500,event-state,21934,575252,428,9836,1933,9724,11,45,1137
47,12/09/2026 04:42,94500,event-state,22237,584760,431,10090,1933,9769,12,44,1298
48,12/09/2026 04:42,94500,event-state,22309,717849,430,9907,1930,10029,11,42,1210
49,12/09/2026 04:43,94500,event-state,21922,584916,433,9914,1912,9650,11,44,1194
50,12/09/2026 04:43,94500,event-state,21906,681807,425,9852,1927,9689,11,44,1116
51,12/09/2026 04:43,94500,event-state,21973,552912,427,9806,1893,9820,25,44,1120
52,12/09/2026 04:44,94500,event-state,22074,570727,435,9898,1904,9824,11,45,1119
53,12/09/2026 04:44,94500,event-state,21948,550320,434,9797,1914,9781,20,44,1071
54,12/09/2026 04:44,94500,event-state,22115,575051,430,9982,1930,9759,11,45,1177
55,12/09/2026 04:45,94500,event-state,22044,568281,428,9845,1960,9797,11,44,1126
56,12/09/2026 04:45,94500,event-state,22081,576746,438,9998,1904,9729,11,44,1135
57,12/09/2026 04:46,94500,event-state,22054,587233,431,9919,1949,9741,12,45,1172
58,12/09/2026 04:46,94500,event-state,21857,672500,425,9822,1947,9649,12,44,1112
59,12/09/2026 04:46,94500,event-state,21950,672725,426,9954,1910,9646,12,44,1134
60,12/09/2026 04:47,94500,event-state,22158,668195,426,9967,1957,9795,12,44,1129
61,12/09/2026 04:47,94500,event-state,22068,582566,432,9938,1934,9752,11,44,1103
62,12/09/2026 04:47,94500,event-state,21987,581022,430,9934,1911,9699,11,44,1122
63,12/09/2026 04:48,94500,event-state,22059,670293,431,9900,1939,9776,12,44,1141
64,12/09/2026 04:48,94500,event-state,22014,575228,432,9894,1946,9729,11,45,1134
65,12/09/2026 04:48,94500,event-state,22026,575251,432,9925,1929,9726,11,45,1158
66,12/09/2026 04:49,94500,event-state,22121,675113,432,9954,1914,9808,11,44,1220
67,12/09/2026 04:49,94500,event-state,22140,733048,428,9908,1968,9822,11,44,1150
68,12/09/2026 04:50,94500,event-state,22074,773263,438,9926,1926,9771,11,43,1110
69,12/09/2026 04:50,94500,event-state,22290,583022,426,9987,1917,9947,11,45,1199
70,12/09/2026 04:50,94500,event-state,21912,576204,433,9891,1909,9667,11,45,1149
71,12/09/2026 04:51,94500,event-state,22242,684037,432,9918,1977,9902,11,44,1123
72,12/09/2026 04:51,94500,event-state,22218,789532,429,9983,1925,9867,12,43,1143
73,12/09/2026 04:51,94500,event-state,22051,668802,430,9907,1935,9766,11,44,1134
74,12/09/2026 04:52,94500,event-state,22059,571257,440,9969,1903,9734,11,44,1120
75,12/09/2026 04:52,94500,event-state,22080,684395,443,9943,1915,9766,11,44,1178
76,12/09/2026 04:53,94500,event-state,22126,584183,432,9892,1916,9873,11,45,1111
77,12/09/2026 04:53,94500,event-state,22117,670266,434,9947,1975,9748,11,44,1189
78,12/09/2026 04:53,94500,event-state,22293,788276,430,9992,1926,9931,12,43,1058
79,12/09/2026 04:54,94500,event-state,21918,579612,427,9806,1918,9755,11,44,1077
80,12/09/2026 04:54,94500,event-state,22001,684533,426,9868,1920,9774,11,44,1113
81,12/09/2026 04:54,94500,event-state,21956,702375,427,9808,1914,9793,11,44,1132
82,12/09/2026 04:55,94500,event-state,21944,587216,430,9829,1923,9749,11,44,1110
83,12/09/2026 04:55,94500,event-state,22407,641344,436,10178,1971,9810,11,44,1235
84,12/09/2026 04:56,94500,event-state,22049,581771,430,9858,1939,9808,12,44,1099
85,12/09/2026 04:56,94500,event-state,22080,649959,431,9911,1905,9818,12,44,1147
86,12/09/2026 04:56,94500,event-state,22050,625051,433,9840,1957,9806,11,44,1104
87,12/09/2026 04:57,94500,event-state,21969,674396,427,9873,1955,9701,11,44,1124
88,12/09/2026 04:57,94500,event-state,22063,581014,459,9914,1930,9746,11,44,1120
89,12/09/2026 04:57,94500,event-state,22001,791134,430,9874,1961,9723,12,43,1108
90,12/09/2026 04:58,94500,event-state,22016,690437,431,9926,1926,9720,11,44,1073
91,12/09/2026 04:58,94500,event-state,22060,640726,428,9912,1919,9788,11,44,1151
92,12/09/2026 04:59,94500,event-state,22006,571507,442,9998,1912,9641,11,44,1159
93,12/09/2026 04:59,94500,event-state,22011,601934,435,9869,1912,9782,11,44,1113
94,12/09/2026 04:59,94500,event-state,22107,699300,432,9985,1947,9729,11,44,1112
95,12/09/2026 05:00,94500,event-state,22248,780604,426,10080,1906,9823,11,43,1120
96,12/09/2026 05:00,94500,event-state,22046,733916,435,9905,1952,9740,12,44,1076
97,12/09/2026 05:00,94500,event-state,22146,569261,430,9962,1890,9850,11,44,1159
98,12/09/2026 05:01,94500,event-state,22208,581722,429,10090,1959,9716,13,43,1326
99,12/09/2026 05:01,94500,event-state,22125,666531,429,9937,1923,9823,11,44,1124
100,12/09/2026 05:01,94500,event-state,22039,794206,431,9941,1897,9757,11,43,1196
101,12/09/2026 05:02,94500,event-state,22081,652813,429,10022,1957,9661,11,44,1232
102,12/09/2026 05:02,94500,event-state,22297,726445,432,9974,1939,9940,11,43,1134
103,12/09/2026 05:03,94500,event-state,21934,645336,431,9856,1960,9674,11,44,1107
104,12/09/2026 05:03,94500,event-state,22252,748219,459,9869,1955,9955,11,42,1137
105,12/09/2026 05:03,94500,event-state,21916,682059,429,9781,1901,9792,12,44,1093
106,12/09/2026 05:04,94500,event-state,22035,618297,432,9794,1940,9856,11,44,1127
107,12/09/2026 05:04,94500,event-state,22157,681103,432,9862,1949,9900,11,44,1138
108,12/09/2026 05:04,94500,event-state,22340,614301,428,10115,2013,9771,11,44,1361
109,12/09/2026 05:05,94500,event-state,22261,676111,429,9946,1938,9935,11,44,1127
110,12/09/2026 05:05,94500,event-state,21984,578248,424,9898,1940,9708,11,45,1165
111,12/09/2026 05:06,94500,event-state,22183,706692,427,9916,1945,9882,11,43,1139
112,12/09/2026 05:06,94500,event-state,22091,691193,429,9973,1941,9734,11,44,1197
113,12/09/2026 05:06,94500,event-state,21923,673864,427,9865,1917,9701,11,43,1104
114,12/09/2026 05:07,94500,event-state,22142,568216,430,9945,1916,9838,11,44,1154
115,12/09/2026 05:07,94500,event-state,22065,691513,430,9882,1916,9824,11,44,1124
116,12/09/2026 05:07,94500,event-state,22146,787022,438,10020,1894,9781,11,43,1121
117,12/09/2026 05:08,94500,event-state,22059,585323,429,9959,1921,9736,12,45,1151
118,12/09/2026 05:08,94500,event-state,22117,775451,428,9962,1926,9788,11,43,1152
119,12/09/2026 05:09,94500,event-state,22122,660424,433,9892,1911,9872,12,44,1157
120,12/09/2026 05:09,94500,event-state,22149,618183,432,9939,1981,9784,11,44,1134
121,12/09/2026 05:09,94500,event-state,22127,676810,430,10020,1933,9731,11,44,1196
122,12/09/2026 05:10,94500,event-state,22042,606599,440,10023,1900,9666,11,44,1082
123,12/09/2026 05:10,94500,event-state,22009,671275,433,9916,1904,9743,11,44,1126
124,12/09/2026 05:10,94500,event-state,22062,642824,440,9835,1974,9799,11,44,1093
125,12/09/2026 05:11,94500,event-state,22214,618633,432,10014,1923,9831,11,44,1272
126,12/09/2026 05:11,94500,event-state,21877,724079,434,9850,1931,9648,12,44,1117
127,12/09/2026 05:12,94500,event-state,22093,683004,438,9871,1912,9858,11,44,1087
128,12/09/2026 05:12,94500,event-state,22111,580946,444,9891,1924,9840,11,43,1153
129,12/09/2026 05:12,94500,event-state,22141,579257,431,10078,1929,9690,11,45,1214
130,12/09/2026 05:13,94500,event-state,22375,665651,430,10055,1920,9956,11,44,1189
131,12/09/2026 05:13,94500,event-state,22502,674759,439,10054,1942,10053,11,44,1267
132,12/09/2026 05:13,94500,event-state,22234,682247,444,10072,1922,9781,12,44,1186
133,12/09/2026 05:14,94500,event-state,22095,673808,434,9924,1950,9774,11,44,1120
134,12/09/2026 05:14,94500,event-state,22120,674061,432,9944,1959,9772,11,44,1238
135,12/09/2026 05:15,94500,event-state,22227,613478,431,10020,1940,9823,11,44,1136
136,12/09/2026 05:15,94500,event-state,22128,671591,444,9930,1916,9824,12,44,1126
137,12/09/2026 05:15,94500,event-state,21973,677793,430,9976,1961,9594,11,44,1222
138,12/09/2026 05:16,94500,event-state,21937,612632,429,9852,1923,9719,11,44,1091
139,12/09/2026 05:16,94500,event-state,22083,730182,437,9899,1928,9806,11,43,1106
140,12/09/2026 05:16,94500,event-state,22048,671715,431,10033,1901,9669,11,44,1249
141,12/09/2026 05:17,94500,event-state,22204,657844,456,10154,1890,9690,11,44,1204
142,12/09/2026 05:17,94500,event-state,22030,694179,432,9883,1928,9775,11,44,1080
143,12/09/2026 05:17,94500,event-state,21906,579891,434,10012,1888,9559,11,45,1169
144,12/09/2026 05:18,94500,event-state,22174,765887,430,9928,1935,9867,11,43,1128
145,12/09/2026 05:18,94500,event-state,22177,647347,432,9951,1938,9844,11,44,1193
146,12/09/2026 05:19,94500,event-state,22054,720964,427,9758,1938,9918,11,44,1092
147,12/09/2026 05:19,94500,event-state,22025,575056,432,9919,1950,9711,11,45,1137
148,12/09/2026 05:19,94500,event-state,21890,647166,431,9868,1911,9667,12,44,1089
149,12/09/2026 05:20,94500,event-state,22033,648893,432,9873,1947,9767,12,44,1095
150,12/09/2026 05:20,94500,event-state,22128,570978,431,9846,1917,9921,12,45,1132
151,12/09/2026 05:20,94500,event-state,22185,701226,435,10059,1925,9754,11,44,1114
152,12/09/2026 05:21,94500,event-state,22084,612141,428,9828,1945,9869,11,44,1090
153,12/09/2026 05:21,94500,event-state,22130,700301,433,10068,1915,9702,11,44,1245
154,12/09/2026 05:22,94500,event-state,21899,587492,428,9856,1908,9695,11,44,1121
155,12/09/2026 05:22,94500,event-state,21903,581835,427,9851,1910,9702,11,44,1117
156,12/09/2026 05:22,94500,event-state,22004,692072,435,9932,1896,9727,12,44,1125
157,12/09/2026 05:23,94500,event-state,22274,721602,433,10068,1915,9845,11,43,1219
158,12/09/2026 05:23,94500,event-state,22228,695504,444,9912,1898,9960,11,44,1165
159,12/09/2026 05:23,94500,event-state,21920,612350,428,9836,1966,9677,11,44,1121
160,12/09/2026 05:24,94500,event-state,21841,615052,429,9880,1944,9575,11,44,1109
161,12/09/2026 05:24,94500,event-state,21841,607152,429,9859,1900,9639,11,44,1153
162,12/09/2026 05:25,94500,event-state,22088,766170,425,9978,1892,9780,11,43,1123
163,12/09/2026 05:25,94500,event-state,21832,718137,429,9805,1910,9675,11,43,1153
164,12/09/2026 05:25,94500,event-state,22249,547103,428,9954,1932,9908,25,44,1237
165,12/09/2026 05:26,94500,event-state,21981,675571,430,9867,1915,9754,13,44,1149
166,12/09/2026 05:26,94500,event-state,22022,684005,425,9818,1920,9845,11,44,1105
167,12/09/2026 05:26,94500,event-state,21998,607151,426,9862,1900,9796,11,44,1160
168,12/09/2026 05:27,94500,event-state,22012,585950,428,9811,1932,9829,11,44,1128
169,12/09/2026 05:27,94500,event-state,21993,711391,426,9931,1926,9696,12,43,1114
170,12/09/2026 05:27,94500,event-state,22072,690435,428,9933,1927,9771,11,44,1172
171,12/09/2026 05:28,94500,event-state,21922,684925,431,9883,1910,9684,12,44,1134
172,12/09/2026 05:28,94500,event-state,22305,716085,433,9906,1959,9993,12,42,1186
173,12/09/2026 05:29,94500,event-state,21898,585514,428,9854,1914,9688,11,44,1074
174,12/09/2026 05:29,94500,event-state,22146,572868,428,9870,1942,9892,11,44,1114
175,12/09/2026 05:29,94500,event-state,22027,739349,430,9920,1938,9725,12,43,1139
176,12/09/2026 05:30,94500,event-state,22014,612148,434,9904,1921,9741,11,44,1134
177,12/09/2026 05:30,94500,event-state,22141,673902,429,9878,1915,9906,11,44,1184
178,12/09/2026 05:30,94500,event-state,22295,716473,441,10058,1933,9850,11,43,1237
179,12/09/2026 05:31,94500,event-state,22245,761347,442,9979,1927,9884,11,43,1204
180,12/09/2026 05:31,94500,event-state,22116,570502,453,9856,1944,9850,11,44,1148
181,12/09/2026 05:32,94500,event-state,22066,644975,431,9951,1967,9703,11,44,1179
182,12/09/2026 05:32,94500,event-state,22180,579722,432,9866,1932,9937,11,44,1185
183,12/09/2026 05:32,94500,event-state,22146,667202,433,9950,1957,9793,11,44,1136
184,12/09/2026 05:33,94500,event-state,22133,790414,447,9958,1931,9784,11,44,1106
185,12/09/2026 05:33,94500,event-state,22023,570053,428,9953,1905,9723,12,45,1226
186,12/09/2026 05:33,94500,event-state,21969,685368,430,9855,1919,9752,11,44,1125
187,12/09/2026 05:34,94500,event-state,22097,580557,430,9919,1922,9812,11,44,1138
188,12/09/2026 05:34,94500,event-state,21875,679934,431,9763,1902,9766,11,44,1103
189,12/09/2026 05:35,94500,event-state,21980,698849,438,9959,1928,9642,11,44,1178
190,12/09/2026 05:35,94500,event-state,21824,688696,429,9834,1892,9656,11,44,1098
191,12/09/2026 05:35,94500,event-state,22036,572608,456,9882,1914,9771,11,44,1129
192,12/09/2026 05:36,94500,event-state,22084,657600,443,9920,1924,9783,11,44,1112
193,12/09/2026 05:36,94500,event-state,22205,658666,448,10143,1925,9675,12,44,1334
194,12/09/2026 05:36,94500,event-state,22089,691966,429,9877,1982,9789,11,44,1134
195,12/09/2026 05:37,94500,event-state,22412,790322,432,9950,1920,10096,12,43,1185
196,12/09/2026 05:37,94500,event-state,22167,691961,432,9992,1937,9791,11,44,1249
197,12/09/2026 05:38,94500,event-state,21937,570673,430,9860,1926,9707,11,45,1119
198,12/09/2026 05:38,94500,event-state,21940,672936,431,9914,1919,9664,11,44,1130
199,12/09/2026 05:38,94500,event-state,22127,677602,428,9904,1950,9831,11,44,1165
200,12/09/2026 05:39,94500,event-state,21945,587051,442,9874,1917,9700,11,44,1191
1,12/09/2026 05:44,108000,event-state,25340,689534,454,11425,2174,11272,12,49,1409
2,12/09/2026 05:44,108000,event-state,25277,880863,427,11348,2265,11223,11,49,1467
3,12/09/2026 05:45,108000,event-state,25066,750467,431,11236,2203,11183,11,50,1310
4,12/09/2026 05:45,108000,event-state,25320,780123,431,11452,2199,11226,11,49,1383
5,12/09/2026 05:46,108000,event-state,25162,779672,426,11390,2223,11109,12,49,1340
6,12/09/2026 05:46,108000,event-state,25205,751649,433,11364,2195,11200,12,50,1363
7,12/09/2026 05:47,108000,event-state,24975,893001,427,11205,2244,11085,12,49,1268
8,12/09/2026 05:47,108000,event-state,25168,881010,430,11292,2220,11213,11,48,1316
9,12/09/2026 05:47,108000,event-state,25084,824314,428,11262,2246,11136,10,49,1310
10,12/09/2026 05:48,108000,event-state,25044,899438,437,11322,2201,11070,11,49,1345
11,12/09/2026 05:48,108000,event-state,25001,898508,438,11225,2233,11093,11,48,1290
12,12/09/2026 05:49,108000,event-state,25487,817688,429,11417,2214,11414,11,49,1422
13,12/09/2026 05:49,108000,event-state,25179,772937,428,11422,2242,11073,12,50,1358
14,12/09/2026 05:50,108000,event-state,25143,867310,433,11357,2220,11118,12,49,1336
15,12/09/2026 05:50,108000,event-state,25422,887638,429,11510,2255,11215,11,49,1462
16,12/09/2026 05:50,108000,event-state,25009,748532,425,11370,2214,10985,13,49,1359
17,12/09/2026 05:51,108000,event-state,25103,872239,429,11302,2235,11124,12,49,1361
18,12/09/2026 05:51,108000,event-state,25182,749426,433,11247,2223,11266,11,49,1294
19,12/09/2026 05:52,108000,event-state,24941,705859,428,11205,2222,11073,11,49,1343
20,12/09/2026 05:52,108000,event-state,25172,772829,432,11301,2193,11233,11,50,1332
21,12/09/2026 05:53,108000,event-state,25080,889932,430,11459,2227,10950,11,48,1298
22,12/09/2026 05:53,108000,event-state,25099,744396,433,11340,2216,11095,12,49,1324
23,12/09/2026 05:53,108000,event-state,25502,702946,431,11356,2259,11443,12,49,1388
24,12/09/2026 05:54,108000,event-state,25064,862244,429,11241,2303,11078,11,49,1347
25,12/09/2026 05:54,108000,event-state,25001,760083,431,11181,2256,11120,11,50,1328
26,12/09/2026 05:55,108000,event-state,25119,799801,428,11388,2222,11068,11,49,1265
27,12/09/2026 05:55,108000,event-state,24886,757350,428,11251,2181,11013,11,50,1350
28,12/09/2026 05:55,108000,event-state,24954,810588,433,11299,2203,11005,11,49,1292
29,12/09/2026 05:56,108000,event-state,25226,774478,432,11217,2313,11250,12,50,1321
30,12/09/2026 05:56,108000,event-state,25108,659087,438,11332,2216,11095,26,50,1438
31,12/09/2026 05:57,108000,event-state,25121,758389,430,11351,2216,11111,11,50,1332
32,12/09/2026 05:57,108000,event-state,25063,748985,440,11278,2242,11091,11,50,1328
33,12/09/2026 05:58,108000,event-state,25439,762861,452,11486,2227,11261,12,50,1349
34,12/09/2026 05:58,108000,event-state,25081,762156,431,11353,2203,11082,11,50,1306
35,12/09/2026 05:58,108000,event-state,25488,867573,430,11446,2270,11329,12,49,1376
36,12/09/2026 05:59,108000,event-state,25120,889027,432,11224,2226,11225,11,49,1287
37,12/09/2026 05:59,108000,event-state,25221,703550,451,11372,2258,11127,11,49,1308
38,12/09/2026 06:00,108000,event-state,24975,873792,430,11185,2211,11136,11,49,1290
39,12/09/2026 06:00,108000,event-state,24933,754225,430,11213,2209,11068,12,50,1259
40,12/09/2026 06:01,108000,event-state,25046,747438,440,11309,2206,11078,11,50,1309
41,12/09/2026 06:01,108000,event-state,24993,774505,432,11262,2242,11044,11,50,1326
42,12/09/2026 06:01,108000,event-state,24913,907871,428,11187,2194,11090,12,49,1312
43,12/09/2026 06:02,108000,event-state,25154,762830,428,11331,2216,11166,11,50,1295
44,12/09/2026 06:02,108000,event-state,25176,657144,431,11461,2226,11032,24,50,1521
45,12/09/2026 06:03,108000,event-state,25287,878164,452,11376,2201,11245,11,49,1344
46,12/09/2026 06:03,108000,event-state,25366,814822,429,11623,2230,11071,12,49,1470
47,12/09/2026 06:03,108000,event-state,25107,855771,429,11237,2248,11181,11,48,1361
48,12/09/2026 06:04,108000,event-state,24876,763842,433,11269,2211,10949,12,49,1304
49,12/09/2026 06:04,108000,event-state,25011,877381,428,11293,2219,11058,11,49,1272
50,12/09/2026 06:05,108000,event-state,25220,751185,448,11444,2203,11112,11,49,1434
51,12/09/2026 06:05,108000,event-state,25229,860381,441,11306,2214,11255,11,49,1300
52,12/09/2026 06:06,108000,event-state,25183,893728,431,11371,2250,11117,11,49,1375
53,12/09/2026 06:06,108000,event-state,24990,763189,439,11267,2262,11008,12,50,1333
54,12/09/2026 06:06,108000,event-state,24991,761644,433,11261,2222,11062,11,50,1308
55,12/09/2026 06:07,108000,event-state,24953,832961,440,11214,2210,11076,12,48,1317
56,12/09/2026 06:07,108000,event-state,25123,840628,427,11301,2230,11151,11,49,1336
57,12/09/2026 06:08,108000,event-state,25183,798161,428,11201,2238,11301,12,49,1306
58,12/09/2026 06:08,108000,event-state,25037,840767,433,11250,2249,11092,12,49,1269
59,12/09/2026 06:09,108000,event-state,25102,900182,430,11290,2240,11129,12,49,1337
60,12/09/2026 06:09,108000,event-state,25177,824423,427,11353,2275,11109,11,49,1349
61,12/09/2026 06:09,108000,event-state,25027,704915,425,11204,2227,11156,12,49,1296
62,12/09/2026 06:10,108000,event-state,25063,757627,434,11394,2169,11052,11,50,1415
63,12/09/2026 06:10,108000,event-state,25080,861269,427,11313,2222,11105,11,49,1321
64,12/09/2026 06:11,108000,event-state,25121,875323,428,11434,2219,11026,12,49,1397
65,12/09/2026 06:11,108000,event-state,25137,751121,430,11352,2246,11097,11,50,1339
66,12/09/2026 06:11,108000,event-state,25083,766200,432,11206,2275,11155,12,50,1303
67,12/09/2026 06:12,108000,event-state,25084,893803,429,11275,2200,11167,11,49,1308
68,12/09/2026 06:12,108000,event-state,25141,762710,433,11206,2209,11281,11,50,1356
69,12/09/2026 06:13,108000,event-state,25867,759944,430,11373,2293,11758,11,50,1468
70,12/09/2026 06:13,108000,event-state,26091,907491,447,11905,2297,11429,11,49,1338
71,12/09/2026 06:14,108000,event-state,25381,743619,442,11501,2237,11188,11,50,1334
72,12/09/2026 06:14,108000,event-state,25116,818717,433,11305,2198,11167,11,49,1370
73,12/09/2026 06:14,108000,event-state,25077,695353,431,11358,2210,11065,11,49,1318
74,12/09/2026 06:15,108000,event-state,24956,775367,432,11201,2247,11063,12,49,1316
75,12/09/2026 06:15,108000,event-state,25271,874004,426,11218,2224,11389,12,49,1311
76,12/09/2026 06:16,108000,event-state,25057,878272,431,11294,2219,11099,11,49,1291
77,12/09/2026 06:16,108000,event-state,25691,696652,431,11406,2269,11572,11,49,1295
78,12/09/2026 06:17,108000,event-state,25418,798392,439,11470,2258,11237,11,49,1333
79,12/09/2026 06:17,108000,event-state,25135,724443,442,11316,2251,11112,12,49,1321
80,12/09/2026 06:17,108000,event-state,25102,780438,432,11324,2234,11099,11,50,1378
81,12/09/2026 06:18,108000,event-state,24877,667341,433,11098,2294,11039,11,49,1206
82,12/09/2026 06:18,108000,event-state,25166,880047,432,11221,2256,11244,11,49,1371
83,12/09/2026 06:19,108000,event-state,25296,705123,432,11334,2207,11310,12,49,1355
84,12/09/2026 06:19,108000,event-state,25373,757793,431,11439,2234,11255,11,50,1403
85,12/09/2026 06:20,108000,event-state,25164,799672,429,11346,2253,11123,11,48,1395
86,12/09/2026 06:20,108000,event-state,25393,712579,431,11384,2222,11342,12,49,1448
87,12/09/2026 06:20,108000,event-state,24793,804436,436,11192,2199,10953,11,49,1280
88,12/09/2026 06:21,108000,event-state,24836,812364,429,11220,2222,10953,11,49,1288
89,12/09/2026 06:21,108000,event-state,24985,751197,428,11258,2227,11058,11,50,1305
90,12/09/2026 06:22,108000,event-state,25128,762478,436,11337,2197,11146,11,50,1380
91,12/09/2026 06:22,108000,event-state,25203,857145,431,11345,2236,11178,11,48,1290
92,12/09/2026 06:23,108000,event-state,25359,683427,438,11255,2240,11413,11,49,1362
93,12/09/2026 06:23,108000,event-state,25112,873460,431,11266,2230,11173,11,49,1265
94,12/09/2026 06:23,108000,event-state,25433,708732,453,11403,2231,11333,11,49,1370
95,12/09/2026 06:24,108000,event-state,24776,747406,425,11174,2176,10988,11,50,1269
96,12/09/2026 06:24,108000,event-state,25016,809247,427,11257,2209,11108,12,49,1321
97,12/09/2026 06:25,108000,event-state,25169,777641,431,11257,2270,11198,11,48,1267
98,12/09/2026 06:25,108000,event-state,25088,897846,433,11212,2252,11179,11,48,1354
99,12/09/2026 06:25,108000,event-state,25118,754553,430,11290,2212,11173,12,50,1298
100,12/09/2026 06:26,108000,event-state,25201,732721,428,11352,2232,11176,11,50,1401
101,12/09/2026 06:26,108000,event-state,25012,749603,428,11340,2208,11023,11,50,1354
102,12/09/2026 06:27,108000,event-state,25190,767326,432,11208,2243,11294,11,50,1272
103,12/09/2026 06:27,108000,event-state,25199,902862,427,11440,2250,11069,11,49,1382
104,12/09/2026 06:28,108000,event-state,25095,749882,438,11242,2214,11187,12,49,1319
105,12/09/2026 06:28,108000,event-state,25228,794116,428,11352,2277,11158,11,49,1330
106,12/09/2026 06:28,108000,event-state,24953,769491,430,11316,2213,10981,11,50,1291
107,12/09/2026 06:29,108000,event-state,25134,742795,436,11318,2221,11145,11,50,1352
108,12/09/2026 06:29,108000,event-state,25149,837076,430,11374,2229,11102,11,49,1327
109,12/09/2026 06:30,108000,event-state,24942,758332,428,11262,2229,11010,11,50,1358
110,12/09/2026 06:30,108000,event-state,24925,766648,428,11224,2246,11015,11,50,1283
111,12/09/2026 06:31,108000,event-state,25347,755893,441,11434,2236,11223,11,50,1423
112,12/09/2026 06:31,108000,event-state,25171,699856,441,11249,2233,11235,11,49,1307
113,12/09/2026 06:31,108000,event-state,24993,703719,434,11335,2250,10961,11,49,1273
114,12/09/2026 06:32,108000,event-state,25080,890169,474,11336,2193,11063,11,49,1319
115,12/09/2026 06:32,108000,event-state,25130,908174,433,11364,2208,11112,11,49,1457
116,12/09/2026 06:33,108000,event-state,25247,762698,430,11274,2252,11278,11,50,1270
117,12/09/2026 06:33,108000,event-state,25090,783328,435,11283,2211,11146,12,50,1324
118,12/09/2026 06:33,108000,event-state,25293,756777,432,11341,2198,11309,11,50,1313
119,12/09/2026 06:34,108000,event-state,25059,756800,431,11223,2197,11196,11,50,1243
120,12/09/2026 06:34,108000,event-state,25045,747600,442,11214,2194,11182,11,49,1254
121,12/09/2026 06:35,108000,event-state,25245,685798,436,11462,2206,11129,11,49,1362
122,12/09/2026 06:35,108000,event-state,24979,737145,442,11295,2226,11003,11,49,1379
123,12/09/2026 06:36,108000,event-state,25204,705278,442,11374,2278,11097,11,49,1392
124,12/09/2026 06:36,108000,event-state,24835,885163,429,11254,2210,10929,11,49,1242
125,12/09/2026 06:36,108000,event-state,25163,758436,427,11195,2228,11299,12,49,1248
126,12/09/2026 06:37,108000,event-state,25205,767827,429,11196,2200,11367,11,50,1327
127,12/09/2026 06:37,108000,event-state,25022,743322,430,11345,2235,10998,11,49,1267
128,12/09/2026 06:38,108000,event-state,25219,879590,431,11343,2190,11240,12,49,1296
129,12/09/2026 06:38,108000,event-state,25340,675397,430,11336,2252,11310,11,49,1372
130,12/09/2026 06:39,108000,event-state,24956,743350,429,11217,2220,11077,11,50,1393
131,12/09/2026 06:39,108000,event-state,25182,751425,428,11290,2235,11215,12,49,1349
132,12/09/2026 06:39,108000,event-state,25121,798940,427,11325,2217,11139,11,49,1335
133,12/09/2026 06:40,108000,event-state,25000,873483,428,11244,2265,11051,11,49,1308
134,12/09/2026 06:40,108000,event-state,24979,743893,427,11215,2199,11125,11,50,1333
135,12/09/2026 06:41,108000,event-state,25355,741668,428,11327,2198,11388,12,50,1367
136,12/09/2026 06:41,108000,event-state,25016,849125,430,11326,2207,11039,12,49,1333
137,12/09/2026 06:42,108000,event-state,25320,683019,428,11374,2203,11296,18,49,1374
138,12/09/2026 06:42,108000,event-state,24996,882773,429,11235,2230,11089,11,49,1404
139,12/09/2026 06:42,108000,event-state,25316,777582,432,11379,2268,11223,11,50,1410
140,12/09/2026 06:43,108000,event-state,25038,759086,432,11326,2218,11049,11,50,1398
141,12/09/2026 06:43,108000,event-state,24959,748938,432,11210,2232,11070,12,50,1322
142,12/09/2026 06:44,108000,event-state,24904,752374,425,11219,2267,10979,12,49,1332
143,12/09/2026 06:44,108000,event-state,25167,682884,427,11304,2233,11190,11,49,1352
144,12/09/2026 06:44,108000,event-state,25083,764364,431,11283,2208,11148,11,50,1324
145,12/09/2026 06:45,108000,event-state,25233,722539,431,11442,2200,11146,11,49,1302
146,12/09/2026 06:45,108000,event-state,25284,855182,442,11322,2230,11276,12,49,1284
147,12/09/2026 06:46,108000,event-state,25019,761453,428,11259,2245,11074,12,50,1314
148,12/09/2026 06:46,108000,event-state,25173,794673,432,11319,2217,11190,12,49,1283
149,12/09/2026 06:47,108000,event-state,25103,771531,442,11205,2221,11222,11,50,1294
150,12/09/2026 06:47,108000,event-state,24947,764395,432,11237,2188,11076,12,50,1350
151,12/09/2026 06:47,108000,event-state,25325,845237,448,11492,2207,11165,12,49,1379
152,12/09/2026 06:48,108000,event-state,24902,787404,443,11207,2278,10960,11,50,1362
153,12/09/2026 06:48,108000,event-state,25137,808658,431,11283,2255,11155,11,49,1329
154,12/09/2026 06:49,108000,event-state,25294,770254,456,11360,2227,11237,11,50,1327
155,12/09/2026 06:49,108000,event-state,25021,770697,455,11217,2222,11113,12,50,1318
156,12/09/2026 06:50,108000,event-state,25192,743111,430,11429,2220,11100,12,50,1331
157,12/09/2026 06:50,108000,event-state,25267,817728,427,11358,2226,11242,11,49,1394
158,12/09/2026 06:50,108000,event-state,25065,875569,427,11327,2221,11077,12,49,1322
159,12/09/2026 06:51,108000,event-state,25183,871806,427,11294,2229,11219,11,49,1334
160,12/09/2026 06:51,108000,event-state,25122,788646,428,11375,2241,11065,11,49,1297
161,12/09/2026 06:52,108000,event-state,25281,809159,458,11389,2248,11172,11,49,1340
162,12/09/2026 06:52,108000,event-state,25062,754438,427,11341,2226,11054,12,50,1432
163,12/09/2026 06:52,108000,event-state,25044,770719,427,11349,2250,11004,12,50,1307
164,12/09/2026 06:53,108000,event-state,25030,827663,431,11279,2206,11100,11,49,1421
165,12/09/2026 06:53,108000,event-state,25097,874103,440,11272,2261,11111,11,49,1279
166,12/09/2026 06:54,108000,event-state,25536,732804,433,11495,2177,11419,11,49,1425
167,12/09/2026 06:54,108000,event-state,25216,709504,449,11324,2206,11223,12,49,1315
168,12/09/2026 06:55,108000,event-state,25099,707874,427,11403,2219,11038,11,49,1372
169,12/09/2026 06:55,108000,event-state,24996,764433,431,11202,2225,11124,11,50,1310
170,12/09/2026 06:55,108000,event-state,24954,760954,432,11239,2214,11055,12,50,1329
171,12/09/2026 06:56,108000,event-state,25175,764935,443,11366,2274,11079,11,50,1342
172,12/09/2026 06:56,108000,event-state,25047,832369,428,11298,2270,11038,11,49,1313
173,12/09/2026 06:57,108000,event-state,25225,765132,437,11372,2192,11211,11,50,1365
174,12/09/2026 06:57,108000,event-state,24810,761102,429,11288,2222,10858,11,50,1328
175,12/09/2026 06:58,108000,event-state,24794,811386,430,11188,2218,10945,11,49,1303
176,12/09/2026 06:58,108000,event-state,25296,758086,426,11474,2282,11101,11,50,1447
177,12/09/2026 06:58,108000,event-state,24933,911031,428,11153,2285,11054,11,49,1284
178,12/09/2026 06:59,108000,event-state,25049,858717,428,11277,2211,11119,11,49,1385
179,12/09/2026 06:59,108000,event-state,25417,865300,431,11579,2231,11163,11,49,1511
180,12/09/2026 07:00,108000,event-state,25378,746821,431,11249,2258,11427,11,50,1308
181,12/09/2026 07:00,108000,event-state,24812,776146,430,11108,2218,11043,11,50,1287
182,12/09/2026 07:00,108000,event-state,25168,758873,428,11477,2243,11007,11,50,1327
183,12/09/2026 07:01,108000,event-state,24898,757522,428,11247,2187,11023,12,50,1341
184,12/09/2026 07:01,108000,event-state,24827,833228,427,11221,2215,10950,11,49,1291
185,12/09/2026 07:02,108000,event-state,25445,797402,436,11403,2223,11370,11,49,1359
186,12/09/2026 07:02,108000,event-state,25087,758801,431,11275,2280,11088,12,50,1294
187,12/09/2026 07:03,108000,event-state,24981,765392,443,11280,2201,11044,11,49,1321
188,12/09/2026 07:03,108000,event-state,25352,905030,430,11262,2257,11390,11,49,1307
189,12/09/2026 07:03,108000,event-state,25210,809262,444,11440,2246,11068,11,49,1403
190,12/09/2026 07:04,108000,event-state,24979,769674,430,11342,2209,10985,11,50,1352
191,12/09/2026 07:04,108000,event-state,24832,743215,429,11189,2197,11004,11,50,1282
192,12/09/2026 07:05,108000,event-state,25207,773943,430,11244,2246,11274,11,50,1283
193,12/09/2026 07:05,108000,event-state,25015,781197,427,11318,2184,11072,11,50,1291
194,12/09/2026 07:06,108000,event-state,25058,757711,431,11298,2222,11094,11,50,1341
195,12/09/2026 07:06,108000,event-state,24944,803788,433,11294,2217,10987,11,49,1319
196,12/09/2026 07:06,108000,event-state,24907,798416,460,11279,2208,10947,12,49,1337
197,12/09/2026 07:07,108000,event-state,25186,767954,431,11438,2251,11053,11,50,1364
198,12/09/2026 07:07,108000,event-state,25080,728838,435,11269,2226,11137,11,49,1335
199,12/09/2026 07:08,108000,event-state,25148,899780,428,11298,2245,11164,11,49,1294
200,12/09/2026 07:08,108000,event-state,24904,768204,431,11285,2180,10993,12,49,1286
1,12/09/2026 09:03,13500,entity,4004,82485,427,1640,292,1631,11,5,114
2,12/09/2026 09:03,13500,entity,3974,75853,427,1615,290,1608,32,5,113
3,12/09/2026 09:03,13500,entity,3924,75869,426,1639,227,1597,33,5,116
4,12/09/2026 09:03,13500,entity,3895,97310,433,1622,225,1603,11,5,112
5,12/09/2026 09:03,13500,entity,3977,92559,431,1630,290,1613,11,5,116
6,12/09/2026 09:03,13500,entity,3937,92273,427,1638,285,1574,11,5,115
7,12/09/2026 09:03,13500,entity,3928,77469,439,1667,223,1585,12,5,117
8,12/09/2026 09:03,13500,entity,3964,97647,427,1630,257,1638,11,5,125
9,12/09/2026 09:03,13500,entity,3936,75846,430,1638,225,1610,31,5,115
10,12/09/2026 09:03,13500,entity,3873,96987,429,1620,225,1586,11,5,116
11,12/09/2026 09:03,13500,entity,3898,92812,437,1620,225,1602,11,5,119
12,12/09/2026 09:03,13500,entity,3981,97268,442,1677,228,1622,11,5,117
13,12/09/2026 09:03,13500,entity,3896,97303,432,1628,226,1597,11,5,117
14,12/09/2026 09:04,13500,entity,3965,92540,430,1624,298,1600,11,5,112
15,12/09/2026 09:04,13500,entity,3985,97507,430,1638,260,1644,11,5,116
16,12/09/2026 09:04,13500,entity,3921,92214,427,1618,270,1593,12,5,114
17,12/09/2026 09:04,13500,entity,4016,75904,430,1672,227,1652,33,5,117
18,12/09/2026 09:04,13500,entity,3976,75896,425,1640,295,1582,33,5,116
19,12/09/2026 09:04,13500,entity,3948,93032,423,1631,262,1618,12,5,120
20,12/09/2026 09:04,13500,entity,4001,93609,431,1618,277,1662,12,5,118
21,12/09/2026 09:04,13500,entity,4045,97859,438,1681,284,1629,11,5,121
22,12/09/2026 09:04,13500,entity,3954,92235,440,1680,224,1597,11,5,118
23,12/09/2026 09:04,13500,entity,3907,92591,427,1635,274,1558,11,5,113
24,12/09/2026 09:04,13500,entity,3945,77468,433,1618,267,1614,11,5,115
25,12/09/2026 09:04,13500,entity,3943,93403,433,1627,277,1593,11,5,112
26,12/09/2026 09:04,13500,entity,3968,97176,457,1619,270,1609,11,5,115
27,12/09/2026 09:04,13500,entity,3869,102216,429,1639,220,1569,11,5,118
28,12/09/2026 09:04,13500,entity,3989,92195,432,1630,282,1630,12,5,116
29,12/09/2026 09:05,13500,entity,3943,82386,427,1632,291,1580,11,5,110
30,12/09/2026 09:05,13500,entity,4038,78075,434,1629,286,1676,11,5,118
31,12/09/2026 09:05,13500,entity,3872,75882,432,1622,225,1560,32,5,112
32,12/09/2026 09:05,13500,entity,3962,75821,428,1613,284,1605,31,5,114
33,12/09/2026 09:05,13500,entity,3989,75862,456,1672,225,1601,33,5,117
34,12/09/2026 09:05,13500,entity,3922,82396,426,1648,223,1611,11,5,112
35,12/09/2026 09:05,13500,entity,3941,92637,431,1648,226,1623,11,5,113
36,12/09/2026 09:05,13500,entity,3948,76048,446,1669,221,1578,31,5,114
37,12/09/2026 09:05,13500,entity,3921,102063,430,1618,271,1589,11,5,108
38,12/09/2026 09:05,13500,entity,3912,82439,427,1624,234,1613,11,5,113
39,12/09/2026 09:05,13500,entity,4040,77387,429,1664,289,1645,11,5,115
40,12/09/2026 09:05,13500,entity,3937,75913,429,1648,265,1561,31,5,112
41,12/09/2026 09:05,13500,entity,3967,92569,426,1625,275,1628,11,5,119
42,12/09/2026 09:05,13500,entity,3925,75897,432,1632,264,1565,31,5,111
43,12/09/2026 09:06,13500,entity,3966,97357,432,1639,273,1610,11,5,113
44,12/09/2026 09:06,13500,entity,3916,97360,439,1616,225,1622,11,5,113
45,12/09/2026 09:06,13500,entity,3948,92285,429,1634,232,1640,11,5,111
46,12/09/2026 09:06,13500,entity,3967,82417,428,1655,262,1608,11,5,121
47,12/09/2026 09:06,13500,entity,4017,82077,453,1622,304,1625,11,5,114
48,12/09/2026 09:06,13500,entity,3959,81253,428,1642,258,1617,12,5,120
49,12/09/2026 09:06,13500,entity,3956,97303,430,1632,288,1592,11,5,119
50,12/09/2026 09:06,13500,entity,3930,102735,429,1664,221,1603,11,5,117
51,12/09/2026 09:06,13500,entity,3891,92173,431,1636,223,1589,11,5,114
52,12/09/2026 09:06,13500,entity,3929,97826,428,1637,226,1624,12,5,114
53,12/09/2026 09:06,13500,entity,3982,82117,424,1637,264,1643,11,5,117
54,12/09/2026 09:06,13500,entity,3978,75899,441,1617,290,1598,31,5,116
55,12/09/2026 09:06,13500,entity,3893,75878,426,1629,222,1580,33,5,121
56,12/09/2026 09:06,13500,entity,4066,70740,433,1683,292,1624,32,5,114
57,12/09/2026 09:06,13500,entity,3952,92622,427,1651,228,1633,12,5,117
58,12/09/2026 09:07,13500,entity,3966,92219,431,1630,230,1662,11,5,116
59,12/09/2026 09:07,13500,entity,3937,97257,431,1627,269,1597,11,5,114
60,12/09/2026 09:07,13500,entity,3961,82356,428,1626,273,1621,11,5,116
61,12/09/2026 09:07,13500,entity,3953,97410,428,1626,282,1604,11,5,116
62,12/09/2026 09:07,13500,entity,3898,92274,429,1619,227,1610,11,5,117
63,12/09/2026 09:07,13500,entity,3982,75893,433,1628,281,1605,32,5,115
64,12/09/2026 09:07,13500,entity,3878,92986,428,1644,225,1568,11,5,114
65,12/09/2026 09:07,13500,entity,3998,77487,432,1643,292,1618,11,5,111
66,12/09/2026 09:07,13500,entity,3972,92589,448,1689,224,1598,11,5,123
67,12/09/2026 09:07,13500,entity,3976,82594,426,1632,289,1615,11,5,115
68,12/09/2026 09:07,13500,entity,4049,92776,438,1659,290,1648,12,5,116
69,12/09/2026 09:07,13500,entity,4029,75914,425,1637,286,1647,32,5,116
70,12/09/2026 09:07,13500,entity,3948,75924,435,1627,271,1580,32,5,117
71,12/09/2026 09:07,13500,entity,4044,75841,430,1670,290,1620,32,5,115
72,12/09/2026 09:08,13500,entity,3953,82079,426,1621,269,1624,11,5,113
73,12/09/2026 09:08,13500,entity,3976,97646,433,1629,278,1623,11,5,113
74,12/09/2026 09:08,13500,entity,3901,81931,428,1633,225,1602,11,5,113
75,12/09/2026 09:08,13500,entity,4009,98509,427,1638,275,1657,11,5,114
76,12/09/2026 09:08,13500,entity,4009,92133,427,1637,273,1659,11,5,115
77,12/09/2026 09:08,13500,entity,3976,75807,430,1636,273,1605,30,5,114
78,12/09/2026 09:08,13500,entity,3960,92239,429,1629,286,1603,12,5,118
79,12/09/2026 09:08,13500,entity,3908,76391,429,1652,221,1571,33,5,118
80,12/09/2026 09:08,13500,entity,3972,75977,426,1625,293,1592,33,5,118
81,12/09/2026 09:08,13500,entity,3898,97992,427,1617,221,1619,11,5,117
82,12/09/2026 09:08,13500,entity,3980,92667,426,1643,284,1614,11,5,114
83,12/09/2026 09:08,13500,entity,3983,92083,427,1622,286,1635,12,5,115
84,12/09/2026 09:08,13500,entity,3969,76243,426,1645,263,1601,32,5,115
85,12/09/2026 09:08,13500,entity,4013,97385,429,1635,280,1655,11,5,117
86,12/09/2026 09:08,13500,entity,3917,75880,426,1645,224,1589,31,5,111
87,12/09/2026 09:09,13500,entity,3969,96948,431,1638,288,1599,11,5,115
88,12/09/2026 09:09,13500,entity,3898,92366,424,1632,223,1607,11,5,115
89,12/09/2026 09:09,13500,entity,3913,97419,425,1616,281,1578,11,5,119
90,12/09/2026 09:09,13500,entity,3946,75851,426,1627,223,1638,31,5,115
91,12/09/2026 09:09,13500,entity,4010,82339,450,1702,226,1619,11,5,120
92,12/09/2026 09:09,13500,entity,3941,93182,428,1621,287,1592,11,5,116
93,12/09/2026 09:09,13500,entity,4004,81779,436,1632,290,1634,11,5,115
94,12/09/2026 09:09,13500,entity,3969,81838,432,1628,288,1608,11,5,113
95,12/09/2026 09:09,13500,entity,4026,78346,431,1659,297,1625,11,5,120
96,12/09/2026 09:09,13500,entity,3957,81925,427,1633,273,1611,11,5,114
97,12/09/2026 09:09,13500,entity,3961,92453,430,1639,290,1588,11,5,116
98,12/09/2026 09:09,13500,entity,3960,77464,427,1618,290,1612,11,5,115
99,12/09/2026 09:09,13500,entity,3984,82488,429,1640,261,1640,12,5,119
100,12/09/2026 09:09,13500,entity,3995,92142,433,1628,295,1625,12,5,115
101,12/09/2026 09:09,13500,entity,3904,75871,430,1625,228,1587,31,5,111
102,12/09/2026 09:10,13500,entity,3876,92650,427,1638,225,1573,11,5,117
103,12/09/2026 09:10,13500,entity,3921,92659,432,1616,267,1592,12,5,113
104,12/09/2026 09:10,13500,entity,3964,97820,426,1625,291,1608,11,5,114
105,12/09/2026 09:10,13500,entity,3993,75928,431,1622,283,1622,33,5,114
106,12/09/2026 09:10,13500,entity,3903,82455,432,1635,224,1599,12,5,113
107,12/09/2026 09:10,13500,entity,3920,92664,433,1627,223,1624,11,5,115
108,12/09/2026 09:10,13500,entity,3959,92798,432,1633,287,1593,11,5,114
109,12/09/2026 09:10,13500,entity,4030,77536,430,1664,291,1633,11,5,113
110,12/09/2026 09:10,13500,entity,3980,77417,429,1615,296,1627,11,5,114
111,12/09/2026 09:10,13500,entity,3970,81840,431,1644,292,1590,11,5,116
112,12/09/2026 09:10,13500,entity,3942,92181,425,1636,272,1595,11,5,117
113,12/09/2026 09:10,13500,entity,3887,97669,426,1628,222,1598,11,5,111
114,12/09/2026 09:10,13500,entity,3993,86692,426,1651,286,1617,11,5,116
115,12/09/2026 09:10,13500,entity,3964,97344,432,1636,264,1618,11,5,115
116,12/09/2026 09:11,13500,entity,3987,81755,456,1677,226,1615,11,5,119
117,12/09/2026 09:11,13500,entity,3982,92276,432,1643,291,1602,12,5,116
118,12/09/2026 09:11,13500,entity,3983,97235,430,1632,284,1623,11,5,116
119,12/09/2026 09:11,13500,entity,3991,77613,429,1656,261,1631,12,5,113
120,12/09/2026 09:11,13500,entity,3882,92663,432,1629,224,1585,11,5,118
121,12/09/2026 09:11,13500,entity,4023,77524,434,1652,266,1657,11,5,114
122,12/09/2026 09:11,13500,entity,3891,96992,441,1628,222,1586,11,5,113
123,12/09/2026 09:11,13500,entity,3968,70738,444,1613,287,1589,33,5,122
124,12/09/2026 09:11,13500,entity,3988,70804,432,1628,294,1599,33,5,112
125,12/09/2026 09:11,13500,entity,3938,91961,429,1611,275,1609,11,5,116
126,12/09/2026 09:11,13500,entity,4017,75845,432,1629,291,1631,32,5,110
127,12/09/2026 09:11,13500,entity,3965,98011,428,1647,264,1612,12,5,116
128,12/09/2026 09:11,13500,entity,4025,82502,430,1629,291,1661,12,5,114
129,12/09/2026 09:11,13500,entity,3933,97705,436,1675,224,1585,11,5,120
130,12/09/2026 09:11,13500,entity,4000,75837,427,1620,289,1631,32,5,114
131,12/09/2026 09:12,13500,entity,3887,97364,427,1628,226,1592,12,5,117
132,12/09/2026 09:12,13500,entity,3913,92593,441,1643,227,1589,11,5,119
133,12/09/2026 09:12,13500,entity,4007,92850,444,1664,228,1658,12,5,115
134,12/09/2026 09:12,13500,entity,3941,97329,427,1632,287,1581,12,5,114
135,12/09/2026 09:12,13500,entity,3956,75886,431,1622,273,1596,31,5,113
136,12/09/2026 09:12,13500,entity,3905,75836,426,1640,222,1584,31,5,116
137,12/09/2026 09:12,13500,entity,3928,92390,428,1638,226,1623,11,5,113
138,12/09/2026 09:12,13500,entity,4022,92343,444,1686,295,1583,11,5,122
139,12/09/2026 09:12,13500,entity,3981,97620,427,1653,286,1602,11,5,114
140,12/09/2026 09:12,13500,entity,3995,92392,429,1632,300,1620,12,5,121
141,12/09/2026 09:12,13500,entity,3977,92560,426,1638,285,1614,12,5,116
142,12/09/2026 09:12,13500,entity,3968,81916,425,1651,292,1586,11,5,114
143,12/09/2026 09:12,13500,entity,3994,82412,432,1649,264,1635,12,5,119
144,12/09/2026 09:12,13500,entity,3954,92322,431,1620,287,1602,11,5,115
145,12/09/2026 09:13,13500,entity,3969,92580,439,1625,289,1603,11,5,117
146,12/09/2026 09:13,13500,entity,3931,92352,427,1615,270,1606,12,5,118
147,12/09/2026 09:13,13500,entity,3932,92662,428,1633,236,1621,11,5,116
148,12/09/2026 09:13,13500,entity,3943,93789,429,1638,276,1588,11,5,113
149,12/09/2026 09:13,13500,entity,3948,97669,462,1645,236,1591,11,5,119
150,12/09/2026 09:13,13500,entity,3969,97817,451,1663,225,1616,11,5,120
151,12/09/2026 09:13,13500,entity,4017,75863,429,1651,264,1642,30,5,114
152,12/09/2026 09:13,13500,entity,3968,75878,431,1650,277,1577,31,5,117
153,12/09/2026 09:13,13500,entity,3961,97720,428,1639,284,1597,11,5,114
154,12/09/2026 09:13,13500,entity,3980,77452,427,1638,282,1619,12,5,116
155,12/09/2026 09:13,13500,entity,3960,81867,436,1678,225,1609,11,5,115
156,12/09/2026 09:13,13500,entity,3937,92143,428,1614,261,1621,12,5,113
157,12/09/2026 09:13,13500,entity,3962,82909,437,1634,287,1592,11,5,113
158,12/09/2026 09:13,13500,entity,3973,97193,429,1627,284,1620,11,5,119
159,12/09/2026 09:13,13500,entity,4003,97260,435,1645,292,1618,12,5,117
160,12/09/2026 09:14,13500,entity,3960,98042,431,1644,239,1634,11,5,114
161,12/09/2026 09:14,13500,entity,3968,75812,434,1643,285,1573,31,5,111
162,12/09/2026 09:14,13500,entity,3983,82336,430,1637,303,1599,12,5,115
163,12/09/2026 09:14,13500,entity,3890,97075,426,1633,235,1583,11,5,117
164,12/09/2026 09:14,13500,entity,4021,97099,429,1657,311,1611,11,5,116
165,12/09/2026 09:14,13500,entity,4001,97315,428,1626,289,1644,12,5,117
166,12/09/2026 09:14,13500,entity,3972,97194,432,1654,228,1646,11,5,117
167,12/09/2026 09:14,13500,entity,3922,92765,427,1630,223,1629,11,5,117
168,12/09/2026 09:14,13500,entity,3902,97628,431,1633,223,1602,11,5,116
169,12/09/2026 09:14,13500,entity,3958,97234,426,1627,286,1606,11,5,117
170,12/09/2026 09:14,13500,entity,3897,81667,430,1635,224,1595,11,5,112
171,12/09/2026 09:14,13500,entity,3916,82511,427,1643,224,1608,11,5,114
172,12/09/2026 09:14,13500,entity,3949,97415,428,1618,261,1629,11,5,114
173,12/09/2026 09:14,13500,entity,3938,77514,430,1618,274,1603,11,5,118
174,12/09/2026 09:15,13500,entity,3930,92579,426,1624,233,1634,11,5,114
175,12/09/2026 09:15,13500,entity,3941,97069,427,1629,263,1608,11,5,119
176,12/09/2026 09:15,13500,entity,3925,97116,434,1644,226,1608,11,5,117
177,12/09/2026 09:15,13500,entity,3930,76007,424,1655,223,1596,30,5,113
178,12/09/2026 09:15,13500,entity,3974,82424,430,1649,271,1610,11,5,116
179,12/09/2026 09:15,13500,entity,3928,70768,429,1627,227,1604,38,5,121
180,12/09/2026 09:15,13500,entity,3951,87898,425,1608,287,1616,12,5,115
181,12/09/2026 09:15,13500,entity,3919,92588,430,1627,223,1625,11,5,114
182,12/09/2026 09:15,13500,entity,3933,93259,429,1619,264,1607,11,5,112
183,12/09/2026 09:15,13500,entity,3913,75862,432,1658,226,1562,32,5,113
184,12/09/2026 09:15,13500,entity,4003,97699,427,1640,291,1631,12,5,112
185,12/09/2026 09:15,13500,entity,4022,97930,432,1637,288,1651,11,5,115
186,12/09/2026 09:15,13500,entity,3932,92192,427,1647,222,1622,12,5,114
187,12/09/2026 09:15,13500,entity,4003,92666,429,1641,288,1632,11,5,117
188,12/09/2026 09:15,13500,entity,4000,92243,428,1624,288,1646,11,5,116
189,12/09/2026 09:16,13500,entity,3919,92251,429,1640,225,1610,11,5,119
190,12/09/2026 09:16,13500,entity,3966,76342,432,1606,293,1600,33,5,116
191,12/09/2026 09:16,13500,entity,3919,97445,428,1629,223,1625,11,5,118
192,12/09/2026 09:16,13500,entity,3938,75891,426,1625,232,1617,35,5,123
193,12/09/2026 09:16,13500,entity,3958,77730,430,1616,269,1629,11,5,120
194,12/09/2026 09:16,13500,entity,4023,75863,427,1641,290,1631,32,5,114
195,12/09/2026 09:16,13500,entity,4018,97175,435,1650,288,1631,12,5,115
196,12/09/2026 09:16,13500,entity,3915,97241,427,1618,287,1570,11,5,117
197,12/09/2026 09:16,13500,entity,4009,92253,445,1666,266,1618,11,5,116
198,12/09/2026 09:16,13500,entity,4024,75956,429,1657,288,1615,33,5,119
199,12/09/2026 09:16,13500,entity,3991,75833,429,1641,287,1599,32,5,118
200,12/09/2026 09:16,13500,entity,3980,75847,448,1659,224,1616,31,5,116
1,12/09/2026 09:21,27000,entity,6841,238431,429,2977,467,2955,11,12,286
2,12/09/2026 09:22,27000,entity,6924,273730,433,2991,478,3009,11,12,293
3,12/09/2026 09:22,27000,entity,6843,273158,427,2969,505,2930,11,12,267
4,12/09/2026 09:22,27000,entity,6914,235940,431,3012,472,2984,12,12,280
5,12/09/2026 09:22,27000,entity,6793,272867,430,2950,521,2879,11,12,294
6,12/09/2026 09:22,27000,entity,6860,276748,433,2968,524,2923,11,12,285
7,12/09/2026 09:22,27000,entity,6798,260278,429,2964,468,2924,11,12,274
8,12/09/2026 09:22,27000,entity,6966,274491,443,3021,531,2958,11,12,288
9,12/09/2026 09:22,27000,entity,6824,274912,427,2972,502,2909,11,12,270
10,12/09/2026 09:22,27000,entity,6833,264910,431,2948,477,2963,11,12,272
11,12/09/2026 09:23,27000,entity,6874,249517,445,3030,468,2917,11,12,276
12,12/09/2026 09:23,27000,entity,6828,260075,428,2967,535,2885,11,12,283
13,12/09/2026 09:23,27000,entity,6842,235360,432,2987,472,2938,11,12,291
14,12/09/2026 09:23,27000,entity,6784,273749,460,2982,469,2860,11,12,269
15,12/09/2026 09:23,27000,entity,6862,275578,429,2966,533,2920,12,12,288
16,12/09/2026 09:23,27000,entity,6890,263301,431,2983,530,2933,11,12,292
17,12/09/2026 09:23,27000,entity,6804,268196,426,2968,468,2929,11,12,279
18,12/09/2026 09:23,27000,entity,6867,235494,428,2991,469,2966,11,12,284
19,12/09/2026 09:24,27000,entity,6852,278743,431,2975,516,2918,11,12,269
20,12/09/2026 09:24,27000,entity,6872,274384,425,2959,507,2969,11,12,279
21,12/09/2026 09:24,27000,entity,6943,276128,432,2993,537,2968,11,12,288
22,12/09/2026 09:24,27000,entity,6924,274376,431,2987,527,2966,12,12,273
23,12/09/2026 09:24,27000,entity,6868,248641,432,3002,470,2951,11,12,291
24,12/09/2026 09:24,27000,entity,6912,240140,433,2995,517,2955,11,12,274
25,12/09/2026 09:24,27000,entity,6823,273909,426,2974,525,2884,12,12,281
26,12/09/2026 09:24,27000,entity,6878,239190,427,3000,548,2889,11,12,290
27,12/09/2026 09:24,27000,entity,6958,269610,433,3045,510,2956,11,12,286
28,12/09/2026 09:25,27000,entity,6914,266402,428,3007,539,2926,11,12,307
29,12/09/2026 09:25,27000,entity,6909,246529,427,2981,550,2938,11,12,282
30,12/09/2026 09:25,27000,entity,6834,278579,430,2974,468,2950,11,12,281
31,12/09/2026 09:25,27000,entity,6924,273963,443,2961,550,2956,12,12,273
32,12/09/2026 09:25,27000,entity,6900,237682,442,2986,512,2947,11,12,281
33,12/09/2026 09:25,27000,entity,6823,273497,438,2983,482,2906,11,12,298
34,12/09/2026 09:25,27000,entity,6849,274287,431,2989,471,2946,11,12,275
35,12/09/2026 09:25,27000,entity,6920,273123,433,2980,533,2961,11,12,289
36,12/09/2026 09:26,27000,entity,6841,270287,425,2964,545,2892,12,12,281
37,12/09/2026 09:26,27000,entity,6886,275120,429,2987,519,2938,11,12,293
38,12/09/2026 09:26,27000,entity,6886,281942,444,3011,529,2888,12,12,289
39,12/09/2026 09:26,27000,entity,6829,265942,426,2974,465,2950,12,12,288
40,12/09/2026 09:26,27000,entity,6737,276114,427,2960,466,2871,11,12,284
41,12/09/2026 09:26,27000,entity,6850,276625,451,3042,473,2871,11,12,282
42,12/09/2026 09:26,27000,entity,6917,248365,433,3002,528,2940,11,12,279
43,12/09/2026 09:26,27000,entity,6912,272883,433,2977,542,2947,11,12,274
44,12/09/2026 09:26,27000,entity,6833,271358,428,2961,469,2955,18,12,282
45,12/09/2026 09:27,27000,entity,6752,277705,429,2968,465,2877,11,12,283
46,12/09/2026 09:27,27000,entity,6828,243123,426,2992,478,2918,11,12,277
47,12/09/2026 09:27,27000,entity,6774,275818,428,2986,465,2881,12,12,276
48,12/09/2026 09:27,27000,entity,6956,275760,431,3029,535,2948,12,12,287
49,12/09/2026 09:27,27000,entity,6850,243863,430,2982,470,2955,11,12,292
50,12/09/2026 09:27,27000,entity,6799,276301,429,2978,480,2897,12,12,290
51,12/09/2026 09:27,27000,entity,6862,238449,438,2975,507,2930,11,12,273
52,12/09/2026 09:27,27000,entity,6844,278583,426,3004,533,2867,12,12,291
53,12/09/2026 09:27,27000,entity,6804,271589,425,2972,546,2847,12,12,276
54,12/09/2026 09:28,27000,entity,6889,273817,429,3019,528,2900,11,12,287
55,12/09/2026 09:28,27000,entity,6835,246131,428,2973,542,2879,11,12,272
56,12/09/2026 09:28,27000,entity,6815,274453,432,2984,472,2913,11,12,283
57,12/09/2026 09:28,27000,entity,6872,245450,428,3027,506,2898,11,12,288
58,12/09/2026 09:28,27000,entity,6891,245738,429,3009,535,2906,11,12,279
59,12/09/2026 09:28,27000,entity,6865,275303,438,3016,475,2922,12,12,265
60,12/09/2026 09:28,27000,entity,6731,253534,427,2957,468,2866,11,12,266
61,12/09/2026 09:28,27000,entity,6843,230375,427,2954,530,2919,11,12,281
62,12/09/2026 09:29,27000,entity,6815,276334,448,2970,474,2910,11,12,285
63,12/09/2026 09:29,27000,entity,6869,226921,426,2983,535,2911,12,12,276
64,12/09/2026 09:29,27000,entity,6835,248915,435,3006,469,2912,11,12,280
65,12/09/2026 09:29,27000,entity,6809,271779,426,2987,467,2915,11,12,282
66,12/09/2026 09:29,27000,entity,6778,242685,428,2964,470,2902,12,12,287
67,12/09/2026 09:29,27000,entity,6858,273705,430,2976,534,2905,11,12,286
68,12/09/2026 09:29,27000,entity,6917,276316,432,3011,536,2924,11,12,295
69,12/09/2026 09:29,27000,entity,6805,279349,431,2997,503,2861,11,12,282
70,12/09/2026 09:29,27000,entity,6952,234453,430,2978,521,3011,11,12,281
71,12/09/2026 09:30,27000,entity,6874,248105,429,3010,514,2909,11,12,294
72,12/09/2026 09:30,27000,entity,6870,274366,433,2991,532,2901,11,12,288
73,12/09/2026 09:30,27000,entity,6846,281325,430,2960,467,2975,11,12,281
74,12/09/2026 09:30,27000,entity,6795,274146,432,2985,471,2893,11,12,277
75,12/09/2026 09:30,27000,entity,6857,275399,431,3003,502,2907,11,12,277
76,12/09/2026 09:30,27000,entity,6875,275861,433,3011,476,2943,11,12,289
77,12/09/2026 09:30,27000,entity,6887,272972,447,3034,475,2918,11,12,287
78,12/09/2026 09:30,27000,entity,6888,271273,443,3031,477,2923,12,12,275
79,12/09/2026 09:31,27000,entity,6863,273614,433,2996,475,2945,12,12,280
80,12/09/2026 09:31,27000,entity,6866,267718,427,2981,515,2931,11,12,289
81,12/09/2026 09:31,27000,entity,6904,261167,452,2997,500,2941,12,12,265
82,12/09/2026 09:31,27000,entity,6859,281784,427,2977,524,2917,11,12,279
83,12/09/2026 09:31,27000,entity,6954,242991,427,2992,544,2978,11,12,285
84,12/09/2026 09:31,27000,entity,6833,282168,428,2958,551,2882,12,12,279
85,12/09/2026 09:31,27000,entity,6829,277034,427,2988,469,2932,12,12,280
86,12/09/2026 09:31,27000,entity,6890,274289,433,2981,537,2925,11,12,277
87,12/09/2026 09:31,27000,entity,6864,243593,432,2968,551,2899,12,12,272
88,12/09/2026 09:32,27000,entity,6883,275371,429,2966,534,2941,12,12,277
89,12/09/2026 09:32,27000,entity,6805,278413,427,2966,473,2926,12,12,275
90,12/09/2026 09:32,27000,entity,6779,274978,429,2973,470,2893,11,12,292
91,12/09/2026 09:32,27000,entity,6803,234187,429,2968,467,2925,11,12,272
92,12/09/2026 09:32,27000,entity,6869,243661,430,2979,526,2921,11,12,272
93,12/09/2026 09:32,27000,entity,6891,274553,431,2978,517,2953,11,12,283
94,12/09/2026 09:32,27000,entity,6914,277104,428,3010,530,2933,11,12,277
95,12/09/2026 09:32,27000,entity,6951,270342,433,3013,540,2951,12,12,282
96,12/09/2026 09:33,27000,entity,6885,272933,430,3025,532,2885,12,12,273
97,12/09/2026 09:33,27000,entity,6786,274268,433,2999,470,2869,11,12,276
98,12/09/2026 09:33,27000,entity,6824,280765,426,2990,497,2897,11,12,286
99,12/09/2026 09:33,27000,entity,6793,269924,427,2958,480,2913,12,12,281
100,12/09/2026 09:33,27000,entity,6849,273725,428,2972,547,2889,11,12,279
101,12/09/2026 09:33,27000,entity,6845,268571,430,2988,533,2881,11,12,277
102,12/09/2026 09:33,27000,entity,6832,270414,438,2999,471,2911,11,12,271
103,12/09/2026 09:33,27000,entity,6853,264905,433,2981,513,2913,11,12,286
104,12/09/2026 09:33,27000,entity,6873,268890,429,2984,527,2921,12,12,274
105,12/09/2026 09:34,27000,entity,6790,270475,429,3008,464,2875,11,12,269
106,12/09/2026 09:34,27000,entity,6792,276277,429,2977,468,2906,11,12,279
107,12/09/2026 09:34,27000,entity,6896,279492,430,3020,530,2904,12,12,287
108,12/09/2026 09:34,27000,entity,6749,275690,436,2939,469,2891,12,12,275
109,12/09/2026 09:34,27000,entity,6938,248071,428,3028,478,2992,11,12,289
110,12/09/2026 09:34,27000,entity,6790,246000,450,2996,470,2861,11,12,276
111,12/09/2026 09:34,27000,entity,6889,238255,425,2990,532,2929,11,12,311
112,12/09/2026 09:34,27000,entity,6806,266555,426,2984,510,2872,11,12,300
113,12/09/2026 09:35,27000,entity,6850,235938,438,2959,475,2965,11,12,273
114,12/09/2026 09:35,27000,entity,6859,273757,431,2974,532,2909,11,12,290
115,12/09/2026 09:35,27000,entity,6884,245934,430,2982,535,2924,12,12,278
116,12/09/2026 09:35,27000,entity,6880,273235,435,3000,470,2962,11,12,292
117,12/09/2026 09:35,27000,entity,6927,277874,445,3027,474,2967,11,12,296
118,12/09/2026 09:35,27000,entity,6842,276134,428,2998,466,2936,11,12,284
119,12/09/2026 09:35,27000,entity,6843,281478,438,2963,528,2901,11,12,287
120,12/09/2026 09:35,27000,entity,6850,268929,428,2984,526,2900,12,12,278
121,12/09/2026 09:35,27000,entity,6896,273942,436,3020,475,2951,12,12,287
122,12/09/2026 09:36,27000,entity,6879,280331,431,3019,503,2913,11,12,281
123,12/09/2026 09:36,27000,entity,6751,276188,428,2966,463,2880,11,12,280
124,12/09/2026 09:36,27000,entity,6794,275927,427,2958,504,2892,11,12,278
125,12/09/2026 09:36,27000,entity,6867,227080,429,3000,477,2947,11,12,284
126,12/09/2026 09:36,27000,entity,6836,278702,427,2997,504,2894,11,12,287
127,12/09/2026 09:36,27000,entity,6811,267258,425,2978,527,2867,11,12,290
128,12/09/2026 09:36,27000,entity,6860,272218,427,2987,509,2924,11,12,291
129,12/09/2026 09:36,27000,entity,6874,227335,441,2979,515,2926,11,12,281
130,12/09/2026 09:37,27000,entity,6851,270150,436,2995,476,2932,11,12,284
131,12/09/2026 09:37,27000,entity,6866,240348,469,3020,468,2896,11,12,278
132,12/09/2026 09:37,27000,entity,6890,266375,430,3000,529,2918,11,12,280
133,12/09/2026 09:37,27000,entity,6857,269881,435,2998,467,2945,11,12,290
134,12/09/2026 09:37,27000,entity,6760,281677,425,2968,468,2886,11,12,297
135,12/09/2026 09:37,27000,entity,6796,250779,439,2992,475,2877,11,12,282
136,12/09/2026 09:37,27000,entity,6796,247975,445,2976,466,2896,11,12,283
137,12/09/2026 09:37,27000,entity,6877,273640,428,2980,532,2924,11,12,283
138,12/09/2026 09:37,27000,entity,6841,237678,434,2969,473,2952,11,12,276
139,12/09/2026 09:38,27000,entity,6830,275010,437,2957,529,2894,11,12,279
140,12/09/2026 09:38,27000,entity,6836,279110,425,2979,481,2938,12,12,276
141,12/09/2026 09:38,27000,entity,6822,251422,432,2975,466,2935,12,12,280
142,12/09/2026 09:38,27000,entity,6929,233497,432,2989,536,2959,11,12,278
143,12/09/2026 09:38,27000,entity,6846,237550,431,2965,538,2899,11,12,274
144,12/09/2026 09:38,27000,entity,6886,273993,432,2971,534,2935,12,12,276
145,12/09/2026 09:38,27000,entity,6872,243592,432,2992,529,2905,11,12,299
146,12/09/2026 09:38,27000,entity,6818,275533,437,2995,464,2909,11,12,270
147,12/09/2026 09:38,27000,entity,6858,273762,444,2992,471,2939,11,12,273
148,12/09/2026 09:39,27000,entity,6839,269183,457,3013,471,2885,11,12,277
149,12/09/2026 09:39,27000,entity,6938,239205,445,3076,475,2928,12,12,291
150,12/09/2026 09:39,27000,entity,6919,276245,454,3015,477,2960,11,12,291
151,12/09/2026 09:39,27000,entity,6923,240392,426,2954,520,3010,11,12,288
152,12/09/2026 09:39,27000,entity,6843,230647,425,2979,526,2899,11,12,285
153,12/09/2026 09:39,27000,entity,6840,270788,431,2989,532,2875,11,12,278
154,12/09/2026 09:39,27000,entity,6904,238063,430,2977,527,2956,11,12,282
155,12/09/2026 09:39,27000,entity,6792,270260,431,2945,475,2927,12,12,275
156,12/09/2026 09:40,27000,entity,6836,278524,439,2973,537,2874,12,12,276
157,12/09/2026 09:40,27000,entity,6833,267284,427,2977,535,2880,12,12,277
158,12/09/2026 09:40,27000,entity,6886,276191,429,2994,510,2940,12,12,283
159,12/09/2026 09:40,27000,entity,6908,273998,434,2972,529,2960,11,12,278
160,12/09/2026 09:40,27000,entity,6907,266202,428,2996,542,2927,12,12,292
161,12/09/2026 09:40,27000,entity,6749,272754,426,2971,465,2875,11,12,277
162,12/09/2026 09:40,27000,entity,6878,279583,438,3012,511,2904,11,12,284
163,12/09/2026 09:40,27000,entity,6869,281878,428,2972,537,2919,11,12,291
164,12/09/2026 09:40,27000,entity,6775,238585,427,2965,466,2904,11,12,277
165,12/09/2026 09:41,27000,entity,6854,277010,426,2954,539,2922,12,12,278
166,12/09/2026 09:41,27000,entity,6731,274591,431,2967,466,2853,11,12,276
167,12/09/2026 09:41,27000,entity,6883,238345,428,2949,528,2965,11,12,266
168,12/09/2026 09:41,27000,entity,6809,267578,426,3005,466,2899,11,12,291
169,12/09/2026 09:41,27000,entity,6805,258052,426,2937,526,2903,11,12,270
170,12/09/2026 09:41,27000,entity,6813,281422,432,2955,526,2886,12,12,272
171,12/09/2026 09:41,27000,entity,6808,278160,438,2961,506,2889,11,12,280
172,12/09/2026 09:41,27000,entity,6738,276249,427,2969,466,2862,11,12,276
173,12/09/2026 09:42,27000,entity,6878,275828,429,3010,527,2898,12,12,285
174,12/09/2026 09:42,27000,entity,6927,270325,445,2989,532,2947,12,12,280
175,12/09/2026 09:42,27000,entity,6842,277120,432,2962,476,2958,11,12,280
176,12/09/2026 09:42,27000,entity,6804,276109,428,2977,471,2914,11,12,290
177,12/09/2026 09:42,27000,entity,6858,267454,429,2968,532,2916,11,12,270
178,12/09/2026 09:42,27000,entity,6858,282316,424,2992,478,2950,12,12,275
179,12/09/2026 09:42,27000,entity,6863,272756,432,2976,514,2927,11,12,280
180,12/09/2026 09:42,27000,entity,6912,271905,432,2990,538,2939,11,12,281
181,12/09/2026 09:42,27000,entity,6918,234551,441,3017,471,2976,12,12,282
182,12/09/2026 09:43,27000,entity,6816,263238,441,2999,469,2893,11,12,287
183,12/09/2026 09:43,27000,entity,6805,239499,426,2976,471,2919,11,12,274
184,12/09/2026 09:43,27000,entity,6943,268575,432,3049,517,2929,12,12,270
185,12/09/2026 09:43,27000,entity,6833,249245,427,2989,463,2941,11,12,288
186,12/09/2026 09:43,27000,entity,6881,232531,431,2968,507,2961,11,12,278
187,12/09/2026 09:43,27000,entity,6875,240048,470,2983,476,2932,11,12,281
188,12/09/2026 09:43,27000,entity,6863,272757,430,2970,539,2910,11,12,284
189,12/09/2026 09:43,27000,entity,6929,277164,429,3010,559,2918,11,12,282
190,12/09/2026 09:44,27000,entity,6825,260502,431,2966,479,2934,13,12,282
191,12/09/2026 09:44,27000,entity,6941,245451,424,2968,533,3003,11,12,282
192,12/09/2026 09:44,27000,entity,6810,272833,430,2990,471,2905,11,12,280
193,12/09/2026 09:44,27000,entity,6991,236519,444,3034,538,2962,11,12,292
194,12/09/2026 09:44,27000,entity,6867,273091,429,2988,470,2966,12,12,293
195,12/09/2026 09:44,27000,entity,6962,282469,433,3003,568,2945,11,12,284
196,12/09/2026 09:44,27000,entity,6944,237314,430,2998,537,2965,12,12,280
197,12/09/2026 09:44,27000,entity,6929,244086,429,2990,513,2984,12,12,278
198,12/09/2026 09:44,27000,entity,6878,276588,428,2957,536,2945,11,12,269
199,12/09/2026 09:45,27000,entity,6841,274090,431,2984,539,2874,11,12,290
200,12/09/2026 09:45,27000,entity,6860,242781,442,3010,504,2891,11,12,277
1,12/09/2026 09:50,40500,entity,10109,376146,446,4457,810,4383,11,20,479
2,12/09/2026 09:50,40500,entity,10008,367919,434,4390,808,4363,11,20,452
3,12/09/2026 09:50,40500,entity,10107,233214,431,4421,848,4384,21,21,479
4,12/09/2026 09:50,40500,entity,10151,236299,432,4432,871,4395,19,21,460
5,12/09/2026 09:51,40500,entity,10008,268285,428,4398,814,4354,13,21,452
6,12/09/2026 09:51,40500,entity,10142,385070,427,4473,857,4371,11,20,480
7,12/09/2026 09:51,40500,entity,10086,274021,429,4435,860,4349,11,21,513
8,12/09/2026 09:51,40500,entity,9996,272785,444,4453,808,4278,11,21,476
9,12/09/2026 09:51,40500,entity,10122,270117,430,4448,877,4353,11,21,487
10,12/09/2026 09:51,40500,entity,10200,270520,429,4473,837,4448,11,21,515
11,12/09/2026 09:52,40500,entity,9983,264740,426,4444,827,4273,11,21,465
12,12/09/2026 09:52,40500,entity,9994,260281,440,4426,816,4299,11,21,476
13,12/09/2026 09:52,40500,entity,10062,265791,431,4413,857,4348,11,21,485
14,12/09/2026 09:52,40500,entity,10097,255267,455,4419,814,4396,11,21,482
15,12/09/2026 09:52,40500,entity,10094,236994,428,4444,860,4340,19,21,474
16,12/09/2026 09:52,40500,entity,10056,272699,434,4457,824,4328,11,21,466
17,12/09/2026 09:53,40500,entity,10195,281552,432,4465,867,4419,12,21,489
18,12/09/2026 09:53,40500,entity,10084,265888,430,4421,869,4352,11,21,461
19,12/09/2026 09:53,40500,entity,10152,279072,431,4456,875,4377,11,21,511
20,12/09/2026 09:53,40500,entity,10069,246316,428,4399,842,4386,12,21,474
21,12/09/2026 09:53,40500,entity,10010,254749,427,4398,865,4307,12,21,466
22,12/09/2026 09:53,40500,entity,10065,367603,428,4426,856,4341,11,20,456
23,12/09/2026 09:54,40500,entity,9982,279315,428,4431,807,4302,12,21,477
24,12/09/2026 09:54,40500,entity,10203,233950,426,4453,841,4461,20,21,534
25,12/09/2026 09:54,40500,entity,10117,374138,430,4438,878,4357,12,20,453
26,12/09/2026 09:54,40500,entity,10068,260811,427,4474,881,4273,11,21,474
27,12/09/2026 09:54,40500,entity,10145,239280,428,4437,872,4387,19,21,486
28,12/09/2026 09:54,40500,entity,9988,253469,428,4398,865,4284,11,21,462
29,12/09/2026 09:55,40500,entity,10073,387893,438,4417,866,4339,12,20,475
30,12/09/2026 09:55,40500,entity,10185,380610,428,4482,812,4449,12,20,467
31,12/09/2026 09:55,40500,entity,10176,373598,428,4494,884,4358,11,20,498
32,12/09/2026 09:55,40500,entity,10101,262109,427,4433,845,4382,11,21,483
33,12/09/2026 09:55,40500,entity,10021,259464,427,4380,870,4331,12,21,465
34,12/09/2026 09:56,40500,entity,10096,265253,432,4431,866,4354,12,21,467
35,12/09/2026 09:56,40500,entity,10168,267226,426,4443,872,4413,12,21,477
36,12/09/2026 09:56,40500,entity,10082,265553,432,4442,806,4388,12,21,480
37,12/09/2026 09:56,40500,entity,10045,270719,429,4479,806,4318,11,21,478
38,12/09/2026 09:56,40500,entity,10065,272897,429,4434,810,4379,12,21,500
39,12/09/2026 09:56,40500,entity,10144,233188,428,4464,871,4361,18,21,487
40,12/09/2026 09:57,40500,entity,9985,285678,431,4394,810,4336,12,21,477
41,12/09/2026 09:57,40500,entity,10052,252698,443,4435,871,4290,11,21,471
42,12/09/2026 09:57,40500,entity,10048,274164,434,4422,850,4328,12,21,468
43,12/09/2026 09:57,40500,entity,10066,357712,435,4419,870,4329,11,20,437
44,12/09/2026 09:57,40500,entity,9958,251881,426,4395,862,4263,11,21,471
45,12/09/2026 09:57,40500,entity,10195,378485,431,4458,871,4422,11,20,477
46,12/09/2026 09:58,40500,entity,10029,383586,432,4420,851,4313,11,20,444
47,12/09/2026 09:58,40500,entity,10122,388245,426,4426,816,4440,13,20,464
48,12/09/2026 09:58,40500,entity,10190,367967,443,4534,829,4371,11,20,478
49,12/09/2026 09:58,40500,entity,10097,375946,431,4473,811,4368,12,20,469
50,12/09/2026 09:58,40500,entity,10126,284905,425,4418,836,4434,12,21,489
51,12/09/2026 09:58,40500,entity,10107,282149,430,4441,826,4396,12,21,472
52,12/09/2026 09:59,40500,entity,10081,249342,433,4413,877,4344,12,21,464
53,12/09/2026 09:59,40500,entity,10086,265370,426,4394,814,4438,12,21,472
54,12/09/2026 09:59,40500,entity,10029,270187,424,4401,819,4372,11,21,477
55,12/09/2026 09:59,40500,entity,10007,261257,428,4414,865,4286,12,21,476
56,12/09/2026 09:59,40500,entity,10101,378866,431,4454,844,4359,11,20,493
57,12/09/2026 09:59,40500,entity,10061,262118,427,4422,867,4332,11,21,463
58,12/09/2026 10:00,40500,entity,10217,384696,433,4472,876,4422,12,20,465
59,12/09/2026 10:00,40500,entity,10099,263074,429,4411,846,4400,12,21,464
60,12/09/2026 10:00,40500,entity,10082,278715,425,4461,868,4314,12,21,466
61,12/09/2026 10:00,40500,entity,10047,249781,428,4441,846,4320,11,21,468
62,12/09/2026 10:00,40500,entity,10077,267481,429,4482,811,4342,11,21,501
63,12/09/2026 10:00,40500,entity,10109,381301,427,4425,859,4385,11,20,472
64,12/09/2026 10:01,40500,entity,10134,272884,436,4500,822,4363,11,21,508
65,12/09/2026 10:01,40500,entity,10079,261393,430,4431,820,4384,11,21,458
66,12/09/2026 10:01,40500,entity,9962,252013,429,4424,817,4279,12,21,482
67,12/09/2026 10:01,40500,entity,10146,254544,430,4472,859,4371,11,21,476
68,12/09/2026 10:01,40500,entity,10051,293170,429,4408,867,4333,12,21,473
69,12/09/2026 10:01,40500,entity,10082,372507,432,4401,846,4391,11,20,455
70,12/09/2026 10:02,40500,entity,10190,266714,430,4535,867,4345,11,21,489
71,12/09/2026 10:02,40500,entity,10039,268956,430,4452,832,4311,11,21,490
72,12/09/2026 10:02,40500,entity,10016,278857,442,4447,817,4297,11,21,468
73,12/09/2026 10:02,40500,entity,10123,290055,428,4449,858,4375,12,21,506
74,12/09/2026 10:02,40500,entity,10100,251510,433,4433,882,4340,11,21,469
75,12/09/2026 10:03,40500,entity,10066,264628,429,4444,816,4364,11,21,507
76,12/09/2026 10:03,40500,entity,10049,268663,448,4479,825,4284,11,21,490
77,12/09/2026 10:03,40500,entity,10096,266712,430,4453,824,4374,12,21,493
78,12/09/2026 10:03,40500,entity,10058,268737,428,4432,833,4351,11,21,467
79,12/09/2026 10:03,40500,entity,10009,259487,429,4424,876,4267,11,21,476
80,12/09/2026 10:03,40500,entity,10163,236563,433,4465,811,4436,17,21,481
81,12/09/2026 10:04,40500,entity,9995,262165,432,4438,861,4250,11,21,471
82,12/09/2026 10:04,40500,entity,10082,363796,426,4419,868,4354,12,20,447
83,12/09/2026 10:04,40500,entity,9971,233002,438,4394,800,4320,17,21,460
84,12/09/2026 10:04,40500,entity,10153,274481,432,4450,863,4395,11,21,483
85,12/09/2026 10:04,40500,entity,10056,267064,430,4408,843,4362,11,21,463
86,12/09/2026 10:04,40500,entity,10083,264813,428,4420,856,4367,11,21,490
87,12/09/2026 10:05,40500,entity,10132,257802,429,4416,888,4386,12,21,492
88,12/09/2026 10:05,40500,entity,10141,252623,427,4423,851,4426,12,21,477
89,12/09/2026 10:05,40500,entity,10069,278904,428,4432,877,4318,12,21,478
90,12/09/2026 10:05,40500,entity,10087,280885,433,4415,869,4356,12,21,465
91,12/09/2026 10:05,40500,entity,10137,377415,428,4477,820,4398,12,20,472
92,12/09/2026 10:05,40500,entity,10071,302853,438,4430,897,4292,12,21,486
93,12/09/2026 10:06,40500,entity,10158,379928,433,4467,842,4403,11,20,474
94,12/09/2026 10:06,40500,entity,10041,283270,431,4412,887,4297,12,21,469
95,12/09/2026 10:06,40500,entity,9976,255530,430,4419,814,4299,11,21,458
96,12/09/2026 10:06,40500,entity,10164,256633,441,4463,840,4408,11,21,479
97,12/09/2026 10:06,40500,entity,10134,366543,431,4530,802,4356,11,20,450
98,12/09/2026 10:06,40500,entity,10082,269857,433,4440,863,4333,11,21,482
99,12/09/2026 10:07,40500,entity,10005,362353,429,4379,835,4349,11,20,451
100,12/09/2026 10:07,40500,entity,9972,250242,430,4392,816,4321,11,21,454
101,12/09/2026 10:07,40500,entity,10123,384007,432,4450,817,4410,12,20,479
102,12/09/2026 10:07,40500,entity,10022,268830,429,4367,868,4345,11,21,454
103,12/09/2026 10:07,40500,entity,10046,292848,425,4446,811,4350,12,21,499
104,12/09/2026 10:07,40500,entity,10051,369953,429,4413,828,4369,11,20,445
105,12/09/2026 10:08,40500,entity,10147,272617,429,4478,841,4385,11,21,530
106,12/09/2026 10:08,40500,entity,10110,275670,426,4390,841,4440,11,21,464
107,12/09/2026 10:08,40500,entity,10034,358148,440,4408,802,4371,12,20,457
108,12/09/2026 10:08,40500,entity,10036,251375,433,4411,846,4332,12,21,462
109,12/09/2026 10:08,40500,entity,10042,252559,447,4449,819,4314,11,21,482
110,12/09/2026 10:08,40500,entity,10009,263174,429,4421,859,4287,12,21,455
111,12/09/2026 10:09,40500,entity,10104,252130,428,4437,855,4371,11,21,472
112,12/09/2026 10:09,40500,entity,10024,258043,426,4442,851,4292,11,21,467
113,12/09/2026 10:09,40500,entity,10054,279710,430,4440,870,4300,11,21,478
114,12/09/2026 10:09,40500,entity,10100,363957,430,4435,856,4366,11,20,443
115,12/09/2026 10:09,40500,entity,10133,366537,455,4528,818,4319,11,20,467
116,12/09/2026 10:10,40500,entity,10046,261705,427,4411,877,4317,11,21,466
117,12/09/2026 10:10,40500,entity,9966,253974,428,4431,818,4276,12,21,477
118,12/09/2026 10:10,40500,entity,10093,271439,429,4409,837,4404,12,21,479
119,12/09/2026 10:10,40500,entity,10136,255957,450,4438,820,4414,11,21,471
120,12/09/2026 10:10,40500,entity,10111,374403,426,4428,835,4408,11,20,451
121,12/09/2026 10:10,40500,entity,10228,264174,434,4533,878,4370,12,21,493
122,12/09/2026 10:11,40500,entity,10162,263816,432,4432,847,4438,11,21,475
123,12/09/2026 10:11,40500,entity,10033,262495,427,4430,833,4331,11,21,477
124,12/09/2026 10:11,40500,entity,10134,278377,434,4464,857,4367,11,21,493
125,12/09/2026 10:11,40500,entity,10097,382306,438,4443,855,4348,11,20,462
126,12/09/2026 10:11,40500,entity,10013,256121,431,4442,822,4304,11,21,456
127,12/09/2026 10:11,40500,entity,10078,266900,432,4426,834,4372,12,21,473
128,12/09/2026 10:12,40500,entity,10133,363810,440,4424,847,4409,11,20,452
129,12/09/2026 10:12,40500,entity,10047,267756,429,4428,824,4351,12,21,493
130,12/09/2026 10:12,40500,entity,10025,276212,431,4407,821,4353,11,21,452
131,12/09/2026 10:12,40500,entity,10051,266041,428,4448,843,4319,11,21,481
132,12/09/2026 10:12,40500,entity,10064,255089,427,4399,868,4357,11,21,484
133,12/09/2026 10:12,40500,entity,10068,267304,432,4420,875,4328,11,21,469
134,12/09/2026 10:13,40500,entity,10090,259626,427,4426,860,4364,11,21,474
135,12/09/2026 10:13,40500,entity,10132,262419,442,4439,870,4368,11,21,461
136,12/09/2026 10:13,40500,entity,10142,269255,434,4464,820,4410,12,21,464
137,12/09/2026 10:13,40500,entity,10006,257262,432,4451,813,4297,12,21,471
138,12/09/2026 10:13,40500,entity,10104,269891,437,4425,881,4349,11,21,459
139,12/09/2026 10:13,40500,entity,10045,269170,430,4437,825,4340,11,21,477
140,12/09/2026 10:14,40500,entity,10015,363911,444,4486,806,4266,11,20,472
141,12/09/2026 10:14,40500,entity,10055,271415,430,4437,849,4325,11,21,470
142,12/09/2026 10:14,40500,entity,10126,383468,429,4420,868,4395,11,20,474
143,12/09/2026 10:14,40500,entity,10019,267194,430,4407,830,4339,12,21,456
144,12/09/2026 10:14,40500,entity,10101,261677,437,4435,864,4352,11,21,521
145,12/09/2026 10:14,40500,entity,10104,265149,427,4483,827,4354,11,21,518
146,12/09/2026 10:15,40500,entity,10122,270041,431,4464,873,4341,11,21,479
147,12/09/2026 10:15,40500,entity,10039,387382,435,4418,867,4306,11,20,466
148,12/09/2026 10:15,40500,entity,10055,375745,452,4452,807,4331,11,20,471
149,12/09/2026 10:15,40500,entity,9994,288813,438,4417,803,4323,12,21,466
150,12/09/2026 10:15,40500,entity,10060,271786,454,4460,805,4327,12,21,463
151,12/09/2026 10:15,40500,entity,10073,259926,434,4418,858,4350,11,21,479
152,12/09/2026 10:16,40500,entity,10109,266371,435,4442,817,4402,12,21,480
153,12/09/2026 10:16,40500,entity,10082,232573,430,4442,821,4368,19,21,496
154,12/09/2026 10:16,40500,entity,10087,381779,427,4410,860,4376,11,20,464
155,12/09/2026 10:16,40500,entity,10102,366655,428,4430,810,4421,11,20,484
156,12/09/2026 10:16,40500,entity,10060,363196,443,4459,816,4329,11,20,465
157,12/09/2026 10:17,40500,entity,10029,266908,432,4440,848,4295,12,21,483
158,12/09/2026 10:17,40500,entity,10256,261978,435,4494,874,4441,11,21,488
159,12/09/2026 10:17,40500,entity,10088,274779,429,4501,810,4334,11,21,484
160,12/09/2026 10:17,40500,entity,10086,380637,429,4387,841,4416,11,20,443
161,12/09/2026 10:17,40500,entity,9996,265144,426,4408,825,4324,12,21,468
162,12/09/2026 10:17,40500,entity,10043,277256,429,4456,821,4324,11,21,473
163,12/09/2026 10:18,40500,entity,10069,270414,435,4442,850,4329,11,21,479
164,12/09/2026 10:18,40500,entity,10060,267497,436,4451,844,4316,11,21,458
165,12/09/2026 10:18,40500,entity,10083,265020,432,4437,879,4321,12,21,470
166,12/09/2026 10:18,40500,entity,10045,269924,433,4411,840,4347,12,21,464
167,12/09/2026 10:18,40500,entity,10132,266556,428,4471,843,4377,11,21,464
168,12/09/2026 10:18,40500,entity,10019,266908,432,4413,813,4347,12,21,504
169,12/09/2026 10:19,40500,entity,10056,276079,430,4433,857,4322,11,21,472
170,12/09/2026 10:19,40500,entity,10054,266069,445,4431,811,4352,12,21,466
171,12/09/2026 10:19,40500,entity,10061,268807,429,4434,866,4319,11,21,466
172,12/09/2026 10:19,40500,entity,10016,232641,429,4409,807,4348,21,21,475
173,12/09/2026 10:19,40500,entity,10009,261260,446,4427,812,4311,11,21,490
174,12/09/2026 10:19,40500,entity,10031,276013,432,4412,822,4352,12,21,456
175,12/09/2026 10:20,40500,entity,10129,384269,429,4448,853,4386,11,20,508
176,12/09/2026 10:20,40500,entity,10084,358199,426,4463,802,4380,11,20,454
177,12/09/2026 10:20,40500,entity,10045,267638,427,4416,867,4322,11,21,461
178,12/09/2026 10:20,40500,entity,10111,259565,427,4466,866,4339,12,21,479
179,12/09/2026 10:20,40500,entity,10103,377498,428,4442,809,4411,12,20,483
180,12/09/2026 10:20,40500,entity,10058,236499,444,4447,822,4326,17,21,462
181,12/09/2026 10:21,40500,entity,9945,247967,428,4384,834,4287,11,21,470
182,12/09/2026 10:21,40500,entity,10172,388467,431,4518,812,4398,12,20,490
183,12/09/2026 10:21,40500,entity,10131,282970,428,4459,867,4364,12,21,493
184,12/09/2026 10:21,40500,entity,10239,388227,431,4438,880,4478,11,20,518
185,12/09/2026 10:21,40500,entity,10049,258243,426,4404,846,4360,11,21,463
186,12/09/2026 10:21,40500,entity,10065,281526,441,4455,820,4336,11,21,467
187,12/09/2026 10:22,40500,entity,10059,248343,432,4399,886,4329,11,21,466
188,12/09/2026 10:22,40500,entity,10059,269132,426,4421,884,4316,11,21,476
189,12/09/2026 10:22,40500,entity,10200,266359,431,4549,872,4335,12,21,475
190,12/09/2026 10:22,40500,entity,10095,257128,454,4501,813,4314,11,21,481
191,12/09/2026 10:22,40500,entity,10184,362239,434,4463,892,4381,11,20,472
192,12/09/2026 10:23,40500,entity,10054,250013,443,4430,832,4336,11,21,476
193,12/09/2026 10:23,40500,entity,10024,265851,425,4392,807,4388,11,21,473
194,12/09/2026 10:23,40500,entity,10029,250532,426,4413,836,4340,12,21,469
195,12/09/2026 10:23,40500,entity,9962,253334,428,4399,815,4307,11,21,483
196,12/09/2026 10:23,40500,entity,10184,271104,432,4491,848,4399,12,21,466
197,12/09/2026 10:23,40500,entity,10025,259085,429,4394,878,4310,11,21,464
198,12/09/2026 10:24,40500,entity,10111,269415,427,4425,861,4385,12,21,472
199,12/09/2026 10:24,40500,entity,10034,256407,431,4466,861,4262,11,21,498
200,12/09/2026 10:24,40500,entity,10019,271042,433,4463,804,4304,12,21,461
1,12/09/2026 10:29,54000,entity,12699,361638,439,5742,1009,5495,12,26,619
2,12/09/2026 10:29,54000,entity,12655,371836,427,5725,1046,5443,11,26,598
3,12/09/2026 10:30,54000,entity,12683,472746,431,5704,1008,5527,11,25,617
4,12/09/2026 10:30,54000,entity,12722,356182,428,5762,1024,5494,11,26,628
5,12/09/2026 10:30,54000,entity,12812,492195,426,5820,1010,5543,11,25,616
6,12/09/2026 10:30,54000,entity,12797,472461,440,5794,1012,5538,11,25,632
7,12/09/2026 10:30,54000,entity,12756,349948,429,5734,1061,5519,11,26,608
8,12/09/2026 10:31,54000,entity,12725,360496,425,5785,1055,5448,11,26,626
9,12/09/2026 10:31,54000,entity,12767,362210,429,5766,1052,5508,11,26,658
10,12/09/2026 10:31,54000,entity,12809,474471,428,5791,1008,5570,11,25,618
11,12/09/2026 10:31,54000,entity,12870,362061,430,5863,1021,5543,12,26,733
12,12/09/2026 10:31,54000,entity,12762,366926,429,5767,1052,5501,11,26,637
13,12/09/2026 10:32,54000,entity,12807,352609,435,5782,1035,5540,12,26,635
14,12/09/2026 10:32,54000,entity,12774,489319,437,5780,1017,5528,11,25,615
15,12/09/2026 10:32,54000,entity,12765,353351,429,5733,1020,5569,11,26,613
16,12/09/2026 10:32,54000,entity,12713,365326,424,5751,1029,5496,11,26,634
17,12/09/2026 10:33,54000,entity,12756,345964,430,5757,1041,5516,11,26,624
18,12/09/2026 10:33,54000,entity,12674,495063,446,5739,1014,5461,11,25,601
19,12/09/2026 10:33,54000,entity,12710,361026,429,5758,1045,5465,11,26,679
20,12/09/2026 10:33,54000,entity,12818,441215,451,5774,1015,5566,11,25,603
21,12/09/2026 10:33,54000,entity,12790,487299,427,5755,1040,5555,11,25,615
22,12/09/2026 10:34,54000,entity,12738,348470,432,5742,1011,5539,11,26,616
23,12/09/2026 10:34,54000,entity,12849,483144,428,5717,1037,5652,12,25,613
24,12/09/2026 10:34,54000,entity,12740,494598,429,5770,1029,5498,13,25,626
25,12/09/2026 10:34,54000,entity,12685,345790,428,5733,1052,5460,11,26,645
26,12/09/2026 10:34,54000,entity,12729,365230,428,5814,1007,5467,11,26,633
27,12/09/2026 10:35,54000,entity,12667,337237,427,5736,1028,5462,11,26,618
28,12/09/2026 10:35,54000,entity,12859,453118,426,5758,1045,5618,11,25,600
29,12/09/2026 10:35,54000,entity,12908,370276,429,5828,1070,5569,11,26,664
30,12/09/2026 10:35,54000,entity,12695,345880,428,5703,1012,5539,11,26,616
31,12/09/2026 10:36,54000,entity,12858,373749,432,5821,1022,5569,12,26,627
32,12/09/2026 10:36,54000,entity,12842,352215,428,5784,1033,5584,11,26,626
33,12/09/2026 10:36,54000,entity,12810,349814,440,5800,1054,5502,11,26,622
34,12/09/2026 10:36,54000,entity,12784,363882,427,5719,1036,5588,11,26,602
35,12/09/2026 10:36,54000,entity,12803,362010,431,5753,1046,5561,12,26,600
36,12/09/2026 10:37,54000,entity,12897,467454,428,5882,1009,5565,11,25,711
37,12/09/2026 10:37,54000,entity,12777,313892,427,5725,1056,5548,20,26,605
38,12/09/2026 10:37,54000,entity,12737,457795,427,5725,1013,5559,11,25,618
39,12/09/2026 10:37,54000,entity,12776,365590,430,5760,1058,5515,12,26,652
40,12/09/2026 10:37,54000,entity,12761,345640,431,5698,1038,5580,12,26,627
41,12/09/2026 10:38,54000,entity,12856,346299,435,5803,1053,5552,12,26,644
42,12/09/2026 10:38,54000,entity,12753,476258,440,5760,1033,5507,11,25,654
43,12/09/2026 10:38,54000,entity,12832,491880,441,5758,1073,5547,11,25,636
44,12/09/2026 10:38,54000,entity,12838,363124,443,5749,1042,5590,12,26,603
45,12/09/2026 10:39,54000,entity,12961,348401,434,5834,1066,5614,11,26,725
46,12/09/2026 10:39,54000,entity,12811,364404,430,5760,1064,5543,11,26,618
47,12/09/2026 10:39,54000,entity,12822,462938,431,5746,1032,5599,11,25,625
48,12/09/2026 10:39,54000,entity,12809,329888,430,5788,1052,5525,12,26,631
49,12/09/2026 10:39,54000,entity,12852,348427,431,5855,1021,5532,11,26,710
50,12/09/2026 10:40,54000,entity,12707,358772,427,5754,1027,5485,11,26,625
51,12/09/2026 10:40,54000,entity,12665,362481,428,5716,1034,5474,11,26,629
52,12/09/2026 10:40,54000,entity,12822,361970,426,5865,1016,5501,11,26,717
53,12/09/2026 10:40,54000,entity,12709,349298,430,5774,1055,5437,11,26,641
54,12/09/2026 10:41,54000,entity,12765,458657,436,5755,1067,5494,11,25,631
55,12/09/2026 10:41,54000,entity,12793,457137,426,5715,1056,5582,11,25,621
56,12/09/2026 10:41,54000,entity,12790,307106,428,5760,1029,5553,18,26,619
57,12/09/2026 10:41,54000,entity,12801,346004,444,5760,1066,5517,12,26,628
58,12/09/2026 10:41,54000,entity,12692,486589,428,5715,1021,5515,11,25,621
59,12/09/2026 10:42,54000,entity,12777,344393,431,5765,1059,5509,11,26,635
60,12/09/2026 10:42,54000,entity,12848,486991,431,5756,1062,5585,11,25,603
61,12/09/2026 10:42,54000,entity,12769,361066,428,5739,1018,5569,12,26,625
62,12/09/2026 10:42,54000,entity,12862,359081,432,5754,1027,5635,12,26,634
63,12/09/2026 10:42,54000,entity,12732,362239,428,5807,1009,5473,11,26,636
64,12/09/2026 10:43,54000,entity,12855,365559,442,5819,1020,5561,12,26,659
65,12/09/2026 10:43,54000,entity,12962,486590,426,5786,1034,5702,12,25,626
66,12/09/2026 10:43,54000,entity,13002,366986,428,5964,1070,5527,11,26,733
67,12/09/2026 10:43,54000,entity,12773,486694,424,5728,1057,5550,11,25,601
68,12/09/2026 10:44,54000,entity,12946,485164,434,5813,1074,5612,11,25,610
69,12/09/2026 10:44,54000,entity,12853,338409,443,5847,1011,5539,12,26,686
70,12/09/2026 10:44,54000,entity,12799,330631,430,5798,1028,5530,11,26,644
71,12/09/2026 10:44,54000,entity,12923,350454,434,5867,1073,5536,11,26,670
72,12/09/2026 10:44,54000,entity,12743,495682,431,5763,1065,5472,12,25,601
73,12/09/2026 10:45,54000,entity,12865,361803,427,5820,1066,5539,11,26,639
74,12/09/2026 10:45,54000,entity,12812,347556,427,5767,1090,5515,11,26,628
75,12/09/2026 10:45,54000,entity,12904,349738,428,5883,1066,5513,11,26,776
76,12/09/2026 10:45,54000,entity,12966,490866,429,5830,1068,5626,11,25,643
77,12/09/2026 10:46,54000,entity,12840,351246,426,5783,1029,5589,11,26,651
78,12/09/2026 10:46,54000,entity,12763,365377,425,5770,1050,5505,11,26,628
79,12/09/2026 10:46,54000,entity,13083,306645,436,6025,1012,5589,19,26,716
80,12/09/2026 10:46,54000,entity,12795,366085,429,5739,1066,5548,11,26,635
81,12/09/2026 10:46,54000,entity,12743,472997,429,5752,1016,5532,11,25,638
82,12/09/2026 10:47,54000,entity,12863,363153,429,5782,1052,5587,11,26,663
83,12/09/2026 10:47,54000,entity,12708,369007,441,5683,1060,5511,11,26,631
84,12/09/2026 10:47,54000,entity,12734,451011,427,5746,1022,5525,12,25,595
85,12/09/2026 10:47,54000,entity,12691,361452,434,5772,1012,5459,11,26,628
86,12/09/2026 10:47,54000,entity,12810,359879,432,5777,1014,5572,12,26,647
87,12/09/2026 10:48,54000,entity,12800,367350,430,5794,1044,5519,11,26,615
88,12/09/2026 10:48,54000,entity,12807,371713,429,5709,1045,5610,12,26,643
89,12/09/2026 10:48,54000,entity,12807,364327,429,5698,1060,5608,11,26,616
90,12/09/2026 10:48,54000,entity,12913,369361,438,5851,1047,5564,11,26,621
91,12/09/2026 10:49,54000,entity,12847,346253,427,5886,1016,5505,11,26,721
92,12/09/2026 10:49,54000,entity,12791,309801,453,5762,1010,5542,22,26,636
93,12/09/2026 10:49,54000,entity,13019,367966,427,5896,1060,5623,11,26,791
94,12/09/2026 10:49,54000,entity,12853,358125,427,5837,1061,5515,11,26,638
95,12/09/2026 10:49,54000,entity,12901,348190,431,5827,1046,5584,11,26,674
96,12/09/2026 10:50,54000,entity,12852,345746,430,5759,1059,5590,11,26,638
97,12/09/2026 10:50,54000,entity,12873,472155,439,5718,1064,5638,11,25,615
98,12/09/2026 10:50,54000,entity,12919,356521,431,5878,1025,5572,11,26,625
99,12/09/2026 10:50,54000,entity,12906,362851,433,5851,1026,5583,11,26,627
100,12/09/2026 10:51,54000,entity,12804,366110,432,5779,1017,5562,11,26,642
101,12/09/2026 10:51,54000,entity,12693,360606,427,5711,1065,5477,11,26,612
102,12/09/2026 10:51,54000,entity,12729,359114,438,5818,1010,5449,12,26,630
103,12/09/2026 10:51,54000,entity,12864,306100,444,5833,1050,5517,19,26,669
104,12/09/2026 10:51,54000,entity,12850,361562,428,5866,1017,5526,11,26,669
105,12/09/2026 10:52,54000,entity,12845,342865,426,5801,1073,5532,11,26,647
106,12/09/2026 10:52,54000,entity,12838,485526,432,5804,1023,5565,11,25,683
107,12/09/2026 10:52,54000,entity,12764,368255,430,5740,1080,5501,11,26,613
108,12/09/2026 10:52,54000,entity,12775,360621,430,5726,1041,5564,12,26,621
109,12/09/2026 10:52,54000,entity,12744,310734,432,5749,1027,5515,19,26,605
110,12/09/2026 10:53,54000,entity,12688,356688,428,5722,1031,5492,12,26,613
111,12/09/2026 10:53,54000,entity,12952,366117,432,5896,1048,5564,11,26,648
112,12/09/2026 10:53,54000,entity,12866,366259,429,5796,1055,5573,12,26,629
113,12/09/2026 10:53,54000,entity,12878,482681,450,5847,1016,5553,11,25,676
114,12/09/2026 10:54,54000,entity,12868,313489,425,5851,1026,5545,19,26,693
115,12/09/2026 10:54,54000,entity,12923,354351,426,5765,1055,5664,11,26,634
116,12/09/2026 10:54,54000,entity,12781,345789,430,5725,1032,5581,11,26,623
117,12/09/2026 10:54,54000,entity,12700,360538,429,5764,1012,5481,11,26,641
118,12/09/2026 10:54,54000,entity,12760,359682,429,5760,1041,5517,11,26,643
119,12/09/2026 10:55,54000,entity,12978,462109,427,5903,1059,5575,11,25,633
120,12/09/2026 10:55,54000,entity,12813,348805,433,5795,1021,5551,11,26,674
121,12/09/2026 10:55,54000,entity,12795,482751,427,5723,1010,5622,12,25,620
122,12/09/2026 10:55,54000,entity,12860,358600,424,5809,1019,5593,12,26,647
123,12/09/2026 10:55,54000,entity,12856,365077,431,5795,1013,5603,11,26,644
124,12/09/2026 10:56,54000,entity,12807,361626,430,5820,1034,5508,12,26,628
125,12/09/2026 10:56,54000,entity,12789,360802,427,5714,1053,5582,11,26,620
126,12/09/2026 10:56,54000,entity,12926,351625,430,5896,1024,5563,12,26,675
127,12/09/2026 10:56,54000,entity,12820,468978,426,5737,1040,5603,12,25,616
128,12/09/2026 10:57,54000,entity,12854,384291,434,5775,1054,5577,12,26,642
129,12/09/2026 10:57,54000,entity,12849,361566,432,5784,1027,5593,11,26,627
130,12/09/2026 10:57,54000,entity,12747,490559,430,5769,1035,5500,12,25,626
131,12/09/2026 10:57,54000,entity,12961,362210,441,5860,1055,5592,11,26,663
132,12/09/2026 10:57,54000,entity,12899,455144,456,5853,1017,5561,12,25,678
133,12/09/2026 10:58,54000,entity,12799,369497,431,5737,1020,5598,11,26,608
134,12/09/2026 10:58,54000,entity,12807,495719,429,5786,1021,5558,11,25,629
135,12/09/2026 10:58,54000,entity,12862,485852,433,5811,1053,5552,11,25,645
136,12/09/2026 10:58,54000,entity,12765,366753,429,5766,1050,5507,12,26,628
137,12/09/2026 10:59,54000,entity,12825,483002,430,5740,1039,5603,11,25,599
138,12/09/2026 10:59,54000,entity,12830,336930,465,5807,1029,5516,11,26,616
139,12/09/2026 10:59,54000,entity,12840,350050,432,5770,1056,5570,11,26,616
140,12/09/2026 10:59,54000,entity,12944,366593,429,5867,1040,5595,11,26,700
141,12/09/2026 10:59,54000,entity,12731,367111,425,5750,1018,5525,11,26,637
142,12/09/2026 11:00,54000,entity,12813,367259,430,5704,1064,5603,11,26,622
143,12/09/2026 11:00,54000,entity,12779,481945,426,5725,1051,5565,11,25,619
144,12/09/2026 11:00,54000,entity,12704,361319,438,5709,1047,5495,12,26,607
145,12/09/2026 11:00,54000,entity,12771,352948,426,5791,1047,5493,11,26,647
146,12/09/2026 11:00,54000,entity,12834,343608,430,5868,1012,5510,11,26,647
147,12/09/2026 11:01,54000,entity,13045,345428,432,5949,1030,5620,11,26,728
148,12/09/2026 11:01,54000,entity,12926,344810,427,5839,1053,5593,11,26,641
149,12/09/2026 11:01,54000,entity,12854,345662,432,5778,1076,5555,11,26,633
150,12/09/2026 11:01,54000,entity,12746,360829,428,5747,1048,5509,11,26,591
151,12/09/2026 11:02,54000,entity,12916,473188,438,5749,1065,5651,11,25,605
152,12/09/2026 11:02,54000,entity,12858,361786,430,5857,1056,5502,12,26,646
153,12/09/2026 11:02,54000,entity,12884,359518,430,5833,1081,5526,12,26,664
154,12/09/2026 11:02,54000,entity,12867,341694,424,5878,1012,5540,12,26,694
155,12/09/2026 11:02,54000,entity,12937,363564,430,5826,1063,5605,11,26,652
156,12/09/2026 11:03,54000,entity,12914,363003,427,5814,1073,5586,11,26,719
157,12/09/2026 11:03,54000,entity,12856,365257,425,5817,1047,5553,12,26,682
158,12/09/2026 11:03,54000,entity,12855,484924,429,5783,1044,5586,12,25,625
159,12/09/2026 11:03,54000,entity,12872,354946,428,5804,1042,5585,11,26,630
160,12/09/2026 11:04,54000,entity,12865,445542,434,5760,1053,5603,11,25,605
161,12/09/2026 11:04,54000,entity,12769,352370,426,5766,1082,5482,11,26,642
162,12/09/2026 11:04,54000,entity,12927,457829,442,5786,1062,5624,11,25,611
163,12/09/2026 11:04,54000,entity,12835,370025,449,5879,1018,5477,11,26,614
164,12/09/2026 11:04,54000,entity,12846,357968,446,5860,1085,5442,11,26,621
165,12/09/2026 11:05,54000,entity,12857,488089,448,5816,1024,5556,11,25,625
166,12/09/2026 11:05,54000,entity,12942,367142,437,5783,1062,5646,12,26,630
167,12/09/2026 11:05,54000,entity,12836,350145,428,5766,1070,5559,11,26,617
168,12/09/2026 11:05,54000,entity,12870,485859,455,5827,1019,5555,11,25,632
169,12/09/2026 11:05,54000,entity,12966,342737,428,5931,1021,5572,12,26,740
170,12/09/2026 11:06,54000,entity,12682,360096,430,5689,1019,5532,11,26,606
171,12/09/2026 11:06,54000,entity,12754,476912,427,5752,1067,5496,11,25,624
172,12/09/2026 11:06,54000,entity,12918,363643,430,5767,1068,5639,11,26,603
173,12/09/2026 11:06,54000,entity,12925,499573,438,5794,1054,5627,11,25,623
174,12/09/2026 11:07,54000,entity,12811,359846,430,5818,1045,5506,11,26,703
175,12/09/2026 11:07,54000,entity,12880,495491,434,5780,1023,5630,11,25,588
176,12/09/2026 11:07,54000,entity,12722,358324,434,5762,1015,5499,11,26,608
177,12/09/2026 11:07,54000,entity,12761,361353,439,5722,1060,5527,11,26,627
178,12/09/2026 11:07,54000,entity,12750,489788,436,5718,1006,5576,11,25,598
179,12/09/2026 11:08,54000,entity,12752,345847,427,5722,1019,5570,11,26,611
180,12/09/2026 11:08,54000,entity,12864,361615,428,5805,1048,5570,11,26,650
181,12/09/2026 11:08,54000,entity,12900,364889,450,5869,1021,5547,11,26,618
182,12/09/2026 11:08,54000,entity,12920,473322,430,5762,1083,5633,11,25,623
183,12/09/2026 11:09,54000,entity,12808,364547,427,5754,1043,5572,11,26,641
184,12/09/2026 11:09,54000,entity,12750,477121,432,5737,1022,5546,11,25,592
185,12/09/2026 11:09,54000,entity,12869,460977,429,5789,1044,5594,11,25,620
186,12/09/2026 11:09,54000,entity,12921,364636,435,5784,1069,5619,12,26,636
187,12/09/2026 11:09,54000,entity,12841,491247,428,5796,1047,5556,12,25,619
188,12/09/2026 11:10,54000,entity,12813,467492,431,5773,1028,5567,12,25,621
189,12/09/2026 11:10,54000,entity,12865,342668,438,5834,1022,5557,12,26,607
190,12/09/2026 11:10,54000,entity,12806,345276,433,5832,1011,5518,11,26,694
191,12/09/2026 11:10,54000,entity,12811,364476,432,5733,1081,5551,11,26,611
192,12/09/2026 11:10,54000,entity,12923,468088,440,5842,1018,5611,11,25,636
193,12/09/2026 11:11,54000,entity,12800,364000,430,5821,1048,5487,11,26,618
194,12/09/2026 11:11,54000,entity,12847,466872,429,5784,1015,5603,12,25,642
195,12/09/2026 11:11,54000,entity,12971,485152,430,5823,1064,5640,11,25,645
196,12/09/2026 11:11,54000,entity,12757,362434,427,5750,1067,5501,12,26,622
197,12/09/2026 11:12,54000,entity,12891,358489,428,5849,1018,5583,11,26,738
198,12/09/2026 11:12,54000,entity,12985,473528,435,5824,1047,5666,11,25,659
199,12/09/2026 11:12,54000,entity,12840,361780,429,5796,1029,5573,11,26,658
200,12/09/2026 11:12,54000,entity,12877,345849,428,5791,1041,5604,12,26,618
1,12/09/2026 11:17,67500,entity,15748,562907,427,7122,1391,6795,11,32,787
2,12/09/2026 11:18,67500,entity,16044,439294,439,7305,1393,6893,12,32,791
3,12/09/2026 11:18,67500,entity,15934,474884,429,7212,1393,6886,11,32,779
4,12/09/2026 11:18,67500,entity,16167,487119,433,7211,1409,7100,12,32,828
5,12/09/2026 11:19,67500,entity,15959,574382,425,7218,1401,6902,11,32,913
6,12/09/2026 11:19,67500,entity,15917,564375,427,7210,1418,6849,11,32,775
7,12/09/2026 11:19,67500,entity,15853,557332,433,7275,1376,6756,11,32,771
8,12/09/2026 11:19,67500,entity,16032,479797,427,7275,1426,6890,12,32,802
9,12/09/2026 11:20,67500,entity,15950,568133,427,7263,1388,6858,12,32,791
10,12/09/2026 11:20,67500,entity,15967,602313,430,7292,1398,6833,12,31,810
11,12/09/2026 11:20,67500,entity,15748,580189,428,7152,1377,6778,11,31,799
12,12/09/2026 11:20,67500,entity,15825,553974,428,7140,1385,6860,11,31,784
13,12/09/2026 11:21,67500,entity,15988,560939,435,7229,1382,6928,11,32,799
14,12/09/2026 11:21,67500,entity,15838,500880,429,7114,1377,6905,11,31,764
15,12/09/2026 11:21,67500,entity,15901,551847,428,7192,1369,6897,11,32,847
16,12/09/2026 11:22,67500,entity,15885,581182,430,7220,1368,6853,12,32,799
17,12/09/2026 11:22,67500,entity,15886,572509,432,7164,1429,6848,11,32,796
18,12/09/2026 11:22,67500,entity,15975,494829,432,7172,1415,6943,11,32,780
19,12/09/2026 11:22,67500,entity,15950,534447,426,7234,1408,6869,11,32,770
20,12/09/2026 11:23,67500,entity,15971,525641,427,7208,1382,6941,11,31,776
21,12/09/2026 11:23,67500,entity,15983,569344,427,7229,1401,6912,12,31,859
22,12/09/2026 11:23,67500,entity,15824,470752,428,7149,1394,6840,11,32,798
23,12/09/2026 11:23,67500,entity,15764,601229,428,7161,1381,6783,11,31,783
24,12/09/2026 11:24,67500,entity,15865,558521,448,7156,1393,6854,11,32,809
25,12/09/2026 11:24,67500,entity,15726,415540,424,7096,1405,6787,11,32,780
26,12/09/2026 11:24,67500,entity,16015,559901,430,7261,1401,6908,11,32,890
27,12/09/2026 11:24,67500,entity,15896,484469,429,7111,1403,6939,12,32,772
28,12/09/2026 11:25,67500,entity,15865,554253,428,7163,1391,6870,11,32,763
29,12/09/2026 11:25,67500,entity,15937,547410,430,7195,1413,6886,11,32,834
30,12/09/2026 11:25,67500,entity,15758,449590,436,7155,1382,6772,11,32,773
31,12/09/2026 11:26,67500,entity,16110,594974,431,7216,1403,7048,11,31,879
32,12/09/2026 11:26,67500,entity,15900,544979,428,7214,1405,6839,11,31,778
33,12/09/2026 11:26,67500,entity,15987,459059,429,7242,1398,6905,11,32,821
34,12/09/2026 11:26,67500,entity,15922,486029,427,7160,1406,6916,11,32,782
35,12/09/2026 11:27,67500,entity,15911,380685,433,7243,1391,6821,20,32,795
36,12/09/2026 11:27,67500,entity,15870,561378,427,7176,1404,6849,12,32,838
37,12/09/2026 11:27,67500,entity,15956,531701,437,7226,1408,6872,11,32,780
38,12/09/2026 11:27,67500,entity,15995,565948,467,7182,1383,6950,12,32,785
39,12/09/2026 11:28,67500,entity,15917,597066,430,7268,1405,6801,11,31,830
40,12/09/2026 11:28,67500,entity,15790,423716,432,7114,1423,6806,12,32,784
41,12/09/2026 11:28,67500,entity,15873,526328,428,7165,1409,6857,12,31,794
42,12/09/2026 11:28,67500,entity,15907,574692,429,7238,1380,6848,11,32,785
43,12/09/2026 11:29,67500,entity,16036,504226,441,7194,1391,6996,11,31,778
44,12/09/2026 11:29,67500,entity,15993,552007,430,7203,1420,6927,11,32,790
45,12/09/2026 11:29,67500,entity,15954,467236,431,7215,1395,6900,11,32,773
46,12/09/2026 11:30,67500,entity,15941,458456,457,7192,1405,6874,12,32,753
47,12/09/2026 11:30,67500,entity,15835,454552,428,7072,1410,6913,11,32,757
48,12/09/2026 11:30,67500,entity,15849,597551,438,7148,1383,6867,12,31,779
49,12/09/2026 11:30,67500,entity,15984,573002,443,7198,1410,6919,12,32,783
50,12/09/2026 11:31,67500,entity,16007,568147,434,7179,1397,6983,12,32,830
51,12/09/2026 11:31,67500,entity,16036,498534,431,7163,1414,7014,12,31,786
52,12/09/2026 11:31,67500,entity,15983,458297,428,7166,1408,6969,11,31,787
53,12/09/2026 11:31,67500,entity,15867,380495,435,7163,1403,6839,25,32,812
54,12/09/2026 11:32,67500,entity,16037,480359,434,7198,1407,6984,12,32,831
55,12/09/2026 11:32,67500,entity,15912,556055,427,7169,1382,6921,12,32,787
56,12/09/2026 11:32,67500,entity,15763,597328,427,7149,1411,6762,11,31,783
57,12/09/2026 11:33,67500,entity,15963,545504,427,7186,1394,6941,12,32,807
58,12/09/2026 11:33,67500,entity,15862,523714,442,7164,1385,6857,11,31,766
59,12/09/2026 11:33,67500,entity,15843,580048,430,7158,1410,6832,12,31,756
60,12/09/2026 11:33,67500,entity,15874,491078,426,7107,1379,6947,11,32,777
61,12/09/2026 11:34,67500,entity,15790,486281,426,7170,1388,6792,11,32,795
62,12/09/2026 11:34,67500,entity,15930,544821,433,7209,1381,6894,12,31,761
63,12/09/2026 11:34,67500,entity,15887,600889,427,7243,1407,6798,11,31,778
64,12/09/2026 11:34,67500,entity,15917,479051,425,7201,1383,6894,11,32,797
65,12/09/2026 11:35,67500,entity,15960,597332,431,7258,1398,6859,11,31,786
66,12/09/2026 11:35,67500,entity,15801,507951,429,7161,1387,6812,11,32,807
67,12/09/2026 11:35,67500,entity,15976,551621,434,7202,1382,6945,11,32,764
68,12/09/2026 11:35,67500,entity,15962,574235,431,7155,1394,6968,12,32,798
69,12/09/2026 11:36,67500,entity,15931,566625,429,7180,1386,6923,11,32,813
70,12/09/2026 11:36,67500,entity,15851,543331,429,7183,1419,6806,11,32,839
71,12/09/2026 11:36,67500,entity,16142,417691,429,7302,1421,6977,11,32,781
72,12/09/2026 11:37,67500,entity,15848,572632,429,7192,1386,6828,11,32,810
73,12/09/2026 11:37,67500,entity,15979,577432,428,7242,1409,6887,11,32,816
74,12/09/2026 11:37,67500,entity,15900,559806,444,7160,1403,6881,11,32,792
75,12/09/2026 11:37,67500,entity,15777,516680,427,7120,1399,6817,12,32,812
76,12/09/2026 11:38,67500,entity,15779,598403,430,7144,1398,6793,11,31,760
77,12/09/2026 11:38,67500,entity,15819,448799,427,7172,1430,6778,11,32,801
78,12/09/2026 11:38,67500,entity,15782,550273,457,7132,1388,6792,12,32,804
79,12/09/2026 11:38,67500,entity,16088,432562,434,7271,1385,6984,11,32,833
80,12/09/2026 11:39,67500,entity,15943,533954,427,7154,1406,6942,12,32,813
81,12/09/2026 11:39,67500,entity,15956,489042,427,7186,1398,6931,11,32,798
82,12/09/2026 11:39,67500,entity,16044,423987,449,7207,1401,6974,11,32,827
83,12/09/2026 11:39,67500,entity,15967,468886,428,7231,1389,6906,11,32,890
84,12/09/2026 11:40,67500,entity,15903,523795,427,7193,1396,6872,12,31,790
85,12/09/2026 11:40,67500,entity,15804,489197,427,7134,1397,6833,11,32,782
86,12/09/2026 11:40,67500,entity,15777,567214,426,7130,1379,6829,12,32,778
87,12/09/2026 11:41,67500,entity,15780,558500,427,7101,1394,6846,11,32,777
88,12/09/2026 11:41,67500,entity,15711,596103,430,7114,1376,6778,11,31,765
89,12/09/2026 11:41,67500,entity,15972,555957,429,7270,1390,6870,12,32,811
90,12/09/2026 11:41,67500,entity,15925,461639,428,7186,1431,6866,11,32,764
91,12/09/2026 11:42,67500,entity,16135,523167,441,7343,1410,6928,11,32,863
92,12/09/2026 11:42,67500,entity,16001,538442,426,7237,1407,6918,11,32,852
93,12/09/2026 11:42,67500,entity,15852,446620,428,7138,1405,6867,12,32,819
94,12/09/2026 11:42,67500,entity,15767,537109,424,7148,1394,6788,11,32,757
95,12/09/2026 11:43,67500,entity,15769,561601,427,7104,1379,6846,11,32,793
96,12/09/2026 11:43,67500,entity,15823,595406,429,7190,1384,6807,12,31,788
97,12/09/2026 11:43,67500,entity,15935,576635,436,7230,1393,6862,12,32,831
98,12/09/2026 11:43,67500,entity,15875,544864,431,7193,1447,6791,11,32,830
99,12/09/2026 11:44,67500,entity,15806,544751,432,7196,1391,6774,11,32,830
100,12/09/2026 11:44,67500,entity,15943,601441,430,7217,1428,6853,12,31,772
101,12/09/2026 11:44,67500,entity,15966,471309,436,7252,1367,6898,11,32,799
102,12/09/2026 11:45,67500,entity,15997,437886,427,7234,1401,6922,11,32,855
103,12/09/2026 11:45,67500,entity,15991,565092,427,7250,1418,6882,12,32,815
104,12/09/2026 11:45,67500,entity,15950,527491,426,7240,1394,6876,11,32,825
105,12/09/2026 11:45,67500,entity,15949,572979,429,7201,1419,6887,12,32,777
106,12/09/2026 11:46,67500,entity,15925,570901,432,7230,1412,6837,12,32,801
107,12/09/2026 11:46,67500,entity,15886,547014,428,7220,1414,6811,11,32,807
108,12/09/2026 11:46,67500,entity,15993,529508,430,7174,1420,6956,11,31,771
109,12/09/2026 11:46,67500,entity,15975,546422,432,7203,1423,6903,12,32,838
110,12/09/2026 11:47,67500,entity,15909,500471,429,7208,1402,6856,11,32,839
111,12/09/2026 11:47,67500,entity,15786,592392,426,7139,1384,6824,11,31,766
112,12/09/2026 11:47,67500,entity,15769,557769,433,7135,1379,6810,11,32,767
113,12/09/2026 11:48,67500,entity,15896,528564,440,7202,1401,6840,11,31,749
114,12/09/2026 11:48,67500,entity,16091,571895,439,7180,1406,7052,11,32,809
115,12/09/2026 11:48,67500,entity,16067,546420,430,7271,1386,6966,12,32,810
116,12/09/2026 11:48,67500,entity,15855,565074,431,7175,1395,6841,12,32,788
117,12/09/2026 11:49,67500,entity,15803,488787,427,7116,1379,6869,12,32,784
118,12/09/2026 11:49,67500,entity,15897,574556,457,7240,1412,6774,11,32,794
119,12/09/2026 11:49,67500,entity,15924,538381,432,7177,1389,6912,11,32,790
120,12/09/2026 11:49,67500,entity,15993,527777,433,7231,1384,6932,11,32,765
121,12/09/2026 11:50,67500,entity,15952,558033,434,7209,1403,6892,12,32,847
122,12/09/2026 11:50,67500,entity,15840,542896,429,7204,1406,6788,11,32,750
123,12/09/2026 11:50,67500,entity,15845,529490,429,7141,1391,6870,11,32,780
124,12/09/2026 11:50,67500,entity,15791,547861,442,7151,1375,6810,11,32,753
125,12/09/2026 11:51,67500,entity,16119,520622,431,7176,1418,7081,11,32,771
126,12/09/2026 11:51,67500,entity,15936,532370,429,7207,1398,6889,12,32,785
127,12/09/2026 11:51,67500,entity,15960,574636,432,7233,1387,6896,11,32,799
128,12/09/2026 11:52,67500,entity,15776,518140,429,7131,1413,6789,12,32,800
129,12/09/2026 11:52,67500,entity,16029,475007,449,7340,1380,6846,11,32,872
130,12/09/2026 11:52,67500,entity,15947,574331,431,7192,1385,6925,12,32,793
131,12/09/2026 11:52,67500,entity,16053,488015,432,7299,1410,6898,11,32,794
132,12/09/2026 11:53,67500,entity,16021,524412,429,7234,1439,6906,11,31,786
133,12/09/2026 11:53,67500,entity,15886,551766,433,7174,1421,6844,12,32,793
134,12/09/2026 11:53,67500,entity,15999,454238,457,7194,1403,6933,11,32,783
135,12/09/2026 11:53,67500,entity,15896,598867,424,7141,1404,6915,11,31,771
136,12/09/2026 11:54,67500,entity,15992,468546,432,7259,1399,6888,11,32,787
137,12/09/2026 11:54,67500,entity,15997,457557,431,7249,1390,6914,11,32,870
138,12/09/2026 11:54,67500,entity,15808,508499,436,7167,1382,6809,11,32,777
139,12/09/2026 11:55,67500,entity,15938,524707,433,7169,1416,6907,11,31,806
140,12/09/2026 11:55,67500,entity,15983,602948,431,7241,1427,6871,11,31,801
141,12/09/2026 11:55,67500,entity,15796,572556,430,7110,1381,6861,11,32,758
142,12/09/2026 11:55,67500,entity,15999,475184,428,7241,1415,6902,11,32,839
143,12/09/2026 11:56,67500,entity,15854,573004,429,7201,1393,6818,12,32,801
144,12/09/2026 11:56,67500,entity,15875,380749,427,7182,1397,6845,22,32,776
145,12/09/2026 11:56,67500,entity,16063,561042,427,7335,1429,6860,11,32,926
146,12/09/2026 11:56,67500,entity,15999,542469,437,7240,1397,6911,12,32,786
147,12/09/2026 11:57,67500,entity,15770,504393,426,7109,1382,6840,11,32,790
148,12/09/2026 11:57,67500,entity,15837,546981,426,7145,1427,6826,11,32,807
149,12/09/2026 11:57,67500,entity,16083,571615,441,7268,1393,6967,11,32,801
150,12/09/2026 11:57,67500,entity,15871,568006,427,7191,1382,6858,11,31,757
151,12/09/2026 11:58,67500,entity,15966,571868,431,7269,1397,6855,12,32,839
152,12/09/2026 11:58,67500,entity,15957,543608,430,7182,1420,6911,11,32,800
153,12/09/2026 11:58,67500,entity,16004,489790,430,7144,1391,7026,11,32,782
154,12/09/2026 11:59,67500,entity,15908,527230,454,7193,1390,6857,11,32,768
155,12/09/2026 11:59,67500,entity,15895,549777,437,7198,1388,6859,11,32,789
156,12/09/2026 11:59,67500,entity,15880,503469,428,7145,1427,6867,11,32,780
157,12/09/2026 11:59,67500,entity,15793,574918,427,7168,1369,6814,11,32,786
158,12/09/2026 12:00,67500,entity,16054,517653,435,7180,1394,7031,12,31,773
159,12/09/2026 12:00,67500,entity,15888,575688,428,7203,1398,6847,11,32,782
160,12/09/2026 12:00,67500,entity,15975,437657,451,7168,1380,6963,11,32,784
161,12/09/2026 12:00,67500,entity,15862,555595,425,7176,1398,6849,11,32,780
162,12/09/2026 12:01,67500,entity,15990,575874,430,7266,1388,6892,11,31,854
163,12/09/2026 12:01,67500,entity,15754,569842,429,7164,1374,6773,11,32,804
164,12/09/2026 12:01,67500,entity,15917,567900,428,7201,1395,6880,11,32,800
165,12/09/2026 12:01,67500,entity,16078,485835,443,7282,1403,6936,11,32,815
166,12/09/2026 12:02,67500,entity,15968,598788,433,7255,1427,6839,11,31,778
167,12/09/2026 12:02,67500,entity,15841,560672,433,7152,1422,6821,11,32,779
168,12/09/2026 12:02,67500,entity,15818,496107,435,7137,1390,6843,11,32,786
169,12/09/2026 12:03,67500,entity,15976,565290,428,7214,1416,6904,11,32,844
170,12/09/2026 12:03,67500,entity,16018,547147,435,7246,1411,6912,12,32,853
171,12/09/2026 12:03,67500,entity,15945,596562,436,7164,1405,6927,11,31,811
172,12/09/2026 12:03,67500,entity,15917,571896,462,7308,1377,6758,11,32,917
173,12/09/2026 12:04,67500,entity,15924,549031,426,7232,1408,6845,12,32,780
174,12/09/2026 12:04,67500,entity,15810,456003,425,7189,1399,6785,11,32,762
175,12/09/2026 12:04,67500,entity,15831,545559,428,7207,1388,6795,11,32,821
176,12/09/2026 12:04,67500,entity,15755,558510,429,7155,1402,6756,11,32,748
177,12/09/2026 12:05,67500,entity,16027,472373,429,7213,1422,6949,11,32,790
178,12/09/2026 12:05,67500,entity,15852,472281,431,7136,1391,6880,11,32,798
179,12/09/2026 12:05,67500,entity,15851,522143,429,7133,1383,6893,12,32,781
180,12/09/2026 12:06,67500,entity,15966,525114,430,7335,1389,6798,11,32,882
181,12/09/2026 12:06,67500,entity,15984,577194,429,7170,1410,6962,11,32,787
182,12/09/2026 12:06,67500,entity,15913,572169,430,7233,1419,6818,11,32,781
183,12/09/2026 12:06,67500,entity,15874,595707,428,7138,1387,6907,13,31,749
184,12/09/2026 12:07,67500,entity,15860,565781,432,7187,1397,6831,11,32,835
185,12/09/2026 12:07,67500,entity,15976,465454,441,7139,1412,6971,11,32,806
186,12/09/2026 12:07,67500,entity,15931,575812,444,7288,1378,6808,11,31,819
187,12/09/2026 12:07,67500,entity,15791,597538,431,7145,1395,6806,11,31,794
188,12/09/2026 12:08,67500,entity,15883,549768,430,7192,1390,6858,11,32,760
189,12/09/2026 12:08,67500,entity,15863,528412,430,7141,1417,6863,11,32,795
190,12/09/2026 12:08,67500,entity,15764,587364,427,7207,1394,6723,11,31,796
191,12/09/2026 12:08,67500,entity,15993,560056,430,7256,1402,6893,11,32,832
192,12/09/2026 12:09,67500,entity,15916,581622,439,7272,1406,6785,12,32,788
193,12/09/2026 12:09,67500,entity,15815,573034,430,7111,1398,6862,12,32,765
194,12/09/2026 12:09,67500,entity,15986,498702,426,7164,1405,6977,11,32,775
195,12/09/2026 12:10,67500,entity,16077,494770,450,7273,1413,6927,11,32,839
196,12/09/2026 12:10,67500,entity,15872,477901,448,7186,1378,6847,11,32,812
197,12/09/2026 12:10,67500,entity,15840,602286,430,7240,1389,6768,11,31,793
198,12/09/2026 12:10,67500,entity,15880,435550,428,7147,1383,6908,11,32,796
199,12/09/2026 12:11,67500,entity,15880,541298,430,7190,1389,6856,12,32,822
200,12/09/2026 12:11,67500,entity,15824,530202,433,7146,1378,6855,11,32,772
1,12/09/2026 12:16,81000,entity,19311,651725,447,8633,1810,8397,23,38,968
2,12/09/2026 12:17,81000,entity,19447,665363,428,8719,1806,8481,12,38,990
3,12/09/2026 12:17,81000,entity,19376,725252,442,8673,1759,8489,11,37,966
4,12/09/2026 12:17,81000,entity,19356,714425,431,8736,1738,8437,12,37,1010
5,12/09/2026 12:17,81000,entity,19438,671503,433,8647,1813,8532,11,38,1026
6,12/09/2026 12:18,81000,entity,19255,717285,427,8655,1774,8385,12,38,947
7,12/09/2026 12:18,81000,entity,19383,657225,432,8784,1782,8372,11,38,1031
8,12/09/2026 12:18,81000,entity,19254,711814,427,8696,1755,8364,11,37,997
9,12/09/2026 12:19,81000,entity,19200,647195,428,8631,1789,8339,12,38,955
10,12/09/2026 12:19,81000,entity,19389,655907,437,8699,1772,8468,11,38,971
11,12/09/2026 12:19,81000,entity,19306,590609,428,8602,1750,8513,11,37,940
12,12/09/2026 12:20,81000,entity,19411,656035,428,8750,1816,8404,12,38,1002
13,12/09/2026 12:20,81000,entity,19388,543225,427,8647,1776,8524,12,38,1034
14,12/09/2026 12:20,81000,entity,19453,555670,427,8734,1789,8490,11,38,1026
15,12/09/2026 12:21,81000,entity,19343,497262,431,8707,1748,8429,26,38,1035
16,12/09/2026 12:21,81000,entity,19522,660223,427,8645,1806,8629,12,38,1055
17,12/09/2026 12:21,81000,entity,19513,700693,449,8800,1763,8488,11,37,1020
18,12/09/2026 12:22,81000,entity,19654,595800,437,8770,1783,8651,12,37,1003
19,12/09/2026 12:22,81000,entity,19397,555467,430,8731,1771,8452,11,38,1067
20,12/09/2026 12:22,81000,entity,19233,697601,426,8710,1780,8304,12,37,998
21,12/09/2026 12:23,81000,entity,19569,707379,438,8759,1796,8563,11,38,992
22,12/09/2026 12:23,81000,entity,19206,669002,428,8693,1760,8311,12,37,998
23,12/09/2026 12:23,81000,entity,19412,565985,429,8719,1764,8487,11,38,1022
24,12/09/2026 12:24,81000,entity,19431,568069,431,8600,1800,8586,11,38,999
25,12/09/2026 12:24,81000,entity,19502,496733,442,8828,1784,8423,23,38,1033
26,12/09/2026 12:24,81000,entity,19648,628687,432,8666,1788,8748,13,37,963
27,12/09/2026 12:25,81000,entity,19352,557193,429,8753,1765,8392,11,38,987
28,12/09/2026 12:25,81000,entity,19359,711533,431,8709,1775,8429,12,37,1002
29,12/09/2026 12:25,81000,entity,19488,665833,431,8707,1784,8552,12,38,1046
30,12/09/2026 12:26,81000,entity,19656,671141,429,8889,1809,8516,11,38,1068
31,12/09/2026 12:26,81000,entity,19680,576852,442,8695,1823,8706,12,38,997
32,12/09/2026 12:26,81000,entity,19387,714298,431,8684,1769,8488,12,37,995
33,12/09/2026 12:27,81000,entity,19461,714474,430,8706,1768,8544,11,37,990
34,12/09/2026 12:27,81000,entity,19350,657590,431,8653,1778,8474,12,38,1030
35,12/09/2026 12:27,81000,entity,19461,524540,429,8731,1805,8483,11,38,995
36,12/09/2026 12:28,81000,entity,19528,587062,428,8758,1807,8520,11,37,991
37,12/09/2026 12:28,81000,entity,19321,661457,448,8669,1778,8412,13,38,997
38,12/09/2026 12:28,81000,entity,19322,681843,430,8623,1814,8442,12,38,987
39,12/09/2026 12:29,81000,entity,19482,631532,426,8805,1786,8449,13,38,1122
40,12/09/2026 12:29,81000,entity,19405,666005,428,8688,1799,8476,12,38,1006
41,12/09/2026 12:29,81000,entity,19336,599690,428,8657,1770,8466,12,38,1005
42,12/09/2026 12:30,81000,entity,19202,712410,430,8639,1752,8368,11,37,969
43,12/09/2026 12:30,81000,entity,19313,659894,430,8623,1789,8458,11,38,1007
44,12/09/2026 12:30,81000,entity,19562,712178,445,8820,1756,8527,11,37,1077
45,12/09/2026 12:31,81000,entity,19412,599451,434,8679,1835,8450,11,37,1009
46,12/09/2026 12:31,81000,entity,19533,592273,426,8685,1825,8582,12,38,995
47,12/09/2026 12:31,81000,entity,19387,523069,432,8637,1793,8512,12,38,992
48,12/09/2026 12:32,81000,entity,19526,491701,427,8803,1778,8490,25,38,1070
49,12/09/2026 12:32,81000,entity,19622,597811,428,8769,1831,8581,11,38,1057
50,12/09/2026 12:32,81000,entity,19568,595086,430,8888,1784,8452,12,37,1106
51,12/09/2026 12:33,81000,entity,19293,710067,428,8595,1754,8501,12,37,966
52,12/09/2026 12:33,81000,entity,19594,519089,441,8667,1788,8686,11,38,1009
53,12/09/2026 12:33,81000,entity,19330,660536,428,8690,1776,8422,12,38,1033
54,12/09/2026 12:34,81000,entity,19423,671744,428,8658,1795,8528,12,38,1015
55,12/09/2026 12:34,81000,entity,19471,560112,431,8713,1787,8527,11,38,1015
56,12/09/2026 12:34,81000,entity,19568,649408,431,8773,1811,8539,12,38,988
57,12/09/2026 12:35,81000,entity,19490,703796,429,8726,1764,8557,12,37,981
58,12/09/2026 12:35,81000,entity,19417,591364,437,8715,1763,8489,11,38,969
59,12/09/2026 12:35,81000,entity,19291,587976,428,8666,1765,8419,12,37,931
60,12/09/2026 12:35,81000,entity,19518,598354,434,8761,1785,8525,11,37,1028
61,12/09/2026 12:36,81000,entity,19622,658704,425,8788,1804,8592,11,38,1047
62,12/09/2026 12:36,81000,entity,19345,707011,452,8726,1778,8376,11,37,962
63,12/09/2026 12:36,81000,entity,19336,665277,428,8680,1780,8433,12,38,1027
64,12/09/2026 12:37,81000,entity,19446,690368,429,8621,1789,8592,12,37,938
65,12/09/2026 12:37,81000,entity,19488,614938,434,8702,1757,8581,13,37,1024
66,12/09/2026 12:37,81000,entity,19463,645981,430,8659,1836,8523,12,38,1036
67,12/09/2026 12:38,81000,entity,19246,717892,428,8610,1747,8448,12,37,961
68,12/09/2026 12:38,81000,entity,19374,566276,431,8663,1795,8471,12,38,1009
69,12/09/2026 12:38,81000,entity,19674,514850,428,8798,1836,8599,12,38,1000
70,12/09/2026 12:39,81000,entity,19396,717928,426,8752,1750,8455,12,37,1042
71,12/09/2026 12:39,81000,entity,19297,516188,427,8640,1795,8422,11,38,979
72,12/09/2026 12:39,81000,entity,19381,694482,437,8693,1805,8431,12,38,1005
73,12/09/2026 12:40,81000,entity,19380,648015,428,8716,1765,8458,12,38,1064
74,12/09/2026 12:40,81000,entity,19379,543368,427,8644,1773,8521,13,38,969
75,12/09/2026 12:40,81000,entity,19386,567659,426,8648,1761,8537,11,38,994
76,12/09/2026 12:41,81000,entity,19347,651466,427,8718,1821,8367,12,38,1004
77,12/09/2026 12:41,81000,entity,19385,592758,446,8749,1780,8396,11,38,1004
78,12/09/2026 12:41,81000,entity,19325,515272,441,8714,1772,8385,11,38,968
79,12/09/2026 12:42,81000,entity,19487,658304,467,8724,1771,8511,12,38,1069
80,12/09/2026 12:42,81000,entity,19350,714739,427,8731,1783,8397,11,37,1049
81,12/09/2026 12:42,81000,entity,19489,493337,428,8883,1793,8360,22,38,991
82,12/09/2026 12:43,81000,entity,19414,511820,428,8635,1797,8541,11,38,972
83,12/09/2026 12:43,81000,entity,19537,623503,428,8720,1782,8593,11,38,1012
84,12/09/2026 12:43,81000,entity,19554,657270,430,8742,1843,8526,11,38,1003
85,12/09/2026 12:44,81000,entity,19419,596938,427,8713,1770,8496,11,37,999
86,12/09/2026 12:44,81000,entity,19523,547902,427,8681,1794,8608,12,38,1011
87,12/09/2026 12:44,81000,entity,19423,712740,428,8661,1767,8553,12,37,983
88,12/09/2026 12:45,81000,entity,19328,584347,429,8646,1766,8472,12,37,969
89,12/09/2026 12:45,81000,entity,19480,663715,438,8678,1774,8575,13,37,994
90,12/09/2026 12:45,81000,entity,19313,671300,433,8676,1789,8401,11,38,997
91,12/09/2026 12:46,81000,entity,19449,631555,429,8773,1768,8465,12,37,1054
92,12/09/2026 12:46,81000,entity,19437,717340,431,8657,1775,8561,11,37,958
93,12/09/2026 12:46,81000,entity,19216,704148,430,8625,1761,8386,12,37,974
94,12/09/2026 12:47,81000,entity,19461,705521,429,8637,1807,8575,11,37,979
95,12/09/2026 12:47,81000,entity,19675,539729,443,8741,1815,8663,11,38,1004
96,12/09/2026 12:47,81000,entity,19323,595001,429,8647,1757,8477,11,37,994
97,12/09/2026 12:48,81000,entity,19628,676993,437,8829,1802,8547,11,38,1064
98,12/09/2026 12:48,81000,entity,19451,666708,429,8727,1821,8460,12,38,1046
99,12/09/2026 12:48,81000,entity,19501,715974,430,8667,1801,8589,11,38,1000
100,12/09/2026 12:49,81000,entity,19248,492204,437,8717,1764,8306,22,38,975
101,12/09/2026 12:49,81000,entity,19555,686974,450,8807,1787,8498,11,37,1090
102,12/09/2026 12:49,81000,entity,19443,650766,433,8668,1789,8539,12,38,1004
103,12/09/2026 12:50,81000,entity,19476,675090,427,8754,1791,8491,12,38,1049
104,12/09/2026 12:50,81000,entity,19490,542235,429,8768,1784,8496,11,38,1143
105,12/09/2026 12:50,81000,entity,19586,591545,428,8799,1808,8538,11,38,1199
106,12/09/2026 12:51,81000,entity,19284,669139,433,8673,1771,8393,12,37,974
107,12/09/2026 12:51,81000,entity,19496,715690,435,8759,1762,8527,12,37,1004
108,12/09/2026 12:51,81000,entity,19464,714786,433,8783,1765,8470,12,37,1101
109,12/09/2026 12:52,81000,entity,19428,654700,430,8732,1774,8477,12,38,1081
110,12/09/2026 12:52,81000,entity,19374,634713,432,8709,1760,8460,11,37,993
111,12/09/2026 12:52,81000,entity,19514,543392,429,8721,1793,8558,11,38,1026
112,12/09/2026 12:52,81000,entity,19129,708757,433,8640,1742,8301,12,37,943
113,12/09/2026 12:53,81000,entity,19563,709549,427,8875,1792,8455,12,37,1065
114,12/09/2026 12:53,81000,entity,19541,705131,435,8774,1787,8531,12,37,1011
115,12/09/2026 12:53,81000,entity,19394,657757,439,8797,1797,8348,11,38,1021
116,12/09/2026 12:54,81000,entity,19435,703673,435,8669,1765,8552,12,37,961
117,12/09/2026 12:54,81000,entity,19589,724188,428,8738,1805,8604,12,37,1034
118,12/09/2026 12:54,81000,entity,19389,586275,432,8710,1785,8448,12,37,961
119,12/09/2026 12:55,81000,entity,19413,514026,431,8658,1804,8507,11,38,1000
120,12/09/2026 12:55,81000,entity,19252,528387,431,8670,1757,8381,11,38,970
121,12/09/2026 12:55,81000,entity,19670,567708,428,8879,1772,8577,11,38,1096
122,12/09/2026 12:56,81000,entity,19395,594219,431,8630,1820,8501,11,38,1013
123,12/09/2026 12:56,81000,entity,19351,493394,430,8660,1791,8446,22,38,961
124,12/09/2026 12:56,81000,entity,19212,605362,427,8612,1742,8418,11,37,925
125,12/09/2026 12:57,81000,entity,19392,592091,427,8618,1811,8523,11,37,944
126,12/09/2026 12:57,81000,entity,19569,515724,447,8933,1762,8413,11,38,1084
127,12/09/2026 12:57,81000,entity,19456,520564,430,8708,1777,8528,12,38,1057
128,12/09/2026 12:58,81000,entity,19306,605173,426,8617,1757,8492,11,37,934
129,12/09/2026 12:58,81000,entity,19308,585111,426,8668,1771,8429,11,38,992
130,12/09/2026 12:58,81000,entity,19298,665666,452,8611,1782,8440,12,38,995
131,12/09/2026 12:59,81000,entity,19317,600896,435,8583,1761,8524,11,37,930
132,12/09/2026 12:59,81000,entity,19404,564044,430,8710,1777,8474,12,38,966
133,12/09/2026 12:59,81000,entity,19498,718232,426,8778,1778,8502,11,37,1101
134,12/09/2026 13:00,81000,entity,19312,699811,428,8633,1773,8464,11,37,1009
135,12/09/2026 13:00,81000,entity,19364,679076,428,8673,1824,8426,11,38,1027
136,12/09/2026 13:00,81000,entity,19380,554683,432,8615,1775,8544,12,38,1007
137,12/09/2026 13:01,81000,entity,19460,648931,429,8636,1824,8558,11,38,943
138,12/09/2026 13:01,81000,entity,19387,705277,427,8641,1761,8544,12,37,986
139,12/09/2026 13:01,81000,entity,19731,563166,427,8743,1798,8743,18,37,1030
140,12/09/2026 13:02,81000,entity,19345,572831,431,8631,1795,8475,11,37,984
141,12/09/2026 13:02,81000,entity,19457,615712,425,8778,1757,8483,11,37,1022
142,12/09/2026 13:02,81000,entity,19555,595859,428,8805,1785,8522,13,37,995
143,12/09/2026 13:03,81000,entity,19539,660218,428,8810,1822,8465,12,38,999
144,12/09/2026 13:03,81000,entity,19870,496723,428,8934,1785,8696,25,38,1023
145,12/09/2026 13:03,81000,entity,19390,593628,427,8653,1819,8476,13,38,970
146,12/09/2026 13:04,81000,entity,19464,569681,430,8697,1808,8515,12,38,977
147,12/09/2026 13:04,81000,entity,19285,649699,426,8739,1798,8309,11,37,1035
148,12/09/2026 13:04,81000,entity,19515,593207,441,8665,1773,8622,12,37,1006
149,12/09/2026 13:05,81000,entity,19546,572925,428,8709,1804,8589,13,38,1060
150,12/09/2026 13:05,81000,entity,19419,591877,442,8730,1783,8452,11,37,1027
151,12/09/2026 13:05,81000,entity,19348,545351,436,8686,1819,8394,11,38,975
152,12/09/2026 13:06,81000,entity,19539,537654,427,8704,1815,8579,11,38,1065
153,12/09/2026 13:06,81000,entity,19400,526352,442,8756,1797,8391,12,38,1010
154,12/09/2026 13:06,81000,entity,19463,595450,435,8660,1754,8600,11,37,935
155,12/09/2026 13:07,81000,entity,19435,625198,432,8702,1782,8507,11,37,998
156,12/09/2026 13:07,81000,entity,19422,515902,433,8674,1762,8539,12,38,976
157,12/09/2026 13:07,81000,entity,19537,541567,462,8688,1793,8581,11,38,1047
158,12/09/2026 13:08,81000,entity,19232,711083,431,8705,1753,8330,11,37,993
159,12/09/2026 13:08,81000,entity,19478,715670,432,8738,1762,8532,12,37,1029
160,12/09/2026 13:08,81000,entity,19554,666853,430,8793,1824,8494,11,38,1161
161,12/09/2026 13:09,81000,entity,19635,515759,430,8697,1812,8683,11,38,976
162,12/09/2026 13:09,81000,entity,19442,713450,429,8695,1776,8528,12,37,1005
163,12/09/2026 13:09,81000,entity,19198,678166,428,8639,1822,8296,12,38,1053
164,12/09/2026 13:09,81000,entity,19405,610627,435,8629,1804,8524,11,38,1001
165,12/09/2026 13:10,81000,entity,19409,631282,440,8685,1763,8508,12,37,979
166,12/09/2026 13:10,81000,entity,19551,515268,432,8774,1778,8554,11,38,1123
167,12/09/2026 13:10,81000,entity,19473,668562,428,8696,1776,8558,13,38,1149
168,12/09/2026 13:11,81000,entity,19413,648439,431,8757,1800,8411,11,38,1025
169,12/09/2026 13:11,81000,entity,19303,712604,433,8719,1806,8332,11,37,1002
170,12/09/2026 13:11,81000,entity,19524,533145,427,8646,1793,8644,11,38,1011
171,12/09/2026 13:12,81000,entity,19473,491593,434,8822,1781,8409,25,38,1103
172,12/09/2026 13:12,81000,entity,19354,654963,427,8706,1782,8425,13,38,985
173,12/09/2026 13:12,81000,entity,19472,719942,430,8735,1786,8508,11,37,1018
174,12/09/2026 13:13,81000,entity,19385,672773,437,8695,1803,8437,11,38,1028
175,12/09/2026 13:13,81000,entity,19266,586350,429,8647,1765,8412,11,37,992
176,12/09/2026 13:13,81000,entity,19404,656236,435,8712,1780,8463,12,38,1029
177,12/09/2026 13:14,81000,entity,19448,716458,431,8766,1772,8466,12,37,980
178,12/09/2026 13:14,81000,entity,19317,587932,434,8588,1782,8498,13,38,1021
179,12/09/2026 13:14,81000,entity,19404,553320,424,8682,1772,8511,12,38,1049
180,12/09/2026 13:15,81000,entity,19374,648605,448,8672,1801,8439,12,38,973
181,12/09/2026 13:15,81000,entity,19262,690027,433,8697,1756,8363,11,37,985
182,12/09/2026 13:15,81000,entity,19203,601815,426,8580,1787,8397,12,38,1017
183,12/09/2026 13:16,81000,entity,19375,660360,428,8668,1802,8462,12,38,1008
184,12/09/2026 13:16,81000,entity,19310,592452,427,8609,1761,8499,11,38,986
185,12/09/2026 13:16,81000,entity,19258,698476,431,8570,1766,8478,12,37,952
186,12/09/2026 13:17,81000,entity,19311,649703,426,8669,1812,8389,12,38,1012
187,12/09/2026 13:17,81000,entity,19345,664357,432,8684,1801,8413,12,38,1006
188,12/09/2026 13:17,81000,entity,19395,704788,428,8755,1753,8446,12,37,988
189,12/09/2026 13:18,81000,entity,19422,716153,428,8739,1775,8466,12,37,985
190,12/09/2026 13:18,81000,entity,19362,647940,427,8686,1788,8447,12,38,993
191,12/09/2026 13:18,81000,entity,19379,665296,428,8705,1773,8458,13,38,996
192,12/09/2026 13:19,81000,entity,19499,666041,426,8705,1811,8544,11,38,1051
193,12/09/2026 13:19,81000,entity,19301,695866,429,8673,1772,8413,11,37,955
194,12/09/2026 13:19,81000,entity,19538,602912,431,8650,1812,8631,12,38,1016
195,12/09/2026 13:20,81000,entity,19384,627687,432,8653,1824,8461,11,38,1012
196,12/09/2026 13:20,81000,entity,19198,556381,429,8621,1765,8369,11,38,979
197,12/09/2026 13:20,81000,entity,19454,491551,430,8744,1778,8477,23,38,986
198,12/09/2026 13:21,81000,entity,19337,710648,431,8716,1786,8391,11,37,982
199,12/09/2026 13:21,81000,entity,19507,704002,434,8819,1775,8465,12,37,1024
200,12/09/2026 13:21,81000,entity,19469,583043,432,8728,1812,8482,12,38,955
1,12/09/2026 13:27,94500,entity,21939,586133,431,9864,1930,9699,11,44,1141
2,12/09/2026 13:27,94500,entity,22053,709186,431,9865,1946,9798,11,43,1094
3,12/09/2026 13:27,94500,entity,21938,796043,427,9898,1895,9704,12,44,1082
4,12/09/2026 13:28,94500,entity,21766,551899,426,9813,1903,9598,24,45,1153
5,12/09/2026 13:28,94500,entity,22105,783723,424,9766,1902,10000,11,43,1098
6,12/09/2026 13:28,94500,entity,22091,550360,425,9828,1947,9864,25,44,1095
7,12/09/2026 13:29,94500,entity,22137,617177,430,9900,1965,9829,11,44,1110
8,12/09/2026 13:29,94500,entity,21999,762977,433,9911,1929,9712,12,43,1130
9,12/09/2026 13:30,94500,entity,22150,756763,431,9902,1933,9872,11,43,1116
10,12/09/2026 13:30,94500,entity,22183,782289,433,9879,1971,9886,12,43,1119
11,12/09/2026 13:30,94500,entity,22079,696225,461,9976,1971,9658,11,44,1086
12,12/09/2026 13:31,94500,entity,22059,684000,431,9957,1911,9746,12,44,1161
13,12/09/2026 13:31,94500,entity,22215,701276,439,9948,1908,9906,11,44,1143
14,12/09/2026 13:31,94500,entity,21921,673962,433,9856,1928,9690,11,44,1099
15,12/09/2026 13:32,94500,entity,22125,699893,428,9941,1946,9796,12,44,1196
16,12/09/2026 13:32,94500,entity,22045,573136,428,9819,1880,9905,11,44,1139
17,12/09/2026 13:33,94500,entity,22012,674367,431,9854,1944,9771,11,44,1071
18,12/09/2026 13:33,94500,entity,22048,632501,431,9932,1929,9742,12,44,1177
19,12/09/2026 13:33,94500,entity,22080,668576,437,9994,1909,9726,11,44,1095
20,12/09/2026 13:34,94500,entity,22221,754739,432,10028,1978,9770,11,43,1121
21,12/09/2026 13:34,94500,entity,22236,571000,431,9958,1949,9886,11,45,1156
22,12/09/2026 13:34,94500,entity,22018,700335,430,9816,1904,9854,11,44,1128
23,12/09/2026 13:35,94500,entity,22245,563745,430,9760,1934,10107,11,44,1088
24,12/09/2026 13:35,94500,entity,22100,685748,431,9975,1975,9706,11,44,1122
25,12/09/2026 13:36,94500,entity,22112,681860,429,9944,1954,9772,11,44,1127
26,12/09/2026 13:36,94500,entity,21943,585685,431,9853,1925,9721,11,45,1120
27,12/09/2026 13:36,94500,entity,22140,778757,432,9946,1946,9803,11,43,1123
28,12/09/2026 13:37,94500,entity,22024,704041,428,9855,1932,9796,11,44,1144
29,12/09/2026 13:37,94500,entity,22180,667017,427,9978,1958,9803,12,44,1268
30,12/09/2026 13:37,94500,entity,21975,690922,429,9845,1933,9756,11,44,1137
31,12/09/2026 13:38,94500,entity,22087,614257,427,9968,1916,9762,11,44,1121
32,12/09/2026 13:38,94500,entity,21979,672278,428,9850,1959,9729,11,44,1106
33,12/09/2026 13:38,94500,entity,21932,657842,428,9881,1946,9664,11,44,1139
34,12/09/2026 13:39,94500,entity,21902,670941,427,9865,1912,9685,11,44,1106
35,12/09/2026 13:39,94500,entity,22150,789150,427,9881,1933,9895,11,43,1113
36,12/09/2026 13:40,94500,entity,22075,551606,427,10019,1911,9692,24,45,1136
37,12/09/2026 13:40,94500,entity,22061,578903,429,9931,1976,9713,11,45,1170
38,12/09/2026 13:40,94500,entity,22200,640869,429,10070,1939,9748,11,44,1232
39,12/09/2026 13:41,94500,entity,22060,568528,432,9931,1952,9732,11,44,1121
40,12/09/2026 13:41,94500,entity,21981,593360,434,9914,1946,9674,12,44,1153
41,12/09/2026 13:41,94500,entity,22075,660152,426,9991,1952,9693,12,44,1142
42,12/09/2026 13:42,94500,entity,21973,566993,429,9866,1899,9766,11,44,1132
43,12/09/2026 13:42,94500,entity,21868,669043,429,9849,1907,9669,11,44,1101
44,12/09/2026 13:43,94500,entity,22001,656730,428,9931,1924,9706,11,44,1131
45,12/09/2026 13:43,94500,entity,22069,582910,428,9966,1906,9755,11,44,1203
46,12/09/2026 13:43,94500,entity,22279,772964,430,10051,1919,9865,12,43,1195
47,12/09/2026 13:44,94500,entity,21951,581344,444,9834,1925,9734,12,45,1108
48,12/09/2026 13:44,94500,entity,22171,778531,432,9957,1924,9845,11,43,1169
49,12/09/2026 13:44,94500,entity,22050,693521,440,10027,1895,9674,12,44,1142
50,12/09/2026 13:45,94500,entity,22113,650116,435,9930,1933,9801,12,44,1160
51,12/09/2026 13:45,94500,entity,22041,700303,441,9942,1943,9701,11,44,1109
52,12/09/2026 13:46,94500,entity,21956,581180,433,9884,1912,9713,12,45,1125
53,12/09/2026 13:46,94500,entity,22121,588947,429,9864,1942,9872,12,45,1203
54,12/09/2026 13:46,94500,entity,22229,568162,434,9961,1912,9909,11,44,1097
55,12/09/2026 13:47,94500,entity,22051,663671,432,9826,1959,9820,11,44,1121
56,12/09/2026 13:47,94500,entity,22071,659796,430,9936,1924,9768,11,44,1124
57,12/09/2026 13:47,94500,entity,22068,686689,428,9915,1922,9789,12,44,1134
58,12/09/2026 13:48,94500,entity,21902,584862,428,9803,1917,9741,11,44,1114
59,12/09/2026 13:48,94500,entity,22232,652573,427,10108,1907,9776,11,44,1197
60,12/09/2026 13:49,94500,entity,22080,694260,431,10009,1951,9676,11,44,1097
61,12/09/2026 13:49,94500,entity,22280,671856,433,10001,1953,9879,12,44,1134
62,12/09/2026 13:49,94500,entity,22121,588821,456,9993,1911,9748,11,44,1119
63,12/09/2026 13:50,94500,entity,22005,767061,441,9879,1925,9747,11,43,1094
64,12/09/2026 13:50,94500,entity,22188,695767,432,9982,1910,9849,12,44,1226
65,12/09/2026 13:50,94500,entity,21940,786069,449,9850,1930,9697,12,43,1080
66,12/09/2026 13:51,94500,entity,22108,705214,432,9889,1927,9847,11,43,1112
67,12/09/2026 13:51,94500,entity,22059,593343,434,9910,1960,9742,11,44,1138
68,12/09/2026 13:51,94500,entity,21945,595963,430,9929,1935,9638,11,44,1175
69,12/09/2026 13:52,94500,entity,22188,587207,433,9948,1937,9857,12,45,1152
70,12/09/2026 13:52,94500,entity,21947,700383,428,9917,1950,9638,11,44,1160
71,12/09/2026 13:53,94500,entity,22090,672356,432,9939,1964,9742,11,44,1149
72,12/09/2026 13:53,94500,entity,21817,647722,423,9783,1911,9687,11,44,1076
73,12/09/2026 13:53,94500,entity,22082,587174,431,9940,1912,9786,11,44,1224
74,12/09/2026 13:54,94500,entity,21851,569541,435,9863,1893,9647,12,45,1079
75,12/09/2026 13:54,94500,entity,22075,699339,433,9915,1957,9756,11,44,1089
76,12/09/2026 13:54,94500,entity,22152,578146,433,10051,1905,9749,12,45,1190
77,12/09/2026 13:55,94500,entity,22031,709173,447,9959,1917,9695,12,44,1161
78,12/09/2026 13:55,94500,entity,22302,657372,436,10152,1917,9783,12,44,1196
79,12/09/2026 13:56,94500,entity,22049,547014,435,9931,1932,9726,22,45,1126
80,12/09/2026 13:56,94500,entity,21947,575915,431,9844,1918,9741,11,45,1116
81,12/09/2026 13:56,94500,entity,22211,547842,437,9850,1905,9992,25,44,1113
82,12/09/2026 13:57,94500,entity,22096,684262,428,9991,1914,9748,12,44,1231
83,12/09/2026 13:57,94500,entity,22096,681304,425,9983,1942,9733,11,44,1241
84,12/09/2026 13:57,94500,entity,22013,652274,425,9967,1932,9676,11,44,1250
85,12/09/2026 13:58,94500,entity,21990,568820,433,9933,1901,9710,11,44,1127
86,12/09/2026 13:58,94500,entity,22218,685503,428,9979,1909,9889,11,44,1233
87,12/09/2026 13:59,94500,entity,21972,708171,451,9993,1900,9615,11,44,1138
88,12/09/2026 13:59,94500,entity,22010,727617,430,9901,1920,9746,11,44,1160
89,12/09/2026 13:59,94500,entity,22004,664150,428,9906,1936,9721,11,44,1147
90,12/09/2026 14:00,94500,entity,22027,570524,428,9934,1959,9692,11,45,1190
91,12/09/2026 14:00,94500,entity,22155,597928,434,9999,1951,9758,11,44,1230
92,12/09/2026 14:00,94500,entity,21858,580765,447,9807,1952,9639,12,45,1101
93,12/09/2026 14:01,94500,entity,21983,626083,427,9893,1929,9719,12,44,1106
94,12/09/2026 14:01,94500,entity,21971,595020,432,9880,1945,9701,11,44,1126
95,12/09/2026 14:01,94500,entity,21944,785439,428,9857,1898,9747,11,43,1123
96,12/09/2026 14:02,94500,entity,22300,776883,430,10040,1913,9903,12,43,1097
97,12/09/2026 14:02,94500,entity,22055,548343,426,9962,1962,9682,21,44,1085
98,12/09/2026 14:03,94500,entity,22245,672592,429,9962,1944,9897,11,44,1184
99,12/09/2026 14:03,94500,entity,22118,773649,433,9899,1930,9843,11,43,1126
100,12/09/2026 14:03,94500,entity,21875,666876,429,9775,1899,9758,12,44,1101
101,12/09/2026 14:04,94500,entity,22144,718116,428,10023,1903,9777,11,43,1210
102,12/09/2026 14:04,94500,entity,22128,778145,428,9994,1901,9793,11,43,1205
103,12/09/2026 14:04,94500,entity,22148,731917,426,10018,1925,9766,11,43,1121
104,12/09/2026 14:05,94500,entity,21801,691173,428,9759,1902,9698,11,44,1087
105,12/09/2026 14:05,94500,entity,21911,569233,425,9806,1916,9750,12,44,1130
106,12/09/2026 14:06,94500,entity,22073,795610,427,10071,1904,9657,11,44,1168
107,12/09/2026 14:06,94500,entity,22194,755418,428,9953,1920,9880,12,43,1106
108,12/09/2026 14:06,94500,entity,22115,682774,432,9987,1956,9726,11,44,1124
109,12/09/2026 14:07,94500,entity,22578,568507,430,9987,1969,10179,11,44,1248
110,12/09/2026 14:07,94500,entity,22157,710261,426,9829,1900,9987,11,43,1122
111,12/09/2026 14:07,94500,entity,21976,691670,428,9931,1925,9678,11,44,1123
112,12/09/2026 14:08,94500,entity,21956,675833,449,9899,1897,9699,11,44,1130
113,12/09/2026 14:08,94500,entity,22179,553576,429,10023,1929,9774,22,44,1216
114,12/09/2026 14:09,94500,entity,22002,664639,428,9843,1932,9786,11,44,1111
115,12/09/2026 14:09,94500,entity,22038,669490,435,9946,1921,9722,11,44,1204
116,12/09/2026 14:09,94500,entity,21967,680611,432,9957,1908,9656,13,44,1111
117,12/09/2026 14:10,94500,entity,21929,616378,432,9855,1915,9713,12,44,1141
118,12/09/2026 14:10,94500,entity,21924,677875,431,9847,1929,9704,11,44,1099
119,12/09/2026 14:10,94500,entity,22191,671813,430,10064,1951,9733,11,44,1279
120,12/09/2026 14:11,94500,entity,22093,692681,429,9922,1927,9801,12,44,1139
121,12/09/2026 14:11,94500,entity,22104,669254,432,9983,1948,9727,11,44,1180
122,12/09/2026 14:12,94500,entity,21903,579372,430,9869,1904,9687,11,45,1163
123,12/09/2026 14:12,94500,entity,22209,774428,432,10020,1920,9824,11,43,1070
124,12/09/2026 14:12,94500,entity,22115,789745,434,9882,1924,9862,11,43,1191
125,12/09/2026 14:13,94500,entity,21914,569913,429,9808,1924,9740,11,45,1090
126,12/09/2026 14:13,94500,entity,21854,665916,435,9880,1906,9620,11,44,1172
127,12/09/2026 14:13,94500,entity,21993,688735,430,9810,1960,9781,11,44,1040
128,12/09/2026 14:14,94500,entity,22092,668247,429,9937,1922,9791,11,44,1127
129,12/09/2026 14:14,94500,entity,22163,720075,428,9859,1947,9916,12,43,1096
130,12/09/2026 14:14,94500,entity,21958,752642,433,9957,1899,9657,11,43,1206
131,12/09/2026 14:15,94500,entity,21961,643447,432,9862,1926,9726,12,44,1121
132,12/09/2026 14:15,94500,entity,21976,623490,429,9875,1917,9742,11,44,1101
133,12/09/2026 14:16,94500,entity,22094,765916,431,9959,1949,9742,11,43,1127
134,12/09/2026 14:16,94500,entity,22096,689482,439,9970,1913,9761,11,44,1221
135,12/09/2026 14:16,94500,entity,22138,672477,441,10094,1924,9666,11,44,1338
136,12/09/2026 14:17,94500,entity,22040,571018,429,9980,1910,9708,11,45,1156
137,12/09/2026 14:17,94500,entity,22051,610774,426,9948,1910,9755,11,44,1105
138,12/09/2026 14:17,94500,entity,22111,549135,437,9863,1938,9845,26,44,1150
139,12/09/2026 14:18,94500,entity,22199,634311,429,10047,1922,9788,12,44,1209
140,12/09/2026 14:18,94500,entity,21998,693870,428,9904,1931,9722,12,44,1194
141,12/09/2026 14:19,94500,entity,22202,671511,444,10090,1936,9720,11,44,1145
142,12/09/2026 14:19,94500,entity,21990,672929,429,9943,1902,9703,12,44,1165
143,12/09/2026 14:19,94500,entity,22268,767856,431,9972,1931,9920,12,43,1183
144,12/09/2026 14:20,94500,entity,22019,690837,441,9762,1941,9862,11,44,1089
145,12/09/2026 14:20,94500,entity,21884,642049,433,9894,1906,9638,11,44,1107
146,12/09/2026 14:20,94500,entity,22251,571662,430,9937,1929,9941,12,44,1133
147,12/09/2026 14:21,94500,entity,22088,717193,430,9965,1929,9750,12,44,1153
148,12/09/2026 14:21,94500,entity,21939,548676,429,9809,1888,9785,25,44,1079
149,12/09/2026 14:22,94500,entity,22049,729437,430,10069,1900,9636,11,44,1208
150,12/09/2026 14:22,94500,entity,21832,714316,431,9862,1913,9612,12,43,1103
151,12/09/2026 14:22,94500,entity,22058,591957,427,9906,1937,9774,11,45,1104
152,12/09/2026 14:23,94500,entity,22283,788005,428,10046,1929,9868,11,43,1218
153,12/09/2026 14:23,94500,entity,22248,599115,442,10125,1938,9730,11,44,1173
154,12/09/2026 14:23,94500,entity,22056,586708,431,9868,1973,9770,12,44,1124
155,12/09/2026 14:24,94500,entity,21983,615866,428,9842,1951,9749,11,44,1123
156,12/09/2026 14:24,94500,entity,22323,788052,428,9838,1987,10057,12,43,1104
157,12/09/2026 14:24,94500,entity,22007,696312,428,9868,1928,9770,11,44,1120
158,12/09/2026 14:25,94500,entity,21911,642175,427,9837,1913,9721,12,44,1142
159,12/09/2026 14:25,94500,entity,22254,747341,431,10075,1948,9785,12,43,1144
160,12/09/2026 14:26,94500,entity,21951,659124,432,9841,1908,9755,11,44,1081
161,12/09/2026 14:26,94500,entity,22049,613157,440,9939,1937,9720,11,44,1137
162,12/09/2026 14:26,94500,entity,22100,681839,430,9989,1909,9759,11,44,1195
163,12/09/2026 14:27,94500,entity,22064,612854,429,9853,1915,9853,12,44,1124
164,12/09/2026 14:27,94500,entity,21869,579507,428,9842,1937,9649,12,45,1080
165,12/09/2026 14:27,94500,entity,22163,651929,432,9925,1928,9866,11,44,1242
166,12/09/2026 14:28,94500,entity,21996,710798,454,9930,1916,9682,12,44,1094
167,12/09/2026 14:28,94500,entity,22261,579944,431,10021,1944,9851,11,44,1126
168,12/09/2026 14:29,94500,entity,22228,673246,434,9977,1908,9896,12,44,1161
169,12/09/2026 14:29,94500,entity,22111,715633,429,9845,1913,9910,11,44,1138
170,12/09/2026 14:29,94500,entity,21986,545099,430,9841,1947,9740,26,44,1093
171,12/09/2026 14:30,94500,entity,22047,629451,433,9889,1927,9784,12,44,1233
172,12/09/2026 14:30,94500,entity,21988,668724,432,9829,1938,9777,11,44,1078
173,12/09/2026 14:30,94500,entity,22315,650106,429,9905,1973,9994,11,44,1112
174,12/09/2026 14:31,94500,entity,21974,681575,431,9853,1914,9762,12,44,1118
175,12/09/2026 14:31,94500,entity,22024,607865,441,9907,1911,9751,12,44,1162
176,12/09/2026 14:32,94500,entity,22165,578900,426,9981,1945,9800,11,45,1120
177,12/09/2026 14:32,94500,entity,22022,570971,437,9925,1943,9704,11,45,1180
178,12/09/2026 14:32,94500,entity,21818,586450,430,9825,1905,9644,12,44,1108
179,12/09/2026 14:33,94500,entity,21993,703772,431,9909,1919,9719,12,44,1096
180,12/09/2026 14:33,94500,entity,22077,576220,430,10009,1907,9718,12,45,1166
181,12/09/2026 14:33,94500,entity,21987,708917,453,9898,1917,9705,11,44,1094
182,12/09/2026 14:34,94500,entity,22206,568285,450,10031,1911,9801,11,44,1168
183,12/09/2026 14:34,94500,entity,22183,601590,426,9967,1918,9859,12,44,1175
184,12/09/2026 14:35,94500,entity,22522,570606,442,9972,1919,10176,11,43,1264
185,12/09/2026 14:35,94500,entity,21931,631559,425,9871,1917,9704,12,44,1127
186,12/09/2026 14:35,94500,entity,22349,694464,431,10111,1926,9867,12,44,1327
187,12/09/2026 14:36,94500,entity,22155,798021,443,10041,1921,9737,11,44,1255
188,12/09/2026 14:36,94500,entity,21939,575636,447,9878,1909,9691,12,45,1097
189,12/09/2026 14:36,94500,entity,22164,576114,430,10016,1947,9757,11,45,1166
190,12/09/2026 14:37,94500,entity,22151,767441,427,9948,1942,9821,11,43,1099
191,12/09/2026 14:37,94500,entity,21957,646997,433,9882,1903,9726,11,44,1135
192,12/09/2026 14:37,94500,entity,22210,624815,432,10078,1907,9780,11,44,1098
193,12/09/2026 14:38,94500,entity,21937,581241,439,9880,1925,9680,12,44,1084
194,12/09/2026 14:38,94500,entity,21920,669320,432,9900,1948,9625,12,44,1098
195,12/09/2026 14:39,94500,entity,22147,706163,431,9878,1920,9905,11,44,1121
196,12/09/2026 14:39,94500,entity,21959,702280,433,9865,1914,9734,11,44,1132
197,12/09/2026 14:39,94500,entity,22104,693759,435,9891,1948,9817,11,44,1149
198,12/09/2026 14:40,94500,entity,22260,698260,430,9919,1910,9988,11,44,1165
199,12/09/2026 14:40,94500,entity,22101,728707,434,9836,1937,9881,11,43,1118
200,12/09/2026 14:40,94500,entity,22019,594411,427,9827,1937,9814,12,44,1112
1,12/09/2026 14:46,108000,entity,24905,887594,430,11188,2211,11062,11,49,1288
2,12/09/2026 14:46,108000,entity,25230,756660,431,11372,2245,11169,11,50,1348
3,12/09/2026 14:47,108000,entity,25117,816479,432,11265,2199,11207,12,49,1343
4,12/09/2026 14:47,108000,entity,25058,757938,430,11257,2201,11157,11,50,1271
5,12/09/2026 14:48,108000,entity,25012,684470,444,11209,2202,11143,12,49,1250
6,12/09/2026 14:48,108000,entity,25057,910616,431,11307,2224,11082,12,48,1323
7,12/09/2026 14:48,108000,entity,25191,876145,431,11252,2238,11256,12,49,1296
8,12/09/2026 14:49,108000,entity,24918,705294,431,11225,2235,11014,11,49,1289
9,12/09/2026 14:49,108000,entity,25392,760664,440,11341,2226,11372,12,49,1335
10,12/09/2026 14:50,108000,entity,25109,801747,431,11183,2230,11252,11,49,1286
11,12/09/2026 14:50,108000,entity,24993,758983,427,11236,2230,11086,11,50,1321
12,12/09/2026 14:51,108000,entity,25335,749589,427,11392,2233,11270,11,50,1476
13,12/09/2026 14:51,108000,entity,25051,795973,433,11365,2222,11018,11,49,1384
14,12/09/2026 14:51,108000,entity,25122,826028,425,11395,2220,11068,11,49,1415
15,12/09/2026 14:52,108000,entity,25129,743272,427,11302,2216,11171,11,50,1358
16,12/09/2026 14:52,108000,entity,25219,741286,436,11454,2245,11071,12,50,1391
17,12/09/2026 14:53,108000,entity,24984,803860,429,11223,2259,11058,12,49,1296
18,12/09/2026 14:53,108000,entity,24926,744093,428,11196,2211,11078,12,50,1291
19,12/09/2026 14:53,108000,entity,25086,880316,435,11278,2230,11131,11,49,1355
20,12/09/2026 14:54,108000,entity,25063,803086,427,11223,2260,11140,11,49,1422
21,12/09/2026 14:54,108000,entity,24956,908100,449,11279,2200,11016,11,49,1323
22,12/09/2026 14:55,108000,entity,25116,906814,445,11358,2267,11032,11,48,1256
23,12/09/2026 14:55,108000,entity,25476,912262,429,11554,2240,11239,12,49,1510
24,12/09/2026 14:56,108000,entity,25295,907946,427,11244,2220,11391,12,49,1340
25,12/09/2026 14:56,108000,entity,24929,885354,428,11268,2191,11029,11,49,1346
26,12/09/2026 14:56,108000,entity,25107,812871,443,11344,2223,11083,12,49,1334
27,12/09/2026 14:57,108000,entity,25052,911396,429,11318,2226,11065,12,49,1285
28,12/09/2026 14:57,108000,entity,25325,757439,438,11234,2246,11394,11,50,1278
29,12/09/2026 14:58,108000,entity,25269,888739,426,11284,2205,11341,11,49,1313
30,12/09/2026 14:58,108000,entity,24925,760390,427,11214,2220,11050,12,50,1317
31,12/09/2026 14:59,108000,entity,24949,812090,427,11208,2218,11082,12,49,1308
32,12/09/2026 14:59,108000,entity,25203,763737,431,11411,2239,11107,12,49,1419
33,12/09/2026 14:59,108000,entity,25029,756695,449,11252,2215,11100,11,50,1281
34,12/09/2026 15:00,108000,entity,24996,875032,443,11208,2238,11093,11,49,1309
35,12/09/2026 15:00,108000,entity,25000,803635,439,11282,2201,11065,12,49,1298
36,12/09/2026 15:01,108000,entity,25025,820387,430,11219,2223,11139,11,49,1257
37,12/09/2026 15:01,108000,entity,25061,705054,428,11282,2263,11075,11,49,1318
38,12/09/2026 15:01,108000,entity,25059,747360,436,11318,2222,11069,12,50,1319
39,12/09/2026 15:02,108000,entity,25211,776098,431,11443,2245,11077,12,50,1336
40,12/09/2026 15:02,108000,entity,25063,756532,427,11259,2211,11152,11,50,1288
41,12/09/2026 15:03,108000,entity,25083,755559,428,11268,2219,11156,12,49,1284
42,12/09/2026 15:03,108000,entity,25347,767464,431,11294,2228,11381,11,50,1349
43,12/09/2026 15:04,108000,entity,25213,898967,439,11377,2226,11157,11,48,1406
44,12/09/2026 15:04,108000,entity,25296,898988,429,11380,2276,11198,11,49,1295
45,12/09/2026 15:04,108000,entity,25586,757185,428,11306,2274,11563,12,48,1275
46,12/09/2026 15:05,108000,entity,25163,783879,433,11329,2260,11128,11,49,1300
47,12/09/2026 15:05,108000,entity,24995,753557,429,11235,2248,11070,11,50,1283
48,12/09/2026 15:06,108000,entity,25181,887226,429,11349,2222,11169,11,49,1330
49,12/09/2026 15:06,108000,entity,25128,756171,430,11253,2298,11134,12,50,1305
50,12/09/2026 15:07,108000,entity,24865,874487,431,11205,2214,11001,11,49,1310
51,12/09/2026 15:07,108000,entity,24927,743322,428,11150,2213,11122,12,50,1250
52,12/09/2026 15:07,108000,entity,25156,808297,432,11358,2293,11060,11,49,1275
53,12/09/2026 15:08,108000,entity,25340,767257,434,11412,2192,11288,12,50,1459
54,12/09/2026 15:08,108000,entity,25112,872139,427,11306,2218,11148,11,49,1305
55,12/09/2026 15:09,108000,entity,24959,908861,432,11267,2217,11029,11,49,1266
56,12/09/2026 15:09,108000,entity,25417,840618,432,11331,2276,11365,11,49,1342
57,12/09/2026 15:10,108000,entity,25091,846328,429,11297,2209,11142,11,49,1377
58,12/09/2026 15:10,108000,entity,24854,745852,440,11159,2217,11025,11,49,1253
59,12/09/2026 15:10,108000,entity,24986,846161,438,11272,2198,11066,11,49,1299
60,12/09/2026 15:11,108000,entity,24971,759780,427,11168,2252,11111,11,50,1357
61,12/09/2026 15:11,108000,entity,24946,787187,427,11216,2191,11099,11,49,1349
62,12/09/2026 15:12,108000,entity,24837,657730,427,11176,2209,10994,28,50,1302
63,12/09/2026 15:12,108000,entity,25111,882384,430,11268,2234,11165,12,49,1336
64,12/09/2026 15:12,108000,entity,24925,756978,429,11143,2223,11116,11,49,1355
65,12/09/2026 15:13,108000,entity,25096,753739,428,11428,2219,11008,11,49,1357
66,12/09/2026 15:13,108000,entity,25168,755192,432,11278,2281,11165,11,50,1345
67,12/09/2026 15:14,108000,entity,25248,869835,435,11392,2232,11177,11,49,1298
68,12/09/2026 15:14,108000,entity,25026,803946,426,11372,2198,11017,11,49,1344
69,12/09/2026 15:15,108000,entity,25547,678910,431,11344,2297,11462,11,49,1351
70,12/09/2026 15:15,108000,entity,24930,781062,431,11240,2226,11020,11,50,1305
71,12/09/2026 15:15,108000,entity,25282,759627,428,11233,2262,11345,11,50,1271
72,12/09/2026 15:16,108000,entity,25222,759817,439,11327,2243,11199,12,50,1401
73,12/09/2026 15:16,108000,entity,25153,790566,435,11314,2245,11146,11,49,1340
74,12/09/2026 15:17,108000,entity,25043,705823,447,11361,2214,11007,11,49,1295
75,12/09/2026 15:17,108000,entity,25114,761276,426,11263,2229,11181,12,50,1348
76,12/09/2026 15:18,108000,entity,25285,894431,430,11326,2237,11280,11,49,1279
77,12/09/2026 15:18,108000,entity,25138,755458,425,11318,2256,11124,12,50,1325
78,12/09/2026 15:18,108000,entity,25152,808744,427,11312,2235,11162,13,49,1369
79,12/09/2026 15:19,108000,entity,25102,767065,430,11406,2210,11042,11,50,1314
80,12/09/2026 15:19,108000,entity,24984,703604,425,11202,2211,11132,11,49,1314
81,12/09/2026 15:20,108000,entity,25117,880752,428,11372,2191,11113,11,49,1371
82,12/09/2026 15:20,108000,entity,25150,750809,428,11337,2243,11129,12,49,1307
83,12/09/2026 15:20,108000,entity,24904,759255,426,11315,2206,10944,11,49,1297
84,12/09/2026 15:21,108000,entity,25175,871924,432,11271,2215,11244,12,49,1340
85,12/09/2026 15:21,108000,entity,25005,817003,438,11284,2223,11047,11,49,1309
86,12/09/2026 15:22,108000,entity,25150,793286,434,11213,2217,11273,11,48,1333
87,12/09/2026 15:22,108000,entity,24930,758264,431,11197,2219,11069,12,50,1332
88,12/09/2026 15:23,108000,entity,25144,744265,429,11329,2234,11138,12,50,1282
89,12/09/2026 15:23,108000,entity,25164,755688,426,11374,2242,11109,12,50,1331
90,12/09/2026 15:23,108000,entity,25289,744689,430,11292,2235,11318,12,49,1275
91,12/09/2026 15:24,108000,entity,25135,749410,429,11298,2201,11193,11,49,1325
92,12/09/2026 15:24,108000,entity,25028,804701,430,11315,2264,11006,11,49,1277
93,12/09/2026 15:25,108000,entity,25184,799988,430,11351,2226,11163,12,49,1372
94,12/09/2026 15:25,108000,entity,24793,816212,431,11112,2229,11008,11,49,1313
95,12/09/2026 15:26,108000,entity,25121,757306,460,11325,2189,11134,12,50,1330
96,12/09/2026 15:26,108000,entity,25226,674554,432,11326,2258,11196,11,50,1403
97,12/09/2026 15:26,108000,entity,25076,832223,429,11277,2284,11073,11,49,1298
98,12/09/2026 15:27,108000,entity,25008,742856,425,11236,2214,11119,11,50,1297
99,12/09/2026 15:27,108000,entity,25262,760020,439,11424,2247,11138,11,50,1422
100,12/09/2026 15:28,108000,entity,24925,755143,431,11301,2204,10975,12,50,1369
101,12/09/2026 15:28,108000,entity,25308,719382,456,11329,2254,11256,11,49,1300
102,12/09/2026 15:28,108000,entity,24991,856257,429,11283,2234,11032,11,49,1330
103,12/09/2026 15:29,108000,entity,25013,746036,431,11312,2220,11036,11,49,1310
104,12/09/2026 15:29,108000,entity,24929,757078,428,11209,2215,11063,12,50,1284
105,12/09/2026 15:30,108000,entity,25239,749427,430,11270,2239,11285,12,49,1301
106,12/09/2026 15:30,108000,entity,25184,757478,432,11415,2253,11070,11,50,1338
107,12/09/2026 15:31,108000,entity,25185,757447,435,11251,2268,11218,12,50,1325
108,12/09/2026 15:31,108000,entity,25151,862745,431,11271,2216,11219,12,49,1277
109,12/09/2026 15:31,108000,entity,24730,677927,427,11086,2195,11009,11,50,1259
110,12/09/2026 15:32,108000,entity,25134,756484,431,11376,2233,11081,11,50,1274
111,12/09/2026 15:32,108000,entity,25040,652466,430,11253,2214,11119,23,50,1290
112,12/09/2026 15:33,108000,entity,24994,694260,433,11290,2228,11030,12,49,1330
113,12/09/2026 15:33,108000,entity,24787,744035,428,11146,2219,10981,11,50,1274
114,12/09/2026 15:34,108000,entity,25056,803834,428,11303,2217,11095,12,49,1345
115,12/09/2026 15:34,108000,entity,25024,840343,433,11275,2226,11076,11,49,1323
116,12/09/2026 15:34,108000,entity,25220,766287,430,11367,2244,11167,12,50,1358
117,12/09/2026 15:35,108000,entity,25094,903052,445,11195,2276,11164,12,48,1317
118,12/09/2026 15:35,108000,entity,24833,756342,428,11265,2231,10896,11,50,1365
119,12/09/2026 15:36,108000,entity,25082,675964,437,11290,2239,11103,11,49,1281
120,12/09/2026 15:36,108000,entity,24883,769279,435,11130,2211,11092,12,50,1280
121,12/09/2026 15:36,108000,entity,25202,746417,437,11308,2262,11182,11,49,1284
122,12/09/2026 15:37,108000,entity,25115,873054,438,11418,2197,11047,12,49,1297
123,12/09/2026 15:37,108000,entity,24860,743726,427,11187,2212,11021,11,50,1354
124,12/09/2026 15:38,108000,entity,24928,652387,455,11279,2196,10975,21,50,1347
125,12/09/2026 15:38,108000,entity,25201,888664,433,11226,2270,11258,11,49,1324
126,12/09/2026 15:39,108000,entity,25151,764547,426,11208,2239,11264,12,50,1328
127,12/09/2026 15:39,108000,entity,25129,791093,433,11370,2195,11119,11,49,1345
128,12/09/2026 15:39,108000,entity,25134,863261,430,11187,2241,11263,12,48,1245
129,12/09/2026 15:40,108000,entity,25066,755249,429,11263,2193,11168,12,50,1307
130,12/09/2026 15:40,108000,entity,25133,707985,431,11348,2251,11089,12,49,1304
131,12/09/2026 15:41,108000,entity,25339,833719,430,11494,2242,11159,12,49,1382
132,12/09/2026 15:41,108000,entity,24995,760299,432,11245,2259,11045,12,50,1320
133,12/09/2026 15:42,108000,entity,25051,675546,430,11309,2237,11063,11,49,1267
134,12/09/2026 15:42,108000,entity,25231,828034,443,11436,2232,11106,12,49,1377
135,12/09/2026 15:42,108000,entity,24914,880354,431,11171,2275,11024,11,49,1251
136,12/09/2026 15:43,108000,entity,25170,874279,430,11234,2242,11250,12,49,1269
137,12/09/2026 15:43,108000,entity,25022,867545,428,11227,2257,11097,11,49,1270
138,12/09/2026 15:44,108000,entity,25282,873158,439,11514,2229,11087,11,49,1505
139,12/09/2026 15:44,108000,entity,25148,821818,429,11332,2230,11144,11,49,1369
140,12/09/2026 15:45,108000,entity,25245,792018,429,11424,2261,11117,12,50,1444
141,12/09/2026 15:45,108000,entity,25033,833973,429,11284,2242,11065,11,49,1311
142,12/09/2026 15:45,108000,entity,25077,891231,427,11168,2203,11265,12,49,1285
143,12/09/2026 15:46,108000,entity,24992,758379,431,11208,2239,11100,12,50,1302
144,12/09/2026 15:46,108000,entity,25280,754135,432,11430,2242,11162,11,50,1386
145,12/09/2026 15:47,108000,entity,25268,756951,431,11404,2281,11137,12,50,1419
146,12/09/2026 15:47,108000,entity,25134,683101,432,11204,2275,11209,12,50,1328
147,12/09/2026 15:47,108000,entity,25079,708362,431,11256,2229,11150,11,49,1273
148,12/09/2026 15:48,108000,entity,25184,696204,431,11348,2220,11172,11,49,1311
149,12/09/2026 15:48,108000,entity,25212,735112,428,11387,2217,11166,11,49,1336
150,12/09/2026 15:49,108000,entity,25145,875125,430,11154,2236,11312,11,49,1282
151,12/09/2026 15:49,108000,entity,25124,759462,431,11374,2248,11058,11,50,1345
152,12/09/2026 15:50,108000,entity,25066,755015,437,11274,2207,11134,12,50,1350
153,12/09/2026 15:50,108000,entity,25110,683567,430,11238,2234,11194,11,50,1351
154,12/09/2026 15:50,108000,entity,25129,814503,429,11269,2241,11175,12,49,1304
155,12/09/2026 15:51,108000,entity,25334,883828,454,11275,2228,11364,11,49,1255
156,12/09/2026 15:51,108000,entity,25158,760209,428,11241,2235,11241,11,50,1332
157,12/09/2026 15:52,108000,entity,24935,746667,432,11202,2244,11044,11,49,1279
158,12/09/2026 15:52,108000,entity,25147,746935,429,11290,2223,11192,11,50,1366
159,12/09/2026 15:53,108000,entity,25151,757385,432,11244,2276,11185,12,50,1340
160,12/09/2026 15:53,108000,entity,25133,746055,428,11245,2259,11188,11,50,1344
161,12/09/2026 15:53,108000,entity,24967,760538,426,11311,2254,10963,11,49,1354
162,12/09/2026 15:54,108000,entity,24946,754091,427,11201,2217,11086,12,50,1307
163,12/09/2026 15:54,108000,entity,25061,758343,448,11213,2212,11174,12,50,1247
164,12/09/2026 15:55,108000,entity,24934,742069,428,11179,2216,11097,12,50,1305
165,12/09/2026 15:55,108000,entity,24964,754438,433,11291,2242,10983,14,49,1349
166,12/09/2026 15:55,108000,entity,24887,756189,425,11204,2224,11020,11,50,1285
167,12/09/2026 15:56,108000,entity,25191,835780,426,11181,2244,11326,11,49,1284
168,12/09/2026 15:56,108000,entity,25052,758837,433,11352,2196,11058,11,50,1380
169,12/09/2026 15:57,108000,entity,25074,725955,429,11301,2207,11123,12,50,1333
170,12/09/2026 15:57,108000,entity,24935,740515,428,11209,2200,11085,11,50,1271
171,12/09/2026 15:58,108000,entity,25127,900600,428,11339,2237,11108,13,49,1298
172,12/09/2026 15:58,108000,entity,24938,768054,427,11251,2192,11054,12,50,1334
173,12/09/2026 15:58,108000,entity,24965,899933,436,11184,2235,11097,11,49,1310
174,12/09/2026 15:59,108000,entity,24966,744299,433,11223,2223,11074,12,50,1303
175,12/09/2026 15:59,108000,entity,24934,906728,431,11201,2205,11084,11,48,1257
176,12/09/2026 16:00,108000,entity,25136,688387,442,11299,2204,11178,11,49,1285
177,12/09/2026 16:00,108000,entity,25081,751395,449,11411,2197,11011,11,49,1447
178,12/09/2026 16:01,108000,entity,25037,801097,449,11228,2196,11152,11,49,1279
179,12/09/2026 16:01,108000,entity,25080,756371,437,11356,2219,11054,11,50,1359
180,12/09/2026 16:01,108000,entity,25120,766405,441,11317,2196,11152,12,50,1289
181,12/09/2026 16:02,108000,entity,25278,751968,430,11320,2238,11276,12,50,1375
182,12/09/2026 16:02,108000,entity,25322,739090,430,11412,2234,11232,11,50,1285
183,12/09/2026 16:03,108000,entity,25531,759059,430,11423,2254,11409,12,50,1418
184,12/09/2026 16:03,108000,entity,25125,746775,459,11224,2226,11203,12,50,1290
185,12/09/2026 16:03,108000,entity,25306,757151,443,11512,2256,11081,11,50,1345
186,12/09/2026 16:04,108000,entity,24935,756408,430,11311,2208,10971,12,50,1334
187,12/09/2026 16:04,108000,entity,25067,901135,430,11204,2231,11188,12,48,1266
188,12/09/2026 16:05,108000,entity,25023,759346,427,11337,2243,11002,11,50,1339
189,12/09/2026 16:05,108000,entity,25125,858884,449,11299,2232,11131,11,49,1293
190,12/09/2026 16:06,108000,entity,25174,829269,426,11397,2278,11059,11,49,1281
191,12/09/2026 16:06,108000,entity,25112,873266,430,11370,2212,11086,11,49,1371
192,12/09/2026 16:06,108000,entity,25137,832000,448,11396,2211,11069,11,49,1317
193,12/09/2026 16:07,108000,entity,25062,794143,427,11348,2227,11047,11,49,1385
194,12/09/2026 16:07,108000,entity,25048,805058,432,11364,2243,10996,11,49,1314
195,12/09/2026 16:08,108000,entity,25250,696882,441,11334,2246,11216,11,49,1322
196,12/09/2026 16:08,108000,entity,24979,757259,440,11177,2186,11163,11,50,1316
197,12/09/2026 16:09,108000,entity,25363,760143,435,11376,2269,11270,12,50,1437
198,12/09/2026 16:09,108000,entity,24896,661962,437,11143,2239,11064,11,49,1264
199,12/09/2026 16:09,108000,entity,25140,757349,433,11459,2199,11036,11,50,1411
200,12/09/2026 16:10,108000,entity,25088,745847,429,11352,2239,11053,12,49,1261
1,12/09/2026 18:04,13500,action,4023,92850,430,1678,262,1609,41,5,115
2,12/09/2026 18:04,13500,action,4024,89344,428,1629,264,1655,45,5,115
3,12/09/2026 18:05,13500,action,4011,82805,426,1625,289,1610,60,5,116
4,12/09/2026 18:05,13500,action,3922,89078,427,1636,225,1595,38,5,118
5,12/09/2026 18:05,13500,action,3963,90371,436,1674,222,1590,40,5,115
6,12/09/2026 18:05,13500,action,3926,83370,434,1621,229,1579,59,5,111
7,12/09/2026 18:05,13500,action,3913,105115,428,1621,221,1601,41,5,115
8,12/09/2026 18:05,13500,action,3936,103921,427,1619,221,1622,44,5,113
9,12/09/2026 18:05,13500,action,4032,88520,472,1681,225,1610,42,5,120
10,12/09/2026 18:05,13500,action,3918,88984,429,1629,224,1593,40,5,112
11,12/09/2026 18:05,13500,action,3927,97845,426,1631,220,1605,43,5,122
12,12/09/2026 18:05,13500,action,3991,104306,430,1625,285,1606,43,5,121
13,12/09/2026 18:05,13500,action,4000,98346,426,1634,267,1629,42,5,118
14,12/09/2026 18:05,13500,action,4016,99116,424,1629,284,1625,51,5,117
15,12/09/2026 18:05,13500,action,3992,100468,436,1658,225,1629,43,5,116
16,12/09/2026 18:05,13500,action,4019,99679,433,1616,292,1632,44,5,115
17,12/09/2026 18:05,13500,action,4011,82485,440,1638,272,1599,59,5,111
18,12/09/2026 18:06,13500,action,3965,99432,436,1617,265,1601,43,5,113
19,12/09/2026 18:06,13500,action,3980,97145,444,1658,224,1604,49,5,116
20,12/09/2026 18:06,13500,action,4021,103115,430,1635,287,1624,43,5,115
21,12/09/2026 18:06,13500,action,3950,82417,431,1653,224,1581,59,5,122
22,12/09/2026 18:06,13500,action,3997,88157,432,1618,283,1621,41,5,115
23,12/09/2026 18:06,13500,action,4027,87895,432,1659,277,1594,62,5,115
24,12/09/2026 18:06,13500,action,3930,103529,431,1630,222,1602,43,5,116
25,12/09/2026 18:06,13500,action,3965,89462,431,1638,221,1633,40,5,113
26,12/09/2026 18:06,13500,action,3994,103642,441,1619,267,1624,42,5,119
27,12/09/2026 18:06,13500,action,3950,108826,439,1630,224,1611,44,5,116
28,12/09/2026 18:06,13500,action,4044,103814,428,1620,289,1661,44,5,115
29,12/09/2026 18:06,13500,action,4017,102990,429,1660,289,1592,44,5,116
30,12/09/2026 18:06,13500,action,3912,88630,425,1612,221,1612,39,5,117
31,12/09/2026 18:06,13500,action,3959,88673,428,1644,223,1622,41,5,122
32,12/09/2026 18:07,13500,action,3923,99741,436,1641,229,1573,43,5,117
33,12/09/2026 18:07,13500,action,3983,104066,430,1630,221,1648,51,5,116
34,12/09/2026 18:07,13500,action,3947,104128,428,1638,221,1616,42,5,117
35,12/09/2026 18:07,13500,action,4010,82351,437,1669,266,1576,60,5,115
36,12/09/2026 18:07,13500,action,3999,89898,426,1637,280,1613,41,5,115
37,12/09/2026 18:07,13500,action,3911,103959,426,1606,222,1612,42,5,111
38,12/09/2026 18:07,13500,action,4041,99260,443,1667,289,1596,43,5,114
39,12/09/2026 18:07,13500,action,4035,82359,428,1641,304,1601,59,5,115
40,12/09/2026 18:07,13500,action,3967,104355,432,1632,224,1636,42,5,112
41,12/09/2026 18:07,13500,action,4046,100264,443,1677,265,1617,43,5,116
42,12/09/2026 18:07,13500,action,3968,103795,431,1654,223,1614,44,5,115
43,12/09/2026 18:07,13500,action,4019,89278,438,1620,279,1638,43,5,114
44,12/09/2026 18:07,13500,action,4013,82150,429,1622,288,1609,63,5,117
45,12/09/2026 18:07,13500,action,3961,104029,428,1623,234,1632,41,5,115
46,12/09/2026 18:07,13500,action,3983,82190,428,1613,293,1587,59,5,108
47,12/09/2026 18:08,13500,action,3995,89812,448,1659,223,1623,41,5,115
48,12/09/2026 18:08,13500,action,3906,88451,430,1621,222,1591,39,5,113
49,12/09/2026 18:08,13500,action,4006,82417,439,1624,266,1616,59,5,110
50,12/09/2026 18:08,13500,action,3885,88780,432,1626,223,1563,40,5,115
51,12/09/2026 18:08,13500,action,4011,104398,426,1652,264,1623,45,5,118
52,12/09/2026 18:08,13500,action,3937,88715,440,1638,221,1595,40,5,120
53,12/09/2026 18:08,13500,action,4047,104604,441,1660,292,1611,42,5,115
54,12/09/2026 18:08,13500,action,3971,104712,426,1635,283,1582,42,5,118
55,12/09/2026 18:08,13500,action,3965,105499,431,1668,221,1600,43,5,116
56,12/09/2026 18:08,13500,action,3929,89144,429,1647,232,1580,39,5,114
57,12/09/2026 18:08,13500,action,3966,82388,427,1626,293,1559,60,5,113
58,12/09/2026 18:08,13500,action,3902,104753,429,1636,223,1571,40,5,120
59,12/09/2026 18:08,13500,action,3937,83887,434,1629,225,1587,60,5,116
60,12/09/2026 18:08,13500,action,4008,103856,430,1623,271,1640,42,5,118
61,12/09/2026 18:09,13500,action,3984,88672,427,1649,286,1580,40,5,117
62,12/09/2026 18:09,13500,action,3970,108752,427,1631,278,1589,43,5,116
63,12/09/2026 18:09,13500,action,3923,98599,428,1619,223,1609,42,5,114
64,12/09/2026 18:09,13500,action,3965,98552,428,1637,222,1634,41,5,116
65,12/09/2026 18:09,13500,action,4020,87906,438,1640,263,1616,60,5,110
66,12/09/2026 18:09,13500,action,4034,87433,429,1662,287,1593,61,5,114
67,12/09/2026 18:09,13500,action,3982,105063,431,1656,225,1623,45,5,116
68,12/09/2026 18:09,13500,action,3931,89845,430,1627,229,1601,41,5,115
69,12/09/2026 18:09,13500,action,4011,82677,449,1684,223,1591,62,5,117
70,12/09/2026 18:09,13500,action,3966,103942,434,1634,223,1620,53,5,118
71,12/09/2026 18:09,13500,action,4036,98924,431,1686,274,1601,43,5,113
72,12/09/2026 18:09,13500,action,3957,104518,429,1634,223,1627,41,5,118
73,12/09/2026 18:09,13500,action,4034,103537,435,1651,291,1613,43,5,115
74,12/09/2026 18:09,13500,action,3972,103992,431,1616,272,1608,43,5,115
75,12/09/2026 18:09,13500,action,3945,104372,431,1637,238,1595,43,5,115
76,12/09/2026 18:10,13500,action,3996,84072,429,1603,274,1624,63,5,113
77,12/09/2026 18:10,13500,action,3988,88788,429,1625,261,1629,42,5,114
78,12/09/2026 18:10,13500,action,3980,83266,428,1633,262,1592,61,5,116
79,12/09/2026 18:10,13500,action,3951,103582,428,1635,229,1617,41,5,117
80,12/09/2026 18:10,13500,action,4018,104845,425,1640,296,1612,43,5,115
81,12/09/2026 18:10,13500,action,3987,103914,431,1624,273,1614,43,5,116
82,12/09/2026 18:10,13500,action,3993,92671,445,1681,226,1599,40,5,114
83,12/09/2026 18:10,13500,action,3954,88777,433,1619,275,1576,49,5,116
84,12/09/2026 18:10,13500,action,4093,103004,430,1679,295,1636,51,5,118
85,12/09/2026 18:10,13500,action,4035,99182,427,1646,297,1619,44,5,118
86,12/09/2026 18:10,13500,action,3940,89017,450,1620,223,1606,40,5,115
87,12/09/2026 18:10,13500,action,3960,103099,431,1615,269,1602,41,5,114
88,12/09/2026 18:10,13500,action,3947,102424,450,1654,220,1579,42,5,120
89,12/09/2026 18:10,13500,action,4019,82733,427,1647,260,1621,62,5,116
90,12/09/2026 18:11,13500,action,3916,105227,430,1637,222,1583,43,5,119
91,12/09/2026 18:11,13500,action,4015,104142,427,1634,309,1593,50,5,114
92,12/09/2026 18:11,13500,action,3973,83529,425,1627,288,1572,59,5,113
93,12/09/2026 18:11,13500,action,3995,103773,429,1649,281,1590,44,5,116
94,12/09/2026 18:11,13500,action,3975,89027,425,1626,266,1615,40,5,113
95,12/09/2026 18:11,13500,action,4007,98988,425,1626,290,1619,45,5,117
96,12/09/2026 18:11,13500,action,3964,103958,432,1650,226,1611,42,5,114
97,12/09/2026 18:11,13500,action,3993,102482,432,1643,274,1588,54,5,116
98,12/09/2026 18:11,13500,action,3916,89164,426,1621,224,1603,41,5,117
99,12/09/2026 18:11,13500,action,4048,87222,429,1638,289,1631,59,5,116
100,12/09/2026 18:11,13500,action,4025,103998,429,1642,289,1620,43,5,114
101,12/09/2026 18:11,13500,action,3965,81657,429,1635,234,1604,61,5,116
102,12/09/2026 18:11,13500,action,3983,92507,427,1641,271,1601,41,5,118
103,12/09/2026 18:11,13500,action,3972,88473,428,1625,258,1619,40,5,117
104,12/09/2026 18:12,13500,action,3940,103090,431,1616,271,1581,40,5,118
105,12/09/2026 18:12,13500,action,4020,103931,428,1631,262,1645,52,5,118
106,12/09/2026 18:12,13500,action,4000,98551,435,1683,223,1606,50,5,122
107,12/09/2026 18:12,13500,action,3987,103876,431,1623,262,1627,43,5,113
108,12/09/2026 18:12,13500,action,3998,88885,429,1626,299,1600,42,5,113
109,12/09/2026 18:12,13500,action,4038,82904,433,1619,286,1639,60,5,114
110,12/09/2026 18:12,13500,action,3919,87463,436,1642,224,1574,41,5,116
111,12/09/2026 18:12,13500,action,4003,82122,430,1629,288,1585,69,5,113
112,12/09/2026 18:12,13500,action,3961,103143,434,1687,222,1574,42,5,116
113,12/09/2026 18:12,13500,action,3975,99558,433,1635,269,1595,41,5,119
114,12/09/2026 18:12,13500,action,4001,92553,448,1668,224,1616,43,5,121
115,12/09/2026 18:12,13500,action,4055,89426,433,1633,287,1660,41,5,116
116,12/09/2026 18:12,13500,action,4071,103516,430,1697,294,1603,45,5,115
117,12/09/2026 18:12,13500,action,3984,103242,427,1627,284,1602,43,5,120
118,12/09/2026 18:12,13500,action,4022,98783,426,1631,304,1617,42,5,114
119,12/09/2026 18:13,13500,action,3959,81692,429,1626,222,1621,59,5,112
120,12/09/2026 18:13,13500,action,3941,103222,425,1625,222,1625,41,5,116
121,12/09/2026 18:13,13500,action,3950,89239,429,1643,226,1609,42,5,117
122,12/09/2026 18:13,13500,action,3959,82417,428,1621,269,1580,59,5,115
123,12/09/2026 18:13,13500,action,3987,89127,425,1622,293,1594,51,5,114
124,12/09/2026 18:13,13500,action,3986,83109,430,1630,236,1622,66,5,117
125,12/09/2026 18:13,13500,action,4043,104244,431,1632,274,1661,44,5,117
126,12/09/2026 18:13,13500,action,4020,103556,430,1646,288,1610,44,5,114
127,12/09/2026 18:13,13500,action,4046,98177,429,1650,265,1657,43,5,116
128,12/09/2026 18:13,13500,action,3979,98148,431,1632,265,1605,43,5,119
129,12/09/2026 18:13,13500,action,3957,90565,430,1637,229,1617,42,5,115
130,12/09/2026 18:13,13500,action,3941,88611,432,1620,223,1621,43,5,114
131,12/09/2026 18:13,13500,action,4028,82471,460,1661,229,1618,58,5,113
132,12/09/2026 18:13,13500,action,3924,103469,430,1617,225,1605,44,5,120
133,12/09/2026 18:14,13500,action,4039,83104,451,1648,290,1587,61,5,118
134,12/09/2026 18:14,13500,action,4006,104257,446,1697,224,1594,43,5,112
135,12/09/2026 18:14,13500,action,4031,89106,432,1617,287,1653,40,5,115
136,12/09/2026 18:14,13500,action,4038,102139,431,1629,299,1634,42,5,116
137,12/09/2026 18:14,13500,action,3985,102999,434,1633,287,1582,47,5,112
138,12/09/2026 18:14,13500,action,3971,90177,447,1661,223,1597,40,5,115
139,12/09/2026 18:14,13500,action,3949,83242,428,1614,287,1558,60,5,114
140,12/09/2026 18:14,13500,action,4025,103549,435,1622,301,1618,46,5,123
141,12/09/2026 18:14,13500,action,4123,104010,442,1711,223,1702,43,5,114
142,12/09/2026 18:14,13500,action,3992,87854,429,1638,286,1572,66,5,116
143,12/09/2026 18:14,13500,action,3998,87774,434,1627,272,1605,59,5,112
144,12/09/2026 18:14,13500,action,3942,82558,428,1608,262,1579,63,5,118
145,12/09/2026 18:14,13500,action,4008,90419,431,1625,269,1641,40,5,117
146,12/09/2026 18:14,13500,action,3928,103526,436,1611,223,1614,43,5,111
147,12/09/2026 18:14,13500,action,4007,89071,463,1668,225,1606,42,5,111
148,12/09/2026 18:15,13500,action,3937,100470,434,1638,222,1599,42,5,116
149,12/09/2026 18:15,13500,action,3930,103506,431,1621,224,1601,51,5,116
150,12/09/2026 18:15,13500,action,4040,83474,428,1632,274,1633,70,5,117
151,12/09/2026 18:15,13500,action,3967,82368,435,1658,226,1587,58,5,113
152,12/09/2026 18:15,13500,action,4006,82206,425,1608,267,1641,64,5,114
153,12/09/2026 18:15,13500,action,3950,99569,429,1635,235,1607,42,5,116
154,12/09/2026 18:15,13500,action,4018,103568,433,1640,269,1631,43,5,118
155,12/09/2026 18:15,13500,action,3989,93871,435,1651,263,1597,41,5,112
156,12/09/2026 18:15,13500,action,4017,98436,464,1661,224,1623,43,5,116
157,12/09/2026 18:15,13500,action,3965,88639,427,1617,267,1613,39,5,117
158,12/09/2026 18:15,13500,action,3994,82237,438,1687,227,1577,63,5,111
159,12/09/2026 18:15,13500,action,3935,100364,435,1651,236,1569,43,5,112
160,12/09/2026 18:15,13500,action,3977,102948,432,1642,226,1630,45,5,117
161,12/09/2026 18:15,13500,action,3981,88165,430,1659,224,1626,40,5,115
162,12/09/2026 18:16,13500,action,4053,90730,461,1653,265,1622,49,5,120
163,12/09/2026 18:16,13500,action,3996,83165,440,1701,222,1572,59,5,114
164,12/09/2026 18:16,13500,action,3927,100723,430,1658,226,1571,41,5,116
165,12/09/2026 18:16,13500,action,4023,82829,431,1628,292,1611,60,5,113
166,12/09/2026 18:16,13500,action,4023,99347,428,1618,271,1661,43,5,119
167,12/09/2026 18:16,13500,action,4032,99586,430,1639,285,1632,44,5,116
168,12/09/2026 18:16,13500,action,3943,89539,427,1621,269,1584,40,5,114
169,12/09/2026 18:16,13500,action,4009,100168,444,1697,226,1596,45,5,118
170,12/09/2026 18:16,13500,action,3979,104792,429,1649,224,1625,50,5,122
171,12/09/2026 18:16,13500,action,3961,98471,428,1628,268,1591,43,5,114
172,12/09/2026 18:16,13500,action,4062,88403,437,1636,271,1677,39,5,113
173,12/09/2026 18:16,13500,action,3912,87178,427,1615,226,1581,61,5,111
174,12/09/2026 18:16,13500,action,3930,93480,426,1622,220,1618,42,5,115
175,12/09/2026 18:16,13500,action,3997,103203,430,1638,266,1619,42,5,119
176,12/09/2026 18:16,13500,action,3965,104247,427,1651,263,1580,42,5,114
177,12/09/2026 18:17,13500,action,3993,99411,432,1620,270,1627,42,5,115
178,12/09/2026 18:17,13500,action,3956,103887,427,1617,260,1602,48,5,116
179,12/09/2026 18:17,13500,action,3970,103465,438,1630,263,1596,42,5,114
180,12/09/2026 18:17,13500,action,4067,82582,426,1657,283,1635,62,5,122
181,12/09/2026 18:17,13500,action,3996,89519,427,1631,259,1635,41,5,117
182,12/09/2026 18:17,13500,action,4009,104427,429,1632,287,1616,43,5,112
183,12/09/2026 18:17,13500,action,3994,82890,428,1641,276,1570,77,5,115
184,12/09/2026 18:17,13500,action,4030,105467,431,1654,307,1593,43,5,117
185,12/09/2026 18:17,13500,action,4006,99161,433,1632,265,1633,41,5,119
186,12/09/2026 18:17,13500,action,3984,102984,429,1644,263,1605,41,5,117
187,12/09/2026 18:17,13500,action,3955,89489,429,1635,224,1625,41,5,116
188,12/09/2026 18:17,13500,action,3975,97420,428,1641,222,1637,45,5,111
189,12/09/2026 18:17,13500,action,3978,103200,428,1620,271,1614,43,5,111
190,12/09/2026 18:17,13500,action,4073,88866,445,1621,294,1659,50,5,116
191,12/09/2026 18:18,13500,action,4007,89699,467,1643,221,1617,57,5,114
192,12/09/2026 18:18,13500,action,3987,98930,438,1628,273,1602,44,5,120
193,12/09/2026 18:18,13500,action,3967,88607,430,1626,272,1597,40,5,118
194,12/09/2026 18:18,13500,action,4022,89333,429,1627,291,1632,40,5,112
195,12/09/2026 18:18,13500,action,3934,94055,427,1622,222,1618,43,5,116
196,12/09/2026 18:18,13500,action,3979,105536,437,1663,228,1606,44,5,115
197,12/09/2026 18:18,13500,action,3978,104323,431,1622,228,1650,45,5,116
198,12/09/2026 18:18,13500,action,4036,88531,433,1652,304,1605,40,5,114
199,12/09/2026 18:18,13500,action,3997,97984,450,1664,226,1614,42,5,114
200,12/09/2026 18:18,13500,action,4033,98456,432,1666,287,1604,42,5,113
1,12/09/2026 18:23,27000,action,6901,256412,431,2984,484,2937,64,12,280
2,12/09/2026 18:23,27000,action,6954,148508,430,3015,529,2910,68,13,285
3,12/09/2026 18:24,27000,action,6904,282108,430,2986,474,2949,62,12,281
4,12/09/2026 18:24,27000,action,6959,239645,432,2997,475,2987,66,12,301
5,12/09/2026 18:24,27000,action,6832,284389,427,2989,470,2881,63,12,275
6,12/09/2026 18:24,27000,action,6948,247346,443,2968,536,2936,64,12,285
7,12/09/2026 18:24,27000,action,6893,282875,429,2977,508,2914,63,12,278
8,12/09/2026 18:24,27000,action,6958,149345,452,3025,474,2931,75,13,288
9,12/09/2026 18:24,27000,action,6915,261349,442,2997,545,2864,64,12,268
10,12/09/2026 18:24,27000,action,6891,150516,427,3001,511,2880,69,13,286
11,12/09/2026 18:24,27000,action,6875,152263,429,2977,475,2923,68,13,291
12,12/09/2026 18:25,27000,action,6909,153212,433,2998,470,2942,65,13,286
13,12/09/2026 18:25,27000,action,6994,245010,431,3016,527,2954,63,12,287
14,12/09/2026 18:25,27000,action,6897,149665,430,2977,510,2912,65,13,283
15,12/09/2026 18:25,27000,action,6910,254386,431,2983,510,2917,67,12,288
16,12/09/2026 18:25,27000,action,6931,268378,429,3000,510,2926,64,12,283
17,12/09/2026 18:25,27000,action,6942,249204,432,2959,538,2942,70,12,281
18,12/09/2026 18:25,27000,action,6952,154696,430,2972,530,2951,66,13,281
19,12/09/2026 18:25,27000,action,6934,251265,430,2965,470,3003,64,12,275
20,12/09/2026 18:26,27000,action,6955,159907,432,3029,538,2887,67,13,294
21,12/09/2026 18:26,27000,action,6861,275613,431,2993,481,2890,65,12,283
22,12/09/2026 18:26,27000,action,6888,151853,430,2999,474,2913,69,13,278
23,12/09/2026 18:26,27000,action,7019,252950,434,3007,527,2977,72,12,286
24,12/09/2026 18:26,27000,action,6930,151837,436,2986,533,2907,66,13,277
25,12/09/2026 18:26,27000,action,7015,152361,432,3020,542,2949,70,13,290
26,12/09/2026 18:26,27000,action,6915,240857,429,2965,528,2928,63,12,286
27,12/09/2026 18:26,27000,action,6950,157071,428,2971,512,2968,70,13,284
28,12/09/2026 18:26,27000,action,6908,154708,429,2950,539,2923,65,13,275
29,12/09/2026 18:27,27000,action,6919,159892,431,2981,512,2924,69,13,296
30,12/09/2026 18:27,27000,action,6848,157211,440,3012,470,2856,67,13,282
31,12/09/2026 18:27,27000,action,6914,155168,430,2959,529,2928,65,13,274
32,12/09/2026 18:27,27000,action,6925,155144,428,2984,535,2909,67,13,280
33,12/09/2026 18:27,27000,action,6880,157243,428,2963,509,2911,67,13,280
34,12/09/2026 18:27,27000,action,6979,151942,428,2953,568,2952,75,13,284
35,12/09/2026 18:27,27000,action,6980,256061,426,2994,527,2970,61,12,292
36,12/09/2026 18:27,27000,action,6956,152172,430,2981,528,2948,67,13,281
37,12/09/2026 18:28,27000,action,6943,254630,429,2987,537,2926,61,12,276
38,12/09/2026 18:28,27000,action,6912,149552,429,3013,528,2872,67,13,280
39,12/09/2026 18:28,27000,action,6862,150564,434,2964,507,2889,66,13,276
40,12/09/2026 18:28,27000,action,6884,154505,427,3003,525,2863,64,13,282
41,12/09/2026 18:28,27000,action,6902,157421,433,2968,534,2899,66,13,271
42,12/09/2026 18:28,27000,action,6937,157244,427,2980,536,2909,82,13,281
43,12/09/2026 18:28,27000,action,6852,273856,433,3021,468,2864,64,12,285
44,12/09/2026 18:28,27000,action,6921,274729,453,3027,466,2908,65,12,297
45,12/09/2026 18:28,27000,action,6895,152017,427,2994,476,2924,72,13,278
46,12/09/2026 18:29,27000,action,6860,251399,433,2962,471,2927,63,12,278
47,12/09/2026 18:29,27000,action,6901,149490,427,2988,530,2879,74,13,283
48,12/09/2026 18:29,27000,action,6884,152366,428,2956,481,2949,68,13,286
49,12/09/2026 18:29,27000,action,6863,148389,430,2994,472,2899,66,13,290
50,12/09/2026 18:29,27000,action,6932,255508,434,2960,531,2942,63,12,284
51,12/09/2026 18:29,27000,action,6959,249577,433,2998,533,2930,63,12,282
52,12/09/2026 18:29,27000,action,6882,237826,433,2964,530,2892,62,12,286
53,12/09/2026 18:29,27000,action,6871,154514,428,2958,540,2873,71,13,283
54,12/09/2026 18:30,27000,action,6913,260101,427,3010,501,2912,62,12,284
55,12/09/2026 18:30,27000,action,6938,152057,427,3049,477,2916,66,13,291
56,12/09/2026 18:30,27000,action,6985,151981,427,3015,539,2933,69,13,303
57,12/09/2026 18:30,27000,action,6905,257720,432,2972,533,2904,62,12,276
58,12/09/2026 18:30,27000,action,6875,257397,431,2959,516,2904,65,12,277
59,12/09/2026 18:30,27000,action,6831,152305,428,2957,498,2879,68,13,278
60,12/09/2026 18:30,27000,action,6932,154918,430,2982,533,2905,79,13,286
61,12/09/2026 18:30,27000,action,7007,150619,438,3024,536,2940,67,13,290
62,12/09/2026 18:30,27000,action,6850,252116,430,2967,462,2926,63,12,274
63,12/09/2026 18:31,27000,action,6913,149686,432,3024,467,2922,66,13,278
64,12/09/2026 18:31,27000,action,6902,263322,428,2986,468,2955,63,12,282
65,12/09/2026 18:31,27000,action,6870,151897,430,2974,470,2916,78,13,293
66,12/09/2026 18:31,27000,action,6831,151920,432,2984,458,2882,73,13,289
67,12/09/2026 18:31,27000,action,6934,265952,429,2958,557,2914,74,12,283
68,12/09/2026 18:31,27000,action,6988,151915,430,2983,533,2975,65,13,287
69,12/09/2026 18:31,27000,action,7025,149567,431,2993,542,2988,69,13,287
70,12/09/2026 18:31,27000,action,6825,280164,428,2950,467,2914,64,12,280
71,12/09/2026 18:32,27000,action,6913,276993,429,3025,471,2922,64,12,278
72,12/09/2026 18:32,27000,action,7005,250313,427,2971,536,3005,64,12,280
73,12/09/2026 18:32,27000,action,6974,155398,428,3039,540,2899,66,13,276
74,12/09/2026 18:32,27000,action,6943,281816,426,2948,540,2963,63,12,277
75,12/09/2026 18:32,27000,action,6856,154976,428,2982,476,2901,67,13,280
76,12/09/2026 18:32,27000,action,6900,150675,426,2961,509,2935,67,13,284
77,12/09/2026 18:32,27000,action,6931,254955,425,2954,553,2934,63,12,283
78,12/09/2026 18:32,27000,action,6932,152890,428,2970,524,2940,68,13,277
79,12/09/2026 18:32,27000,action,6881,157024,439,3016,475,2874,75,13,294
80,12/09/2026 18:33,27000,action,6816,148136,444,2984,466,2854,66,13,284
81,12/09/2026 18:33,27000,action,6933,149545,436,3022,466,2940,67,13,286
82,12/09/2026 18:33,27000,action,6900,157102,430,2980,510,2912,67,13,290
83,12/09/2026 18:33,27000,action,6932,251791,439,2970,502,2955,63,12,278
84,12/09/2026 18:33,27000,action,6868,254308,430,2991,469,2914,62,12,274
85,12/09/2026 18:33,27000,action,6934,149426,427,2976,529,2934,64,13,298
86,12/09/2026 18:33,27000,action,6898,249560,433,2994,471,2934,64,12,286
87,12/09/2026 18:33,27000,action,6865,279766,430,2983,470,2917,62,12,284
88,12/09/2026 18:34,27000,action,6815,151917,435,2952,525,2835,65,13,278
89,12/09/2026 18:34,27000,action,6927,255848,444,3003,473,2938,67,12,282
90,12/09/2026 18:34,27000,action,6945,255398,427,2983,486,2983,64,12,279
91,12/09/2026 18:34,27000,action,6975,149545,429,2994,467,2994,90,13,282
92,12/09/2026 18:34,27000,action,6998,152157,428,2996,533,2964,76,13,286
93,12/09/2026 18:34,27000,action,6877,284634,450,3010,468,2885,63,12,279
94,12/09/2026 18:34,27000,action,6946,153558,428,2979,532,2935,70,13,295
95,12/09/2026 18:34,27000,action,6982,155169,432,2975,524,2982,67,13,285
96,12/09/2026 18:34,27000,action,6977,257633,453,3013,470,2976,63,12,268
97,12/09/2026 18:35,27000,action,7030,283448,451,3043,475,2987,72,12,284
98,12/09/2026 18:35,27000,action,6846,154745,427,2960,531,2861,64,13,279
99,12/09/2026 18:35,27000,action,6838,259576,426,2966,507,2874,63,12,283
100,12/09/2026 18:35,27000,action,6889,153332,435,3000,472,2913,67,13,284
101,12/09/2026 18:35,27000,action,6900,149971,428,2984,472,2944,70,13,285
102,12/09/2026 18:35,27000,action,6952,149373,427,2992,526,2936,68,13,298
103,12/09/2026 18:35,27000,action,6891,151877,426,2985,529,2874,74,13,284
104,12/09/2026 18:35,27000,action,6918,152081,431,3008,474,2925,78,13,294
105,12/09/2026 18:36,27000,action,6887,154735,428,3026,470,2894,66,13,284
106,12/09/2026 18:36,27000,action,6866,149183,429,2988,466,2913,68,13,275
107,12/09/2026 18:36,27000,action,6884,251612,429,2975,469,2945,63,12,287
108,12/09/2026 18:36,27000,action,6817,255336,434,2989,465,2864,63,12,285
109,12/09/2026 18:36,27000,action,6886,152293,427,3017,471,2903,66,13,292
110,12/09/2026 18:36,27000,action,6968,244512,428,3065,502,2907,64,12,284
111,12/09/2026 18:36,27000,action,7031,255225,425,3012,537,2991,64,12,275
112,12/09/2026 18:36,27000,action,6911,259681,426,2989,505,2926,62,12,280
113,12/09/2026 18:36,27000,action,6879,262921,434,2965,540,2874,64,12,277
114,12/09/2026 18:37,27000,action,6980,255522,432,3015,529,2938,64,12,285
115,12/09/2026 18:37,27000,action,6891,149458,426,2990,534,2872,67,13,285
116,12/09/2026 18:37,27000,action,6955,254225,431,2992,534,2933,62,12,271
117,12/09/2026 18:37,27000,action,6853,152262,433,2966,475,2912,66,13,279
118,12/09/2026 18:37,27000,action,6907,253874,427,2967,512,2936,63,12,271
119,12/09/2026 18:37,27000,action,6916,152086,430,2992,533,2894,66,13,287
120,12/09/2026 18:37,27000,action,6855,277261,428,2969,466,2925,65,12,282
121,12/09/2026 18:37,27000,action,6944,152120,443,2953,504,2970,71,13,283
122,12/09/2026 18:38,27000,action,6833,284118,425,2986,465,2892,63,12,291
123,12/09/2026 18:38,27000,action,6895,282366,437,2948,531,2913,64,12,274
124,12/09/2026 18:38,27000,action,6923,265576,450,3072,469,2867,64,12,283
125,12/09/2026 18:38,27000,action,6889,284312,428,2983,522,2890,63,12,282
126,12/09/2026 18:38,27000,action,6937,154819,450,3010,476,2932,66,13,285
127,12/09/2026 18:38,27000,action,6880,154356,427,2977,509,2900,65,13,284
128,12/09/2026 18:38,27000,action,6962,154782,440,2962,530,2963,65,13,276
129,12/09/2026 18:38,27000,action,6948,251342,433,3029,480,2941,62,12,285
130,12/09/2026 18:38,27000,action,6923,252121,431,2986,508,2931,65,12,285
131,12/09/2026 18:39,27000,action,6937,149411,444,2998,471,2954,68,13,287
132,12/09/2026 18:39,27000,action,7040,273677,444,3023,471,3034,66,12,292
133,12/09/2026 18:39,27000,action,6912,274565,442,2967,537,2902,63,12,281
134,12/09/2026 18:39,27000,action,6862,153083,427,2973,466,2927,68,13,283
135,12/09/2026 18:39,27000,action,6940,281656,430,2992,532,2919,64,12,282
136,12/09/2026 18:39,27000,action,6983,151209,436,2997,526,2940,83,13,284
137,12/09/2026 18:39,27000,action,6896,262558,437,2970,529,2894,64,12,281
138,12/09/2026 18:39,27000,action,6882,255301,426,2962,467,2961,63,12,276
139,12/09/2026 18:40,27000,action,6896,253099,427,3001,507,2895,63,12,287
140,12/09/2026 18:40,27000,action,6944,254730,430,2953,531,2960,69,12,283
141,12/09/2026 18:40,27000,action,7038,149584,432,3052,540,2945,68,13,282
142,12/09/2026 18:40,27000,action,6876,149923,424,2948,530,2903,68,13,281
143,12/09/2026 18:40,27000,action,6945,254724,431,3009,530,2909,63,12,275
144,12/09/2026 18:40,27000,action,6973,153175,430,3006,518,2932,84,13,292
145,12/09/2026 18:40,27000,action,6807,259284,428,2965,510,2839,63,12,286
146,12/09/2026 18:40,27000,action,6923,154266,428,2989,540,2895,69,13,276
147,12/09/2026 18:40,27000,action,6999,248984,428,3037,474,2992,65,12,283
148,12/09/2026 18:41,27000,action,6887,147811,426,2978,527,2889,65,13,288
149,12/09/2026 18:41,27000,action,6935,153534,436,3011,472,2932,81,13,286
150,12/09/2026 18:41,27000,action,6945,152102,428,3019,526,2904,66,13,295
151,12/09/2026 18:41,27000,action,6887,281795,431,2985,475,2919,75,12,288
152,12/09/2026 18:41,27000,action,6959,252099,430,3035,502,2926,64,12,271
153,12/09/2026 18:41,27000,action,6932,149716,431,3018,471,2944,66,13,285
154,12/09/2026 18:41,27000,action,6852,153569,438,2979,462,2905,67,13,278
155,12/09/2026 18:41,27000,action,6911,282349,426,2973,504,2941,65,12,281
156,12/09/2026 18:42,27000,action,6866,151878,427,2962,508,2901,67,13,284
157,12/09/2026 18:42,27000,action,6881,243762,425,2988,465,2938,63,12,286
158,12/09/2026 18:42,27000,action,6879,280647,430,2984,470,2926,67,12,287
159,12/09/2026 18:42,27000,action,6934,149975,444,3037,474,2911,66,13,272
160,12/09/2026 18:42,27000,action,6936,150514,430,2988,486,2962,68,13,286
161,12/09/2026 18:42,27000,action,6861,277052,428,2971,469,2928,63,12,294
162,12/09/2026 18:42,27000,action,6908,255300,427,2987,524,2903,65,12,286
163,12/09/2026 18:42,27000,action,6881,260478,428,2975,466,2947,63,12,280
164,12/09/2026 18:42,27000,action,6929,252120,446,2999,466,2951,65,12,287
165,12/09/2026 18:43,27000,action,7007,149431,437,3045,529,2921,72,13,293
166,12/09/2026 18:43,27000,action,6864,279261,429,2959,534,2876,64,12,287
167,12/09/2026 18:43,27000,action,6909,284942,426,2975,526,2906,75,12,269
168,12/09/2026 18:43,27000,action,6993,281607,432,2994,542,2958,64,12,277
169,12/09/2026 18:43,27000,action,6922,263116,446,3013,466,2914,82,12,284
170,12/09/2026 18:43,27000,action,6928,152233,442,3030,473,2905,76,13,293
171,12/09/2026 18:43,27000,action,6887,252436,429,2996,478,2920,62,12,280
172,12/09/2026 18:43,27000,action,6879,263857,435,3008,471,2900,62,12,275
173,12/09/2026 18:44,27000,action,6910,260388,428,2962,531,2922,64,12,290
174,12/09/2026 18:44,27000,action,6966,150938,433,2968,530,2956,76,13,281
175,12/09/2026 18:44,27000,action,6784,278278,431,2950,463,2876,62,12,271
176,12/09/2026 18:44,27000,action,6908,155179,428,2970,469,2961,78,13,293
177,12/09/2026 18:44,27000,action,6844,159662,440,3016,467,2852,67,13,280
178,12/09/2026 18:44,27000,action,6857,149874,427,2956,530,2865,77,13,281
179,12/09/2026 18:44,27000,action,6916,157255,440,3017,466,2924,66,13,277
180,12/09/2026 18:44,27000,action,6943,251583,426,2973,525,2952,64,12,279
181,12/09/2026 18:45,27000,action,6990,281380,451,3015,553,2904,65,12,288
182,12/09/2026 18:45,27000,action,6862,257415,428,2963,497,2902,70,12,272
183,12/09/2026 18:45,27000,action,6834,154509,427,2953,529,2850,74,13,270
184,12/09/2026 18:45,27000,action,6852,152199,426,2959,473,2923,69,13,280
185,12/09/2026 18:45,27000,action,6888,152108,438,2983,505,2892,68,13,297
186,12/09/2026 18:45,27000,action,6852,259515,425,2952,536,2874,63,12,287
187,12/09/2026 18:45,27000,action,6868,284610,438,3015,473,2878,62,12,282
188,12/09/2026 18:45,27000,action,6778,275041,428,2956,468,2860,62,12,279
189,12/09/2026 18:45,27000,action,6830,160369,425,2954,465,2914,69,13,291
190,12/09/2026 18:46,27000,action,6974,280775,430,3005,529,2946,61,12,274
191,12/09/2026 18:46,27000,action,7012,249374,427,3003,506,3010,63,12,290
192,12/09/2026 18:46,27000,action,6862,151880,447,3001,467,2863,82,13,286
193,12/09/2026 18:46,27000,action,6877,152007,428,2963,503,2910,71,13,277
194,12/09/2026 18:46,27000,action,6930,147693,430,2969,498,2966,66,13,283
195,12/09/2026 18:46,27000,action,6934,152097,449,2991,471,2944,77,13,286
196,12/09/2026 18:46,27000,action,6906,159746,431,2958,522,2926,68,13,277
197,12/09/2026 18:46,27000,action,6856,151996,427,2987,464,2895,81,13,284
198,12/09/2026 18:47,27000,action,6912,276432,428,2961,528,2929,64,12,286
199,12/09/2026 18:47,27000,action,6870,281474,429,2962,530,2885,62,12,283
200,12/09/2026 18:47,27000,action,7012,276179,426,3006,560,2955,64,12,281
1,12/09/2026 18:52,40500,action,10151,284551,447,4496,810,4317,80,21,478
2,12/09/2026 18:52,40500,action,10133,303998,431,4417,865,4333,85,21,460
3,12/09/2026 18:52,40500,action,10108,299630,428,4468,832,4300,78,21,488
4,12/09/2026 18:52,40500,action,10178,285644,429,4430,864,4374,80,21,459
5,12/09/2026 18:53,40500,action,10054,241586,429,4427,811,4305,80,21,495
6,12/09/2026 18:53,40500,action,10237,287820,429,4483,836,4408,79,21,504
7,12/09/2026 18:53,40500,action,10246,290559,434,4505,817,4410,78,21,474
8,12/09/2026 18:53,40500,action,10088,290373,429,4426,819,4332,79,21,477
9,12/09/2026 18:53,40500,action,10189,241510,431,4429,846,4384,96,21,472
10,12/09/2026 18:53,40500,action,10188,296585,431,4500,823,4356,77,21,488
11,12/09/2026 18:54,40500,action,10149,243930,427,4427,810,4390,92,21,469
12,12/09/2026 18:54,40500,action,10134,299314,426,4463,848,4314,81,21,508
13,12/09/2026 18:54,40500,action,10206,287899,428,4479,857,4361,79,21,480
14,12/09/2026 18:54,40500,action,10248,305239,431,4466,871,4400,78,21,480
15,12/09/2026 18:54,40500,action,10131,310324,426,4480,808,4337,78,21,473
16,12/09/2026 18:54,40500,action,10167,284987,430,4448,876,4336,76,21,483
17,12/09/2026 18:55,40500,action,10211,252457,447,4444,878,4355,86,21,465
18,12/09/2026 18:55,40500,action,10178,240470,430,4461,844,4360,82,21,486
19,12/09/2026 18:55,40500,action,10120,292049,432,4432,825,4350,79,21,467
20,12/09/2026 18:55,40500,action,10204,256315,437,4448,869,4363,86,21,466
21,12/09/2026 18:55,40500,action,10153,289305,429,4468,869,4307,78,21,471
22,12/09/2026 18:56,40500,action,10079,250084,433,4420,826,4317,81,21,460
23,12/09/2026 18:56,40500,action,10186,238170,428,4489,862,4322,83,21,517
24,12/09/2026 18:56,40500,action,10231,291000,427,4427,871,4412,93,21,486
25,12/09/2026 18:56,40500,action,10211,288766,431,4450,859,4379,90,21,458
26,12/09/2026 18:56,40500,action,10113,241505,426,4455,868,4282,80,21,474
27,12/09/2026 18:56,40500,action,10154,297882,430,4439,865,4343,75,21,462
28,12/09/2026 18:57,40500,action,10124,287166,429,4420,848,4346,78,21,481
29,12/09/2026 18:57,40500,action,10207,275125,433,4468,858,4366,80,21,492
30,12/09/2026 18:57,40500,action,10077,272254,431,4421,865,4279,79,21,476
31,12/09/2026 18:57,40500,action,10130,257082,427,4400,840,4379,83,21,464
32,12/09/2026 18:57,40500,action,10135,282778,442,4493,811,4304,83,21,473
33,12/09/2026 18:57,40500,action,10042,314427,433,4456,806,4265,80,21,468
34,12/09/2026 18:58,40500,action,10114,293234,432,4468,812,4324,76,21,479
35,12/09/2026 18:58,40500,action,10207,271526,426,4467,871,4363,79,21,517
36,12/09/2026 18:58,40500,action,10173,241440,429,4447,841,4371,83,21,477
37,12/09/2026 18:58,40500,action,10114,230827,429,4394,826,4376,87,21,456
38,12/09/2026 18:58,40500,action,10212,241434,429,4481,841,4372,86,21,498
39,12/09/2026 18:58,40500,action,10201,287857,430,4417,846,4419,88,21,473
40,12/09/2026 18:59,40500,action,10217,238278,429,4479,812,4403,91,21,519
41,12/09/2026 18:59,40500,action,10258,237999,431,4442,910,4388,85,21,476
42,12/09/2026 18:59,40500,action,10302,285524,430,4496,874,4407,92,21,483
43,12/09/2026 18:59,40500,action,10177,305256,454,4427,824,4392,79,21,474
44,12/09/2026 18:59,40500,action,10200,306334,432,4466,892,4328,79,21,492
45,12/09/2026 18:59,40500,action,10211,237377,432,4511,868,4313,85,21,486
46,12/09/2026 19:00,40500,action,10124,283611,430,4448,868,4298,77,21,485
47,12/09/2026 19:00,40500,action,10161,275095,441,4472,841,4327,79,21,458
48,12/09/2026 19:00,40500,action,10041,296175,427,4392,818,4318,84,21,459
49,12/09/2026 19:00,40500,action,10267,243503,452,4458,872,4401,82,21,478
50,12/09/2026 19:00,40500,action,10104,293068,430,4383,845,4367,77,21,470
51,12/09/2026 19:01,40500,action,10154,243382,428,4418,821,4402,83,21,482
52,12/09/2026 19:01,40500,action,10104,279474,436,4425,804,4359,78,21,468
53,12/09/2026 19:01,40500,action,10086,287519,429,4423,820,4335,78,21,482
54,12/09/2026 19:01,40500,action,10110,245790,428,4392,809,4399,80,21,469
55,12/09/2026 19:01,40500,action,10146,256461,443,4509,825,4282,84,21,479
56,12/09/2026 19:01,40500,action,10116,280341,431,4435,845,4322,82,21,478
57,12/09/2026 19:02,40500,action,10117,276811,430,4487,800,4318,79,21,465
58,12/09/2026 19:02,40500,action,10191,289458,433,4413,884,4383,75,21,465
59,12/09/2026 19:02,40500,action,10182,308587,444,4484,812,4362,77,21,494
60,12/09/2026 19:02,40500,action,10092,287492,426,4407,847,4332,77,21,473
61,12/09/2026 19:02,40500,action,10251,280574,437,4456,841,4434,81,21,470
62,12/09/2026 19:02,40500,action,10167,256062,428,4412,847,4394,84,21,465
63,12/09/2026 19:03,40500,action,10097,271901,426,4435,811,4331,93,21,480
64,12/09/2026 19:03,40500,action,10166,253465,428,4440,859,4352,85,21,526
65,12/09/2026 19:03,40500,action,10174,255790,437,4481,806,4364,84,21,493
66,12/09/2026 19:03,40500,action,10316,385865,430,4519,870,4405,90,20,465
67,12/09/2026 19:03,40500,action,10051,303409,427,4428,801,4314,78,21,477
68,12/09/2026 19:03,40500,action,10189,277178,430,4414,839,4426,78,21,487
69,12/09/2026 19:04,40500,action,10145,230997,469,4413,803,4377,81,21,482
70,12/09/2026 19:04,40500,action,10304,237911,451,4560,827,4380,84,21,477
71,12/09/2026 19:04,40500,action,10149,385517,429,4460,869,4311,78,20,452
72,12/09/2026 19:04,40500,action,10119,270835,428,4465,836,4311,78,21,492
73,12/09/2026 19:04,40500,action,10172,237819,428,4402,875,4368,97,21,472
74,12/09/2026 19:04,40500,action,10242,308623,431,4444,845,4440,79,21,499
75,12/09/2026 19:05,40500,action,10336,269636,426,4423,898,4508,80,21,473
76,12/09/2026 19:05,40500,action,10400,240928,463,4572,851,4430,81,21,512
77,12/09/2026 19:05,40500,action,10144,309132,445,4450,813,4356,79,21,500
78,12/09/2026 19:05,40500,action,10183,377067,435,4424,875,4367,79,20,459
79,12/09/2026 19:05,40500,action,10122,294989,433,4434,816,4358,78,21,488
80,12/09/2026 19:06,40500,action,10206,240458,431,4459,862,4354,97,21,477
81,12/09/2026 19:06,40500,action,10168,284130,430,4461,879,4319,78,21,468
82,12/09/2026 19:06,40500,action,10023,265751,428,4403,824,4289,77,21,475
83,12/09/2026 19:06,40500,action,10125,270600,428,4420,872,4322,80,21,467
84,12/09/2026 19:06,40500,action,10198,270574,429,4424,872,4391,80,21,470
85,12/09/2026 19:06,40500,action,10097,299304,428,4443,810,4335,80,21,481
86,12/09/2026 19:07,40500,action,10097,285671,427,4455,872,4266,76,21,469
87,12/09/2026 19:07,40500,action,10189,239052,429,4450,879,4335,95,21,474
88,12/09/2026 19:07,40500,action,10336,285875,433,4533,863,4427,78,21,533
89,12/09/2026 19:07,40500,action,10080,294270,428,4434,803,4331,82,21,513
90,12/09/2026 19:07,40500,action,10165,301073,427,4434,810,4412,80,21,470
91,12/09/2026 19:07,40500,action,10077,282052,427,4391,845,4333,79,21,465
92,12/09/2026 19:08,40500,action,10164,256187,428,4476,867,4305,85,21,464
93,12/09/2026 19:08,40500,action,10127,290383,431,4415,840,4360,79,21,465
94,12/09/2026 19:08,40500,action,10055,304507,428,4442,805,4291,88,21,514
95,12/09/2026 19:08,40500,action,10125,249747,426,4421,869,4324,82,21,465
96,12/09/2026 19:08,40500,action,10192,287474,434,4447,869,4357,83,21,460
97,12/09/2026 19:08,40500,action,10165,289165,429,4406,868,4374,87,21,473
98,12/09/2026 19:09,40500,action,10092,300533,447,4435,825,4305,79,21,477
99,12/09/2026 19:09,40500,action,10121,318305,426,4425,877,4315,76,21,518
100,12/09/2026 19:09,40500,action,10249,271849,429,4459,893,4388,79,21,489
101,12/09/2026 19:09,40500,action,10066,269520,445,4432,823,4285,80,21,472
102,12/09/2026 19:09,40500,action,10273,308601,429,4481,847,4433,81,21,484
103,12/09/2026 19:09,40500,action,10143,288250,441,4449,866,4308,76,21,487
104,12/09/2026 19:10,40500,action,10258,291025,432,4491,881,4373,78,21,499
105,12/09/2026 19:10,40500,action,10196,237312,429,4507,864,4297,97,21,467
106,12/09/2026 19:10,40500,action,10205,270506,432,4456,853,4373,89,21,496
107,12/09/2026 19:10,40500,action,10315,281592,462,4520,823,4430,77,21,497
108,12/09/2026 19:10,40500,action,10259,231775,432,4435,826,4481,83,21,460
109,12/09/2026 19:11,40500,action,10113,305333,433,4421,845,4335,77,21,474
110,12/09/2026 19:11,40500,action,10056,234875,430,4433,805,4304,82,21,461
111,12/09/2026 19:11,40500,action,10045,287816,430,4393,870,4272,78,21,465
112,12/09/2026 19:11,40500,action,10222,376048,432,4428,881,4399,79,20,468
113,12/09/2026 19:11,40500,action,10174,282092,428,4444,851,4371,77,21,467
114,12/09/2026 19:11,40500,action,10127,256106,426,4450,861,4300,88,21,478
115,12/09/2026 19:12,40500,action,10127,272943,427,4409,869,4341,78,21,473
116,12/09/2026 19:12,40500,action,10118,282458,427,4452,820,4338,79,21,487
117,12/09/2026 19:12,40500,action,10150,384485,432,4461,820,4357,78,20,464
118,12/09/2026 19:12,40500,action,10097,381232,427,4406,842,4343,76,20,450
119,12/09/2026 19:12,40500,action,10073,287952,427,4454,818,4293,78,21,469
120,12/09/2026 19:12,40500,action,10126,274254,433,4439,828,4349,76,21,483
121,12/09/2026 19:13,40500,action,10199,291136,441,4425,810,4429,92,21,475
122,12/09/2026 19:13,40500,action,10091,278451,430,4404,877,4303,75,21,475
123,12/09/2026 19:13,40500,action,10110,273799,427,4434,841,4329,76,21,534
124,12/09/2026 19:13,40500,action,10121,292545,428,4418,876,4321,76,21,473
125,12/09/2026 19:13,40500,action,10123,240458,429,4416,841,4354,81,21,476
126,12/09/2026 19:13,40500,action,10206,307292,429,4489,813,4394,78,21,472
127,12/09/2026 19:14,40500,action,10221,230089,428,4452,806,4453,79,21,482
128,12/09/2026 19:14,40500,action,10097,293205,435,4438,862,4282,78,21,491
129,12/09/2026 19:14,40500,action,10344,302619,429,4508,854,4472,78,21,525
130,12/09/2026 19:14,40500,action,10061,385030,426,4419,813,4324,77,20,451
131,12/09/2026 19:14,40500,action,10131,252587,436,4422,817,4367,86,21,510
132,12/09/2026 19:14,40500,action,10033,316532,428,4421,814,4290,78,21,473
133,12/09/2026 19:15,40500,action,10172,302828,428,4447,868,4350,77,21,479
134,12/09/2026 19:15,40500,action,10169,255128,426,4430,882,4343,85,21,475
135,12/09/2026 19:15,40500,action,10154,272120,431,4458,846,4339,79,21,499
136,12/09/2026 19:15,40500,action,10059,234849,435,4395,834,4314,80,21,473
137,12/09/2026 19:15,40500,action,10091,284867,433,4426,823,4318,88,21,470
138,12/09/2026 19:15,40500,action,10257,287136,443,4476,887,4371,78,21,487
139,12/09/2026 19:16,40500,action,10244,290242,431,4479,874,4380,77,21,496
140,12/09/2026 19:16,40500,action,10133,242875,426,4459,801,4366,81,21,469
141,12/09/2026 19:16,40500,action,10171,292590,433,4446,816,4391,83,21,479
142,12/09/2026 19:16,40500,action,10147,238171,430,4364,883,4386,83,21,458
143,12/09/2026 19:16,40500,action,10076,290825,433,4402,842,4316,80,21,470
144,12/09/2026 19:17,40500,action,10106,301626,440,4410,831,4347,77,21,474
145,12/09/2026 19:17,40500,action,10092,274545,425,4439,839,4310,78,21,485
146,12/09/2026 19:17,40500,action,10146,285170,431,4444,815,4370,83,21,470
147,12/09/2026 19:17,40500,action,10274,254845,447,4523,833,4389,81,21,497
148,12/09/2026 19:17,40500,action,10246,243514,430,4460,852,4420,83,21,463
149,12/09/2026 19:17,40500,action,10218,384612,430,4472,866,4370,78,20,447
150,12/09/2026 19:18,40500,action,10122,249501,439,4460,807,4333,81,21,484
151,12/09/2026 19:18,40500,action,10203,273987,431,4519,873,4299,79,21,472
152,12/09/2026 19:18,40500,action,10183,376972,431,4429,855,4388,77,20,487
153,12/09/2026 19:18,40500,action,10168,246606,434,4433,856,4361,82,21,478
154,12/09/2026 19:18,40500,action,10262,271943,430,4489,843,4412,86,21,504
155,12/09/2026 19:18,40500,action,10141,290404,429,4415,871,4345,79,21,467
156,12/09/2026 19:19,40500,action,10079,286163,445,4439,817,4300,77,21,463
157,12/09/2026 19:19,40500,action,10132,264513,429,4438,839,4348,76,21,484
158,12/09/2026 19:19,40500,action,10129,269721,441,4458,820,4319,89,21,481
159,12/09/2026 19:19,40500,action,10174,304102,427,4442,875,4337,92,21,477
160,12/09/2026 19:19,40500,action,10214,291654,452,4476,831,4377,76,21,478
161,12/09/2026 19:19,40500,action,10111,309942,429,4471,829,4302,79,21,494
162,12/09/2026 19:20,40500,action,10259,291306,426,4538,837,4379,77,21,479
163,12/09/2026 19:20,40500,action,10098,276810,428,4403,804,4372,88,21,486
164,12/09/2026 19:20,40500,action,10155,253168,427,4419,850,4373,85,21,480
165,12/09/2026 19:20,40500,action,10191,269329,428,4406,890,4387,78,21,472
166,12/09/2026 19:20,40500,action,10166,307626,435,4459,876,4315,79,21,487
167,12/09/2026 19:20,40500,action,10136,295692,422,4448,876,4309,78,21,486
168,12/09/2026 19:21,40500,action,10080,284011,431,4422,839,4301,84,21,482
169,12/09/2026 19:21,40500,action,10157,289097,432,4430,858,4359,77,21,453
170,12/09/2026 19:21,40500,action,10361,243787,427,4497,879,4472,84,21,501
171,12/09/2026 19:21,40500,action,10212,273118,428,4549,839,4309,84,21,494
172,12/09/2026 19:21,40500,action,10066,294209,424,4439,805,4318,78,21,471
173,12/09/2026 19:22,40500,action,10022,316564,439,4410,844,4250,77,21,466
174,12/09/2026 19:22,40500,action,10145,280144,428,4453,881,4304,77,21,473
175,12/09/2026 19:22,40500,action,10153,294271,428,4424,858,4358,83,21,479
176,12/09/2026 19:22,40500,action,10210,314789,432,4449,901,4347,79,21,463
177,12/09/2026 19:22,40500,action,10144,286802,429,4457,835,4345,77,21,503
178,12/09/2026 19:22,40500,action,10043,272000,428,4389,816,4330,78,21,456
179,12/09/2026 19:23,40500,action,10118,272317,426,4407,854,4345,83,21,483
180,12/09/2026 19:23,40500,action,10090,288178,427,4471,838,4274,78,21,457
181,12/09/2026 19:23,40500,action,10191,381195,439,4471,825,4376,78,20,468
182,12/09/2026 19:23,40500,action,10163,302950,433,4452,837,4360,80,21,525
183,12/09/2026 19:23,40500,action,10070,281294,428,4398,838,4326,78,21,468
184,12/09/2026 19:23,40500,action,10111,281214,430,4441,835,4327,77,21,476
185,12/09/2026 19:24,40500,action,10166,294976,438,4484,825,4340,77,21,496
186,12/09/2026 19:24,40500,action,10105,240837,431,4432,813,4346,81,21,459
187,12/09/2026 19:24,40500,action,10215,241936,429,4427,849,4427,80,21,476
188,12/09/2026 19:24,40500,action,10234,294978,432,4456,867,4401,76,21,495
189,12/09/2026 19:24,40500,action,10144,291660,427,4409,819,4408,80,21,480
190,12/09/2026 19:24,40500,action,10166,255327,428,4469,841,4340,85,21,489
191,12/09/2026 19:25,40500,action,10271,284927,432,4491,873,4395,78,21,498
192,12/09/2026 19:25,40500,action,10090,286408,439,4423,824,4323,78,21,463
193,12/09/2026 19:25,40500,action,10130,293286,428,4437,814,4369,79,21,464
194,12/09/2026 19:25,40500,action,10143,379251,428,4419,866,4350,78,20,463
195,12/09/2026 19:25,40500,action,10244,284120,427,4438,868,4423,85,21,474
196,12/09/2026 19:25,40500,action,10215,237770,426,4453,867,4385,81,21,471
197,12/09/2026 19:26,40500,action,10209,255237,430,4502,874,4320,81,21,498
198,12/09/2026 19:26,40500,action,10173,290953,426,4450,836,4378,80,21,485
199,12/09/2026 19:26,40500,action,10088,281581,429,4461,807,4312,77,21,467
200,12/09/2026 19:26,40500,action,10092,288871,429,4411,858,4314,78,21,471
1,12/09/2026 19:31,54000,action,12860,372644,432,5760,1043,5525,99,26,629
2,12/09/2026 19:32,54000,action,12897,364782,425,5721,1012,5642,96,26,609
3,12/09/2026 19:32,54000,action,12887,324046,427,5750,1054,5551,104,26,624
4,12/09/2026 19:32,54000,action,12920,369702,428,5780,1019,5573,118,26,629
5,12/09/2026 19:32,54000,action,12992,342230,435,5780,1073,5593,110,26,615
6,12/09/2026 19:32,54000,action,12881,388433,449,5797,1029,5503,102,26,616
7,12/09/2026 19:33,54000,action,12839,318951,428,5737,1044,5526,102,26,614
8,12/09/2026 19:33,54000,action,12826,373272,445,5784,1013,5483,99,26,611
9,12/09/2026 19:33,54000,action,12843,380815,430,5726,1058,5528,100,26,627
10,12/09/2026 19:33,54000,action,12966,492258,430,5748,1063,5619,105,25,617
11,12/09/2026 19:34,54000,action,12822,403059,431,5691,1034,5564,100,26,598
12,12/09/2026 19:34,54000,action,12906,333447,431,5797,1046,5524,106,26,608
13,12/09/2026 19:34,54000,action,12844,381564,430,5720,1060,5525,108,26,625
14,12/09/2026 19:34,54000,action,12829,316667,427,5725,1062,5508,104,26,621
15,12/09/2026 19:34,54000,action,12910,390735,438,5795,1000,5575,100,26,633
16,12/09/2026 19:35,54000,action,12908,386284,427,5834,1040,5503,103,26,644
17,12/09/2026 19:35,54000,action,12937,376214,429,5794,1020,5593,99,26,685
18,12/09/2026 19:35,54000,action,12862,394850,439,5827,1016,5479,98,26,634
19,12/09/2026 19:35,54000,action,12909,386396,432,5771,1020,5581,102,26,650
20,12/09/2026 19:36,54000,action,12814,340922,428,5772,1082,5424,105,26,641
21,12/09/2026 19:36,54000,action,12824,379182,437,5727,1043,5514,100,26,626
22,12/09/2026 19:36,54000,action,12844,368883,427,5770,1016,5528,101,26,622
23,12/09/2026 19:36,54000,action,12958,376027,427,5753,1082,5580,114,26,661
24,12/09/2026 19:36,54000,action,13047,320039,427,5883,1017,5613,105,26,745
25,12/09/2026 19:37,54000,action,13028,377935,427,5838,1063,5601,97,26,621
26,12/09/2026 19:37,54000,action,12872,392358,428,5780,1029,5514,118,26,650
27,12/09/2026 19:37,54000,action,12841,375171,438,5741,1015,5529,116,26,598
28,12/09/2026 19:37,54000,action,12905,388222,426,5840,1026,5510,101,26,751
29,12/09/2026 19:37,54000,action,12857,386864,415,5753,1061,5527,100,26,602
30,12/09/2026 19:38,54000,action,12940,341178,430,5783,1063,5555,107,26,629
31,12/09/2026 19:38,54000,action,12903,319844,426,5828,1031,5518,98,26,629
32,12/09/2026 19:38,54000,action,12989,315744,430,5827,1023,5601,105,26,674
33,12/09/2026 19:38,54000,action,13159,394074,437,5897,1083,5624,115,26,714
34,12/09/2026 19:39,54000,action,12932,387180,431,5747,1048,5603,101,26,649
35,12/09/2026 19:39,54000,action,12811,386798,429,5706,1019,5557,98,26,610
36,12/09/2026 19:39,54000,action,12945,320234,427,5816,1031,5564,105,26,631
37,12/09/2026 19:39,54000,action,12938,355862,429,5816,1026,5565,101,26,664
38,12/09/2026 19:39,54000,action,12883,318870,428,5714,1071,5564,103,26,601
39,12/09/2026 19:40,54000,action,12809,371314,432,5716,1023,5539,97,26,609
40,12/09/2026 19:40,54000,action,12822,315478,429,5786,1039,5466,100,26,632
41,12/09/2026 19:40,54000,action,12795,393640,429,5722,1056,5488,99,26,628
42,12/09/2026 19:40,54000,action,12816,327498,430,5781,1022,5478,103,26,652
43,12/09/2026 19:41,54000,action,13044,313322,438,5782,1045,5675,102,26,622
44,12/09/2026 19:41,54000,action,12840,395139,433,5751,1052,5499,103,26,603
45,12/09/2026 19:41,54000,action,12890,371093,431,5726,1106,5526,99,26,612
46,12/09/2026 19:41,54000,action,12940,324272,427,5774,1061,5573,104,26,631
47,12/09/2026 19:41,54000,action,12964,487896,429,5865,1070,5466,132,25,647
48,12/09/2026 19:42,54000,action,12868,391346,428,5780,1019,5539,101,26,623
49,12/09/2026 19:42,54000,action,12881,315509,440,5735,1060,5539,105,26,621
50,12/09/2026 19:42,54000,action,13081,393008,431,5836,1066,5647,99,26,705
51,12/09/2026 19:42,54000,action,12837,375615,425,5748,1059,5504,100,26,619
52,12/09/2026 19:43,54000,action,12808,371303,432,5741,1011,5524,98,26,640
53,12/09/2026 19:43,54000,action,12982,388343,436,5835,1059,5555,95,26,624
54,12/09/2026 19:43,54000,action,12916,394723,431,5768,1019,5596,99,26,634
55,12/09/2026 19:43,54000,action,12991,364843,444,5820,1065,5560,99,26,655
56,12/09/2026 19:43,54000,action,12914,392054,433,5746,1047,5571,115,26,647
57,12/09/2026 19:44,54000,action,12939,328224,431,5785,1050,5569,102,26,631
58,12/09/2026 19:44,54000,action,12946,314929,433,5773,1071,5548,118,26,648
59,12/09/2026 19:44,54000,action,12962,374608,441,5840,1023,5554,102,26,687
60,12/09/2026 19:44,54000,action,12938,331655,443,5748,1065,5579,101,26,594
61,12/09/2026 19:44,54000,action,12915,484338,441,5756,1025,5595,97,25,626
62,12/09/2026 19:45,54000,action,12978,393109,429,5796,1079,5560,112,26,652
63,12/09/2026 19:45,54000,action,13075,336230,429,5793,1076,5670,106,26,627
64,12/09/2026 19:45,54000,action,12918,372451,432,5771,1028,5583,102,26,674
65,12/09/2026 19:45,54000,action,12927,378609,430,5772,1047,5581,96,26,635
66,12/09/2026 19:46,54000,action,13030,368132,431,5865,1081,5552,99,26,740
67,12/09/2026 19:46,54000,action,13040,387383,432,5831,1048,5628,100,26,609
68,12/09/2026 19:46,54000,action,12891,320320,427,5776,1013,5573,100,26,650
69,12/09/2026 19:46,54000,action,12845,376309,431,5743,1068,5504,97,26,633
70,12/09/2026 19:46,54000,action,12861,390773,451,5779,1024,5509,97,26,645
71,12/09/2026 19:47,54000,action,13010,367690,433,5854,1032,5589,100,26,737
72,12/09/2026 19:47,54000,action,12845,320138,431,5699,1055,5555,103,26,604
73,12/09/2026 19:47,54000,action,13025,387311,430,5829,1072,5591,101,26,612
74,12/09/2026 19:47,54000,action,12952,388935,429,5848,1073,5501,99,26,642
75,12/09/2026 19:48,54000,action,12855,391625,432,5715,1050,5556,99,26,623
76,12/09/2026 19:48,54000,action,12705,375761,427,5648,1003,5528,99,26,605
77,12/09/2026 19:48,54000,action,12807,371546,431,5691,1036,5549,98,26,611
78,12/09/2026 19:48,54000,action,12949,384390,433,5846,1012,5554,101,26,731
79,12/09/2026 19:48,54000,action,12821,391614,436,5730,1015,5540,99,26,601
80,12/09/2026 19:49,54000,action,12909,371806,433,5753,1037,5581,103,26,627
81,12/09/2026 19:49,54000,action,12840,393451,430,5751,1015,5540,101,26,623
82,12/09/2026 19:49,54000,action,13011,496682,430,5869,1026,5586,98,25,635
83,12/09/2026 19:49,54000,action,12889,311182,425,5762,1044,5550,106,26,649
84,12/09/2026 19:49,54000,action,12826,390792,428,5734,1003,5546,114,26,617
85,12/09/2026 19:50,54000,action,12987,379985,441,5837,1037,5570,100,26,658
86,12/09/2026 19:50,54000,action,12808,397715,425,5753,1010,5518,101,26,636
87,12/09/2026 19:50,54000,action,13101,320411,433,5808,1014,5741,104,26,610
88,12/09/2026 19:50,54000,action,12859,323096,444,5747,1067,5497,102,26,626
89,12/09/2026 19:51,54000,action,13079,311514,436,5932,1018,5588,103,26,614
90,12/09/2026 19:51,54000,action,12891,376370,431,5796,1020,5544,99,26,660
91,12/09/2026 19:51,54000,action,12893,408159,430,5780,1067,5517,97,26,650
92,12/09/2026 19:51,54000,action,12903,369058,432,5756,1087,5527,100,26,625
93,12/09/2026 19:51,54000,action,12911,371824,434,5755,1037,5576,108,26,619
94,12/09/2026 19:52,54000,action,12857,390534,432,5817,1015,5493,98,26,658
95,12/09/2026 19:52,54000,action,12844,388524,431,5818,1033,5458,101,26,614
96,12/09/2026 19:52,54000,action,12901,490489,430,5786,1014,5572,97,25,602
97,12/09/2026 19:52,54000,action,12908,393943,432,5764,1029,5583,99,26,623
98,12/09/2026 19:53,54000,action,12974,377181,434,5764,1060,5615,98,26,627
99,12/09/2026 19:53,54000,action,12819,500810,428,5695,993,5604,96,25,608
100,12/09/2026 19:53,54000,action,12847,371199,431,5815,1006,5494,99,26,632
101,12/09/2026 19:53,54000,action,12892,311158,429,5738,1064,5546,113,26,637
102,12/09/2026 19:53,54000,action,12942,312398,430,5716,1064,5626,104,26,617
103,12/09/2026 19:54,54000,action,12853,440207,431,5686,1072,5565,97,25,610
104,12/09/2026 19:54,54000,action,12822,369345,432,5692,1034,5539,123,26,612
105,12/09/2026 19:54,54000,action,12981,390364,431,5833,1049,5567,98,26,701
106,12/09/2026 19:54,54000,action,12903,390406,434,5771,1071,5525,100,26,652
107,12/09/2026 19:55,54000,action,12922,332577,434,5767,1068,5547,104,26,653
108,12/09/2026 19:55,54000,action,12910,340987,440,5756,1064,5541,108,26,642
109,12/09/2026 19:55,54000,action,12867,409554,428,5768,1055,5517,97,26,635
110,12/09/2026 19:55,54000,action,12896,390836,428,5760,1013,5590,103,26,653
111,12/09/2026 19:55,54000,action,12987,488208,433,5739,1063,5649,101,25,607
112,12/09/2026 19:56,54000,action,12920,391519,431,5756,1052,5575,104,26,631
113,12/09/2026 19:56,54000,action,12845,376012,432,5741,1050,5521,99,26,597
114,12/09/2026 19:56,54000,action,12810,376865,431,5745,1007,5523,103,26,594
115,12/09/2026 19:56,54000,action,12896,341233,431,5831,1029,5487,116,26,703
116,12/09/2026 19:56,54000,action,12959,324571,432,5795,1039,5593,99,26,623
117,12/09/2026 19:57,54000,action,13080,499882,427,5860,1041,5653,98,25,625
118,12/09/2026 19:57,54000,action,12909,373878,433,5812,1046,5502,113,26,624
119,12/09/2026 19:57,54000,action,12911,495350,431,5767,1045,5568,98,25,629
120,12/09/2026 19:57,54000,action,12920,373076,431,5793,1052,5544,98,26,680
121,12/09/2026 19:58,54000,action,12820,397204,433,5802,1028,5456,99,26,645
122,12/09/2026 19:58,54000,action,13117,312199,433,5852,1074,5645,111,26,624
123,12/09/2026 19:58,54000,action,12988,500477,437,5809,1019,5624,98,25,615
124,12/09/2026 19:58,54000,action,12885,374164,444,5793,1015,5535,96,26,667
125,12/09/2026 19:58,54000,action,12995,371568,430,5843,1041,5565,113,26,707
126,12/09/2026 19:59,54000,action,12791,386584,430,5709,1024,5507,119,26,621
127,12/09/2026 19:59,54000,action,12849,388696,448,5768,1023,5506,102,26,606
128,12/09/2026 19:59,54000,action,12948,488642,432,5785,1024,5604,101,25,608
129,12/09/2026 19:59,54000,action,12952,489938,432,5781,1061,5578,99,25,692
130,12/09/2026 20:00,54000,action,12901,393437,426,5822,1008,5549,95,26,680
131,12/09/2026 20:00,54000,action,12975,486211,434,5746,1030,5664,99,25,627
132,12/09/2026 20:00,54000,action,12958,328379,427,5799,1041,5587,101,26,609
133,12/09/2026 20:00,54000,action,12883,392585,437,5745,1020,5578,101,26,616
134,12/09/2026 20:00,54000,action,12930,494969,431,5799,1078,5518,100,25,659
135,12/09/2026 20:01,54000,action,12942,480774,430,5811,1028,5572,100,25,620
136,12/09/2026 20:01,54000,action,12888,489216,428,5774,1042,5546,97,25,638
137,12/09/2026 20:01,54000,action,12843,376718,427,5672,1059,5587,95,26,631
138,12/09/2026 20:01,54000,action,12854,384461,427,5738,1051,5538,98,26,604
139,12/09/2026 20:01,54000,action,12845,384992,428,5767,1049,5501,98,26,625
140,12/09/2026 20:02,54000,action,12956,392230,428,5773,1050,5604,99,26,607
141,12/09/2026 20:02,54000,action,12942,334843,429,5828,1033,5538,112,26,666
142,12/09/2026 20:02,54000,action,12836,383307,425,5787,1017,5506,99,26,634
143,12/09/2026 20:02,54000,action,12865,394478,428,5777,1063,5498,98,26,646
144,12/09/2026 20:03,54000,action,12905,392770,428,5759,1034,5580,102,26,621
145,12/09/2026 20:03,54000,action,13114,374841,428,5928,1075,5580,100,26,628
146,12/09/2026 20:03,54000,action,12874,369384,426,5730,1082,5534,99,26,611
147,12/09/2026 20:03,54000,action,12749,387035,427,5737,1014,5467,101,26,610
148,12/09/2026 20:03,54000,action,12803,371451,431,5752,1015,5502,101,26,622
149,12/09/2026 20:04,54000,action,12991,395180,431,5753,1020,5687,97,26,631
150,12/09/2026 20:04,54000,action,12775,310970,431,5741,1009,5488,104,26,610
151,12/09/2026 20:04,54000,action,12890,389847,429,5801,1019,5538,100,26,649
152,12/09/2026 20:04,54000,action,12874,388809,428,5753,1022,5572,97,26,638
153,12/09/2026 20:05,54000,action,12915,394280,428,5779,1012,5593,101,26,640
154,12/09/2026 20:05,54000,action,12991,387438,432,5865,1031,5553,108,26,624
155,12/09/2026 20:05,54000,action,12852,320281,430,5717,1023,5579,102,26,602
156,12/09/2026 20:05,54000,action,12937,494172,428,5755,1015,5626,110,25,628
157,12/09/2026 20:05,54000,action,12890,390209,429,5866,1009,5486,97,26,685
158,12/09/2026 20:06,54000,action,12939,375648,426,5696,1050,5664,100,26,642
159,12/09/2026 20:06,54000,action,12911,320409,434,5723,1056,5588,107,26,611
160,12/09/2026 20:06,54000,action,12996,386367,445,5808,1042,5601,98,26,647
161,12/09/2026 20:06,54000,action,12886,387062,427,5766,1040,5552,99,26,605
162,12/09/2026 20:07,54000,action,12845,391882,427,5733,1074,5489,120,26,611
163,12/09/2026 20:07,54000,action,12850,398944,429,5760,1037,5516,106,26,616
164,12/09/2026 20:07,54000,action,13049,314746,428,5836,1052,5626,105,26,631
165,12/09/2026 20:07,54000,action,12859,316309,430,5706,1064,5555,102,26,613
166,12/09/2026 20:07,54000,action,12819,314440,430,5768,1010,5505,104,26,634
167,12/09/2026 20:08,54000,action,12817,369250,429,5715,1071,5498,102,26,628
168,12/09/2026 20:08,54000,action,12965,386331,427,5827,1034,5577,98,26,716
169,12/09/2026 20:08,54000,action,12870,395744,432,5755,1010,5569,102,26,642
170,12/09/2026 20:08,54000,action,12907,487712,430,5804,1030,5524,117,25,592
171,12/09/2026 20:08,54000,action,12892,380344,430,5777,1027,5557,98,26,633
172,12/09/2026 20:09,54000,action,13044,387556,428,5883,1041,5591,100,26,658
173,12/09/2026 20:09,54000,action,12958,382567,431,5783,1051,5586,104,26,682
174,12/09/2026 20:09,54000,action,13043,387812,433,5841,1067,5597,102,26,639
175,12/09/2026 20:09,54000,action,12955,387479,430,5853,1080,5492,98,26,627
176,12/09/2026 20:10,54000,action,12915,372625,456,5765,1018,5576,97,26,607
177,12/09/2026 20:10,54000,action,12953,331054,425,5846,1055,5519,106,26,737
178,12/09/2026 20:10,54000,action,12892,394644,429,5737,1032,5592,101,26,638
179,12/09/2026 20:10,54000,action,12866,378804,424,5756,1038,5548,98,26,646
180,12/09/2026 20:10,54000,action,12871,372610,427,5783,1032,5526,101,26,637
181,12/09/2026 20:11,54000,action,12823,323553,428,5732,999,5549,113,26,616
182,12/09/2026 20:11,54000,action,12912,315652,429,5763,1032,5583,102,26,663
183,12/09/2026 20:11,54000,action,12834,385850,433,5788,1015,5488,108,26,657
184,12/09/2026 20:11,54000,action,12969,331771,445,5869,1080,5455,119,26,712
185,12/09/2026 20:12,54000,action,12823,333339,426,5744,1040,5508,103,26,635
186,12/09/2026 20:12,54000,action,12861,396075,430,5779,1030,5522,98,26,656
187,12/09/2026 20:12,54000,action,13031,316498,428,5907,1038,5558,99,26,689
188,12/09/2026 20:12,54000,action,12802,483501,428,5722,1058,5489,102,25,588
189,12/09/2026 20:12,54000,action,12836,392256,432,5777,1012,5515,98,26,634
190,12/09/2026 20:13,54000,action,13073,323625,429,5878,1057,5607,100,26,743
191,12/09/2026 20:13,54000,action,12863,386244,444,5726,1051,5542,98,26,642
192,12/09/2026 20:13,54000,action,12966,376669,449,5850,1048,5521,96,26,660
193,12/09/2026 20:13,54000,action,12878,375541,432,5747,1049,5548,99,26,639
194,12/09/2026 20:13,54000,action,12882,392180,428,5784,1039,5527,102,26,660
195,12/09/2026 20:14,54000,action,12847,372708,454,5762,1028,5504,97,26,630
196,12/09/2026 20:14,54000,action,12889,387795,432,5713,1074,5567,100,26,610
197,12/09/2026 20:14,54000,action,12873,388714,431,5734,1017,5587,102,26,611
198,12/09/2026 20:14,54000,action,13002,391756,430,5874,1067,5532,97,26,746
199,12/09/2026 20:15,54000,action,12892,376815,434,5792,1036,5529,100,26,621
200,12/09/2026 20:15,54000,action,12959,313264,429,5879,1059,5484,105,26,670
1,12/09/2026 20:20,67500,action,15885,586971,426,7156,1377,6812,112,32,783
2,12/09/2026 20:20,67500,action,15847,604467,428,7076,1376,6850,114,32,759
3,12/09/2026 20:21,67500,action,16060,408877,428,7216,1423,6867,123,32,842
4,12/09/2026 20:21,67500,action,15904,592852,426,7143,1374,6845,114,32,787
5,12/09/2026 20:21,67500,action,15965,417830,429,7161,1392,6861,121,32,762
6,12/09/2026 20:21,67500,action,15994,601101,439,7245,1374,6819,114,32,756
7,12/09/2026 20:22,67500,action,16248,499226,432,7231,1406,7064,113,32,852
8,12/09/2026 20:22,67500,action,15826,568822,426,7105,1385,6788,120,32,816
9,12/09/2026 20:22,67500,action,15981,577057,433,7208,1372,6841,125,32,790
10,12/09/2026 20:22,67500,action,15953,600534,428,7170,1393,6848,113,32,793
11,12/09/2026 20:23,67500,action,15809,399732,427,7140,1362,6760,118,32,742
12,12/09/2026 20:23,67500,action,15968,589019,426,7152,1399,6877,111,32,802
13,12/09/2026 20:23,67500,action,15950,584171,436,7186,1372,6844,111,32,801
14,12/09/2026 20:24,67500,action,16030,560060,430,7217,1441,6827,114,32,856
15,12/09/2026 20:24,67500,action,16255,578606,431,7180,1403,7127,113,32,790
16,12/09/2026 20:24,67500,action,15868,578017,431,7175,1379,6768,114,32,764
17,12/09/2026 20:24,67500,action,15979,505419,429,7216,1362,6857,113,32,775
18,12/09/2026 20:25,67500,action,15981,501270,427,7220,1388,6832,112,32,813
19,12/09/2026 20:25,67500,action,15982,524068,439,7177,1382,6870,112,32,806
20,12/09/2026 20:25,67500,action,15967,547086,432,7194,1401,6825,113,32,834
21,12/09/2026 20:25,67500,action,16024,572622,431,7199,1377,6903,113,31,758
22,12/09/2026 20:26,67500,action,15931,537524,431,7181,1390,6815,112,32,778
23,12/09/2026 20:26,67500,action,16080,605067,432,7174,1413,6946,114,32,797
24,12/09/2026 20:26,67500,action,16127,598561,432,7168,1417,6999,110,32,809
25,12/09/2026 20:27,67500,action,15972,608760,430,7135,1401,6895,110,32,777
26,12/09/2026 20:27,67500,action,15916,521809,429,7121,1392,6856,116,32,784
27,12/09/2026 20:27,67500,action,15928,481122,433,7134,1376,6871,112,32,813
28,12/09/2026 20:27,67500,action,16015,577284,436,7221,1393,6851,111,32,793
29,12/09/2026 20:28,67500,action,15993,589616,431,7226,1382,6828,125,32,835
30,12/09/2026 20:28,67500,action,16123,513272,430,7153,1384,7042,112,32,816
31,12/09/2026 20:28,67500,action,15975,547984,431,7160,1390,6877,115,31,757
32,12/09/2026 20:28,67500,action,16062,533061,464,7241,1379,6862,114,32,825
33,12/09/2026 20:29,67500,action,15950,589924,430,7214,1371,6817,116,32,829
34,12/09/2026 20:29,67500,action,15901,593940,431,7157,1409,6790,113,32,800
35,12/09/2026 20:29,67500,action,15903,589188,428,7275,1362,6722,114,32,853
36,12/09/2026 20:29,67500,action,15920,587937,436,7135,1369,6865,114,32,803
37,12/09/2026 20:30,67500,action,15947,391369,428,7141,1436,6818,122,32,785
38,12/09/2026 20:30,67500,action,15838,605151,432,7128,1395,6767,115,32,758
39,12/09/2026 20:30,67500,action,16083,395558,430,7212,1387,6935,117,32,830
40,12/09/2026 20:31,67500,action,16057,601423,454,7214,1384,6882,119,32,768
41,12/09/2026 20:31,67500,action,16025,600125,429,7233,1383,6868,110,32,844
42,12/09/2026 20:31,67500,action,16121,591510,438,7282,1387,6895,117,32,853
43,12/09/2026 20:31,67500,action,16011,571071,430,7214,1386,6865,113,32,849
44,12/09/2026 20:32,67500,action,15978,553505,440,7183,1418,6822,113,31,765
45,12/09/2026 20:32,67500,action,15977,594704,438,7195,1394,6835,114,32,843
46,12/09/2026 20:32,67500,action,15952,592809,432,7148,1399,6858,112,32,797
47,12/09/2026 20:32,67500,action,15992,552878,430,7129,1416,6891,123,31,773
48,12/09/2026 20:33,67500,action,16079,606030,432,7182,1388,6943,132,32,774
49,12/09/2026 20:33,67500,action,15992,600955,433,7161,1395,6891,110,32,767
50,12/09/2026 20:33,67500,action,16186,606639,440,7304,1428,6889,122,32,820
51,12/09/2026 20:34,67500,action,15916,399922,434,7170,1408,6787,115,32,771
52,12/09/2026 20:34,67500,action,15978,602001,431,7177,1391,6860,117,32,773
53,12/09/2026 20:34,67500,action,16100,533511,431,7191,1409,6957,110,31,816
54,12/09/2026 20:34,67500,action,15964,535109,427,7230,1356,6829,120,32,767
55,12/09/2026 20:35,67500,action,15909,604927,425,7187,1388,6795,111,32,839
56,12/09/2026 20:35,67500,action,15924,390762,438,7150,1375,6836,124,32,795
57,12/09/2026 20:35,67500,action,15884,607649,429,7153,1392,6799,111,32,816
58,12/09/2026 20:35,67500,action,16001,422073,428,7119,1422,6908,122,32,767
59,12/09/2026 20:36,67500,action,16036,577107,428,7214,1429,6851,111,32,816
60,12/09/2026 20:36,67500,action,16099,605494,444,7295,1404,6835,119,32,786
61,12/09/2026 20:36,67500,action,15926,408517,429,7125,1398,6856,115,32,772
62,12/09/2026 20:37,67500,action,16081,609470,441,7206,1431,6892,109,32,836
63,12/09/2026 20:37,67500,action,15889,598113,428,7166,1383,6795,115,32,808
64,12/09/2026 20:37,67500,action,15984,585016,426,7245,1405,6795,111,32,801
65,12/09/2026 20:37,67500,action,15899,412885,426,7125,1382,6842,121,32,823
66,12/09/2026 20:38,67500,action,15920,520027,427,7156,1406,6819,110,32,762
67,12/09/2026 20:38,67500,action,16077,529560,430,7213,1404,6915,113,32,829
68,12/09/2026 20:38,67500,action,16019,605669,428,7251,1365,6858,116,32,779
69,12/09/2026 20:38,67500,action,16134,587358,433,7244,1395,6945,116,32,784
70,12/09/2026 20:39,67500,action,16184,408523,431,7325,1424,6881,121,32,870
71,12/09/2026 20:39,67500,action,15974,583014,428,7154,1395,6884,112,32,811
72,12/09/2026 20:39,67500,action,15794,606026,427,7154,1366,6729,116,32,764
73,12/09/2026 20:39,67500,action,16244,499383,428,7234,1441,7023,115,32,793
74,12/09/2026 20:40,67500,action,16022,601561,433,7144,1402,6928,113,32,805
75,12/09/2026 20:40,67500,action,16242,591940,429,7214,1417,7069,111,32,815
76,12/09/2026 20:40,67500,action,16104,509367,429,7284,1429,6850,110,32,861
77,12/09/2026 20:41,67500,action,15908,502229,426,7143,1377,6850,110,32,758
78,12/09/2026 20:41,67500,action,15988,523502,425,7231,1367,6831,132,32,844
79,12/09/2026 20:41,67500,action,16081,583487,444,7269,1391,6847,128,32,807
80,12/09/2026 20:41,67500,action,15959,515541,426,7155,1382,6884,109,32,794
81,12/09/2026 20:42,67500,action,16075,539442,427,7219,1398,6907,122,32,797
82,12/09/2026 20:42,67500,action,16112,502601,424,7203,1371,6998,113,32,776
83,12/09/2026 20:42,67500,action,15875,571677,429,7143,1385,6794,123,32,815
84,12/09/2026 20:42,67500,action,15959,596698,444,7190,1379,6830,113,32,806
85,12/09/2026 20:43,67500,action,15991,482039,432,7150,1387,6908,112,31,779
86,12/09/2026 20:43,67500,action,16050,596311,431,7188,1368,6936,124,32,816
87,12/09/2026 20:43,67500,action,15919,485564,427,7149,1396,6813,132,32,786
88,12/09/2026 20:44,67500,action,16054,590736,437,7227,1381,6890,118,32,768
89,12/09/2026 20:44,67500,action,16003,592393,428,7169,1361,6916,127,32,773
90,12/09/2026 20:44,67500,action,15925,593294,439,7182,1376,6813,113,32,822
91,12/09/2026 20:44,67500,action,15992,575421,427,7217,1397,6815,134,32,793
92,12/09/2026 20:45,67500,action,15886,524037,428,7157,1379,6807,112,32,777
93,12/09/2026 20:45,67500,action,15998,607253,433,7178,1405,6856,124,32,798
94,12/09/2026 20:45,67500,action,15802,600755,432,7123,1369,6762,113,32,763
95,12/09/2026 20:45,67500,action,16016,589492,428,7244,1381,6845,117,32,903
96,12/09/2026 20:46,67500,action,16002,524089,446,7206,1401,6830,116,32,781
97,12/09/2026 20:46,67500,action,16153,604550,431,7311,1430,6870,108,32,795
98,12/09/2026 20:46,67500,action,16003,593852,447,7181,1412,6846,115,32,817
99,12/09/2026 20:46,67500,action,15948,600800,428,7193,1400,6814,111,32,803
100,12/09/2026 20:47,67500,action,16101,601283,427,7271,1411,6880,111,32,842
101,12/09/2026 20:47,67500,action,16196,540207,430,7320,1390,6942,112,31,841
102,12/09/2026 20:47,67500,action,15826,583366,430,7110,1376,6791,117,32,768
103,12/09/2026 20:48,67500,action,16122,540995,429,7325,1407,6849,110,31,803
104,12/09/2026 20:48,67500,action,16108,607390,433,7257,1404,6897,115,32,859
105,12/09/2026 20:48,67500,action,15949,598273,429,7170,1380,6852,115,32,793
106,12/09/2026 20:48,67500,action,15989,498823,436,7157,1375,6905,114,32,795
107,12/09/2026 20:49,67500,action,16021,562475,431,7220,1394,6848,125,32,796
108,12/09/2026 20:49,67500,action,15828,390576,432,7100,1385,6786,122,32,775
109,12/09/2026 20:49,67500,action,15933,597508,441,7210,1369,6797,114,32,779
110,12/09/2026 20:49,67500,action,16139,475316,433,7142,1402,7047,113,32,771
111,12/09/2026 20:50,67500,action,16039,501307,443,7173,1414,6890,117,32,789
112,12/09/2026 20:50,67500,action,15995,567410,433,7179,1403,6869,109,31,781
113,12/09/2026 20:50,67500,action,16185,586152,434,7227,1387,7022,114,32,850
114,12/09/2026 20:51,67500,action,15854,604614,431,7116,1413,6781,111,32,762
115,12/09/2026 20:51,67500,action,16006,472848,431,7182,1391,6885,116,32,771
116,12/09/2026 20:51,67500,action,15842,581396,427,7152,1378,6771,113,32,825
117,12/09/2026 20:51,67500,action,16011,594218,429,7226,1411,6830,112,32,798
118,12/09/2026 20:52,67500,action,16130,514072,438,7198,1378,7000,115,32,799
119,12/09/2026 20:52,67500,action,16081,593354,450,7233,1397,6881,119,32,854
120,12/09/2026 20:52,67500,action,15988,407253,431,7192,1412,6832,119,32,796
121,12/09/2026 20:52,67500,action,16242,525003,430,7325,1405,6968,112,32,803
122,12/09/2026 20:53,67500,action,15939,608822,425,7168,1429,6803,112,32,803
123,12/09/2026 20:53,67500,action,15938,579653,425,7125,1406,6870,110,32,793
124,12/09/2026 20:53,67500,action,16195,478541,427,7284,1399,6955,128,32,846
125,12/09/2026 20:54,67500,action,15868,580601,430,7127,1387,6806,116,32,808
126,12/09/2026 20:54,67500,action,15996,408878,429,7227,1367,6854,118,32,814
127,12/09/2026 20:54,67500,action,16058,501189,430,7177,1399,6933,117,32,808
128,12/09/2026 20:54,67500,action,15796,498747,430,7108,1389,6755,111,32,769
129,12/09/2026 20:55,67500,action,15884,599871,435,7164,1387,6781,115,32,800
130,12/09/2026 20:55,67500,action,15953,494763,446,7192,1395,6804,113,32,775
131,12/09/2026 20:55,67500,action,15755,408371,426,7091,1373,6746,116,32,759
132,12/09/2026 20:55,67500,action,15874,526221,430,7080,1390,6859,112,32,786
133,12/09/2026 20:56,67500,action,15952,588128,433,7195,1397,6808,116,32,803
134,12/09/2026 20:56,67500,action,15936,593252,436,7162,1397,6826,113,32,784
135,12/09/2026 20:56,67500,action,15998,595736,435,7194,1394,6842,131,32,784
136,12/09/2026 20:56,67500,action,15954,502540,434,7147,1373,6874,124,32,760
137,12/09/2026 20:57,67500,action,16024,517620,438,7149,1372,6949,115,32,793
138,12/09/2026 20:57,67500,action,15880,593129,427,7159,1364,6814,113,32,785
139,12/09/2026 20:57,67500,action,15855,404720,429,7105,1367,6833,120,32,767
140,12/09/2026 20:58,67500,action,16002,521605,428,7189,1365,6903,114,32,797
141,12/09/2026 20:58,67500,action,16116,599642,430,7259,1400,6913,112,32,847
142,12/09/2026 20:58,67500,action,15916,577464,444,7200,1388,6770,112,32,826
143,12/09/2026 20:58,67500,action,16059,501800,428,7204,1384,6929,112,32,807
144,12/09/2026 20:59,67500,action,15927,395636,428,7161,1389,6828,118,32,781
145,12/09/2026 20:59,67500,action,15995,608763,427,7159,1391,6904,112,32,772
146,12/09/2026 20:59,67500,action,15862,575017,426,7066,1398,6861,109,31,749
147,12/09/2026 20:59,67500,action,16004,491613,432,7141,1423,6890,117,32,783
148,12/09/2026 21:00,67500,action,15984,540420,433,7185,1401,6846,117,31,805
149,12/09/2026 21:00,67500,action,15914,601735,432,7115,1378,6873,115,32,809
150,12/09/2026 21:00,67500,action,15904,593132,426,7240,1366,6747,123,32,769
151,12/09/2026 21:01,67500,action,15941,485126,428,7134,1417,6845,115,32,802
152,12/09/2026 21:01,67500,action,16081,520477,429,7289,1422,6824,116,32,892
153,12/09/2026 21:01,67500,action,15845,485418,426,7091,1379,6831,116,32,757
154,12/09/2026 21:01,67500,action,15794,521637,439,7111,1364,6770,108,32,779
155,12/09/2026 21:02,67500,action,15977,584925,428,7134,1394,6908,111,32,838
156,12/09/2026 21:02,67500,action,16078,414889,427,7270,1396,6845,138,32,811
157,12/09/2026 21:02,67500,action,16138,518513,431,7249,1391,6952,113,32,900
158,12/09/2026 21:02,67500,action,15911,569104,434,7165,1388,6801,121,32,791
159,12/09/2026 21:03,67500,action,16054,408215,428,7244,1392,6862,126,32,789
160,12/09/2026 21:03,67500,action,16063,588017,437,7176,1373,6960,115,32,774
161,12/09/2026 21:03,67500,action,15809,408582,429,7129,1375,6757,117,32,815
162,12/09/2026 21:03,67500,action,15946,589895,439,7123,1403,6865,114,32,790
163,12/09/2026 21:04,67500,action,16035,604699,430,7191,1384,6915,113,32,783
164,12/09/2026 21:04,67500,action,16003,498560,435,7219,1384,6850,112,32,794
165,12/09/2026 21:04,67500,action,15988,604744,442,7231,1372,6816,125,32,852
166,12/09/2026 21:05,67500,action,15945,583747,426,7168,1360,6876,114,32,763
167,12/09/2026 21:05,67500,action,16062,592863,426,7249,1414,6853,118,32,901
168,12/09/2026 21:05,67500,action,15911,551352,434,7166,1382,6814,114,32,844
169,12/09/2026 21:05,67500,action,15985,582714,429,7221,1424,6794,113,32,801
170,12/09/2026 21:06,67500,action,15871,557179,427,7104,1395,6833,111,32,775
171,12/09/2026 21:06,67500,action,16175,530713,438,7246,1387,6966,137,32,777
172,12/09/2026 21:06,67500,action,16084,523656,431,7184,1407,6949,112,32,813
173,12/09/2026 21:06,67500,action,16050,579428,430,7141,1412,6951,113,32,797
174,12/09/2026 21:07,67500,action,16032,502168,428,7257,1402,6831,112,32,885
175,12/09/2026 21:07,67500,action,16033,606775,426,7265,1409,6819,113,32,819
176,12/09/2026 21:07,67500,action,15930,506475,428,7150,1394,6844,112,32,782
177,12/09/2026 21:08,67500,action,16108,587517,439,7286,1387,6882,111,32,792
178,12/09/2026 21:08,67500,action,16164,412664,431,7409,1387,6817,119,32,857
179,12/09/2026 21:08,67500,action,15999,578035,437,7209,1385,6850,115,32,788
180,12/09/2026 21:08,67500,action,15922,408024,434,7155,1401,6813,118,32,781
181,12/09/2026 21:09,67500,action,15908,586993,427,7134,1395,6840,110,32,809
182,12/09/2026 21:09,67500,action,16001,602208,468,7245,1378,6796,113,32,826
183,12/09/2026 21:09,67500,action,15933,589470,431,7187,1373,6825,114,32,797
184,12/09/2026 21:09,67500,action,16029,577607,429,7305,1417,6760,116,32,870
185,12/09/2026 21:10,67500,action,15940,404278,430,7150,1391,6843,124,32,829
186,12/09/2026 21:10,67500,action,16112,555248,437,7321,1408,6828,116,32,809
187,12/09/2026 21:10,67500,action,15858,408126,427,7115,1381,6815,119,32,750
188,12/09/2026 21:10,67500,action,16128,568407,427,7209,1377,6995,117,32,791
189,12/09/2026 21:11,67500,action,15840,589609,430,7151,1367,6777,113,32,800
190,12/09/2026 21:11,67500,action,16236,456599,428,7252,1399,7039,116,32,802
191,12/09/2026 21:11,67500,action,15881,593327,426,7152,1375,6811,115,32,775
192,12/09/2026 21:12,67500,action,16058,593810,429,7166,1407,6935,119,32,755
193,12/09/2026 21:12,67500,action,16112,598049,430,7251,1411,6905,113,32,782
194,12/09/2026 21:12,67500,action,16204,529632,433,7300,1405,6936,128,32,894
195,12/09/2026 21:12,67500,action,16034,517878,431,7193,1394,6900,114,32,789
196,12/09/2026 21:13,67500,action,16001,616591,430,7167,1406,6885,111,32,813
197,12/09/2026 21:13,67500,action,15974,578086,431,7166,1403,6860,112,32,770
198,12/09/2026 21:13,67500,action,15994,567451,431,7190,1402,6842,128,32,786
199,12/09/2026 21:13,67500,action,15988,565998,445,7151,1420,6857,112,32,809
200,12/09/2026 21:14,67500,action,15863,527797,427,7098,1399,6815,122,32,800
1,12/09/2026 21:19,81000,action,19497,527915,432,8714,1776,8437,136,38,1009
2,12/09/2026 21:19,81000,action,19533,689011,427,8692,1799,8486,126,38,1001
3,12/09/2026 21:20,81000,action,19682,691595,429,8725,1810,8589,127,38,1042
4,12/09/2026 21:20,81000,action,19559,496012,426,8770,1768,8459,135,38,1011
5,12/09/2026 21:20,81000,action,19536,523678,429,8660,1789,8523,133,38,987
6,12/09/2026 21:21,81000,action,19714,580424,431,8747,1822,8588,123,38,1014
7,12/09/2026 21:21,81000,action,19753,598492,449,8709,1826,8645,122,38,1036
8,12/09/2026 21:21,81000,action,19405,597946,430,8675,1754,8423,121,38,1042
9,12/09/2026 21:22,81000,action,19518,569643,431,8634,1799,8524,127,38,968
10,12/09/2026 21:22,81000,action,19506,510386,431,8673,1767,8498,135,38,999
11,12/09/2026 21:22,81000,action,19496,723832,436,8649,1808,8474,128,38,1025
12,12/09/2026 21:23,81000,action,19668,571504,428,8781,1820,8512,125,38,1142
13,12/09/2026 21:23,81000,action,19605,689926,428,8813,1745,8493,124,37,1001
14,12/09/2026 21:23,81000,action,19540,515160,429,8649,1768,8542,150,38,961
15,12/09/2026 21:24,81000,action,19478,718821,428,8676,1779,8465,128,38,998
16,12/09/2026 21:24,81000,action,19469,653915,429,8623,1787,8504,124,37,964
17,12/09/2026 21:24,81000,action,19662,609408,431,8674,1793,8634,127,38,1054
18,12/09/2026 21:25,81000,action,19485,559753,428,8724,1755,8451,125,38,1026
19,12/09/2026 21:25,81000,action,19437,495928,439,8590,1785,8485,137,38,982
20,12/09/2026 21:25,81000,action,19454,633275,430,8618,1754,8525,126,37,972
21,12/09/2026 21:26,81000,action,19427,510908,431,8619,1778,8466,131,38,976
22,12/09/2026 21:26,81000,action,19486,595447,429,8681,1803,8446,124,38,1015
23,12/09/2026 21:26,81000,action,19772,626170,433,8787,1761,8664,126,37,1018
24,12/09/2026 21:27,81000,action,19826,552149,441,8917,1830,8502,134,38,1055
25,12/09/2026 21:27,81000,action,19443,524992,433,8713,1756,8397,142,38,976
26,12/09/2026 21:27,81000,action,19660,641252,436,8708,1839,8539,135,38,989
27,12/09/2026 21:28,81000,action,19468,680823,431,8654,1773,8467,141,37,1018
28,12/09/2026 21:28,81000,action,19453,625123,428,8642,1767,8482,132,37,972
29,12/09/2026 21:28,81000,action,19353,719423,431,8679,1796,8319,125,37,959
30,12/09/2026 21:29,81000,action,19450,630699,437,8713,1773,8397,127,37,992
31,12/09/2026 21:29,81000,action,19505,628675,431,8690,1765,8488,129,37,965
32,12/09/2026 21:29,81000,action,19522,680122,432,8684,1779,8498,126,37,1007
33,12/09/2026 21:30,81000,action,19568,515376,425,8624,1781,8599,137,38,994
34,12/09/2026 21:30,81000,action,19592,639960,430,8682,1801,8552,125,38,1049
35,12/09/2026 21:30,81000,action,19646,597421,430,8661,1807,8625,120,38,1043
36,12/09/2026 21:31,81000,action,19511,496176,439,8690,1769,8479,132,38,1008
37,12/09/2026 21:31,81000,action,19465,679054,453,8708,1810,8371,122,37,1007
38,12/09/2026 21:31,81000,action,19427,524146,432,8688,1744,8425,135,38,966
39,12/09/2026 21:32,81000,action,19398,523361,456,8641,1757,8406,136,38,971
40,12/09/2026 21:32,81000,action,19552,591782,443,8600,1815,8564,128,38,967
41,12/09/2026 21:32,81000,action,19697,514982,430,8732,1761,8639,132,38,999
42,12/09/2026 21:33,81000,action,19577,656316,429,8775,1776,8466,128,37,975
43,12/09/2026 21:33,81000,action,19602,496860,434,8650,1756,8629,132,38,977
44,12/09/2026 21:33,81000,action,19692,505309,430,8671,1761,8695,134,38,982
45,12/09/2026 21:34,81000,action,19321,697258,426,8578,1786,8403,125,38,1002
46,12/09/2026 21:34,81000,action,19559,716717,429,8623,1806,8576,124,38,1013
47,12/09/2026 21:34,81000,action,19371,514345,425,8628,1773,8410,133,38,961
48,12/09/2026 21:35,81000,action,19571,707500,435,8746,1787,8473,128,38,1008
49,12/09/2026 21:35,81000,action,19650,662945,430,8817,1773,8501,126,37,978
50,12/09/2026 21:35,81000,action,19735,606731,446,8717,1835,8609,127,38,983
51,12/09/2026 21:36,81000,action,19608,580475,429,8701,1806,8537,132,38,1044
52,12/09/2026 21:36,81000,action,19448,637724,434,8647,1811,8430,124,38,995
53,12/09/2026 21:36,81000,action,19440,601535,434,8695,1760,8421,128,38,1023
54,12/09/2026 21:36,81000,action,19281,510996,428,8662,1752,8299,140,38,1011
55,12/09/2026 21:37,81000,action,19534,697642,438,8713,1797,8453,130,38,1044
56,12/09/2026 21:37,81000,action,19476,659401,432,8650,1766,8501,125,37,946
57,12/09/2026 21:37,81000,action,19772,518322,427,8828,1789,8592,133,38,1037
58,12/09/2026 21:38,81000,action,19581,627481,450,8676,1799,8530,123,37,1019
59,12/09/2026 21:38,81000,action,19746,636641,428,8781,1754,8653,129,37,1039
60,12/09/2026 21:38,81000,action,19390,520414,430,8690,1760,8379,129,38,980
61,12/09/2026 21:39,81000,action,19680,561113,431,8779,1847,8497,124,38,1063
62,12/09/2026 21:39,81000,action,19509,703458,434,8653,1805,8481,135,38,989
63,12/09/2026 21:39,81000,action,19560,714757,430,8715,1802,8484,127,38,1000
64,12/09/2026 21:40,81000,action,19444,696539,432,8674,1789,8421,126,38,958
65,12/09/2026 21:40,81000,action,19523,519815,429,8710,1777,8476,129,38,997
66,12/09/2026 21:40,81000,action,19471,722395,432,8673,1778,8462,125,38,1025
67,12/09/2026 21:41,81000,action,19674,580877,424,8738,1791,8576,142,38,1097
68,12/09/2026 21:41,81000,action,19560,692791,429,8759,1795,8431,144,38,1049
69,12/09/2026 21:41,81000,action,19620,601298,428,8803,1797,8463,128,38,1062
70,12/09/2026 21:42,81000,action,19597,520226,426,8693,1771,8570,134,38,1061
71,12/09/2026 21:42,81000,action,19448,672302,438,8720,1762,8403,123,37,964
72,12/09/2026 21:42,81000,action,19441,519992,431,8629,1764,8478,138,38,955
73,12/09/2026 21:43,81000,action,19410,510670,426,8652,1789,8393,147,38,995
74,12/09/2026 21:43,81000,action,19598,616194,433,8692,1777,8568,126,38,999
75,12/09/2026 21:43,81000,action,19389,658351,431,8653,1755,8421,126,37,975
76,12/09/2026 21:44,81000,action,19644,520133,443,8763,1744,8554,139,38,1035
77,12/09/2026 21:44,81000,action,19409,672170,433,8614,1799,8419,142,37,956
78,12/09/2026 21:44,81000,action,19625,570421,431,8806,1772,8490,124,38,1001
79,12/09/2026 21:45,81000,action,19461,595156,430,8701,1768,8433,126,38,1014
80,12/09/2026 21:45,81000,action,19751,644219,430,8832,1865,8496,126,38,1010
81,12/09/2026 21:45,81000,action,19579,519425,435,8721,1809,8480,131,38,1014
82,12/09/2026 21:46,81000,action,19710,698083,431,8686,1821,8630,139,38,988
83,12/09/2026 21:46,81000,action,19547,515103,430,8631,1779,8574,131,38,986
84,12/09/2026 21:46,81000,action,19781,600765,431,8861,1812,8549,127,38,1098
85,12/09/2026 21:47,81000,action,19537,714023,430,8786,1825,8370,124,38,1025
86,12/09/2026 21:47,81000,action,19672,645339,440,8703,1801,8593,134,38,971
87,12/09/2026 21:47,81000,action,19505,519797,444,8765,1778,8384,132,38,977
88,12/09/2026 21:48,81000,action,19672,569974,428,8856,1760,8500,126,38,1004
89,12/09/2026 21:48,81000,action,19538,691657,427,8670,1799,8512,127,38,999
90,12/09/2026 21:48,81000,action,19386,697112,427,8611,1775,8446,125,38,1028
91,12/09/2026 21:49,81000,action,19602,586507,442,8706,1791,8537,124,38,1031
92,12/09/2026 21:49,81000,action,19568,570674,428,8687,1782,8543,125,38,1039
93,12/09/2026 21:49,81000,action,19684,609605,427,8768,1782,8581,124,38,1062
94,12/09/2026 21:50,81000,action,19499,691105,429,8654,1795,8492,127,38,1009
95,12/09/2026 21:50,81000,action,19674,588116,451,8727,1792,8575,127,38,1043
96,12/09/2026 21:50,81000,action,19542,527542,429,8661,1779,8519,153,38,999
97,12/09/2026 21:51,81000,action,19609,698036,429,8743,1806,8504,124,38,1012
98,12/09/2026 21:51,81000,action,19497,680454,428,8624,1807,8491,145,38,1013
99,12/09/2026 21:51,81000,action,19656,593764,447,8707,1812,8560,128,38,1013
100,12/09/2026 21:52,81000,action,19596,726271,431,8729,1789,8516,129,38,1012
101,12/09/2026 21:52,81000,action,19668,603543,429,8703,1791,8621,122,38,1001
102,12/09/2026 21:52,81000,action,19451,687937,428,8687,1828,8381,125,38,1007
103,12/09/2026 21:53,81000,action,19595,502543,428,8603,1795,8631,136,38,995
104,12/09/2026 21:53,81000,action,19422,717521,439,8626,1781,8432,142,38,993
105,12/09/2026 21:53,81000,action,19495,514741,431,8636,1777,8521,129,38,966
106,12/09/2026 21:54,81000,action,19419,511320,449,8709,1770,8359,129,38,1012
107,12/09/2026 21:54,81000,action,19323,615242,432,8625,1777,8359,128,38,980
108,12/09/2026 21:54,81000,action,19432,714295,431,8658,1793,8425,123,38,950
109,12/09/2026 21:55,81000,action,19294,704396,447,8634,1812,8275,125,38,999
110,12/09/2026 21:55,81000,action,19479,715896,430,8641,1797,8481,128,38,975
111,12/09/2026 21:55,81000,action,19422,519556,429,8604,1792,8461,135,38,933
112,12/09/2026 21:56,81000,action,19454,720521,432,8612,1790,8496,122,38,992
113,12/09/2026 21:56,81000,action,19513,605086,430,8624,1797,8535,125,38,978
114,12/09/2026 21:56,81000,action,19530,696099,429,8735,1810,8432,123,38,1023
115,12/09/2026 21:57,81000,action,19498,707658,433,8613,1815,8508,127,38,992
116,12/09/2026 21:57,81000,action,19468,550655,430,8671,1790,8454,121,38,980
117,12/09/2026 21:57,81000,action,19605,492418,427,8646,1804,8593,133,39,1036
118,12/09/2026 21:58,81000,action,19523,688357,430,8664,1799,8500,128,38,991
119,12/09/2026 21:58,81000,action,19718,626861,426,8783,1787,8597,124,37,1045
120,12/09/2026 21:58,81000,action,19419,537416,430,8657,1750,8445,135,38,1035
121,12/09/2026 21:59,81000,action,19406,613620,416,8674,1797,8393,124,38,1043
122,12/09/2026 21:59,81000,action,19468,635721,427,8677,1798,8440,125,38,1012
123,12/09/2026 21:59,81000,action,19527,592066,431,8783,1757,8430,123,38,1088
124,12/09/2026 22:00,81000,action,19626,577217,449,8746,1776,8530,123,38,976
125,12/09/2026 22:00,81000,action,19422,640365,429,8615,1768,8481,128,37,944
126,12/09/2026 22:00,81000,action,19448,582600,428,8629,1782,8482,125,38,989
127,12/09/2026 22:00,81000,action,19354,709324,427,8667,1791,8343,124,38,1057
128,12/09/2026 22:01,81000,action,19469,559296,434,8641,1806,8459,128,38,969
129,12/09/2026 22:01,81000,action,19604,695319,432,8782,1812,8450,126,38,1089
130,12/09/2026 22:01,81000,action,19499,634540,426,8681,1785,8478,128,38,1015
131,12/09/2026 22:02,81000,action,19720,557023,432,8797,1772,8592,125,38,965
132,12/09/2026 22:02,81000,action,19605,629909,429,8707,1776,8561,130,38,973
133,12/09/2026 22:02,81000,action,19436,702026,442,8650,1772,8446,124,38,1008
134,12/09/2026 22:03,81000,action,19558,694045,430,8718,1793,8490,126,38,1034
135,12/09/2026 22:03,81000,action,19518,591203,429,8629,1770,8560,128,38,988
136,12/09/2026 22:03,81000,action,19655,510542,428,8718,1798,8575,133,38,982
137,12/09/2026 22:04,81000,action,19722,588207,430,8765,1837,8560,128,38,989
138,12/09/2026 22:04,81000,action,19426,510715,428,8602,1761,8501,132,38,960
139,12/09/2026 22:04,81000,action,19349,696204,425,8666,1773,8355,128,38,1001
140,12/09/2026 22:05,81000,action,19579,514832,433,8818,1763,8427,136,38,1002
141,12/09/2026 22:05,81000,action,19634,519718,428,8785,1808,8483,128,38,1029
142,12/09/2026 22:05,81000,action,19536,520152,431,8707,1760,8507,130,38,973
143,12/09/2026 22:06,81000,action,19379,515855,429,8775,1753,8290,130,38,1016
144,12/09/2026 22:06,81000,action,19438,630754,428,8688,1783,8411,126,38,982
145,12/09/2026 22:06,81000,action,19516,699087,429,8634,1770,8552,128,38,1000
146,12/09/2026 22:07,81000,action,19489,510997,429,8726,1760,8432,141,38,1071
147,12/09/2026 22:07,81000,action,19570,697720,428,8779,1786,8448,127,38,1034
148,12/09/2026 22:07,81000,action,19484,599097,431,8708,1772,8451,121,38,1008
149,12/09/2026 22:08,81000,action,19470,519851,428,8727,1787,8398,128,38,989
150,12/09/2026 22:08,81000,action,19440,696251,438,8667,1784,8424,126,38,969
151,12/09/2026 22:08,81000,action,19533,527344,429,8707,1769,8494,133,38,1034
152,12/09/2026 22:09,81000,action,19448,637727,433,8610,1766,8510,126,37,926
153,12/09/2026 22:09,81000,action,19364,519833,428,8667,1742,8392,133,38,1017
154,12/09/2026 22:09,81000,action,19630,718453,429,8803,1805,8469,123,38,1022
155,12/09/2026 22:10,81000,action,19449,697588,449,8691,1782,8384,141,38,986
156,12/09/2026 22:10,81000,action,19380,520155,440,8703,1743,8359,133,38,1007
157,12/09/2026 22:10,81000,action,19610,717284,430,8702,1815,8539,123,38,1026
158,12/09/2026 22:11,81000,action,19526,717274,426,8647,1802,8524,125,38,1054
159,12/09/2026 22:11,81000,action,19624,601903,434,8797,1772,8498,121,38,997
160,12/09/2026 22:11,81000,action,19471,694707,433,8665,1789,8438,144,38,972
161,12/09/2026 22:12,81000,action,19548,537972,431,8587,1788,8605,136,38,939
162,12/09/2026 22:12,81000,action,19467,501471,426,8689,1773,8432,146,38,982
163,12/09/2026 22:12,81000,action,19645,721799,440,8761,1830,8482,130,38,983
164,12/09/2026 22:13,81000,action,19532,696450,431,8677,1815,8471,135,38,1038
165,12/09/2026 22:13,81000,action,19803,703143,432,8869,1813,8564,122,38,1044
166,12/09/2026 22:13,81000,action,19422,623736,431,8692,1773,8398,125,37,1014
167,12/09/2026 22:14,81000,action,19510,509821,432,8700,1756,8484,135,38,1005
168,12/09/2026 22:14,81000,action,19503,643807,435,8730,1768,8443,125,37,951
169,12/09/2026 22:14,81000,action,19597,613850,429,8664,1818,8560,124,38,993
170,12/09/2026 22:15,81000,action,19559,627798,438,8671,1793,8530,124,38,959
171,12/09/2026 22:15,81000,action,19421,697546,450,8640,1777,8410,142,38,988
172,12/09/2026 22:15,81000,action,19548,701979,432,8773,1784,8432,124,38,1057
173,12/09/2026 22:16,81000,action,19462,523166,429,8690,1761,8448,132,38,1010
174,12/09/2026 22:16,81000,action,19510,514881,429,8797,1800,8352,130,38,1000
175,12/09/2026 22:16,81000,action,19467,695610,429,8659,1813,8439,125,38,989
176,12/09/2026 22:17,81000,action,19502,625593,428,8692,1763,8493,125,37,986
177,12/09/2026 22:17,81000,action,19389,520256,426,8659,1768,8405,128,38,980
178,12/09/2026 22:17,81000,action,19575,595542,439,8629,1784,8595,126,38,966
179,12/09/2026 22:18,81000,action,19370,715745,428,8669,1780,8366,124,38,984
180,12/09/2026 22:18,81000,action,19874,492436,473,8937,1791,8530,141,38,1171
181,12/09/2026 22:18,81000,action,19405,613426,432,8683,1767,8381,140,38,1045
182,12/09/2026 22:19,81000,action,19551,708202,431,8742,1814,8434,127,38,1044
183,12/09/2026 22:19,81000,action,19718,717429,441,8735,1799,8615,126,38,1065
184,12/09/2026 22:19,81000,action,19554,515910,432,8718,1780,8480,144,38,1011
185,12/09/2026 22:20,81000,action,19549,700079,428,8718,1824,8452,124,38,1017
186,12/09/2026 22:20,81000,action,19647,552082,427,8842,1801,8429,146,38,991
187,12/09/2026 22:20,81000,action,19507,624263,428,8671,1759,8520,127,37,971
188,12/09/2026 22:21,81000,action,19420,604568,435,8613,1805,8443,122,38,987
189,12/09/2026 22:21,81000,action,19648,623439,430,8823,1804,8463,127,38,1015
190,12/09/2026 22:21,81000,action,19537,635553,443,8722,1755,8477,138,37,990
191,12/09/2026 22:22,81000,action,19621,514801,433,8766,1784,8499,137,38,999
192,12/09/2026 22:22,81000,action,19368,575256,425,8643,1762,8410,126,38,973
193,12/09/2026 22:22,81000,action,19723,500163,431,8679,1830,8632,150,39,1052
194,12/09/2026 22:23,81000,action,19426,575223,427,8640,1771,8456,128,38,976
195,12/09/2026 22:23,81000,action,19618,612647,431,8693,1833,8531,129,38,987
196,12/09/2026 22:23,81000,action,19571,513861,429,8727,1757,8520,135,38,1068
197,12/09/2026 22:23,81000,action,19440,688749,430,8689,1818,8378,123,38,1030
198,12/09/2026 22:24,81000,action,19431,557470,438,8701,1799,8366,124,38,959
199,12/09/2026 22:24,81000,action,19416,604695,432,8585,1760,8508,128,38,947
200,12/09/2026 22:24,81000,action,19616,519285,445,8728,1767,8541,133,38,986
1,12/09/2026 22:30,94500,action,22404,620452,440,9925,1943,9939,155,44,1117
2,12/09/2026 22:30,94500,action,22193,624598,433,9900,1914,9803,141,45,1120
3,12/09/2026 22:31,94500,action,22300,771213,437,9911,1954,9859,137,42,1201
4,12/09/2026 22:31,94500,action,22433,735660,429,9956,1929,9973,145,44,1185
5,12/09/2026 22:31,94500,action,22318,580077,428,10064,1956,9724,143,45,1123
6,12/09/2026 22:32,94500,action,22179,621651,432,9923,1927,9739,157,45,1170
7,12/09/2026 22:32,94500,action,22384,722959,430,10081,1900,9828,143,44,1101
8,12/09/2026 22:32,94500,action,22231,771216,430,9866,1947,9842,144,42,1170
9,12/09/2026 22:33,94500,action,22047,625177,485,9851,1937,9619,153,45,1092
10,12/09/2026 22:33,94500,action,22164,709414,452,9923,1896,9750,141,44,1134
11,12/09/2026 22:34,94500,action,22093,680704,429,9822,1905,9784,150,44,1161
12,12/09/2026 22:34,94500,action,22001,593569,429,9825,1895,9704,147,45,1171
13,12/09/2026 22:34,94500,action,22065,633855,426,9869,1927,9703,137,44,1085
14,12/09/2026 22:35,94500,action,22272,718856,429,10031,1948,9725,137,44,1204
15,12/09/2026 22:35,94500,action,22101,741457,427,9860,1945,9726,141,44,1090
16,12/09/2026 22:35,94500,action,22233,782712,429,9817,1933,9906,146,44,1122
17,12/09/2026 22:36,94500,action,22411,734001,423,10018,1992,9813,162,44,1203
18,12/09/2026 22:36,94500,action,22207,690600,427,9874,1936,9818,149,44,1174
19,12/09/2026 22:37,94500,action,22280,791305,427,9838,1931,9942,139,43,1108
20,12/09/2026 22:37,94500,action,22232,700299,441,10096,1928,9625,141,44,1183
21,12/09/2026 22:37,94500,action,22233,748430,425,9911,1956,9797,142,44,1156
22,12/09/2026 22:38,94500,action,22310,660597,426,9958,1928,9846,150,44,1132
23,12/09/2026 22:38,94500,action,22031,638569,428,9851,1928,9680,143,45,1086
24,12/09/2026 22:38,94500,action,22248,588219,431,9985,1913,9769,148,45,1149
25,12/09/2026 22:39,94500,action,22438,787940,427,10012,1926,9916,156,43,1205
26,12/09/2026 22:39,94500,action,22368,700263,428,9931,1924,9944,139,44,1220
27,12/09/2026 22:40,94500,action,22137,722367,426,9861,1924,9780,145,44,1127
28,12/09/2026 22:40,94500,action,22207,740297,429,9846,1958,9817,155,44,1100
29,12/09/2026 22:40,94500,action,22061,625415,441,9818,1931,9727,142,45,1087
30,12/09/2026 22:41,94500,action,22403,751878,452,10015,1903,9894,138,44,1132
31,12/09/2026 22:41,94500,action,22544,780802,433,10248,1946,9775,140,44,1306
32,12/09/2026 22:41,94500,action,22330,589384,431,9997,1931,9818,151,45,1261
33,12/09/2026 22:42,94500,action,22167,699548,429,9925,1921,9757,134,44,1150
34,12/09/2026 22:42,94500,action,22346,706982,455,9964,1957,9824,144,44,1160
35,12/09/2026 22:43,94500,action,22362,633227,460,10055,1954,9746,145,43,1205
36,12/09/2026 22:43,94500,action,22184,717402,432,9929,1918,9764,140,44,1176
37,12/09/2026 22:43,94500,action,22239,633881,430,9894,1931,9841,140,45,1134
38,12/09/2026 22:44,94500,action,22137,585933,426,9928,1921,9709,151,44,1226
39,12/09/2026 22:44,94500,action,22177,725584,429,9872,1939,9797,138,44,1137
40,12/09/2026 22:44,94500,action,22119,736867,426,9916,1912,9708,156,44,1188
41,12/09/2026 22:45,94500,action,22140,619762,429,9923,1957,9690,140,44,1092
42,12/09/2026 22:45,94500,action,22322,756902,433,9960,1935,9851,141,43,1106
43,12/09/2026 22:46,94500,action,22025,705278,430,9863,1912,9679,138,44,1146
44,12/09/2026 22:46,94500,action,22231,725118,427,9930,1966,9762,142,44,1182
45,12/09/2026 22:46,94500,action,22012,725286,426,9802,1924,9718,139,44,1091
46,12/09/2026 22:47,94500,action,22477,639244,427,9937,1966,10003,142,45,1150
47,12/09/2026 22:47,94500,action,22072,595302,430,9872,1928,9689,151,44,1068
48,12/09/2026 22:47,94500,action,22100,609958,429,9972,1930,9627,141,44,1127
49,12/09/2026 22:48,94500,action,22137,665285,426,9919,1921,9727,141,44,1082
50,12/09/2026 22:48,94500,action,22289,631703,425,10073,1917,9733,139,44,1216
51,12/09/2026 22:49,94500,action,22080,770127,428,9857,1915,9737,141,44,1188
52,12/09/2026 22:49,94500,action,22058,740727,429,9856,1930,9701,140,43,1088
53,12/09/2026 22:49,94500,action,22122,701600,430,9902,1912,9737,139,44,1136
54,12/09/2026 22:50,94500,action,22110,637930,426,9884,1917,9739,141,45,1127
55,12/09/2026 22:50,94500,action,22209,750387,433,10002,1965,9656,152,44,1105
56,12/09/2026 22:50,94500,action,22400,562239,446,10011,1910,9880,152,44,1219
57,12/09/2026 22:51,94500,action,22265,736185,428,9983,1946,9753,153,44,1081
58,12/09/2026 22:51,94500,action,22261,724500,429,10023,1918,9749,140,44,1144
59,12/09/2026 22:52,94500,action,22188,716973,430,10016,1896,9700,143,44,1253
60,12/09/2026 22:52,94500,action,22183,733361,436,9870,1966,9768,140,44,1108
61,12/09/2026 22:52,94500,action,22284,662659,439,9987,1920,9788,149,44,1172
62,12/09/2026 22:53,94500,action,22063,718451,429,9846,1924,9709,153,44,1117
63,12/09/2026 22:53,94500,action,21962,637582,429,9778,1931,9681,141,45,1097
64,12/09/2026 22:53,94500,action,22196,749542,428,9937,1920,9768,142,44,1115
65,12/09/2026 22:54,94500,action,22457,649984,437,10170,1919,9788,142,44,1300
66,12/09/2026 22:54,94500,action,22272,745837,428,9969,1916,9807,150,44,1105
67,12/09/2026 22:55,94500,action,22357,570642,427,9957,1943,9863,165,44,1128
68,12/09/2026 22:55,94500,action,22301,590761,429,9995,1929,9799,147,44,1220
69,12/09/2026 22:55,94500,action,22304,659487,430,10051,1953,9723,144,44,1207
70,12/09/2026 22:56,94500,action,22336,659179,451,9939,1902,9881,160,44,1148
71,12/09/2026 22:56,94500,action,22281,619103,428,10072,1945,9691,143,44,1297
72,12/09/2026 22:56,94500,action,22349,710183,428,9902,1934,9941,141,44,1215
73,12/09/2026 22:57,94500,action,22213,723509,446,9907,1930,9790,139,44,1153
74,12/09/2026 22:57,94500,action,22197,721154,430,10003,1901,9723,138,44,1200
75,12/09/2026 22:58,94500,action,22029,659120,430,9830,1904,9709,154,44,1124
76,12/09/2026 22:58,94500,action,22136,633518,426,9967,1903,9697,140,44,1173
77,12/09/2026 22:58,94500,action,22103,674651,428,9879,1926,9703,165,44,1196
78,12/09/2026 22:59,94500,action,22028,715774,428,9867,1905,9684,143,44,1076
79,12/09/2026 22:59,94500,action,22405,698460,427,9881,1899,10053,142,44,1188
80,12/09/2026 22:59,94500,action,22173,704238,439,9939,1902,9749,142,44,1111
81,12/09/2026 23:00,94500,action,22190,584004,426,9883,1917,9806,157,45,1160
82,12/09/2026 23:00,94500,action,22069,674111,452,9925,1892,9656,142,44,1127
83,12/09/2026 23:00,94500,action,22348,588786,437,9952,1909,9893,155,44,1193
84,12/09/2026 23:01,94500,action,22346,728440,434,10081,1907,9783,139,44,1151
85,12/09/2026 23:01,94500,action,22293,723208,430,9936,1921,9861,143,44,1105
86,12/09/2026 23:02,94500,action,22382,645507,427,10118,1921,9773,139,44,1206
87,12/09/2026 23:02,94500,action,22118,717978,427,9873,1924,9738,154,44,1153
88,12/09/2026 23:02,94500,action,22117,717489,430,9902,1907,9736,141,44,1216
89,12/09/2026 23:03,94500,action,22254,716180,437,9984,1925,9767,139,44,1252
90,12/09/2026 23:03,94500,action,22212,616810,428,9933,1957,9751,141,45,1187
91,12/09/2026 23:03,94500,action,22059,717236,429,9796,1960,9731,140,44,1105
92,12/09/2026 23:04,94500,action,22158,614583,431,9908,1895,9784,139,44,1164
93,12/09/2026 23:04,94500,action,22207,617133,427,9997,1924,9714,143,45,1276
94,12/09/2026 23:05,94500,action,22181,575965,431,9892,1944,9761,151,44,1127
95,12/09/2026 23:05,94500,action,22094,762773,429,9923,1893,9708,140,44,1149
96,12/09/2026 23:05,94500,action,22450,610982,427,9948,1902,10022,150,44,1154
97,12/09/2026 23:06,94500,action,22098,725763,427,9906,1925,9696,141,44,1132
98,12/09/2026 23:06,94500,action,22185,621199,429,9907,1950,9751,147,45,1141
99,12/09/2026 23:06,94500,action,22148,762522,428,9890,1917,9775,136,43,1124
100,12/09/2026 23:07,94500,action,22084,631692,427,9987,1881,9650,138,44,1185
101,12/09/2026 23:07,94500,action,22278,740614,427,10050,1908,9740,151,44,1110
102,12/09/2026 23:08,94500,action,22298,632457,438,10018,1914,9782,145,45,1139
103,12/09/2026 23:08,94500,action,22102,621441,426,9956,1917,9665,136,45,1230
104,12/09/2026 23:08,94500,action,22189,723642,428,9930,1934,9757,139,44,1199
105,12/09/2026 23:09,94500,action,22169,589154,425,9814,1954,9815,159,44,1113
106,12/09/2026 23:09,94500,action,22134,730430,438,9934,1898,9722,140,44,1179
107,12/09/2026 23:09,94500,action,22154,599615,438,9870,1923,9771,150,45,1142
108,12/09/2026 23:10,94500,action,22039,717375,427,9850,1934,9688,139,44,1087
109,12/09/2026 23:10,94500,action,21910,737171,428,9811,1914,9613,142,44,1080
110,12/09/2026 23:11,94500,action,22132,742941,429,9820,1901,9841,138,44,1079
111,12/09/2026 23:11,94500,action,22233,701437,427,9963,1953,9749,140,44,1249
112,12/09/2026 23:11,94500,action,22070,633002,426,9959,1894,9637,151,44,1129
113,12/09/2026 23:12,94500,action,22167,621433,427,9888,1922,9786,142,45,1142
114,12/09/2026 23:12,94500,action,22205,645453,428,9874,1986,9779,137,44,1210
115,12/09/2026 23:12,94500,action,22062,747079,430,9860,1928,9687,155,44,1130
116,12/09/2026 23:13,94500,action,22216,624327,429,9894,1954,9782,155,45,1174
117,12/09/2026 23:13,94500,action,22250,617095,430,9960,1931,9791,136,45,1151
118,12/09/2026 23:14,94500,action,21987,733488,431,9852,1907,9654,140,44,1125
119,12/09/2026 23:14,94500,action,22120,743749,436,9849,1929,9766,138,44,1074
120,12/09/2026 23:14,94500,action,22385,720123,431,10094,1959,9761,138,44,1187
121,12/09/2026 23:15,94500,action,22118,728394,432,9841,1931,9773,138,44,1064
122,12/09/2026 23:15,94500,action,22197,621386,431,9894,1953,9773,143,45,1112
123,12/09/2026 23:15,94500,action,22388,625311,436,9966,1928,9915,141,45,1172
124,12/09/2026 23:16,94500,action,22084,568709,430,9844,1916,9747,144,44,1074
125,12/09/2026 23:16,94500,action,22125,724403,432,9836,1908,9807,140,44,1117
126,12/09/2026 23:17,94500,action,22487,702411,448,9942,1936,10018,141,44,1132
127,12/09/2026 23:17,94500,action,22147,623471,428,9873,1917,9784,142,44,1100
128,12/09/2026 23:17,94500,action,22114,721630,425,9865,1922,9757,143,44,1127
129,12/09/2026 23:18,94500,action,22100,588763,430,9853,1908,9759,148,45,1095
130,12/09/2026 23:18,94500,action,22280,757992,427,10009,1905,9797,139,44,1129
131,12/09/2026 23:18,94500,action,22142,706412,428,9907,1934,9732,138,44,1124
132,12/09/2026 23:19,94500,action,22194,691807,433,9913,1909,9791,147,44,1218
133,12/09/2026 23:19,94500,action,22173,708015,430,9882,1904,9810,146,44,1090
134,12/09/2026 23:20,94500,action,22527,740223,430,10048,1923,9982,142,44,1332
135,12/09/2026 23:20,94500,action,22052,617530,427,9918,1951,9615,139,45,1125
136,12/09/2026 23:20,94500,action,22080,624221,429,9831,1912,9766,140,44,1118
137,12/09/2026 23:21,94500,action,22263,716734,428,9914,1956,9818,143,44,1160
138,12/09/2026 23:21,94500,action,22330,778379,439,9890,1932,9919,148,43,1098
139,12/09/2026 23:21,94500,action,22164,725298,428,9980,1934,9669,151,44,1110
140,12/09/2026 23:22,94500,action,22144,793606,430,9847,1948,9772,146,43,1125
141,12/09/2026 23:22,94500,action,22145,634579,426,9841,1943,9794,139,44,1178
142,12/09/2026 23:23,94500,action,22128,722804,432,9888,1911,9743,153,44,1150
143,12/09/2026 23:23,94500,action,22128,785850,433,9942,1920,9696,135,44,1125
144,12/09/2026 23:23,94500,action,22297,594386,433,9900,1919,9895,148,45,1160
145,12/09/2026 23:24,94500,action,22013,721734,428,9829,1932,9686,136,44,1093
146,12/09/2026 23:24,94500,action,22571,618073,441,10047,1932,9988,160,44,1115
147,12/09/2026 23:24,94500,action,22151,749753,427,9946,1919,9708,148,44,1144
148,12/09/2026 23:25,94500,action,22189,764366,430,9816,1939,9862,140,44,1077
149,12/09/2026 23:25,94500,action,22088,717475,432,9879,1925,9713,138,44,1112
150,12/09/2026 23:25,94500,action,22284,617212,434,9777,1926,10004,141,45,1094
151,12/09/2026 23:26,94500,action,22510,734609,434,9944,1929,10060,142,44,1101
152,12/09/2026 23:26,94500,action,22332,570722,434,9883,1909,9963,141,44,1132
153,12/09/2026 23:27,94500,action,22469,764214,430,9961,1926,10009,141,42,1232
154,12/09/2026 23:27,94500,action,22044,719875,437,9884,1912,9661,147,44,1141
155,12/09/2026 23:27,94500,action,22108,738989,426,9780,1906,9855,139,44,1076
156,12/09/2026 23:28,94500,action,22097,562332,431,9905,1925,9682,152,44,1076
157,12/09/2026 23:28,94500,action,22303,562438,433,10037,1942,9737,152,44,1299
158,12/09/2026 23:28,94500,action,22181,727565,429,9897,1952,9750,150,44,1117
159,12/09/2026 23:29,94500,action,21975,780694,428,9805,1900,9700,140,44,1121
160,12/09/2026 23:29,94500,action,22231,619249,444,9827,1935,9884,138,43,1154
161,12/09/2026 23:30,94500,action,22240,579755,434,9948,1906,9804,146,44,1163
162,12/09/2026 23:30,94500,action,22331,642065,425,10002,1910,9851,141,44,1126
163,12/09/2026 23:30,94500,action,22118,703286,428,9915,1951,9684,138,44,1141
164,12/09/2026 23:31,94500,action,22147,600001,431,9890,1918,9760,147,45,1101
165,12/09/2026 23:31,94500,action,22076,642540,448,9914,1904,9666,142,44,1135
166,12/09/2026 23:31,94500,action,22181,732759,425,9888,1936,9788,141,44,1174
167,12/09/2026 23:32,94500,action,22146,723084,428,9825,1960,9792,140,44,1097
168,12/09/2026 23:32,94500,action,22331,614579,447,9955,1971,9815,141,44,1100
169,12/09/2026 23:33,94500,action,22083,721041,431,9790,1976,9737,148,44,1095
170,12/09/2026 23:33,94500,action,22273,666384,426,9998,1919,9787,141,44,1113
171,12/09/2026 23:33,94500,action,22323,575560,426,9865,1951,9933,146,44,1116
172,12/09/2026 23:34,94500,action,22136,720971,432,9884,1909,9765,143,44,1145
173,12/09/2026 23:34,94500,action,22187,729529,435,9791,1959,9855,145,44,1076
174,12/09/2026 23:34,94500,action,22258,627261,426,9870,1915,9906,138,45,1198
175,12/09/2026 23:35,94500,action,22240,595793,436,9833,1918,9895,157,44,1078
176,12/09/2026 23:35,94500,action,21993,587905,432,9916,1888,9605,149,45,1102
177,12/09/2026 23:36,94500,action,21985,737175,428,9827,1935,9654,138,44,1101
178,12/09/2026 23:36,94500,action,22041,701190,430,9903,1912,9655,138,44,1079
179,12/09/2026 23:36,94500,action,22090,575741,428,9863,1922,9733,142,44,1082
180,12/09/2026 23:37,94500,action,22139,705003,429,9885,1896,9775,153,44,1158
181,12/09/2026 23:37,94500,action,22041,630271,431,9862,1921,9691,135,44,1090
182,12/09/2026 23:37,94500,action,22122,623919,427,9830,1920,9802,139,44,1130
183,12/09/2026 23:38,94500,action,22398,614533,429,9826,1951,10051,140,44,1120
184,12/09/2026 23:38,94500,action,22255,596271,437,9866,1949,9852,149,44,1140
185,12/09/2026 23:39,94500,action,22094,628153,442,9952,1929,9630,138,44,1131
186,12/09/2026 23:39,94500,action,22124,622185,435,9855,1897,9798,137,45,1085
187,12/09/2026 23:39,94500,action,22181,590519,445,9896,1942,9746,149,44,1154
188,12/09/2026 23:40,94500,action,22338,616810,425,9957,1931,9882,142,43,1161
189,12/09/2026 23:40,94500,action,22225,622590,431,9810,1920,9924,139,44,1089
190,12/09/2026 23:40,94500,action,22435,614810,432,9953,1970,9918,161,44,1137
191,12/09/2026 23:41,94500,action,22242,733101,446,9980,1962,9710,142,44,1123
192,12/09/2026 23:41,94500,action,22164,625178,447,9833,1915,9822,146,45,1094
193,12/09/2026 23:42,94500,action,22125,622465,428,9881,1926,9744,145,45,1173
194,12/09/2026 23:42,94500,action,22198,723437,433,9903,1925,9788,147,44,1124
195,12/09/2026 23:42,94500,action,22248,757606,432,10011,1909,9753,141,44,1176
196,12/09/2026 23:43,94500,action,22434,767070,431,9983,1949,9920,148,43,1108
197,12/09/2026 23:43,94500,action,22139,635829,430,9879,1938,9748,142,44,1120
198,12/09/2026 23:43,94500,action,22352,621914,436,9832,1963,9979,140,44,1105
199,12/09/2026 23:44,94500,action,22189,754723,432,9910,1972,9737,137,42,1112
200,12/09/2026 23:44,94500,action,22543,711060,433,10063,1942,9961,142,44,1307
1,12/09/2026 23:50,108000,action,25234,816008,432,11219,2257,11148,176,50,1312
2,12/09/2026 23:50,108000,action,25185,830359,433,11251,2242,11096,161,50,1285
3,12/09/2026 23:50,108000,action,25131,696565,434,11282,2179,11064,169,50,1307
4,12/09/2026 23:51,108000,action,25256,798519,427,11192,2231,11246,159,50,1308
5,12/09/2026 23:51,108000,action,25049,822400,430,11125,2238,11077,177,50,1216
6,12/09/2026 23:52,108000,action,25225,816056,433,11327,2199,11101,163,49,1438
7,12/09/2026 23:52,108000,action,25078,697193,429,11200,2214,11069,164,50,1317
8,12/09/2026 23:53,108000,action,25243,669346,430,11249,2209,11190,164,50,1268
9,12/09/2026 23:53,108000,action,25196,728403,431,11379,2218,11003,163,49,1434
10,12/09/2026 23:53,108000,action,25367,815237,430,11335,2231,11205,165,50,1476
11,12/09/2026 23:54,108000,action,25281,812810,431,11292,2244,11154,159,50,1303
12,12/09/2026 23:54,108000,action,25422,693336,433,11288,2196,11325,177,50,1384
13,12/09/2026 23:55,108000,action,25259,675700,459,11225,2230,11169,173,50,1347
14,12/09/2026 23:55,108000,action,25163,815094,431,11275,2220,11053,183,50,1326
15,12/09/2026 23:56,108000,action,25175,800077,429,11245,2177,11158,163,50,1311
16,12/09/2026 23:56,108000,action,25193,811168,433,11347,2179,11063,169,50,1339
17,12/09/2026 23:56,108000,action,25241,804071,431,11277,2222,11147,162,49,1294
18,12/09/2026 23:57,108000,action,25374,750085,433,11425,2270,11073,171,49,1267
19,12/09/2026 23:57,108000,action,25068,702835,431,11327,2217,10917,174,50,1337
20,12/09/2026 23:58,108000,action,25311,750812,432,11276,2212,11224,164,49,1311
21,12/09/2026 23:58,108000,action,24973,907520,432,11251,2185,10942,160,49,1232
22,12/09/2026 23:58,108000,action,25209,820080,434,11322,2190,11093,168,50,1305
23,12/09/2026 23:59,108000,action,25249,677681,440,11167,2219,11251,169,50,1241
24,12/09/2026 23:59,108000,action,25273,655323,430,11344,2232,11091,174,50,1406
25,13/09/2026 00:00,108000,action,25103,812556,430,11211,2213,11082,166,50,1297
26,13/09/2026 00:00,108000,action,25410,791697,429,11382,2295,11141,161,49,1287
27,13/09/2026 00:01,108000,action,25378,810791,432,11370,2222,11191,161,50,1307
28,13/09/2026 00:01,108000,action,25317,872099,447,11454,2203,11050,160,49,1440
29,13/09/2026 00:01,108000,action,25323,658772,430,11284,2206,11224,177,50,1287
30,13/09/2026 00:02,108000,action,25120,674383,429,11298,2231,10987,173,50,1319
31,13/09/2026 00:02,108000,action,25050,853488,428,11239,2214,11003,164,49,1309
32,13/09/2026 00:03,108000,action,25126,812796,429,11249,2235,11046,164,50,1311
33,13/09/2026 00:03,108000,action,25320,857023,430,11364,2184,11175,165,49,1286
34,13/09/2026 00:04,108000,action,25241,807662,430,11228,2213,11206,162,49,1299
35,13/09/2026 00:04,108000,action,25255,738763,428,11258,2218,11184,163,49,1349
36,13/09/2026 00:04,108000,action,25347,743828,431,11199,2261,11290,165,49,1272
37,13/09/2026 00:05,108000,action,25300,664072,426,11346,2193,11145,188,50,1411
38,13/09/2026 00:05,108000,action,25343,681688,428,11381,2224,11137,171,50,1330
39,13/09/2026 00:06,108000,action,25147,819277,448,11319,2236,10985,157,50,1421
40,13/09/2026 00:06,108000,action,25201,851836,426,11290,2210,11113,161,49,1311
41,13/09/2026 00:07,108000,action,25278,818205,431,11539,2206,10939,161,50,1318
42,13/09/2026 00:07,108000,action,25178,782925,430,11275,2183,11128,160,49,1262
43,13/09/2026 00:07,108000,action,25432,667777,427,11401,2206,11223,172,50,1376
44,13/09/2026 00:08,108000,action,25142,814647,426,11322,2249,10973,170,50,1377
45,13/09/2026 00:08,108000,action,25418,816803,433,11380,2236,11208,160,50,1399
46,13/09/2026 00:09,108000,action,25075,825735,431,11205,2212,11063,162,50,1312
47,13/09/2026 00:09,108000,action,25119,812350,430,11281,2251,10980,175,50,1288
48,13/09/2026 00:10,108000,action,25415,745278,435,11295,2225,11297,161,49,1301
49,13/09/2026 00:10,108000,action,25225,669904,434,11280,2201,11132,176,50,1390
50,13/09/2026 00:10,108000,action,25151,803757,436,11218,2215,11118,162,49,1305
51,13/09/2026 00:11,108000,action,25130,858009,437,11322,2253,10957,159,48,1248
52,13/09/2026 00:11,108000,action,25238,802776,453,11277,2213,11136,158,50,1339
53,13/09/2026 00:12,108000,action,25443,752417,431,11424,2247,11169,171,49,1459
54,13/09/2026 00:12,108000,action,25345,878403,431,11357,2290,11097,168,49,1345
55,13/09/2026 00:12,108000,action,25223,888150,453,11312,2225,11052,180,49,1357
56,13/09/2026 00:13,108000,action,25282,675528,434,11258,2189,11234,165,50,1376
57,13/09/2026 00:13,108000,action,25535,813030,436,11499,2203,11231,165,50,1596
58,13/09/2026 00:14,108000,action,25103,799477,432,11237,2232,11035,165,50,1359
59,13/09/2026 00:14,108000,action,25190,858989,431,11371,2197,11027,162,49,1312
60,13/09/2026 00:15,108000,action,25256,806864,429,11324,2232,11090,178,50,1337
61,13/09/2026 00:15,108000,action,25341,668762,433,11394,2215,11123,174,49,1400
62,13/09/2026 00:15,108000,action,25311,813418,429,11271,2198,11251,161,50,1286
63,13/09/2026 00:16,108000,action,25409,675542,428,11433,2200,11177,169,50,1476
64,13/09/2026 00:16,108000,action,25012,813333,429,11224,2219,10968,170,50,1340
65,13/09/2026 00:17,108000,action,25073,675079,429,11225,2211,11023,182,50,1271
66,13/09/2026 00:17,108000,action,25052,844720,430,11214,2213,11035,158,49,1279
67,13/09/2026 00:18,108000,action,25100,800375,428,11219,2223,11069,160,50,1269
68,13/09/2026 00:18,108000,action,25138,866727,431,11233,2212,11098,162,49,1317
69,13/09/2026 00:18,108000,action,25142,819509,449,11224,2264,11030,174,50,1286
70,13/09/2026 00:19,108000,action,25452,664239,431,11327,2222,11295,176,50,1429
71,13/09/2026 00:19,108000,action,25029,812322,428,11291,2200,10949,159,50,1285
72,13/09/2026 00:20,108000,action,25068,883742,432,11232,2219,11019,162,49,1297
73,13/09/2026 00:20,108000,action,25121,795554,431,11243,2253,11030,162,49,1304
74,13/09/2026 00:21,108000,action,25158,815188,433,11224,2218,11104,178,50,1273
75,13/09/2026 00:21,108000,action,25110,864653,431,11241,2214,11064,158,49,1277
76,13/09/2026 00:21,108000,action,25204,654596,428,11267,2199,11136,171,50,1371
77,13/09/2026 00:22,108000,action,25155,801413,425,11186,2222,11157,162,49,1283
78,13/09/2026 00:22,108000,action,25195,837646,430,11220,2207,11177,159,50,1309
79,13/09/2026 00:23,108000,action,25194,829292,433,11339,2218,11041,161,50,1358
80,13/09/2026 00:23,108000,action,25193,812735,434,11296,2235,11048,177,50,1303
81,13/09/2026 00:24,108000,action,25502,801466,429,11342,2224,11346,159,50,1398
82,13/09/2026 00:24,108000,action,25294,873458,429,11370,2194,11135,163,49,1360
83,13/09/2026 00:24,108000,action,25120,846613,432,11291,2238,10990,167,49,1313
84,13/09/2026 00:25,108000,action,25174,708238,434,11319,2208,11040,171,50,1393
85,13/09/2026 00:25,108000,action,25103,889401,429,11238,2226,11048,160,49,1355
86,13/09/2026 00:26,108000,action,25170,823101,430,11369,2236,10972,161,50,1320
87,13/09/2026 00:26,108000,action,25307,717152,429,11450,2224,11033,169,49,1283
88,13/09/2026 00:26,108000,action,25259,862206,437,11335,2214,11102,168,49,1365
89,13/09/2026 00:27,108000,action,25400,815946,431,11340,2230,11233,164,50,1364
90,13/09/2026 00:27,108000,action,25184,868267,429,11319,2223,11039,172,49,1374
91,13/09/2026 00:28,108000,action,25312,788078,441,11356,2217,11134,162,49,1360
92,13/09/2026 00:28,108000,action,25274,684060,433,11201,2264,11207,167,50,1256
93,13/09/2026 00:29,108000,action,25141,881953,456,11235,2212,11052,184,48,1267
94,13/09/2026 00:29,108000,action,25305,675411,453,11213,2197,11253,187,50,1279
95,13/09/2026 00:29,108000,action,25320,913679,432,11319,2237,11170,160,49,1323
96,13/09/2026 00:30,108000,action,25206,815627,434,11353,2201,11057,158,50,1431
97,13/09/2026 00:30,108000,action,25413,819232,428,11294,2227,11300,163,50,1267
98,13/09/2026 00:31,108000,action,25253,761602,440,11174,2229,11250,159,49,1319
99,13/09/2026 00:31,108000,action,25345,670996,429,11445,2216,11082,171,50,1353
100,13/09/2026 00:32,108000,action,25128,806142,439,11289,2243,10993,161,50,1342
101,13/09/2026 00:32,108000,action,25275,817406,431,11307,2216,11146,174,50,1343
102,13/09/2026 00:32,108000,action,25224,902943,433,11249,2235,11149,156,48,1278
103,13/09/2026 00:33,108000,action,25201,812978,431,11177,2235,11192,164,50,1319
104,13/09/2026 00:33,108000,action,25541,732421,431,11469,2211,11266,162,49,1511
105,13/09/2026 00:34,108000,action,25103,791021,433,11181,2193,11133,162,49,1277
106,13/09/2026 00:34,108000,action,25021,815411,429,11171,2172,11083,163,50,1302
107,13/09/2026 00:35,108000,action,25320,678597,426,11510,2197,11014,171,49,1430
108,13/09/2026 00:35,108000,action,25107,801638,429,11231,2179,11105,161,50,1279
109,13/09/2026 00:35,108000,action,25037,802559,430,11208,2258,10968,170,50,1351
110,13/09/2026 00:36,108000,action,25134,675560,431,11314,2237,10972,178,50,1317
111,13/09/2026 00:36,108000,action,24986,785432,430,11272,2192,10927,163,49,1287
112,13/09/2026 00:37,108000,action,25227,654191,428,11222,2224,11176,175,50,1284
113,13/09/2026 00:37,108000,action,25169,820347,426,11205,2191,11180,165,50,1331
114,13/09/2026 00:37,108000,action,25386,671607,433,11242,2207,11330,171,50,1294
115,13/09/2026 00:38,108000,action,25071,672863,441,11251,2179,11029,169,50,1394
116,13/09/2026 00:38,108000,action,25327,738461,445,11367,2234,11116,163,49,1506
117,13/09/2026 00:39,108000,action,25232,668479,431,11263,2196,11170,170,50,1351
118,13/09/2026 00:39,108000,action,25150,669944,441,11131,2218,11181,178,50,1298
119,13/09/2026 00:40,108000,action,25369,665141,431,11409,2224,11118,185,50,1423
120,13/09/2026 00:40,108000,action,25210,812755,426,11381,2225,11013,163,50,1413
121,13/09/2026 00:40,108000,action,25000,687598,433,11154,2181,11060,170,50,1295
122,13/09/2026 00:41,108000,action,25350,695854,429,11223,2227,11292,177,49,1270
123,13/09/2026 00:41,108000,action,25244,776501,426,11291,2206,11160,159,49,1314
124,13/09/2026 00:42,108000,action,25268,747040,427,11254,2201,11225,159,49,1304
125,13/09/2026 00:42,108000,action,25349,784098,429,11486,2250,11025,157,49,1280
126,13/09/2026 00:43,108000,action,25180,810263,425,11234,2240,11104,174,50,1265
127,13/09/2026 00:43,108000,action,25105,816485,428,11230,2222,11064,159,50,1354
128,13/09/2026 00:43,108000,action,25117,815367,428,11206,2185,11136,160,50,1361
129,13/09/2026 00:44,108000,action,25089,885346,429,11231,2218,11042,166,49,1269
130,13/09/2026 00:44,108000,action,25111,798923,433,11259,2197,11059,161,50,1345
131,13/09/2026 00:45,108000,action,25213,743136,429,11158,2271,11197,157,49,1266
132,13/09/2026 00:45,108000,action,25212,881020,429,11248,2221,11149,162,49,1257
133,13/09/2026 00:46,108000,action,25134,816623,446,11260,2233,11022,170,50,1340
134,13/09/2026 00:46,108000,action,25130,842779,430,11301,2233,11006,158,49,1266
135,13/09/2026 00:46,108000,action,25226,814024,433,11190,2267,11175,158,48,1282
136,13/09/2026 00:47,108000,action,25256,808477,429,11292,2234,11141,158,50,1369
137,13/09/2026 00:47,108000,action,25230,813009,430,11313,2256,11054,176,50,1335
138,13/09/2026 00:48,108000,action,25163,865387,429,11303,2231,11037,161,49,1275
139,13/09/2026 00:48,108000,action,25334,679035,428,11424,2221,11086,173,50,1459
140,13/09/2026 00:49,108000,action,25513,908342,428,11284,2253,11382,163,49,1339
141,13/09/2026 00:49,108000,action,25101,872552,435,11271,2235,10990,167,49,1339
142,13/09/2026 00:49,108000,action,25616,839610,434,11422,2246,11352,161,48,1419
143,13/09/2026 00:50,108000,action,25126,800589,431,11230,2218,11086,159,50,1276
144,13/09/2026 00:50,108000,action,25399,791234,431,11349,2207,11249,161,50,1403
145,13/09/2026 00:51,108000,action,25172,819339,431,11306,2202,11058,173,50,1351
146,13/09/2026 00:51,108000,action,25303,807753,431,11297,2237,11174,161,50,1327
147,13/09/2026 00:51,108000,action,25105,811121,427,11198,2217,11099,163,50,1300
148,13/09/2026 00:52,108000,action,25082,814118,429,11212,2205,11075,159,50,1318
149,13/09/2026 00:52,108000,action,25178,660917,435,11289,2209,11076,167,50,1324
150,13/09/2026 00:53,108000,action,25377,650340,431,11416,2201,11150,178,49,1413
151,13/09/2026 00:53,108000,action,25176,818079,430,11297,2231,11035,181,50,1365
152,13/09/2026 00:54,108000,action,25246,808165,448,11245,2203,11186,162,50,1336
153,13/09/2026 00:54,108000,action,25189,800834,445,11282,2199,11104,158,50,1360
154,13/09/2026 00:54,108000,action,25350,670837,432,11326,2229,11193,167,50,1387
155,13/09/2026 00:55,108000,action,25616,665182,428,11507,2221,11291,168,50,1354
156,13/09/2026 00:55,108000,action,25075,802684,427,11149,2211,11122,165,49,1307
157,13/09/2026 00:56,108000,action,25263,777485,427,11231,2186,11256,161,49,1306
158,13/09/2026 00:56,108000,action,25223,693026,428,11248,2205,11174,166,50,1298
159,13/09/2026 00:57,108000,action,25305,811831,432,11332,2228,11150,162,48,1285
160,13/09/2026 00:57,108000,action,25373,705377,438,11387,2216,11152,178,50,1336
161,13/09/2026 00:57,108000,action,25175,865395,441,11273,2251,11049,160,49,1284
162,13/09/2026 00:58,108000,action,25000,817260,428,11364,2184,10865,157,50,1404
163,13/09/2026 00:58,108000,action,25110,803111,430,11199,2227,11084,168,49,1252
164,13/09/2026 00:59,108000,action,25378,777305,426,11221,2218,11346,165,49,1301
165,13/09/2026 00:59,108000,action,25087,675142,437,11136,2226,11126,160,50,1275
166,13/09/2026 01:00,108000,action,25179,746317,427,11188,2229,11171,161,49,1351
167,13/09/2026 01:00,108000,action,25089,882718,432,11225,2224,11047,158,49,1295
168,13/09/2026 01:00,108000,action,25119,817836,432,11202,2223,11093,167,50,1330
169,13/09/2026 01:01,108000,action,25441,673598,429,11305,2224,11310,171,50,1412
170,13/09/2026 01:01,108000,action,25163,857163,436,11207,2236,11108,174,50,1307
171,13/09/2026 01:02,108000,action,25510,664348,432,11295,2224,11377,181,49,1247
172,13/09/2026 01:02,108000,action,25417,677272,429,11316,2242,11243,186,50,1312
173,13/09/2026 01:03,108000,action,25045,813029,434,11247,2197,11003,162,50,1322
174,13/09/2026 01:03,108000,action,25060,668530,433,11208,2219,11025,174,49,1310
175,13/09/2026 01:03,108000,action,25392,675536,432,11354,2204,11230,171,50,1362
176,13/09/2026 01:04,108000,action,25180,799128,429,11382,2211,10995,162,50,1327
177,13/09/2026 01:04,108000,action,25212,911784,431,11212,2278,11125,163,49,1296
178,13/09/2026 01:05,108000,action,25211,814108,434,11359,2226,11029,161,50,1329
179,13/09/2026 01:05,108000,action,25356,855000,431,11518,2219,11026,160,49,1452
180,13/09/2026 01:05,108000,action,25354,658769,430,11279,2258,11215,170,50,1288
181,13/09/2026 01:06,108000,action,25255,799054,444,11352,2212,11086,159,50,1390
182,13/09/2026 01:06,108000,action,25164,816223,429,11252,2299,11021,161,50,1344
183,13/09/2026 01:07,108000,action,25097,799632,432,11209,2206,11083,164,50,1328
184,13/09/2026 01:07,108000,action,25572,817200,430,11232,2232,11515,161,50,1371
185,13/09/2026 01:08,108000,action,25250,672381,427,11310,2208,11134,169,50,1286
186,13/09/2026 01:08,108000,action,25343,751508,431,11285,2203,11263,159,49,1296
187,13/09/2026 01:08,108000,action,25225,731355,430,11336,2209,11091,157,49,1321
188,13/09/2026 01:09,108000,action,25237,856396,436,11337,2202,11097,163,49,1362
189,13/09/2026 01:09,108000,action,25252,757627,432,11369,2230,11055,164,49,1293
190,13/09/2026 01:10,108000,action,25433,674144,435,11272,2233,11325,166,50,1386
191,13/09/2026 01:10,108000,action,25200,806656,427,11342,2239,11032,158,49,1290
192,13/09/2026 01:11,108000,action,25683,868171,429,11310,2302,11474,166,49,1346
193,13/09/2026 01:11,108000,action,25090,828384,444,11277,2201,11003,163,49,1265
194,13/09/2026 01:11,108000,action,25256,701910,430,11415,2210,11034,165,50,1303
195,13/09/2026 01:12,108000,action,25159,666075,428,11242,2256,11048,183,50,1334
196,13/09/2026 01:12,108000,action,25222,797671,435,11336,2223,11067,159,50,1330
197,13/09/2026 01:13,108000,action,25366,663076,430,11241,2246,11281,166,50,1304
198,13/09/2026 01:13,108000,action,25265,911862,432,11330,2244,11093,164,49,1318
199,13/09/2026 01:14,108000,action,25129,857864,430,11243,2209,11080,164,49,1316
200,13/09/2026 01:14,108000,action,25066,813566,432,11256,2206,11007,164,50,1362
1,13/09/2026 03:09,13500,resource,3954,99598,430,1627,282,1571,42,5,120
2,13/09/2026 03:09,13500,resource,3993,83244,427,1654,272,1578,60,5,114
3,13/09/2026 03:09,13500,resource,3964,98143,431,1637,227,1624,43,5,115
4,13/09/2026 03:09,13500,resource,3981,83589,434,1640,227,1619,59,5,121
5,13/09/2026 03:09,13500,resource,3953,88408,440,1619,272,1580,42,5,111
6,13/09/2026 03:10,13500,resource,3974,82183,429,1631,283,1568,61,5,113
7,13/09/2026 03:10,13500,resource,3977,98526,429,1636,295,1572,43,5,117
8,13/09/2026 03:10,13500,resource,3982,104403,427,1667,239,1604,43,5,117
9,13/09/2026 03:10,13500,resource,3938,82181,428,1637,222,1578,70,5,114
10,13/09/2026 03:10,13500,resource,3880,82950,428,1615,223,1554,59,5,116
11,13/09/2026 03:10,13500,resource,4019,93467,429,1639,289,1614,46,5,115
12,13/09/2026 03:10,13500,resource,4004,88062,428,1682,221,1613,58,5,116
13,13/09/2026 03:10,13500,resource,3988,89771,443,1656,225,1607,56,5,116
14,13/09/2026 03:10,13500,resource,3985,103920,425,1617,286,1611,44,5,118
15,13/09/2026 03:10,13500,resource,3971,103965,439,1669,221,1597,43,5,121
16,13/09/2026 03:10,13500,resource,3981,90068,426,1626,271,1616,40,5,121
17,13/09/2026 03:10,13500,resource,3912,82115,431,1641,221,1556,61,5,117
18,13/09/2026 03:10,13500,resource,3982,104050,429,1633,288,1589,42,5,118
19,13/09/2026 03:10,13500,resource,3963,104472,435,1660,223,1599,44,5,113
20,13/09/2026 03:10,13500,resource,4005,103524,430,1648,273,1610,43,5,117
21,13/09/2026 03:11,13500,resource,3905,104531,428,1626,221,1587,41,5,116
22,13/09/2026 03:11,13500,resource,3983,103601,427,1638,273,1602,41,5,119
23,13/09/2026 03:11,13500,resource,3985,90186,427,1626,266,1608,55,5,115
24,13/09/2026 03:11,13500,resource,3969,104758,426,1620,283,1596,43,5,115
25,13/09/2026 03:11,13500,resource,4074,82127,445,1693,262,1612,60,5,120
26,13/09/2026 03:11,13500,resource,3990,98489,428,1636,290,1590,44,5,112
27,13/09/2026 03:11,13500,resource,4014,103316,448,1658,271,1593,43,5,116
28,13/09/2026 03:11,13500,resource,3964,103953,424,1624,277,1595,42,5,118
29,13/09/2026 03:11,13500,resource,3944,82326,426,1653,223,1579,60,5,115
30,13/09/2026 03:11,13500,resource,3952,81616,430,1631,226,1604,60,5,111
31,13/09/2026 03:11,13500,resource,3985,89379,429,1647,235,1632,40,5,118
32,13/09/2026 03:11,13500,resource,4005,103571,431,1642,270,1618,41,5,118
33,13/09/2026 03:11,13500,resource,3978,103676,441,1627,278,1587,42,5,113
34,13/09/2026 03:11,13500,resource,3991,82551,428,1621,287,1595,59,5,111
35,13/09/2026 03:12,13500,resource,4016,98428,433,1697,224,1615,43,5,117
36,13/09/2026 03:12,13500,resource,4032,99713,427,1633,271,1650,48,5,119
37,13/09/2026 03:12,13500,resource,3960,103958,427,1624,249,1614,43,5,118
38,13/09/2026 03:12,13500,resource,4067,82105,437,1710,288,1571,59,5,121
39,13/09/2026 03:12,13500,resource,3990,100742,428,1629,268,1612,51,5,119
40,13/09/2026 03:12,13500,resource,3968,108716,427,1620,272,1605,42,5,115
41,13/09/2026 03:12,13500,resource,3971,104179,430,1630,283,1583,43,5,118
42,13/09/2026 03:12,13500,resource,3961,105131,425,1658,223,1609,44,5,117
43,13/09/2026 03:12,13500,resource,3994,82599,429,1661,221,1620,60,5,115
44,13/09/2026 03:12,13500,resource,3970,98510,437,1624,220,1646,41,5,118
45,13/09/2026 03:12,13500,resource,3947,82819,427,1641,222,1594,60,5,112
46,13/09/2026 03:12,13500,resource,3967,104491,435,1673,222,1584,50,5,115
47,13/09/2026 03:12,13500,resource,3909,102902,429,1634,223,1579,42,5,118
48,13/09/2026 03:12,13500,resource,3998,105343,434,1641,229,1647,45,5,124
49,13/09/2026 03:12,13500,resource,3953,89084,433,1630,224,1623,40,5,113
50,13/09/2026 03:13,13500,resource,3940,83453,431,1633,223,1591,59,5,114
51,13/09/2026 03:13,13500,resource,3990,104329,438,1676,227,1603,44,5,117
52,13/09/2026 03:13,13500,resource,3994,103633,432,1618,284,1616,42,5,115
53,13/09/2026 03:13,13500,resource,4006,89487,433,1647,272,1608,45,5,118
54,13/09/2026 03:13,13500,resource,3967,87734,429,1631,259,1607,40,5,115
55,13/09/2026 03:13,13500,resource,4032,82791,431,1619,285,1628,68,5,114
56,13/09/2026 03:13,13500,resource,3973,103328,431,1611,271,1616,43,5,116
57,13/09/2026 03:13,13500,resource,4015,99035,432,1629,295,1614,43,5,119
58,13/09/2026 03:13,13500,resource,3990,103855,431,1624,265,1624,44,5,120
59,13/09/2026 03:13,13500,resource,3971,104218,454,1660,233,1579,43,5,115
60,13/09/2026 03:13,13500,resource,3982,98451,457,1689,222,1571,41,5,115
61,13/09/2026 03:13,13500,resource,3953,103842,432,1629,223,1623,44,5,113
62,13/09/2026 03:13,13500,resource,3996,99544,429,1627,291,1603,43,5,118
63,13/09/2026 03:13,13500,resource,3970,98478,429,1644,259,1593,43,5,118
64,13/09/2026 03:14,13500,resource,4022,101060,440,1620,284,1629,47,5,115
65,13/09/2026 03:14,13500,resource,3998,104201,432,1617,288,1614,45,5,118
66,13/09/2026 03:14,13500,resource,3898,98427,425,1610,223,1596,41,5,113
67,13/09/2026 03:14,13500,resource,3969,104084,432,1624,227,1643,42,5,118
68,13/09/2026 03:14,13500,resource,4037,88898,429,1659,266,1640,41,5,119
69,13/09/2026 03:14,13500,resource,3997,105257,431,1657,260,1605,43,5,116
70,13/09/2026 03:14,13500,resource,3931,105060,431,1624,226,1607,40,5,116
71,13/09/2026 03:14,13500,resource,4000,104358,424,1634,282,1615,44,5,116
72,13/09/2026 03:14,13500,resource,4008,89558,440,1637,236,1644,50,5,112
73,13/09/2026 03:14,13500,resource,4024,83150,429,1637,285,1611,60,5,111
74,13/09/2026 03:14,13500,resource,3979,108009,431,1620,286,1599,42,5,119
75,13/09/2026 03:14,13500,resource,4016,88845,433,1658,224,1657,42,5,117
76,13/09/2026 03:14,13500,resource,3943,83935,428,1653,222,1576,61,5,115
77,13/09/2026 03:14,13500,resource,4026,103788,441,1625,289,1626,42,5,115
78,13/09/2026 03:14,13500,resource,3961,108803,429,1637,225,1623,44,5,112
79,13/09/2026 03:15,13500,resource,3958,99150,439,1629,223,1623,42,5,120
80,13/09/2026 03:15,13500,resource,3990,98594,429,1669,265,1584,42,5,115
81,13/09/2026 03:15,13500,resource,3991,83729,440,1660,225,1603,62,5,117
82,13/09/2026 03:15,13500,resource,4017,93213,429,1638,283,1612,54,5,114
83,13/09/2026 03:15,13500,resource,4015,88638,428,1647,225,1669,43,5,113
84,13/09/2026 03:15,13500,resource,3928,89925,428,1626,222,1610,41,5,117
85,13/09/2026 03:15,13500,resource,4000,99485,428,1644,285,1599,42,5,113
86,13/09/2026 03:15,13500,resource,3955,104523,430,1634,262,1584,42,5,115
87,13/09/2026 03:15,13500,resource,3951,89364,436,1641,223,1606,43,5,115
88,13/09/2026 03:15,13500,resource,4045,88816,447,1661,291,1602,41,5,119
89,13/09/2026 03:15,13500,resource,3942,83197,427,1645,224,1585,60,5,116
90,13/09/2026 03:15,13500,resource,4060,92776,433,1647,288,1650,40,5,117
91,13/09/2026 03:15,13500,resource,3970,84012,428,1632,262,1586,61,5,115
92,13/09/2026 03:15,13500,resource,3965,89079,428,1635,224,1636,40,5,114
93,13/09/2026 03:16,13500,resource,4009,99325,428,1640,290,1603,45,5,115
94,13/09/2026 03:16,13500,resource,4019,88940,430,1621,286,1639,41,5,113
95,13/09/2026 03:16,13500,resource,3953,103115,426,1645,224,1614,42,5,125
96,13/09/2026 03:16,13500,resource,4007,104304,432,1620,289,1620,44,5,113
97,13/09/2026 03:16,13500,resource,4011,98768,444,1679,227,1618,41,5,119
98,13/09/2026 03:16,13500,resource,3924,88481,437,1638,222,1583,41,5,114
99,13/09/2026 03:16,13500,resource,3953,103726,432,1631,226,1619,43,5,112
100,13/09/2026 03:16,13500,resource,4028,82107,428,1672,226,1641,60,5,117
101,13/09/2026 03:16,13500,resource,3952,103624,440,1651,227,1590,42,5,120
102,13/09/2026 03:16,13500,resource,3924,82575,429,1636,226,1568,61,5,118
103,13/09/2026 03:16,13500,resource,3990,99158,426,1633,284,1602,42,5,117
104,13/09/2026 03:16,13500,resource,4041,103129,436,1648,291,1620,44,5,117
105,13/09/2026 03:16,13500,resource,3990,83606,429,1630,260,1599,70,5,117
106,13/09/2026 03:16,13500,resource,3990,100517,439,1681,223,1602,43,5,119
107,13/09/2026 03:16,13500,resource,3980,103568,434,1607,268,1626,43,5,113
108,13/09/2026 03:17,13500,resource,4029,89873,428,1638,274,1648,39,5,114
109,13/09/2026 03:17,13500,resource,3959,97970,442,1658,223,1591,42,5,115
110,13/09/2026 03:17,13500,resource,3919,98834,430,1621,223,1602,40,5,121
111,13/09/2026 03:17,13500,resource,4007,89218,425,1642,272,1614,50,5,109
112,13/09/2026 03:17,13500,resource,4016,104065,430,1635,285,1621,43,5,117
113,13/09/2026 03:17,13500,resource,3933,103532,442,1626,223,1597,44,5,117
114,13/09/2026 03:17,13500,resource,3925,102915,433,1630,225,1590,45,5,118
115,13/09/2026 03:17,13500,resource,3995,82826,439,1667,270,1557,59,5,116
116,13/09/2026 03:17,13500,resource,3986,99912,432,1625,284,1599,44,5,117
117,13/09/2026 03:17,13500,resource,3989,103585,431,1626,275,1612,44,5,118
118,13/09/2026 03:17,13500,resource,3959,89088,453,1669,233,1563,40,5,116
119,13/09/2026 03:17,13500,resource,3950,99053,465,1631,223,1587,42,5,115
120,13/09/2026 03:17,13500,resource,4004,93533,429,1657,225,1644,47,5,116
121,13/09/2026 03:17,13500,resource,3998,103625,425,1644,261,1619,46,5,116
122,13/09/2026 03:18,13500,resource,3993,93263,431,1633,291,1595,41,5,113
123,13/09/2026 03:18,13500,resource,3922,89565,428,1629,222,1602,40,5,114
124,13/09/2026 03:18,13500,resource,3975,103391,431,1633,223,1632,53,5,118
125,13/09/2026 03:18,13500,resource,4014,104674,430,1652,281,1604,45,5,114
126,13/09/2026 03:18,13500,resource,3975,104036,446,1657,223,1604,44,5,115
127,13/09/2026 03:18,13500,resource,3975,104849,438,1644,221,1625,43,5,115
128,13/09/2026 03:18,13500,resource,4061,103038,442,1633,285,1654,44,5,118
129,13/09/2026 03:18,13500,resource,3986,90183,445,1672,224,1604,39,5,113
130,13/09/2026 03:18,13500,resource,4017,105362,428,1644,292,1609,42,5,115
131,13/09/2026 03:18,13500,resource,3999,83306,429,1631,271,1605,61,5,115
132,13/09/2026 03:18,13500,resource,3952,103765,434,1645,266,1563,42,5,114
133,13/09/2026 03:18,13500,resource,3962,88589,443,1637,231,1608,41,5,119
134,13/09/2026 03:18,13500,resource,3954,104966,427,1653,220,1608,44,5,115
135,13/09/2026 03:18,13500,resource,4019,109258,429,1658,283,1606,41,5,111
136,13/09/2026 03:18,13500,resource,4060,103069,434,1664,295,1620,44,5,122
137,13/09/2026 03:19,13500,resource,3929,82742,429,1633,223,1583,59,5,113
138,13/09/2026 03:19,13500,resource,3966,105004,437,1643,225,1615,44,5,116
139,13/09/2026 03:19,13500,resource,4056,89013,429,1629,292,1664,40,5,114
140,13/09/2026 03:19,13500,resource,3968,97806,427,1632,295,1560,53,5,116
141,13/09/2026 03:19,13500,resource,3989,88524,429,1621,307,1589,41,5,114
142,13/09/2026 03:19,13500,resource,3963,98874,429,1635,224,1622,52,5,117
143,13/09/2026 03:19,13500,resource,3909,97794,431,1613,229,1590,44,5,110
144,13/09/2026 03:19,13500,resource,3926,103619,432,1642,224,1581,44,5,114
145,13/09/2026 03:19,13500,resource,3930,104318,436,1638,222,1590,42,5,115
146,13/09/2026 03:19,13500,resource,3991,89297,432,1626,302,1590,39,5,115
147,13/09/2026 03:19,13500,resource,3985,104161,427,1621,268,1624,42,5,117
148,13/09/2026 03:19,13500,resource,3982,105049,452,1670,223,1585,50,5,124
149,13/09/2026 03:19,13500,resource,4007,103097,437,1617,291,1609,51,5,113
150,13/09/2026 03:19,13500,resource,4038,82370,445,1661,224,1646,59,5,115
151,13/09/2026 03:20,13500,resource,4001,88061,432,1627,290,1608,43,5,118
152,13/09/2026 03:20,13500,resource,3973,82769,427,1622,220,1643,59,5,113
153,13/09/2026 03:20,13500,resource,3971,98241,427,1635,286,1578,44,5,117
154,13/09/2026 03:20,13500,resource,3937,88789,430,1631,224,1610,41,5,117
155,13/09/2026 03:20,13500,resource,4023,83102,427,1633,285,1618,60,5,115
156,13/09/2026 03:20,13500,resource,3932,93408,428,1626,221,1615,40,5,114
157,13/09/2026 03:20,13500,resource,3975,107930,428,1617,266,1618,45,5,118
158,13/09/2026 03:20,13500,resource,4033,82770,432,1691,223,1623,61,5,116
159,13/09/2026 03:20,13500,resource,3904,99251,427,1627,225,1582,41,5,117
160,13/09/2026 03:20,13500,resource,3983,88490,430,1642,260,1609,40,5,117
161,13/09/2026 03:20,13500,resource,3936,103916,427,1632,220,1611,43,5,120
162,13/09/2026 03:20,13500,resource,3894,109158,429,1624,223,1575,41,5,118
163,13/09/2026 03:20,13500,resource,3955,104184,435,1676,223,1578,41,5,115
164,13/09/2026 03:20,13500,resource,4019,83637,433,1647,260,1614,63,5,117
165,13/09/2026 03:20,13500,resource,4047,88994,431,1637,287,1650,40,5,114
166,13/09/2026 03:21,13500,resource,3998,81764,425,1662,264,1582,63,5,120
167,13/09/2026 03:21,13500,resource,3996,89694,465,1656,224,1607,43,5,113
168,13/09/2026 03:21,13500,resource,4021,83252,430,1632,294,1605,59,5,116
169,13/09/2026 03:21,13500,resource,3976,103079,428,1625,282,1594,45,5,114
170,13/09/2026 03:21,13500,resource,3948,103962,425,1621,258,1599,43,5,117
171,13/09/2026 03:21,13500,resource,3984,98283,433,1665,226,1614,45,5,117
172,13/09/2026 03:21,13500,resource,3977,104236,428,1627,263,1614,43,5,116
173,13/09/2026 03:21,13500,resource,3918,104172,429,1637,222,1588,41,5,117
174,13/09/2026 03:21,13500,resource,3971,104319,423,1605,291,1606,44,5,112
175,13/09/2026 03:21,13500,resource,4044,104633,428,1618,288,1658,51,5,115
176,13/09/2026 03:21,13500,resource,3969,104193,425,1635,224,1638,45,5,118
177,13/09/2026 03:21,13500,resource,3971,83318,436,1634,222,1614,62,5,117
178,13/09/2026 03:21,13500,resource,4003,103210,426,1635,287,1611,41,5,114
179,13/09/2026 03:21,13500,resource,3969,104340,429,1623,264,1611,42,5,119
180,13/09/2026 03:22,13500,resource,3950,88610,438,1629,238,1603,39,5,118
181,13/09/2026 03:22,13500,resource,4030,88654,445,1659,221,1647,56,5,116
182,13/09/2026 03:22,13500,resource,3929,99796,442,1626,222,1594,43,5,115
183,13/09/2026 03:22,13500,resource,3982,103759,432,1645,224,1634,45,5,117
184,13/09/2026 03:22,13500,resource,4003,104980,429,1625,287,1618,42,5,115
185,13/09/2026 03:22,13500,resource,3940,104002,429,1632,221,1612,43,5,112
186,13/09/2026 03:22,13500,resource,3921,99890,434,1635,224,1585,42,5,113
187,13/09/2026 03:22,13500,resource,3984,88684,427,1616,282,1617,40,5,114
188,13/09/2026 03:22,13500,resource,3933,104140,430,1622,220,1616,43,5,124
189,13/09/2026 03:22,13500,resource,3951,100990,435,1631,221,1621,41,5,112
190,13/09/2026 03:22,13500,resource,3950,89518,426,1635,234,1613,41,5,114
191,13/09/2026 03:22,13500,resource,4020,104990,432,1651,279,1611,44,5,119
192,13/09/2026 03:22,13500,resource,4002,82420,428,1633,269,1609,61,5,121
193,13/09/2026 03:22,13500,resource,4003,82112,431,1653,275,1579,62,5,117
194,13/09/2026 03:22,13500,resource,4026,104647,430,1665,275,1609,45,5,117
195,13/09/2026 03:23,13500,resource,4001,82797,430,1615,287,1606,61,5,114
196,13/09/2026 03:23,13500,resource,3993,82873,434,1684,223,1589,61,5,112
197,13/09/2026 03:23,13500,resource,4011,82806,429,1642,268,1610,60,5,112
198,13/09/2026 03:23,13500,resource,4005,105487,428,1631,287,1616,41,5,113
199,13/09/2026 03:23,13500,resource,4092,103712,468,1677,224,1667,54,5,115
200,13/09/2026 03:23,13500,resource,3985,98209,425,1606,283,1623,46,5,112
1,13/09/2026 03:28,27000,resource,6998,149668,431,3057,539,2900,70,13,274
2,13/09/2026 03:28,27000,resource,6943,255214,431,2977,528,2941,64,12,271
3,13/09/2026 03:28,27000,resource,6883,154641,427,2992,503,2890,69,13,286
4,13/09/2026 03:28,27000,resource,6987,153125,428,3003,542,2932,80,13,286
5,13/09/2026 03:29,27000,resource,6933,153031,430,3004,470,2950,77,13,297
6,13/09/2026 03:29,27000,resource,6912,153578,428,2975,522,2912,73,13,286
7,13/09/2026 03:29,27000,resource,6871,157440,432,2958,530,2880,69,13,278
8,13/09/2026 03:29,27000,resource,6892,149923,432,2979,513,2896,69,13,278
9,13/09/2026 03:29,27000,resource,6912,257972,431,3012,470,2924,72,12,278
10,13/09/2026 03:29,27000,resource,6878,150319,432,2953,539,2886,66,13,278
11,13/09/2026 03:29,27000,resource,6899,155419,429,2993,476,2930,69,13,289
12,13/09/2026 03:29,27000,resource,6899,249896,429,2969,473,2954,71,12,285
13,13/09/2026 03:29,27000,resource,6967,152059,462,3017,542,2877,67,13,278
14,13/09/2026 03:30,27000,resource,6985,154633,437,3002,528,2936,80,13,278
15,13/09/2026 03:30,27000,resource,6971,152303,428,3007,525,2940,70,13,294
16,13/09/2026 03:30,27000,resource,6899,256976,428,2993,474,2937,65,12,283
17,13/09/2026 03:30,27000,resource,6939,152425,457,2993,537,2882,67,13,287
18,13/09/2026 03:30,27000,resource,6881,253520,427,3005,472,2910,66,12,279
19,13/09/2026 03:30,27000,resource,6851,279224,426,2972,476,2910,64,12,283
20,13/09/2026 03:30,27000,resource,6894,282741,429,2978,544,2879,62,12,274
21,13/09/2026 03:30,27000,resource,6900,284845,427,2981,473,2944,74,12,275
22,13/09/2026 03:31,27000,resource,6900,259980,427,3004,530,2872,65,12,284
23,13/09/2026 03:31,27000,resource,6973,251542,464,3006,475,2960,66,12,270
24,13/09/2026 03:31,27000,resource,6897,151954,428,2980,544,2875,69,13,280
25,13/09/2026 03:31,27000,resource,6861,278702,430,2975,473,2919,62,12,277
26,13/09/2026 03:31,27000,resource,6917,154789,443,2998,473,2927,74,13,283
27,13/09/2026 03:31,27000,resource,6852,262718,432,2977,469,2908,64,12,298
28,13/09/2026 03:31,27000,resource,6969,150614,431,2970,538,2960,68,13,287
29,13/09/2026 03:31,27000,resource,6894,151912,426,3023,489,2886,69,13,284
30,13/09/2026 03:31,27000,resource,6873,149682,460,2985,473,2885,68,13,283
31,13/09/2026 03:32,27000,resource,6985,259047,431,2963,547,2978,65,12,294
32,13/09/2026 03:32,27000,resource,6925,150069,444,3035,488,2890,66,13,281
33,13/09/2026 03:32,27000,resource,6967,255450,432,2976,533,2942,82,12,283
34,13/09/2026 03:32,27000,resource,6828,149362,428,2953,463,2910,72,13,294
35,13/09/2026 03:32,27000,resource,7011,149698,450,3041,475,2975,69,13,287
36,13/09/2026 03:32,27000,resource,6923,275630,431,2968,473,2977,72,12,276
37,13/09/2026 03:32,27000,resource,6842,149926,430,2996,463,2882,68,13,277
38,13/09/2026 03:32,27000,resource,6990,283054,427,3030,508,2955,68,12,291
39,13/09/2026 03:33,27000,resource,6870,150042,428,2997,465,2911,67,13,286
40,13/09/2026 03:33,27000,resource,6882,257598,433,2953,468,2944,82,12,278
41,13/09/2026 03:33,27000,resource,6961,151822,437,3010,466,2977,68,13,291
42,13/09/2026 03:33,27000,resource,6969,243901,426,2966,560,2951,64,12,280
43,13/09/2026 03:33,27000,resource,6888,259599,431,2964,469,2958,63,12,285
44,13/09/2026 03:33,27000,resource,6832,150698,427,2984,462,2878,78,13,293
45,13/09/2026 03:33,27000,resource,6936,257554,454,2999,473,2944,64,12,280
46,13/09/2026 03:33,27000,resource,6878,152585,453,3002,470,2885,66,13,284
47,13/09/2026 03:33,27000,resource,6829,151867,426,2968,466,2899,69,13,277
48,13/09/2026 03:34,27000,resource,6905,265953,437,2980,473,2937,76,12,277
49,13/09/2026 03:34,27000,resource,6903,152266,428,2994,471,2926,82,13,272
50,13/09/2026 03:34,27000,resource,6925,280150,442,2993,531,2894,63,12,287
51,13/09/2026 03:34,27000,resource,6917,150618,431,3019,465,2932,67,13,283
52,13/09/2026 03:34,27000,resource,6922,265175,426,3017,471,2942,64,12,279
53,13/09/2026 03:34,27000,resource,7123,148205,458,3086,552,2957,69,13,300
54,13/09/2026 03:34,27000,resource,6855,152053,429,2955,517,2885,67,13,273
55,13/09/2026 03:34,27000,resource,6886,152220,426,2961,523,2908,66,13,277
56,13/09/2026 03:35,27000,resource,6850,252052,448,2990,469,2876,64,12,275
57,13/09/2026 03:35,27000,resource,6923,260026,428,2974,537,2918,65,12,272
58,13/09/2026 03:35,27000,resource,6872,161043,426,2952,506,2904,82,13,286
59,13/09/2026 03:35,27000,resource,6881,263646,431,2987,467,2928,65,12,277
60,13/09/2026 03:35,27000,resource,6899,254960,428,2956,518,2921,74,12,276
61,13/09/2026 03:35,27000,resource,6951,154721,439,2996,533,2909,72,13,280
62,13/09/2026 03:35,27000,resource,6865,259364,430,3018,467,2886,63,12,298
63,13/09/2026 03:35,27000,resource,6880,272759,449,2998,465,2900,67,12,282
64,13/09/2026 03:35,27000,resource,6909,149434,426,2976,524,2910,71,13,295
65,13/09/2026 03:36,27000,resource,6977,281248,441,2978,530,2945,81,12,300
66,13/09/2026 03:36,27000,resource,6963,253357,432,2982,533,2949,65,12,279
67,13/09/2026 03:36,27000,resource,6884,248645,429,2995,462,2932,64,12,282
68,13/09/2026 03:36,27000,resource,6927,152250,428,2992,529,2909,67,13,284
69,13/09/2026 03:36,27000,resource,6909,151877,431,2954,476,2980,67,13,277
70,13/09/2026 03:36,27000,resource,6969,278137,440,3025,504,2933,64,12,296
71,13/09/2026 03:36,27000,resource,6900,149663,425,2995,523,2875,80,13,287
72,13/09/2026 03:36,27000,resource,6909,158269,444,2942,471,2980,69,13,287
73,13/09/2026 03:37,27000,resource,6905,254453,431,2970,537,2901,63,12,277
74,13/09/2026 03:37,27000,resource,6910,152057,430,2960,510,2939,69,13,297
75,13/09/2026 03:37,27000,resource,6892,157057,431,3000,511,2879,69,13,284
76,13/09/2026 03:37,27000,resource,7006,241826,429,3014,536,2951,75,12,286
77,13/09/2026 03:37,27000,resource,6922,157626,432,2976,507,2936,68,13,280
78,13/09/2026 03:37,27000,resource,6917,250834,433,2987,466,2964,66,12,280
79,13/09/2026 03:37,27000,resource,7030,151843,433,3031,543,2943,77,13,293
80,13/09/2026 03:37,27000,resource,6911,149679,431,2979,510,2912,77,13,288
81,13/09/2026 03:37,27000,resource,6972,256540,430,2985,527,2966,62,12,286
82,13/09/2026 03:38,27000,resource,6905,151986,427,2974,528,2904,69,13,284
83,13/09/2026 03:38,27000,resource,6894,262294,447,2975,470,2937,64,12,287
84,13/09/2026 03:38,27000,resource,6890,284461,433,2964,472,2941,79,12,278
85,13/09/2026 03:38,27000,resource,6862,257408,426,2999,465,2907,63,12,285
86,13/09/2026 03:38,27000,resource,6851,278657,444,3001,466,2874,64,12,288
87,13/09/2026 03:38,27000,resource,6890,156685,459,3000,471,2891,68,13,275
88,13/09/2026 03:38,27000,resource,6963,154392,429,2997,504,2965,66,13,283
89,13/09/2026 03:38,27000,resource,6913,147818,429,2980,522,2911,70,13,292
90,13/09/2026 03:39,27000,resource,7001,252340,432,2980,529,2996,63,12,286
91,13/09/2026 03:39,27000,resource,6846,153235,427,2961,482,2907,66,13,287
92,13/09/2026 03:39,27000,resource,6846,284950,427,3003,470,2881,63,12,281
93,13/09/2026 03:39,27000,resource,6872,154811,432,2965,508,2886,79,13,289
94,13/09/2026 03:39,27000,resource,6950,153133,431,2978,529,2941,69,13,284
95,13/09/2026 03:39,27000,resource,6834,251665,431,2965,467,2906,63,12,277
96,13/09/2026 03:39,27000,resource,6902,251385,425,2963,518,2930,64,12,280
97,13/09/2026 03:39,27000,resource,6979,157606,426,3015,539,2928,70,13,283
98,13/09/2026 03:39,27000,resource,6979,151899,432,3025,518,2936,66,13,286
99,13/09/2026 03:40,27000,resource,6867,152254,433,2959,505,2900,68,13,289
100,13/09/2026 03:40,27000,resource,6936,244377,430,2985,513,2940,65,12,289
101,13/09/2026 03:40,27000,resource,7039,253039,433,3039,525,2976,63,12,274
102,13/09/2026 03:40,27000,resource,6900,154878,432,3013,472,2912,68,13,281
103,13/09/2026 03:40,27000,resource,6900,149660,441,2999,473,2911,75,13,286
104,13/09/2026 03:40,27000,resource,6991,255055,438,2995,478,3014,65,12,286
105,13/09/2026 03:40,27000,resource,6917,151876,451,3019,471,2898,77,13,289
106,13/09/2026 03:40,27000,resource,6838,151996,430,2981,467,2889,69,13,273
107,13/09/2026 03:41,27000,resource,6986,153496,442,2993,529,2953,67,13,280
108,13/09/2026 03:41,27000,resource,6944,279531,431,2990,506,2944,71,12,284
109,13/09/2026 03:41,27000,resource,6907,160695,438,2992,500,2906,69,13,284
110,13/09/2026 03:41,27000,resource,7029,149692,427,3009,537,2970,84,13,286
111,13/09/2026 03:41,27000,resource,6951,152478,429,2992,474,2963,90,13,303
112,13/09/2026 03:41,27000,resource,6818,149213,424,2961,473,2888,70,13,279
113,13/09/2026 03:41,27000,resource,6872,154933,435,3018,465,2883,69,13,282
114,13/09/2026 03:41,27000,resource,6941,159895,428,2954,536,2952,71,13,280
115,13/09/2026 03:41,27000,resource,6978,267241,431,3033,512,2935,66,12,289
116,13/09/2026 03:42,27000,resource,6850,257400,432,2954,465,2932,65,12,280
117,13/09/2026 03:42,27000,resource,6891,156969,448,2992,472,2910,66,13,274
118,13/09/2026 03:42,27000,resource,6969,253254,427,2984,530,2963,63,12,283
119,13/09/2026 03:42,27000,resource,6900,153132,431,2965,468,2961,73,13,280
120,13/09/2026 03:42,27000,resource,6864,151019,437,2967,517,2874,67,13,281
121,13/09/2026 03:42,27000,resource,6858,255133,425,2961,465,2940,65,12,288
122,13/09/2026 03:42,27000,resource,6842,154526,434,2972,466,2899,69,13,281
123,13/09/2026 03:42,27000,resource,6962,154872,431,3005,518,2937,69,13,274
124,13/09/2026 03:43,27000,resource,6925,276576,432,2973,527,2928,63,12,290
125,13/09/2026 03:43,27000,resource,6919,257657,430,2986,502,2935,64,12,282
126,13/09/2026 03:43,27000,resource,6908,275004,432,2963,531,2913,67,12,288
127,13/09/2026 03:43,27000,resource,6962,153441,433,3017,528,2900,82,13,289
128,13/09/2026 03:43,27000,resource,6956,251992,431,2993,473,2993,64,12,286
129,13/09/2026 03:43,27000,resource,6954,151795,441,3006,520,2917,68,13,287
130,13/09/2026 03:43,27000,resource,6873,149441,427,2988,504,2885,67,13,288
131,13/09/2026 03:43,27000,resource,6868,259540,434,2986,507,2877,63,12,278
132,13/09/2026 03:43,27000,resource,6979,261541,444,3008,513,2943,69,12,287
133,13/09/2026 03:44,27000,resource,6864,149504,428,2953,527,2879,75,13,271
134,13/09/2026 03:44,27000,resource,6907,152254,431,2949,509,2949,67,13,272
135,13/09/2026 03:44,27000,resource,6826,152323,424,2944,533,2857,67,13,277
136,13/09/2026 03:44,27000,resource,6955,236939,430,2974,521,2953,75,12,277
137,13/09/2026 03:44,27000,resource,6849,255784,438,2945,466,2933,66,12,283
138,13/09/2026 03:44,27000,resource,6956,157104,432,2973,531,2949,69,13,283
139,13/09/2026 03:44,27000,resource,6927,154820,437,2960,552,2909,68,13,269
140,13/09/2026 03:44,27000,resource,6921,151815,432,2963,530,2927,67,13,280
141,13/09/2026 03:45,27000,resource,6843,151767,434,2984,463,2891,69,13,286
142,13/09/2026 03:45,27000,resource,7043,153261,443,3019,532,2966,81,13,281
143,13/09/2026 03:45,27000,resource,6888,241543,431,2998,469,2924,64,12,284
144,13/09/2026 03:45,27000,resource,6900,265721,442,2951,512,2923,71,12,286
145,13/09/2026 03:45,27000,resource,6940,152289,428,2991,527,2924,68,13,274
146,13/09/2026 03:45,27000,resource,6908,157143,425,2968,463,2981,69,13,289
147,13/09/2026 03:45,27000,resource,6912,248883,426,2943,532,2936,74,12,277
148,13/09/2026 03:45,27000,resource,6968,242862,432,2977,533,2961,63,12,298
149,13/09/2026 03:46,27000,resource,6917,149577,436,2961,525,2921,71,13,299
150,13/09/2026 03:46,27000,resource,6875,249625,432,2978,481,2918,65,12,284
151,13/09/2026 03:46,27000,resource,6943,149477,429,2974,537,2930,71,13,286
152,13/09/2026 03:46,27000,resource,6957,259968,442,2996,539,2912,65,12,292
153,13/09/2026 03:46,27000,resource,6955,253737,452,3009,470,2959,63,12,289
154,13/09/2026 03:46,27000,resource,6842,243417,432,2976,468,2901,63,12,298
155,13/09/2026 03:46,27000,resource,6895,152057,438,2996,476,2917,67,13,291
156,13/09/2026 03:46,27000,resource,6994,284419,432,2968,536,2991,66,12,285
157,13/09/2026 03:46,27000,resource,6903,254936,431,2988,470,2946,66,12,289
158,13/09/2026 03:47,27000,resource,6930,160438,440,2985,534,2901,68,13,276
159,13/09/2026 03:47,27000,resource,6871,160588,430,3009,471,2882,76,13,279
160,13/09/2026 03:47,27000,resource,6974,257214,443,3001,479,2976,73,12,287
161,13/09/2026 03:47,27000,resource,6855,256626,431,2965,473,2918,66,12,295
162,13/09/2026 03:47,27000,resource,6925,159835,431,3000,546,2880,67,13,279
163,13/09/2026 03:47,27000,resource,6859,283549,429,2979,469,2914,66,12,297
164,13/09/2026 03:47,27000,resource,6895,244409,426,2975,471,2957,64,12,296
165,13/09/2026 03:47,27000,resource,6871,281378,430,2992,473,2907,66,12,290
166,13/09/2026 03:48,27000,resource,6967,277456,450,3000,508,2942,64,12,284
167,13/09/2026 03:48,27000,resource,6942,157098,435,2995,537,2903,70,13,283
168,13/09/2026 03:48,27000,resource,6933,280091,432,2976,503,2955,65,12,283
169,13/09/2026 03:48,27000,resource,6844,284365,432,2958,507,2881,64,12,274
170,13/09/2026 03:48,27000,resource,6894,149607,439,2959,519,2906,68,13,273
171,13/09/2026 03:48,27000,resource,6887,284473,428,2975,506,2913,63,12,282
172,13/09/2026 03:48,27000,resource,6842,154162,427,3001,465,2879,68,13,281
173,13/09/2026 03:48,27000,resource,6855,160312,425,2939,533,2885,71,13,279
174,13/09/2026 03:48,27000,resource,6890,257150,449,2999,532,2844,65,12,276
175,13/09/2026 03:49,27000,resource,6923,149743,443,2998,542,2870,69,13,286
176,13/09/2026 03:49,27000,resource,6856,284422,429,2965,525,2871,64,12,280
177,13/09/2026 03:49,27000,resource,6872,157336,432,2992,466,2914,66,13,284
178,13/09/2026 03:49,27000,resource,6849,157250,425,2991,465,2897,69,13,291
179,13/09/2026 03:49,27000,resource,6985,160094,433,3018,470,2978,84,13,299
180,13/09/2026 03:49,27000,resource,6843,154361,432,2984,467,2886,72,13,284
181,13/09/2026 03:49,27000,resource,6857,154372,446,2971,473,2896,69,13,284
182,13/09/2026 03:49,27000,resource,6825,149368,437,2964,468,2881,74,13,284
183,13/09/2026 03:50,27000,resource,7000,258005,432,2996,469,3032,68,12,285
184,13/09/2026 03:50,27000,resource,6875,280991,429,2987,473,2919,65,12,287
185,13/09/2026 03:50,27000,resource,6848,258695,427,2983,461,2912,63,12,285
186,13/09/2026 03:50,27000,resource,6894,152303,440,2975,526,2884,67,13,287
187,13/09/2026 03:50,27000,resource,6869,151988,428,2969,508,2893,69,13,287
188,13/09/2026 03:50,27000,resource,6939,152217,431,2989,508,2941,68,13,281
189,13/09/2026 03:50,27000,resource,6955,151035,426,2983,528,2946,69,13,290
190,13/09/2026 03:50,27000,resource,6897,160268,427,2948,523,2929,68,13,286
191,13/09/2026 03:50,27000,resource,6917,151912,427,2982,507,2931,68,13,290
192,13/09/2026 03:51,27000,resource,6925,153330,434,2966,540,2916,68,13,283
193,13/09/2026 03:51,27000,resource,6978,284269,427,3025,541,2908,76,12,278
194,13/09/2026 03:51,27000,resource,6950,284513,427,3038,512,2907,65,12,298
195,13/09/2026 03:51,27000,resource,6977,156846,430,2992,537,2948,69,13,284
196,13/09/2026 03:51,27000,resource,6960,149788,427,2972,527,2965,67,13,287
197,13/09/2026 03:51,27000,resource,6975,255487,428,2990,543,2944,67,12,289
198,13/09/2026 03:51,27000,resource,6947,160138,452,3004,476,2944,69,13,286
199,13/09/2026 03:51,27000,resource,6869,155115,446,2954,537,2859,71,13,287
200,13/09/2026 03:52,27000,resource,6945,149207,431,2968,516,2944,84,13,283
1,13/09/2026 03:57,40500,resource,10117,291238,428,4448,805,4353,81,21,500
2,13/09/2026 03:57,40500,resource,10180,290549,432,4455,887,4321,83,21,479
3,13/09/2026 03:57,40500,resource,10139,288319,430,4425,823,4379,80,21,491
4,13/09/2026 03:57,40500,resource,10153,306716,430,4428,821,4370,102,21,500
5,13/09/2026 03:57,40500,resource,10152,247056,426,4437,872,4336,80,21,472
6,13/09/2026 03:58,40500,resource,10153,267531,427,4445,882,4317,80,21,484
7,13/09/2026 03:58,40500,resource,10174,291967,466,4465,810,4350,81,21,467
8,13/09/2026 03:58,40500,resource,10166,278439,453,4482,820,4327,81,21,463
9,13/09/2026 03:58,40500,resource,10166,242737,438,4419,874,4348,85,21,465
10,13/09/2026 03:58,40500,resource,10105,285390,428,4468,836,4292,79,21,478
11,13/09/2026 03:58,40500,resource,10242,289487,430,4438,846,4444,81,21,511
12,13/09/2026 03:59,40500,resource,10199,291146,431,4459,849,4379,78,21,524
13,13/09/2026 03:59,40500,resource,10070,252230,429,4426,812,4312,89,21,478
14,13/09/2026 03:59,40500,resource,10227,258974,428,4466,832,4400,98,21,504
15,13/09/2026 03:59,40500,resource,10033,294242,429,4414,810,4298,80,21,465
16,13/09/2026 03:59,40500,resource,10170,271457,429,4517,868,4260,95,21,481
17,13/09/2026 03:59,40500,resource,10075,274007,440,4496,808,4251,79,21,476
18,13/09/2026 04:00,40500,resource,10185,287161,428,4490,838,4344,83,21,469
19,13/09/2026 04:00,40500,resource,10080,269517,428,4465,806,4299,81,21,511
20,13/09/2026 04:00,40500,resource,10136,287248,431,4394,820,4408,81,21,468
21,13/09/2026 04:00,40500,resource,10072,272304,428,4478,796,4288,81,21,486
22,13/09/2026 04:00,40500,resource,10214,284370,437,4505,840,4351,79,21,517
23,13/09/2026 04:00,40500,resource,10153,312520,427,4418,870,4345,92,21,466
24,13/09/2026 04:01,40500,resource,10159,299578,426,4483,809,4360,79,21,499
25,13/09/2026 04:01,40500,resource,10161,244026,429,4429,839,4376,85,21,475
26,13/09/2026 04:01,40500,resource,10197,287849,430,4457,875,4353,80,21,510
27,13/09/2026 04:01,40500,resource,10195,282306,431,4478,862,4345,78,21,481
28,13/09/2026 04:01,40500,resource,10133,276704,427,4433,878,4312,81,21,463
29,13/09/2026 04:01,40500,resource,10122,272873,430,4424,840,4344,83,21,460
30,13/09/2026 04:02,40500,resource,10136,291784,441,4425,862,4326,79,21,475
31,13/09/2026 04:02,40500,resource,10139,285664,432,4427,839,4347,91,21,470
32,13/09/2026 04:02,40500,resource,10170,285361,430,4460,854,4344,80,21,469
33,13/09/2026 04:02,40500,resource,10272,287103,423,4498,862,4407,79,21,502
34,13/09/2026 04:02,40500,resource,10220,238215,425,4442,820,4436,95,21,473
35,13/09/2026 04:03,40500,resource,10176,290106,435,4433,861,4354,91,21,466
36,13/09/2026 04:03,40500,resource,10110,273815,441,4458,847,4282,80,21,450
37,13/09/2026 04:03,40500,resource,10183,294033,434,4457,865,4333,94,21,481
38,13/09/2026 04:03,40500,resource,10091,300386,430,4438,802,4337,81,21,470
39,13/09/2026 04:03,40500,resource,10188,238505,426,4457,854,4365,84,21,462
40,13/09/2026 04:03,40500,resource,10239,244272,429,4460,875,4388,84,21,472
41,13/09/2026 04:04,40500,resource,10277,248889,428,4471,862,4423,91,21,503
42,13/09/2026 04:04,40500,resource,10126,284793,429,4445,847,4324,79,21,486
43,13/09/2026 04:04,40500,resource,10080,234580,431,4402,878,4282,86,21,443
44,13/09/2026 04:04,40500,resource,10158,296481,424,4441,862,4336,93,21,507
45,13/09/2026 04:04,40500,resource,10111,291282,428,4402,859,4341,80,21,477
46,13/09/2026 04:04,40500,resource,10107,293118,431,4400,892,4301,81,21,473
47,13/09/2026 04:05,40500,resource,10129,315926,428,4401,858,4361,79,21,460
48,13/09/2026 04:05,40500,resource,10080,290585,429,4425,822,4323,79,21,470
49,13/09/2026 04:05,40500,resource,10100,247136,434,4419,803,4358,85,21,475
50,13/09/2026 04:05,40500,resource,10198,230865,436,4458,865,4351,87,21,456
51,13/09/2026 04:05,40500,resource,10193,243212,431,4451,857,4358,94,21,489
52,13/09/2026 04:05,40500,resource,10097,281889,433,4403,841,4337,82,21,467
53,13/09/2026 04:06,40500,resource,10222,289798,430,4475,861,4372,81,21,475
54,13/09/2026 04:06,40500,resource,10175,276098,456,4443,861,4332,81,21,464
55,13/09/2026 04:06,40500,resource,10173,294368,434,4446,837,4373,81,21,483
56,13/09/2026 04:06,40500,resource,10081,377185,429,4431,847,4286,86,20,464
57,13/09/2026 04:06,40500,resource,10064,271201,438,4409,810,4324,82,21,468
58,13/09/2026 04:06,40500,resource,10191,288530,432,4505,810,4361,81,21,487
59,13/09/2026 04:07,40500,resource,10132,286446,440,4391,814,4392,93,21,465
60,13/09/2026 04:07,40500,resource,10154,299907,441,4473,811,4346,81,21,524
61,13/09/2026 04:07,40500,resource,10097,287088,430,4450,808,4325,81,21,480
62,13/09/2026 04:07,40500,resource,10120,299152,432,4427,858,4323,78,21,478
63,13/09/2026 04:07,40500,resource,10127,305214,428,4403,877,4337,81,21,489
64,13/09/2026 04:08,40500,resource,10316,243397,433,4509,819,4465,88,21,508
65,13/09/2026 04:08,40500,resource,10069,280748,429,4386,863,4306,83,21,465
66,13/09/2026 04:08,40500,resource,10141,239384,429,4415,870,4342,84,21,453
67,13/09/2026 04:08,40500,resource,10288,268064,447,4502,817,4439,81,21,492
68,13/09/2026 04:08,40500,resource,10225,242645,428,4483,871,4357,84,21,487
69,13/09/2026 04:08,40500,resource,10082,276255,431,4386,882,4296,84,21,480
70,13/09/2026 04:09,40500,resource,10112,237396,428,4456,837,4304,85,21,464
71,13/09/2026 04:09,40500,resource,10210,288886,453,4475,881,4321,78,21,465
72,13/09/2026 04:09,40500,resource,10091,278700,427,4433,801,4330,98,21,460
73,13/09/2026 04:09,40500,resource,10201,280420,433,4472,864,4350,80,21,519
74,13/09/2026 04:09,40500,resource,10209,275339,444,4517,820,4345,81,21,551
75,13/09/2026 04:09,40500,resource,10113,284796,452,4446,810,4321,81,21,464
76,13/09/2026 04:10,40500,resource,10108,276144,429,4455,827,4315,81,21,494
77,13/09/2026 04:10,40500,resource,10213,376856,430,4456,824,4409,92,20,476
78,13/09/2026 04:10,40500,resource,10275,288308,428,4460,867,4438,80,21,529
79,13/09/2026 04:10,40500,resource,10054,300819,438,4405,839,4293,78,21,466
80,13/09/2026 04:10,40500,resource,10143,290397,427,4428,862,4343,81,21,503
81,13/09/2026 04:10,40500,resource,10243,256122,448,4523,841,4341,88,21,490
82,13/09/2026 04:11,40500,resource,10174,280990,441,4406,812,4421,93,21,461
83,13/09/2026 04:11,40500,resource,10079,281451,431,4410,882,4275,80,21,464
84,13/09/2026 04:11,40500,resource,10110,295079,432,4437,850,4309,80,21,471
85,13/09/2026 04:11,40500,resource,10132,289844,431,4469,854,4296,80,21,470
86,13/09/2026 04:11,40500,resource,10091,272423,431,4431,813,4334,80,21,478
87,13/09/2026 04:11,40500,resource,10091,276313,434,4431,823,4318,82,21,507
88,13/09/2026 04:12,40500,resource,10233,376729,431,4440,886,4395,79,20,481
89,13/09/2026 04:12,40500,resource,10099,286891,432,4421,827,4336,80,21,474
90,13/09/2026 04:12,40500,resource,10182,253536,429,4448,867,4354,83,21,489
91,13/09/2026 04:12,40500,resource,10125,273799,445,4453,822,4323,80,21,478
92,13/09/2026 04:12,40500,resource,10170,253672,431,4421,881,4349,85,21,460
93,13/09/2026 04:13,40500,resource,10277,378648,432,4448,894,4420,81,20,474
94,13/09/2026 04:13,40500,resource,10042,282156,425,4414,860,4261,80,21,456
95,13/09/2026 04:13,40500,resource,10142,253174,430,4420,818,4386,87,21,490
96,13/09/2026 04:13,40500,resource,10178,253182,430,4467,866,4327,86,21,492
97,13/09/2026 04:13,40500,resource,10155,292336,433,4475,856,4309,81,21,476
98,13/09/2026 04:13,40500,resource,10059,281364,430,4423,822,4303,80,21,451
99,13/09/2026 04:14,40500,resource,10141,247219,432,4458,855,4306,89,21,531
100,13/09/2026 04:14,40500,resource,10079,274609,432,4412,835,4316,82,21,464
101,13/09/2026 04:14,40500,resource,10177,294060,431,4446,876,4340,81,21,473
102,13/09/2026 04:14,40500,resource,10164,304116,428,4411,879,4356,88,21,469
103,13/09/2026 04:14,40500,resource,10199,284637,434,4474,847,4361,81,21,489
104,13/09/2026 04:14,40500,resource,10156,272377,432,4398,851,4392,81,21,478
105,13/09/2026 04:15,40500,resource,10164,286182,430,4477,863,4311,81,21,478
106,13/09/2026 04:15,40500,resource,10145,240748,454,4438,807,4360,83,21,458
107,13/09/2026 04:15,40500,resource,10066,271947,434,4409,818,4321,83,21,443
108,13/09/2026 04:15,40500,resource,10109,281476,435,4415,814,4365,78,21,467
109,13/09/2026 04:15,40500,resource,10008,288765,428,4402,800,4294,82,21,481
110,13/09/2026 04:15,40500,resource,10238,290632,426,4444,867,4417,82,21,480
111,13/09/2026 04:16,40500,resource,10212,276589,431,4428,832,4437,82,21,472
112,13/09/2026 04:16,40500,resource,10245,299884,438,4478,873,4372,82,21,464
113,13/09/2026 04:16,40500,resource,10107,253326,453,4451,808,4308,85,21,462
114,13/09/2026 04:16,40500,resource,10109,287438,456,4431,811,4328,80,21,457
115,13/09/2026 04:16,40500,resource,10103,288803,433,4429,847,4313,79,21,468
116,13/09/2026 04:16,40500,resource,10117,274081,428,4420,816,4371,80,21,474
117,13/09/2026 04:17,40500,resource,10116,308801,430,4452,815,4324,92,21,471
118,13/09/2026 04:17,40500,resource,10148,237853,424,4432,867,4337,85,21,469
119,13/09/2026 04:17,40500,resource,10198,289396,434,4474,820,4382,87,21,503
120,13/09/2026 04:17,40500,resource,10113,289049,432,4411,854,4336,78,21,470
121,13/09/2026 04:17,40500,resource,10216,293575,427,4478,862,4365,82,21,521
122,13/09/2026 04:17,40500,resource,10095,286832,431,4425,811,4346,82,21,472
123,13/09/2026 04:18,40500,resource,10063,306228,432,4451,809,4288,81,21,457
124,13/09/2026 04:18,40500,resource,10057,245609,425,4432,841,4274,83,21,472
125,13/09/2026 04:18,40500,resource,10109,280707,430,4407,871,4319,80,21,464
126,13/09/2026 04:18,40500,resource,10106,299293,436,4414,842,4333,80,21,477
127,13/09/2026 04:18,40500,resource,10135,276403,441,4478,808,4324,82,21,463
128,13/09/2026 04:19,40500,resource,10156,274783,433,4419,890,4333,79,21,459
129,13/09/2026 04:19,40500,resource,10112,292695,437,4406,845,4342,81,21,462
130,13/09/2026 04:19,40500,resource,10136,283311,452,4468,819,4314,80,21,493
131,13/09/2026 04:19,40500,resource,10197,243581,429,4433,812,4437,84,21,464
132,13/09/2026 04:19,40500,resource,10191,278296,430,4486,860,4322,90,21,468
133,13/09/2026 04:19,40500,resource,10291,255902,452,4444,879,4428,86,21,486
134,13/09/2026 04:20,40500,resource,10214,233926,428,4483,863,4350,89,21,448
135,13/09/2026 04:20,40500,resource,10182,286761,449,4476,819,4355,81,21,517
136,13/09/2026 04:20,40500,resource,10112,292539,431,4422,813,4364,79,21,469
137,13/09/2026 04:20,40500,resource,10219,383990,433,4486,867,4350,80,20,456
138,13/09/2026 04:20,40500,resource,10152,291790,429,4407,885,4345,83,21,491
139,13/09/2026 04:20,40500,resource,10112,287244,432,4433,871,4296,78,21,463
140,13/09/2026 04:21,40500,resource,10131,273194,432,4411,831,4362,92,21,464
141,13/09/2026 04:21,40500,resource,10087,252435,430,4422,820,4327,86,21,481
142,13/09/2026 04:21,40500,resource,10166,381578,428,4444,807,4405,80,20,487
143,13/09/2026 04:21,40500,resource,10065,288958,428,4410,844,4300,82,21,480
144,13/09/2026 04:21,40500,resource,10044,249645,430,4382,805,4343,83,21,460
145,13/09/2026 04:21,40500,resource,10146,305975,426,4463,822,4346,87,21,475
146,13/09/2026 04:22,40500,resource,10118,274388,431,4406,822,4375,82,21,467
147,13/09/2026 04:22,40500,resource,10090,295457,430,4420,812,4349,79,21,475
148,13/09/2026 04:22,40500,resource,10192,283198,433,4459,843,4376,79,21,513
149,13/09/2026 04:22,40500,resource,10239,309563,438,4517,815,4388,80,21,496
150,13/09/2026 04:22,40500,resource,10258,290601,431,4457,857,4429,81,21,508
151,13/09/2026 04:22,40500,resource,10079,286524,432,4408,818,4339,81,21,452
152,13/09/2026 04:23,40500,resource,10160,269076,444,4414,847,4352,100,21,454
153,13/09/2026 04:23,40500,resource,10063,268925,432,4426,841,4280,82,21,478
154,13/09/2026 04:23,40500,resource,10129,287594,437,4418,864,4328,81,21,458
155,13/09/2026 04:23,40500,resource,10090,270435,430,4413,815,4348,82,21,456
156,13/09/2026 04:23,40500,resource,10153,280585,431,4433,873,4336,79,21,472
157,13/09/2026 04:24,40500,resource,10173,252856,448,4462,820,4356,85,21,464
158,13/09/2026 04:24,40500,resource,10142,238354,428,4437,814,4366,95,21,464
159,13/09/2026 04:24,40500,resource,10139,303089,430,4411,856,4359,81,21,467
160,13/09/2026 04:24,40500,resource,10075,285039,432,4403,815,4343,79,21,462
161,13/09/2026 04:24,40500,resource,10153,286893,433,4435,860,4341,81,21,481
162,13/09/2026 04:24,40500,resource,10223,276464,452,4517,823,4347,82,21,548
163,13/09/2026 04:25,40500,resource,10146,384552,428,4429,868,4339,80,20,465
164,13/09/2026 04:25,40500,resource,10166,303403,432,4442,866,4343,81,21,485
165,13/09/2026 04:25,40500,resource,10116,274310,429,4432,878,4296,80,21,475
166,13/09/2026 04:25,40500,resource,10168,377051,428,4464,888,4306,81,20,456
167,13/09/2026 04:25,40500,resource,10068,301678,430,4395,842,4317,81,21,462
168,13/09/2026 04:25,40500,resource,10080,286816,433,4451,803,4309,81,21,463
169,13/09/2026 04:26,40500,resource,10229,300310,427,4476,862,4380,81,21,469
170,13/09/2026 04:26,40500,resource,10132,240143,432,4428,854,4329,88,21,475
171,13/09/2026 04:26,40500,resource,10075,287238,430,4435,807,4321,81,21,465
172,13/09/2026 04:26,40500,resource,10152,287092,430,4419,869,4351,81,21,472
173,13/09/2026 04:26,40500,resource,10201,302073,438,4467,888,4325,80,21,480
174,13/09/2026 04:26,40500,resource,10150,295547,455,4433,864,4315,82,21,467
175,13/09/2026 04:27,40500,resource,10233,384452,440,4502,848,4362,79,20,479
176,13/09/2026 04:27,40500,resource,10186,309391,439,4406,878,4383,79,21,461
177,13/09/2026 04:27,40500,resource,10126,286606,432,4397,859,4354,83,21,460
178,13/09/2026 04:27,40500,resource,10120,268571,430,4458,818,4332,80,21,477
179,13/09/2026 04:27,40500,resource,10203,293749,432,4443,870,4377,80,21,505
180,13/09/2026 04:27,40500,resource,10148,280149,430,4430,851,4354,82,21,460
181,13/09/2026 04:28,40500,resource,10131,377299,441,4434,879,4296,79,20,452
182,13/09/2026 04:28,40500,resource,10219,238180,445,4480,814,4388,89,21,476
183,13/09/2026 04:28,40500,resource,10061,248733,438,4406,834,4295,86,21,477
184,13/09/2026 04:28,40500,resource,10251,285261,429,4498,875,4350,96,21,488
185,13/09/2026 04:28,40500,resource,10180,288332,430,4426,852,4389,81,21,459
186,13/09/2026 04:28,40500,resource,10191,256382,432,4421,851,4398,88,21,483
187,13/09/2026 04:29,40500,resource,10182,241754,441,4501,803,4352,84,21,482
188,13/09/2026 04:29,40500,resource,10185,287855,429,4463,880,4325,87,21,484
189,13/09/2026 04:29,40500,resource,10188,241044,427,4417,857,4400,86,21,466
190,13/09/2026 04:29,40500,resource,10122,289095,437,4461,821,4321,79,21,475
191,13/09/2026 04:29,40500,resource,10148,287283,431,4438,859,4341,78,21,472
192,13/09/2026 04:30,40500,resource,10198,242589,429,4439,827,4419,83,21,479
193,13/09/2026 04:30,40500,resource,10130,237643,429,4458,813,4343,84,21,480
194,13/09/2026 04:30,40500,resource,10089,290729,428,4421,805,4353,80,21,468
195,13/09/2026 04:30,40500,resource,10120,287392,428,4409,838,4363,80,21,465
196,13/09/2026 04:30,40500,resource,10139,283514,428,4431,874,4325,80,21,478
197,13/09/2026 04:30,40500,resource,10152,265185,427,4415,865,4339,104,21,470
198,13/09/2026 04:31,40500,resource,10088,292885,425,4410,812,4351,88,21,472
199,13/09/2026 04:31,40500,resource,10045,276244,428,4393,821,4321,80,21,479
200,13/09/2026 04:31,40500,resource,10152,237605,429,4432,808,4398,84,21,457
1,13/09/2026 04:36,54000,resource,12930,486987,431,5716,1064,5620,97,25,614
2,13/09/2026 04:36,54000,resource,12954,372267,435,5760,1083,5576,98,26,650
3,13/09/2026 04:37,54000,resource,12937,495409,428,5781,1065,5561,100,25,588
4,13/09/2026 04:37,54000,resource,12901,375230,432,5765,1089,5513,101,26,609
5,13/09/2026 04:37,54000,resource,12968,333090,429,5729,1069,5637,102,26,631
6,13/09/2026 04:37,54000,resource,12932,484558,427,5762,1022,5617,102,25,622
7,13/09/2026 04:37,54000,resource,12955,330980,439,5762,1057,5594,101,26,643
8,13/09/2026 04:38,54000,resource,12952,328085,433,5795,1067,5554,102,26,634
9,13/09/2026 04:38,54000,resource,12928,389104,432,5742,1026,5625,100,26,611
10,13/09/2026 04:38,54000,resource,12885,499610,430,5804,1006,5545,99,25,666
11,13/09/2026 04:38,54000,resource,13116,336506,441,5810,1032,5715,116,26,621
12,13/09/2026 04:39,54000,resource,12892,336850,427,5778,1039,5539,106,26,660
13,13/09/2026 04:39,54000,resource,12826,499010,430,5772,1029,5495,98,25,605
14,13/09/2026 04:39,54000,resource,12850,393976,429,5764,1064,5494,96,26,617
15,13/09/2026 04:39,54000,resource,13036,389823,442,5803,1085,5606,98,26,641
16,13/09/2026 04:39,54000,resource,13061,312195,431,5838,1087,5599,104,26,627
17,13/09/2026 04:40,54000,resource,12884,337521,433,5757,1068,5519,104,26,633
18,13/09/2026 04:40,54000,resource,12887,375569,435,5740,1041,5571,98,26,597
19,13/09/2026 04:40,54000,resource,12977,499341,445,5775,1020,5629,106,25,627
20,13/09/2026 04:40,54000,resource,13120,385352,438,5882,1077,5608,112,26,671
21,13/09/2026 04:40,54000,resource,12939,500301,433,5799,1020,5585,100,25,627
22,13/09/2026 04:41,54000,resource,12972,391055,436,5855,1017,5564,98,26,627
23,13/09/2026 04:41,54000,resource,12878,371309,431,5780,1048,5514,101,26,628
24,13/09/2026 04:41,54000,resource,12932,314798,432,5810,1034,5556,98,26,620
25,13/09/2026 04:41,54000,resource,12995,373134,427,5745,1052,5668,100,26,643
26,13/09/2026 04:42,54000,resource,12941,396503,427,5799,1055,5560,98,26,622
27,13/09/2026 04:42,54000,resource,12888,385794,431,5744,1054,5557,99,26,609
28,13/09/2026 04:42,54000,resource,13115,490461,434,5856,1029,5692,100,25,617
29,13/09/2026 04:42,54000,resource,12929,380132,429,5867,1043,5491,98,26,621
30,13/09/2026 04:42,54000,resource,12934,376555,431,5814,1014,5562,112,26,650
31,13/09/2026 04:43,54000,resource,12992,394833,429,5736,1053,5659,112,26,629
32,13/09/2026 04:43,54000,resource,13117,331393,426,5834,1029,5721,105,26,655
33,13/09/2026 04:43,54000,resource,12973,312980,435,5785,1062,5585,104,26,628
34,13/09/2026 04:43,54000,resource,12992,391234,427,5864,1043,5551,106,26,639
35,13/09/2026 04:44,54000,resource,13003,500206,428,5803,1065,5605,99,25,631
36,13/09/2026 04:44,54000,resource,12820,387350,427,5761,1012,5521,98,26,612
37,13/09/2026 04:44,54000,resource,12875,324398,428,5764,1032,5544,105,26,611
38,13/09/2026 04:44,54000,resource,12905,340945,441,5843,1017,5491,110,26,635
39,13/09/2026 04:44,54000,resource,12833,319483,434,5777,1030,5487,103,26,613
40,13/09/2026 04:45,54000,resource,12909,327755,431,5769,1065,5529,113,26,618
41,13/09/2026 04:45,54000,resource,12847,392502,431,5780,1020,5521,95,26,656
42,13/09/2026 04:45,54000,resource,12894,495396,428,5753,1045,5566,102,25,631
43,13/09/2026 04:45,54000,resource,12986,316266,428,5805,1014,5631,106,26,635
44,13/09/2026 04:46,54000,resource,12963,384690,426,5787,1064,5574,109,26,656
45,13/09/2026 04:46,54000,resource,13101,499810,437,5945,1029,5589,99,25,665
46,13/09/2026 04:46,54000,resource,12873,332535,427,5682,1070,5579,113,26,590
47,13/09/2026 04:46,54000,resource,12954,394990,426,5789,1061,5559,118,26,641
48,13/09/2026 04:46,54000,resource,13017,392377,431,5865,1073,5549,97,26,708
49,13/09/2026 04:47,54000,resource,12918,383980,432,5828,1047,5511,98,26,729
50,13/09/2026 04:47,54000,resource,12807,372563,427,5705,1050,5525,97,26,617
51,13/09/2026 04:47,54000,resource,13077,381233,439,5967,1031,5540,99,26,703
52,13/09/2026 04:47,54000,resource,12854,392357,431,5701,1057,5561,102,26,603
53,13/09/2026 04:47,54000,resource,12833,374899,444,5793,1018,5479,97,26,636
54,13/09/2026 04:48,54000,resource,13103,327821,433,5813,1019,5734,102,26,639
55,13/09/2026 04:48,54000,resource,12914,335495,428,5770,1056,5548,109,26,615
56,13/09/2026 04:48,54000,resource,12941,387753,442,5795,1026,5578,98,26,621
57,13/09/2026 04:48,54000,resource,13050,311591,431,5810,1088,5616,101,26,626
58,13/09/2026 04:49,54000,resource,12981,383745,431,5781,1008,5654,104,26,654
59,13/09/2026 04:49,54000,resource,12941,323109,428,5739,1095,5574,103,26,619
60,13/09/2026 04:49,54000,resource,12890,391962,427,5743,1075,5530,113,26,637
61,13/09/2026 04:49,54000,resource,13014,312237,434,5861,1069,5543,106,26,651
62,13/09/2026 04:49,54000,resource,13009,382253,428,5921,1016,5546,96,26,733
63,13/09/2026 04:50,54000,resource,12945,394036,432,5795,1037,5578,101,26,639
64,13/09/2026 04:50,54000,resource,13065,313056,427,5977,1010,5544,105,26,712
65,13/09/2026 04:50,54000,resource,12894,332470,430,5749,1066,5543,104,26,627
66,13/09/2026 04:50,54000,resource,12864,383179,433,5732,1029,5569,99,26,597
67,13/09/2026 04:51,54000,resource,12934,379876,430,5812,1079,5498,114,26,629
68,13/09/2026 04:51,54000,resource,13001,374870,428,5828,1046,5586,111,26,712
69,13/09/2026 04:51,54000,resource,12875,386061,433,5755,1069,5520,97,26,634
70,13/09/2026 04:51,54000,resource,13002,370874,429,5747,1052,5675,97,26,631
71,13/09/2026 04:51,54000,resource,12925,388643,425,5779,1067,5556,95,26,618
72,13/09/2026 04:52,54000,resource,12915,395213,431,5737,1063,5585,97,26,626
73,13/09/2026 04:52,54000,resource,12899,336896,428,5738,1068,5557,107,26,626
74,13/09/2026 04:52,54000,resource,12919,500474,433,5750,1023,5617,95,25,634
75,13/09/2026 04:52,54000,resource,12992,369317,431,5837,1039,5586,97,26,640
76,13/09/2026 04:53,54000,resource,12877,393996,431,5732,1078,5537,96,26,612
77,13/09/2026 04:53,54000,resource,12990,376854,432,5810,1051,5596,98,26,653
78,13/09/2026 04:53,54000,resource,12913,374310,441,5792,1065,5516,98,26,656
79,13/09/2026 04:53,54000,resource,12879,369911,431,5718,1044,5583,101,26,612
80,13/09/2026 04:53,54000,resource,12942,500553,429,5769,1036,5611,95,25,622
81,13/09/2026 04:54,54000,resource,12917,390690,431,5783,1018,5584,99,26,628
82,13/09/2026 04:54,54000,resource,12947,371076,441,5775,1078,5554,97,26,699
83,13/09/2026 04:54,54000,resource,12950,318736,432,5761,1072,5582,100,26,643
84,13/09/2026 04:54,54000,resource,12955,389802,431,5819,1027,5581,95,26,657
85,13/09/2026 04:54,54000,resource,12899,341178,427,5751,1078,5533,108,26,645
86,13/09/2026 04:55,54000,resource,12930,375597,434,5765,1080,5550,99,26,632
87,13/09/2026 04:55,54000,resource,12884,392366,429,5773,1030,5552,98,26,644
88,13/09/2026 04:55,54000,resource,12902,384217,464,5759,1015,5563,99,26,615
89,13/09/2026 04:55,54000,resource,12928,323256,428,5783,1054,5561,101,26,635
90,13/09/2026 04:56,54000,resource,12998,362906,428,5845,1068,5557,98,26,696
91,13/09/2026 04:56,54000,resource,13117,388226,430,5882,1076,5617,110,26,726
92,13/09/2026 04:56,54000,resource,12933,327922,427,5831,1035,5539,99,26,617
93,13/09/2026 04:56,54000,resource,12930,386114,433,5781,1053,5564,97,26,631
94,13/09/2026 04:56,54000,resource,13028,323991,429,5879,1039,5577,101,26,747
95,13/09/2026 04:57,54000,resource,12906,327603,428,5759,1040,5574,101,26,609
96,13/09/2026 04:57,54000,resource,12846,374382,428,5737,1048,5535,96,26,619
97,13/09/2026 04:57,54000,resource,12976,361538,422,5772,1059,5621,100,26,644
98,13/09/2026 04:57,54000,resource,12849,356359,428,5724,1093,5504,99,26,631
99,13/09/2026 04:58,54000,resource,12872,336328,432,5721,1027,5582,108,26,597
100,13/09/2026 04:58,54000,resource,12887,386357,431,5782,1032,5542,98,26,644
101,13/09/2026 04:58,54000,resource,12900,319340,428,5791,1042,5535,102,26,639
102,13/09/2026 04:58,54000,resource,12972,390821,439,5842,1070,5521,99,26,603
103,13/09/2026 04:58,54000,resource,12900,394961,434,5752,1054,5559,99,26,610
104,13/09/2026 04:59,54000,resource,13016,391923,430,5807,1023,5649,105,26,623
105,13/09/2026 04:59,54000,resource,12861,388826,428,5751,1024,5555,101,26,629
106,13/09/2026 04:59,54000,resource,12926,392235,427,5843,1022,5535,98,26,624
107,13/09/2026 04:59,54000,resource,12793,388907,430,5745,1017,5491,108,26,614
108,13/09/2026 05:00,54000,resource,12928,500326,427,5737,1041,5603,117,25,622
109,13/09/2026 05:00,54000,resource,12955,323716,428,5774,1036,5612,104,26,619
110,13/09/2026 05:00,54000,resource,13044,388841,429,5823,1082,5602,106,26,625
111,13/09/2026 05:00,54000,resource,12987,392152,430,5735,1046,5675,99,26,608
112,13/09/2026 05:00,54000,resource,12876,336293,431,5791,1020,5528,103,26,653
113,13/09/2026 05:01,54000,resource,12811,395783,431,5738,1033,5507,99,26,623
114,13/09/2026 05:01,54000,resource,13002,320331,440,5827,1024,5608,101,26,612
115,13/09/2026 05:01,54000,resource,12973,315681,431,5777,1055,5610,98,26,617
116,13/09/2026 05:01,54000,resource,12876,388653,441,5816,1020,5500,96,26,622
117,13/09/2026 05:01,54000,resource,13021,316709,442,5831,1041,5601,104,26,636
118,13/09/2026 05:02,54000,resource,12917,375002,430,5805,1018,5559,103,26,608
119,13/09/2026 05:02,54000,resource,12999,395777,430,5814,1070,5574,110,26,658
120,13/09/2026 05:02,54000,resource,12962,360542,430,5850,1064,5518,97,26,641
121,13/09/2026 05:02,54000,resource,12881,394513,435,5785,1033,5530,96,26,621
122,13/09/2026 05:03,54000,resource,13082,395034,445,5849,1018,5670,98,26,630
123,13/09/2026 05:03,54000,resource,12954,320299,437,5808,1021,5585,101,26,613
124,13/09/2026 05:03,54000,resource,12858,371468,427,5786,1017,5528,98,26,626
125,13/09/2026 05:03,54000,resource,12952,323949,428,5816,1021,5570,115,26,626
126,13/09/2026 05:03,54000,resource,12905,327682,426,5743,1060,5573,100,26,615
127,13/09/2026 05:04,54000,resource,13040,391542,428,5835,1081,5595,99,26,643
128,13/09/2026 05:04,54000,resource,12936,324016,427,5724,1051,5618,115,26,622
129,13/09/2026 05:04,54000,resource,12912,323265,428,5806,1012,5565,100,26,633
130,13/09/2026 05:04,54000,resource,13001,310664,427,5762,1060,5649,103,26,642
131,13/09/2026 05:05,54000,resource,12845,377769,426,5774,1025,5519,99,26,633
132,13/09/2026 05:05,54000,resource,12858,372190,431,5750,1052,5525,98,26,618
133,13/09/2026 05:05,54000,resource,13108,378763,428,5944,1060,5576,97,26,736
134,13/09/2026 05:05,54000,resource,12786,391397,429,5764,1028,5466,97,26,611
135,13/09/2026 05:05,54000,resource,12926,496960,438,5754,1075,5559,98,25,621
136,13/09/2026 05:06,54000,resource,12897,431486,433,5722,1050,5590,99,25,623
137,13/09/2026 05:06,54000,resource,12878,315994,429,5786,1014,5531,116,26,632
138,13/09/2026 05:06,54000,resource,13047,372735,429,5818,1078,5619,101,26,648
139,13/09/2026 05:06,54000,resource,12912,386357,432,5752,1077,5550,100,26,629
140,13/09/2026 05:07,54000,resource,12980,484953,427,5790,1067,5596,97,25,626
141,13/09/2026 05:07,54000,resource,12943,387203,451,5749,1061,5580,100,26,618
142,13/09/2026 05:07,54000,resource,12875,359715,426,5739,1061,5549,99,26,609
143,13/09/2026 05:07,54000,resource,12969,375658,427,5809,1077,5557,97,26,707
144,13/09/2026 05:07,54000,resource,12858,323156,429,5775,1035,5510,106,26,618
145,13/09/2026 05:08,54000,resource,12803,500685,437,5695,1014,5557,98,25,609
146,13/09/2026 05:08,54000,resource,12972,376406,444,5816,1029,5585,97,26,635
147,13/09/2026 05:08,54000,resource,12908,324155,427,5845,1019,5514,100,26,630
148,13/09/2026 05:08,54000,resource,12907,320193,429,5725,1016,5630,105,26,605
149,13/09/2026 05:08,54000,resource,12923,320287,432,5766,1042,5581,100,26,636
150,13/09/2026 05:09,54000,resource,12963,391139,445,5810,1043,5566,98,26,620
151,13/09/2026 05:09,54000,resource,13016,391910,425,5892,1065,5532,100,26,645
152,13/09/2026 05:09,54000,resource,13090,323871,431,5831,1072,5652,101,26,642
153,13/09/2026 05:09,54000,resource,12941,323292,432,5843,1040,5525,100,26,632
154,13/09/2026 05:10,54000,resource,13018,373070,444,5806,1062,5606,99,26,635
155,13/09/2026 05:10,54000,resource,13009,375494,428,5782,1079,5620,97,26,621
156,13/09/2026 05:10,54000,resource,12844,378038,433,5752,1037,5522,97,26,628
157,13/09/2026 05:10,54000,resource,12891,315403,437,5775,1039,5539,98,26,618
158,13/09/2026 05:10,54000,resource,12809,392916,437,5720,1018,5536,97,26,625
159,13/09/2026 05:11,54000,resource,12972,489004,432,5713,1056,5672,96,25,606
160,13/09/2026 05:11,54000,resource,13062,389394,433,5806,1070,5650,101,26,630
161,13/09/2026 05:11,54000,resource,12918,376545,434,5797,1025,5562,98,26,632
162,13/09/2026 05:11,54000,resource,13039,315463,431,5797,1039,5669,101,26,672
163,13/09/2026 05:12,54000,resource,12921,388958,438,5819,1038,5529,97,26,703
164,13/09/2026 05:12,54000,resource,12948,378080,433,5787,1049,5578,98,26,639
165,13/09/2026 05:12,54000,resource,12992,391966,425,5858,1041,5566,100,26,639
166,13/09/2026 05:12,54000,resource,12875,375357,425,5722,1064,5561,100,26,610
167,13/09/2026 05:12,54000,resource,12871,371714,430,5731,1024,5585,98,26,631
168,13/09/2026 05:13,54000,resource,12998,323728,456,5836,1029,5557,119,26,621
169,13/09/2026 05:13,54000,resource,13004,390361,428,5819,1067,5586,101,26,675
170,13/09/2026 05:13,54000,resource,12912,326784,430,5785,1026,5570,99,26,620
171,13/09/2026 05:13,54000,resource,12904,392470,434,5766,1029,5573,99,26,661
172,13/09/2026 05:14,54000,resource,12862,389271,428,5718,1016,5581,116,26,632
173,13/09/2026 05:14,54000,resource,12960,372090,430,5755,1070,5606,97,26,643
174,13/09/2026 05:14,54000,resource,12870,377560,433,5734,1028,5572,101,26,604
175,13/09/2026 05:14,54000,resource,12908,383681,433,5770,1065,5537,102,26,615
176,13/09/2026 05:14,54000,resource,12947,383512,426,5803,1068,5549,99,26,651
177,13/09/2026 05:15,54000,resource,13002,316192,432,5812,1042,5612,103,26,652
178,13/09/2026 05:15,54000,resource,12932,311091,430,5783,1025,5588,103,26,622
179,13/09/2026 05:15,54000,resource,12955,383546,432,5837,1069,5504,111,26,734
180,13/09/2026 05:15,54000,resource,13003,364610,454,5836,1050,5557,104,26,641
181,13/09/2026 05:15,54000,resource,12932,394379,430,5776,1062,5552,109,26,630
182,13/09/2026 05:16,54000,resource,12789,330855,427,5711,1066,5482,101,26,609
183,13/09/2026 05:16,54000,resource,12995,489306,429,5789,1046,5629,100,25,635
184,13/09/2026 05:16,54000,resource,12955,315838,427,5797,1067,5561,101,26,680
185,13/09/2026 05:16,54000,resource,12890,391698,430,5725,1065,5554,115,26,616
186,13/09/2026 05:17,54000,resource,12900,388614,429,5843,1016,5513,98,26,693
187,13/09/2026 05:17,54000,resource,12919,371853,428,5746,1089,5557,97,26,636
188,13/09/2026 05:17,54000,resource,12968,387552,440,5848,1022,5555,102,26,626
189,13/09/2026 05:17,54000,resource,13000,316275,426,5816,1032,5623,102,26,644
190,13/09/2026 05:17,54000,resource,12918,336324,441,5764,1029,5573,108,26,636
191,13/09/2026 05:18,54000,resource,12925,392296,434,5780,1036,5573,101,26,643
192,13/09/2026 05:18,54000,resource,12841,388368,430,5765,1016,5533,96,26,612
193,13/09/2026 05:18,54000,resource,12921,391830,432,5741,1066,5579,101,26,638
194,13/09/2026 05:18,54000,resource,12863,338392,435,5741,1041,5536,107,26,613
195,13/09/2026 05:19,54000,resource,12932,320313,442,5821,1023,5530,114,26,608
196,13/09/2026 05:19,54000,resource,12940,388186,429,5817,1050,5545,97,26,634
197,13/09/2026 05:19,54000,resource,13032,391476,441,5956,1024,5512,97,26,717
198,13/09/2026 05:19,54000,resource,12941,331474,432,5817,1084,5506,100,26,688
199,13/09/2026 05:19,54000,resource,12964,368538,430,5783,1043,5609,98,26,626
200,13/09/2026 05:20,54000,resource,12870,393390,442,5745,1043,5537,101,26,603
1,13/09/2026 05:25,67500,resource,15876,594296,428,7149,1389,6795,113,32,788
2,13/09/2026 05:25,67500,resource,16073,580063,437,7193,1417,6909,114,32,797
3,13/09/2026 05:25,67500,resource,16108,591404,432,7203,1397,6955,118,32,783
4,13/09/2026 05:26,67500,resource,16229,599169,447,7286,1392,6988,114,32,863
5,13/09/2026 05:26,67500,resource,16030,567521,428,7156,1403,6926,116,32,806
6,13/09/2026 05:26,67500,resource,16173,489855,428,7236,1429,6960,119,32,775
7,13/09/2026 05:27,67500,resource,16013,592890,444,7178,1401,6871,117,32,791
8,13/09/2026 05:27,67500,resource,16145,597293,441,7334,1385,6869,114,32,811
9,13/09/2026 05:27,67500,resource,15934,553135,433,7122,1385,6878,114,31,796
10,13/09/2026 05:27,67500,resource,15983,598943,429,7166,1418,6854,115,32,781
11,13/09/2026 05:28,67500,resource,16239,586566,443,7404,1377,6896,117,32,880
12,13/09/2026 05:28,67500,resource,15996,484038,426,7162,1390,6907,110,32,793
13,13/09/2026 05:28,67500,resource,15932,582063,434,7123,1390,6872,112,32,763
14,13/09/2026 05:28,67500,resource,16053,593346,430,7189,1421,6900,110,32,814
15,13/09/2026 05:29,67500,resource,15885,602417,429,7143,1389,6812,111,32,826
16,13/09/2026 05:29,67500,resource,16069,577407,439,7217,1409,6887,114,32,805
17,13/09/2026 05:29,67500,resource,16056,595422,428,7164,1393,6954,116,32,783
18,13/09/2026 05:29,67500,resource,15953,514447,427,7152,1400,6861,110,32,817
19,13/09/2026 05:30,67500,resource,16106,552556,430,7286,1424,6849,115,32,867
20,13/09/2026 05:30,67500,resource,15952,548076,436,7187,1381,6836,110,32,790
21,13/09/2026 05:30,67500,resource,16066,562125,428,7209,1414,6890,123,32,769
22,13/09/2026 05:31,67500,resource,15843,405255,426,7167,1384,6750,114,32,788
23,13/09/2026 05:31,67500,resource,16051,431907,442,7287,1385,6823,111,32,793
24,13/09/2026 05:31,67500,resource,16056,474960,426,7191,1395,6922,118,32,780
25,13/09/2026 05:31,67500,resource,15904,492109,427,7130,1386,6848,112,32,762
26,13/09/2026 05:32,67500,resource,16093,564350,428,7151,1401,6983,127,31,790
27,13/09/2026 05:32,67500,resource,15957,522899,427,7174,1373,6870,111,32,789
28,13/09/2026 05:32,67500,resource,16044,493923,430,7225,1415,6863,109,32,794
29,13/09/2026 05:32,67500,resource,16077,486937,448,7227,1392,6897,111,32,801
30,13/09/2026 05:33,67500,resource,15923,599881,427,7179,1383,6819,112,32,790
31,13/09/2026 05:33,67500,resource,15907,581842,429,7132,1394,6841,109,32,811
32,13/09/2026 05:33,67500,resource,16076,604475,427,7287,1399,6846,115,32,891
33,13/09/2026 05:34,67500,resource,16126,508148,429,7162,1396,7027,111,32,809
34,13/09/2026 05:34,67500,resource,15905,551126,427,7115,1421,6830,110,32,776
35,13/09/2026 05:34,67500,resource,16013,579165,432,7257,1405,6806,111,32,801
36,13/09/2026 05:34,67500,resource,16023,502394,427,7178,1361,6946,110,32,817
37,13/09/2026 05:35,67500,resource,16053,594974,427,7228,1383,6901,112,32,877
38,13/09/2026 05:35,67500,resource,15804,412750,429,7070,1389,6796,117,32,754
39,13/09/2026 05:35,67500,resource,15964,587324,450,7173,1407,6822,109,32,784
40,13/09/2026 05:35,67500,resource,15960,598126,427,7142,1399,6878,112,32,807
41,13/09/2026 05:36,67500,resource,15989,501840,426,7142,1386,6923,111,32,795
42,13/09/2026 05:36,67500,resource,15851,516329,430,7142,1382,6782,112,32,768
43,13/09/2026 05:36,67500,resource,15978,597045,429,7183,1383,6870,111,32,817
44,13/09/2026 05:37,67500,resource,15941,421649,440,7188,1383,6810,119,32,793
45,13/09/2026 05:37,67500,resource,15970,582961,425,7181,1410,6838,114,31,776
46,13/09/2026 05:37,67500,resource,15915,515014,429,7162,1385,6826,110,32,809
47,13/09/2026 05:37,67500,resource,16245,528449,427,7296,1421,6988,111,32,822
48,13/09/2026 05:38,67500,resource,16051,599946,441,7190,1409,6888,122,32,806
49,13/09/2026 05:38,67500,resource,16080,597917,442,7308,1384,6834,110,32,819
50,13/09/2026 05:38,67500,resource,15941,591522,429,7208,1397,6787,118,32,786
51,13/09/2026 05:38,67500,resource,16002,592389,428,7165,1401,6883,123,32,774
52,13/09/2026 05:39,67500,resource,15970,409234,427,7197,1381,6846,116,32,799
53,13/09/2026 05:39,67500,resource,15969,523421,428,7220,1384,6813,121,32,769
54,13/09/2026 05:39,67500,resource,16029,558320,428,7224,1427,6838,109,32,812
55,13/09/2026 05:39,67500,resource,15960,599583,427,7168,1387,6864,111,32,851
56,13/09/2026 05:40,67500,resource,15924,589914,429,7185,1390,6807,112,32,804
57,13/09/2026 05:40,67500,resource,15943,408694,428,7179,1382,6835,118,32,802
58,13/09/2026 05:40,67500,resource,16060,585736,431,7251,1404,6861,110,32,789
59,13/09/2026 05:41,67500,resource,15921,593920,430,7127,1390,6860,112,32,786
60,13/09/2026 05:41,67500,resource,15934,607296,430,7103,1430,6857,112,32,800
61,13/09/2026 05:41,67500,resource,16054,586075,436,7140,1395,6956,125,32,769
62,13/09/2026 05:41,67500,resource,16114,601644,432,7140,1411,7018,112,32,793
63,13/09/2026 05:42,67500,resource,16231,613233,429,7214,1413,7060,113,32,819
64,13/09/2026 05:42,67500,resource,16040,514672,429,7147,1402,6941,120,32,750
65,13/09/2026 05:42,67500,resource,16016,414082,433,7209,1399,6851,122,32,765
66,13/09/2026 05:42,67500,resource,16045,593549,429,7220,1399,6882,113,32,885
67,13/09/2026 05:43,67500,resource,15979,518490,432,7123,1399,6909,113,32,803
68,13/09/2026 05:43,67500,resource,15994,597100,431,7233,1405,6813,109,32,809
69,13/09/2026 05:43,67500,resource,16023,409362,431,7201,1403,6849,137,32,815
70,13/09/2026 05:44,67500,resource,16203,501753,430,7312,1387,6951,121,32,805
71,13/09/2026 05:44,67500,resource,15935,576682,431,7134,1394,6864,111,32,802
72,13/09/2026 05:44,67500,resource,16103,532549,430,7157,1410,6993,112,32,789
73,13/09/2026 05:44,67500,resource,16032,409131,427,7280,1381,6823,119,32,861
74,13/09/2026 05:45,67500,resource,15986,584323,424,7192,1416,6838,114,32,787
75,13/09/2026 05:45,67500,resource,15911,565309,429,7166,1391,6810,114,31,793
76,13/09/2026 05:45,67500,resource,15998,582597,427,7169,1379,6902,119,32,843
77,13/09/2026 05:45,67500,resource,16225,395838,438,7385,1384,6894,122,32,982
78,13/09/2026 05:46,67500,resource,15848,584662,430,7076,1428,6799,113,32,772
79,13/09/2026 05:46,67500,resource,15923,590124,427,7097,1392,6892,113,32,804
80,13/09/2026 05:46,67500,resource,16138,608591,425,7285,1412,6899,116,32,801
81,13/09/2026 05:46,67500,resource,16171,519287,428,7385,1410,6832,114,32,849
82,13/09/2026 05:47,67500,resource,15937,454654,430,7199,1379,6817,109,32,794
83,13/09/2026 05:47,67500,resource,16150,527142,430,7304,1390,6911,112,32,968
84,13/09/2026 05:47,67500,resource,15894,548915,425,7167,1394,6795,111,32,787
85,13/09/2026 05:48,67500,resource,15927,550515,431,7142,1385,6855,112,31,818
86,13/09/2026 05:48,67500,resource,16003,560959,434,7225,1412,6821,110,31,772
87,13/09/2026 05:48,67500,resource,15926,540742,436,7136,1379,6862,111,31,780
88,13/09/2026 05:48,67500,resource,16005,413190,432,7216,1404,6838,113,32,791
89,13/09/2026 05:49,67500,resource,16314,598513,431,7374,1396,7002,109,32,875
90,13/09/2026 05:49,67500,resource,16093,413182,447,7223,1395,6903,124,32,831
91,13/09/2026 05:49,67500,resource,16067,596133,429,7212,1396,6917,111,32,808
92,13/09/2026 05:49,67500,resource,15919,606133,428,7161,1387,6828,112,32,784
93,13/09/2026 05:50,67500,resource,15966,580620,445,7143,1442,6822,112,32,812
94,13/09/2026 05:50,67500,resource,15987,492005,430,7189,1403,6852,111,32,816
95,13/09/2026 05:50,67500,resource,16069,601476,431,7194,1382,6946,114,32,771
96,13/09/2026 05:51,67500,resource,16012,412298,431,7166,1407,6882,125,32,797
97,13/09/2026 05:51,67500,resource,16077,593755,449,7280,1394,6837,115,32,784
98,13/09/2026 05:51,67500,resource,15909,602001,432,7119,1390,6854,111,32,805
99,13/09/2026 05:51,67500,resource,16045,595422,431,7108,1419,6969,116,32,779
100,13/09/2026 05:52,67500,resource,16173,600962,430,7317,1382,6932,110,32,858
101,13/09/2026 05:52,67500,resource,15939,586449,428,7163,1393,6839,113,31,772
102,13/09/2026 05:52,67500,resource,16148,605651,432,7196,1411,6980,127,32,813
103,13/09/2026 05:52,67500,resource,16004,572982,434,7249,1396,6815,109,31,812
104,13/09/2026 05:53,67500,resource,16114,591292,441,7290,1389,6880,113,32,837
105,13/09/2026 05:53,67500,resource,16140,536247,429,7188,1396,7010,115,32,810
106,13/09/2026 05:53,67500,resource,15979,593149,428,7217,1419,6802,110,32,800
107,13/09/2026 05:54,67500,resource,16040,451718,433,7172,1392,6928,114,32,793
108,13/09/2026 05:54,67500,resource,15839,582350,426,7183,1383,6736,110,32,793
109,13/09/2026 05:54,67500,resource,15906,413219,433,7122,1404,6828,117,32,794
110,13/09/2026 05:54,67500,resource,15957,579833,435,7133,1388,6886,114,32,778
111,13/09/2026 05:55,67500,resource,16083,584715,448,7313,1379,6825,116,32,899
112,13/09/2026 05:55,67500,resource,15934,592768,425,7216,1383,6792,115,32,815
113,13/09/2026 05:55,67500,resource,16056,516239,430,7143,1391,6981,109,32,793
114,13/09/2026 05:55,67500,resource,16027,523119,442,7213,1401,6853,115,32,849
115,13/09/2026 05:56,67500,resource,15889,409598,433,7110,1401,6820,122,32,752
116,13/09/2026 05:56,67500,resource,15963,538099,456,7166,1417,6812,111,32,784
117,13/09/2026 05:56,67500,resource,16080,588495,443,7271,1399,6851,113,32,837
118,13/09/2026 05:56,67500,resource,15990,605036,431,7159,1405,6877,115,32,791
119,13/09/2026 05:57,67500,resource,16126,512068,432,7204,1420,6958,110,32,790
120,13/09/2026 05:57,67500,resource,15909,554204,431,7209,1411,6742,114,31,820
121,13/09/2026 05:57,67500,resource,15992,578736,431,7189,1395,6863,112,32,800
122,13/09/2026 05:58,67500,resource,16109,543968,429,7300,1402,6863,112,31,783
123,13/09/2026 05:58,67500,resource,16038,614597,431,7226,1382,6884,113,32,798
124,13/09/2026 05:58,67500,resource,16134,580009,436,7224,1392,6970,111,32,804
125,13/09/2026 05:58,67500,resource,16091,580147,432,7251,1404,6888,113,32,893
126,13/09/2026 05:59,67500,resource,16026,581544,430,7204,1397,6882,110,32,823
127,13/09/2026 05:59,67500,resource,16075,478483,435,7147,1405,6976,110,32,799
128,13/09/2026 05:59,67500,resource,15948,604285,429,7143,1412,6852,109,32,777
129,13/09/2026 05:59,67500,resource,15975,605065,428,7154,1412,6854,125,32,779
130,13/09/2026 06:00,67500,resource,15986,601231,427,7157,1414,6854,133,32,803
131,13/09/2026 06:00,67500,resource,15976,597507,428,7206,1385,6844,111,32,766
132,13/09/2026 06:00,67500,resource,15996,490777,428,7152,1386,6917,111,32,792
133,13/09/2026 06:01,67500,resource,16089,491298,429,7171,1400,6976,111,32,802
134,13/09/2026 06:01,67500,resource,16138,498279,439,7211,1399,6974,112,32,817
135,13/09/2026 06:01,67500,resource,15828,562748,430,7166,1378,6741,111,32,814
136,13/09/2026 06:01,67500,resource,15949,568426,426,7193,1378,6837,112,32,870
137,13/09/2026 06:02,67500,resource,16111,570189,425,7169,1421,6965,128,32,778
138,13/09/2026 06:02,67500,resource,16117,514094,430,7202,1413,6958,113,31,798
139,13/09/2026 06:02,67500,resource,16033,502230,430,7169,1406,6914,112,32,775
140,13/09/2026 06:02,67500,resource,16002,515620,428,7213,1399,6850,111,32,810
141,13/09/2026 06:03,67500,resource,16055,549458,430,7203,1406,6902,112,31,835
142,13/09/2026 06:03,67500,resource,15859,407913,431,7149,1394,6754,128,32,761
143,13/09/2026 06:03,67500,resource,15986,589442,430,7155,1386,6905,108,32,765
144,13/09/2026 06:04,67500,resource,15949,588869,427,7193,1383,6831,114,32,797
145,13/09/2026 06:04,67500,resource,16044,599665,428,7239,1427,6836,111,32,819
146,13/09/2026 06:04,67500,resource,16023,515605,426,7154,1408,6912,122,32,779
147,13/09/2026 06:04,67500,resource,15943,597317,429,7131,1381,6883,117,32,758
148,13/09/2026 06:05,67500,resource,16101,594192,427,7355,1417,6788,112,32,985
149,13/09/2026 06:05,67500,resource,16004,559796,426,7233,1381,6850,112,32,785
150,13/09/2026 06:05,67500,resource,15878,592254,433,7147,1402,6787,108,32,772
151,13/09/2026 06:05,67500,resource,16102,554587,431,7230,1430,6894,115,32,816
152,13/09/2026 06:06,67500,resource,16045,607987,432,7292,1411,6795,112,32,794
153,13/09/2026 06:06,67500,resource,16028,605853,435,7250,1387,6842,113,32,807
154,13/09/2026 06:06,67500,resource,16013,403833,430,7267,1400,6800,114,32,901
155,13/09/2026 06:06,67500,resource,15986,596327,431,7186,1385,6871,110,32,818
156,13/09/2026 06:07,67500,resource,15971,593148,448,7235,1382,6790,114,32,808
157,13/09/2026 06:07,67500,resource,15962,593372,434,7191,1411,6809,114,32,789
158,13/09/2026 06:07,67500,resource,16015,600540,443,7193,1383,6883,110,32,771
159,13/09/2026 06:08,67500,resource,16008,523817,446,7165,1395,6890,110,32,766
160,13/09/2026 06:08,67500,resource,15995,409502,444,7161,1391,6876,120,32,791
161,13/09/2026 06:08,67500,resource,16037,565797,429,7230,1407,6842,127,32,857
162,13/09/2026 06:08,67500,resource,15975,595546,428,7139,1394,6888,123,32,781
163,13/09/2026 06:09,67500,resource,16007,551912,428,7126,1388,6954,109,31,785
164,13/09/2026 06:09,67500,resource,16002,524182,430,7157,1420,6882,111,32,785
165,13/09/2026 06:09,67500,resource,16007,581845,430,7189,1389,6885,113,32,755
166,13/09/2026 06:09,67500,resource,15891,582237,430,7154,1383,6810,112,32,806
167,13/09/2026 06:10,67500,resource,16073,403605,427,7189,1412,6921,122,32,854
168,13/09/2026 06:10,67500,resource,15911,592887,429,7140,1407,6818,116,32,771
169,13/09/2026 06:10,67500,resource,15961,601213,429,7241,1400,6772,116,32,861
170,13/09/2026 06:11,67500,resource,16060,598063,433,7191,1408,6919,108,32,808
171,13/09/2026 06:11,67500,resource,16035,590126,447,7229,1384,6860,113,32,807
172,13/09/2026 06:11,67500,resource,15921,579714,428,7150,1404,6825,111,32,779
173,13/09/2026 06:11,67500,resource,16035,559655,441,7234,1400,6848,111,32,772
174,13/09/2026 06:12,67500,resource,15985,520073,427,7199,1379,6849,129,32,815
175,13/09/2026 06:12,67500,resource,16103,569085,432,7196,1380,6978,114,32,840
176,13/09/2026 06:12,67500,resource,16055,588896,424,7156,1414,6945,113,32,784
177,13/09/2026 06:12,67500,resource,16030,591711,429,7238,1389,6860,111,32,766
178,13/09/2026 06:13,67500,resource,16084,504136,429,7192,1396,6953,112,32,792
179,13/09/2026 06:13,67500,resource,15859,404026,443,7157,1396,6746,116,32,779
180,13/09/2026 06:13,67500,resource,16201,557935,431,7301,1413,6940,113,32,796
181,13/09/2026 06:13,67500,resource,16040,606915,432,7165,1392,6940,110,32,764
182,13/09/2026 06:14,67500,resource,16136,499543,425,7225,1398,6976,111,32,805
183,13/09/2026 06:14,67500,resource,15967,502644,429,7216,1387,6821,111,32,792
184,13/09/2026 06:14,67500,resource,15979,608318,429,7143,1397,6886,121,32,762
185,13/09/2026 06:15,67500,resource,16090,603288,430,7292,1389,6866,111,32,873
186,13/09/2026 06:15,67500,resource,16162,592280,431,7253,1401,6963,112,32,801
187,13/09/2026 06:15,67500,resource,15925,586268,434,7088,1446,6845,109,32,769
188,13/09/2026 06:15,67500,resource,16110,528742,429,7188,1395,6985,111,31,763
189,13/09/2026 06:16,67500,resource,16040,404188,427,7288,1428,6780,116,32,793
190,13/09/2026 06:16,67500,resource,16234,460799,435,7449,1388,6852,109,32,917
191,13/09/2026 06:16,67500,resource,15955,408822,425,7145,1404,6860,119,32,797
192,13/09/2026 06:16,67500,resource,16036,607637,426,7242,1429,6826,111,32,788
193,13/09/2026 06:17,67500,resource,15923,485663,438,7178,1401,6793,111,32,794
194,13/09/2026 06:17,67500,resource,16147,581881,452,7384,1378,6820,111,32,960
195,13/09/2026 06:17,67500,resource,15841,605021,428,7142,1385,6774,111,32,787
196,13/09/2026 06:18,67500,resource,16063,605723,427,7254,1408,6857,114,32,763
197,13/09/2026 06:18,67500,resource,16037,403766,425,7228,1388,6860,134,32,817
198,13/09/2026 06:18,67500,resource,16353,481178,429,7338,1423,7049,113,32,843
199,13/09/2026 06:18,67500,resource,16104,515246,427,7126,1378,7060,110,32,828
200,13/09/2026 06:19,67500,resource,16078,467215,436,7132,1404,6987,117,32,780
1,13/09/2026 06:24,81000,resource,19388,595984,433,8691,1769,8359,135,38,982
2,13/09/2026 06:24,81000,resource,19362,716354,427,8624,1783,8395,131,38,986
3,13/09/2026 06:25,81000,resource,19602,601970,432,8680,1825,8518,145,38,1010
4,13/09/2026 06:25,81000,resource,19545,510605,426,8758,1799,8406,153,38,970
5,13/09/2026 06:25,81000,resource,19599,582846,451,8721,1789,8490,145,38,1026
6,13/09/2026 06:26,81000,resource,19477,525327,427,8712,1774,8431,132,38,973
7,13/09/2026 06:26,81000,resource,19547,715946,449,8703,1791,8470,132,38,997
8,13/09/2026 06:26,81000,resource,19330,557661,429,8666,1758,8340,134,38,946
9,13/09/2026 06:27,81000,resource,19751,612696,426,8858,1799,8535,131,38,1104
10,13/09/2026 06:27,81000,resource,19893,598560,432,8789,1778,8756,136,38,996
11,13/09/2026 06:27,81000,resource,19459,688780,434,8649,1798,8443,133,38,981
12,13/09/2026 06:28,81000,resource,19582,530220,437,8792,1777,8432,142,38,986
13,13/09/2026 06:28,81000,resource,19467,698793,433,8718,1799,8381,134,38,1085
14,13/09/2026 06:28,81000,resource,19616,501494,429,8709,1767,8562,146,38,1007
15,13/09/2026 06:29,81000,resource,19590,626412,440,8919,1767,8330,132,37,1088
16,13/09/2026 06:29,81000,resource,19795,604189,444,8842,1781,8595,131,38,993
17,13/09/2026 06:29,81000,resource,19523,722844,450,8743,1808,8383,137,38,984
18,13/09/2026 06:30,81000,resource,19479,624749,431,8648,1750,8519,129,37,932
19,13/09/2026 06:30,81000,resource,19419,520225,430,8697,1775,8379,136,38,1070
20,13/09/2026 06:30,81000,resource,19516,694280,429,8666,1784,8490,145,38,996
21,13/09/2026 06:31,81000,resource,19439,550486,430,8657,1762,8455,133,38,1014
22,13/09/2026 06:31,81000,resource,19382,510642,427,8641,1792,8378,142,38,974
23,13/09/2026 06:31,81000,resource,19595,617837,427,8665,1778,8594,129,38,1019
24,13/09/2026 06:32,81000,resource,19271,665158,446,8656,1752,8286,130,37,920
25,13/09/2026 06:32,81000,resource,19407,671762,430,8702,1760,8383,131,37,951
26,13/09/2026 06:32,81000,resource,19351,699147,434,8591,1770,8421,132,38,1027
27,13/09/2026 06:33,81000,resource,19477,696580,431,8687,1798,8427,132,38,992
28,13/09/2026 06:33,81000,resource,19480,700782,432,8693,1789,8431,133,38,965
29,13/09/2026 06:33,81000,resource,19508,626431,454,8659,1742,8518,133,37,950
30,13/09/2026 06:33,81000,resource,19659,580249,439,8776,1785,8521,135,38,1062
31,13/09/2026 06:34,81000,resource,19386,599787,430,8658,1751,8411,133,38,998
32,13/09/2026 06:34,81000,resource,19648,514755,444,8770,1763,8529,140,38,1033
33,13/09/2026 06:34,81000,resource,19356,514895,428,8649,1765,8373,140,38,998
34,13/09/2026 06:35,81000,resource,19589,515160,434,8721,1781,8514,137,38,969
35,13/09/2026 06:35,81000,resource,19613,519806,427,8664,1753,8631,137,38,1039
36,13/09/2026 06:35,81000,resource,19726,689554,449,8736,1778,8612,148,37,1052
37,13/09/2026 06:36,81000,resource,19459,605868,434,8738,1776,8378,131,38,1032
38,13/09/2026 06:36,81000,resource,19416,631496,430,8713,1783,8355,132,38,1076
39,13/09/2026 06:36,81000,resource,19328,598709,439,8697,1747,8308,134,38,1014
40,13/09/2026 06:37,81000,resource,19428,691800,430,8664,1785,8416,131,38,1021
41,13/09/2026 06:37,81000,resource,19509,704122,433,8641,1785,8504,145,38,990
42,13/09/2026 06:37,81000,resource,19595,667300,432,8750,1799,8457,154,38,1010
43,13/09/2026 06:38,81000,resource,19552,693675,433,8718,1830,8420,150,38,960
44,13/09/2026 06:38,81000,resource,19437,561537,425,8617,1768,8493,133,38,962
45,13/09/2026 06:38,81000,resource,19397,717965,430,8655,1780,8396,133,38,993
46,13/09/2026 06:39,81000,resource,19496,559264,438,8723,1759,8441,132,38,983
47,13/09/2026 06:39,81000,resource,19476,510751,428,8657,1796,8454,140,38,1015
48,13/09/2026 06:39,81000,resource,19455,547750,430,8648,1767,8476,132,38,1005
49,13/09/2026 06:40,81000,resource,19593,603343,426,8722,1798,8512,133,38,1032
50,13/09/2026 06:40,81000,resource,19393,673014,428,8680,1764,8375,144,37,1004
51,13/09/2026 06:40,81000,resource,19708,601812,429,8700,1802,8644,131,38,1037
52,13/09/2026 06:41,81000,resource,19348,632301,426,8623,1754,8411,133,37,940
53,13/09/2026 06:41,81000,resource,19452,618706,439,8680,1783,8418,131,38,1003
54,13/09/2026 06:41,81000,resource,19254,720022,429,8613,1760,8313,137,38,978
55,13/09/2026 06:42,81000,resource,19501,604534,428,8678,1792,8467,134,38,1007
56,13/09/2026 06:42,81000,resource,19422,650250,427,8627,1752,8458,156,37,922
57,13/09/2026 06:42,81000,resource,19309,612276,436,8615,1758,8371,127,38,982
58,13/09/2026 06:43,81000,resource,19563,710883,432,8637,1791,8572,129,38,993
59,13/09/2026 06:43,81000,resource,19293,607243,426,8563,1773,8397,132,38,942
60,13/09/2026 06:43,81000,resource,19555,680920,429,8626,1775,8589,134,37,933
61,13/09/2026 06:44,81000,resource,19491,690337,429,8742,1806,8371,141,37,1009
62,13/09/2026 06:44,81000,resource,19592,528058,423,8715,1794,8520,137,38,984
63,13/09/2026 06:44,81000,resource,19479,609437,426,8665,1782,8471,133,38,1030
64,13/09/2026 06:45,81000,resource,19709,557285,426,8843,1772,8512,154,38,1102
65,13/09/2026 06:45,81000,resource,19462,598809,425,8757,1781,8366,131,38,1008
66,13/09/2026 06:45,81000,resource,19334,696113,430,8656,1791,8328,128,38,1025
67,13/09/2026 06:46,81000,resource,19513,497075,427,8630,1778,8529,147,38,997
68,13/09/2026 06:46,81000,resource,19608,665832,433,8691,1817,8529,136,37,962
69,13/09/2026 06:46,81000,resource,19463,632308,428,8701,1797,8402,132,38,1024
70,13/09/2026 06:47,81000,resource,19621,687908,431,8722,1810,8507,150,38,1073
71,13/09/2026 06:47,81000,resource,20902,589496,430,9292,1929,9105,144,38,1064
72,13/09/2026 06:47,81000,resource,20004,515965,485,9011,1805,8562,141,38,1008
73,13/09/2026 06:48,81000,resource,19516,515174,438,8766,1748,8415,146,38,1036
74,13/09/2026 06:48,81000,resource,19640,725762,426,8723,1792,8566,131,38,1095
75,13/09/2026 06:48,81000,resource,19592,604969,427,8844,1765,8421,132,38,1036
76,13/09/2026 06:49,81000,resource,19535,524548,437,8607,1757,8591,141,38,993
77,13/09/2026 06:49,81000,resource,19944,596927,429,8847,1802,8728,137,38,1111
78,13/09/2026 06:49,81000,resource,19369,510066,429,8609,1771,8417,141,38,979
79,13/09/2026 06:50,81000,resource,19627,500781,429,8703,1810,8539,143,38,1023
80,13/09/2026 06:50,81000,resource,19618,580169,429,8773,1788,8490,137,38,1022
81,13/09/2026 06:50,81000,resource,19517,697807,430,8667,1780,8494,144,38,1023
82,13/09/2026 06:51,81000,resource,19432,693834,430,8695,1782,8390,132,38,1033
83,13/09/2026 06:51,81000,resource,19423,695746,426,8682,1769,8401,144,38,1068
84,13/09/2026 06:51,81000,resource,19494,524660,427,8766,1744,8411,144,38,1042
85,13/09/2026 06:52,81000,resource,19432,572349,430,8615,1812,8439,135,38,988
86,13/09/2026 06:52,81000,resource,19490,506261,429,8750,1767,8394,148,38,1009
87,13/09/2026 06:52,81000,resource,19344,520521,436,8666,1754,8348,137,38,1032
88,13/09/2026 06:53,81000,resource,19539,690584,429,8785,1766,8412,145,38,1091
89,13/09/2026 06:53,81000,resource,19404,520034,426,8645,1757,8436,138,38,960
90,13/09/2026 06:53,81000,resource,19432,688297,421,8612,1775,8485,136,38,998
91,13/09/2026 06:54,81000,resource,19756,669797,429,8755,1817,8623,131,37,1007
92,13/09/2026 06:54,81000,resource,19518,564278,428,8704,1745,8506,132,38,966
93,13/09/2026 06:54,81000,resource,19447,703650,432,8692,1801,8388,132,38,998
94,13/09/2026 06:55,81000,resource,19583,528901,427,8791,1766,8460,137,38,1015
95,13/09/2026 06:55,81000,resource,19635,669046,427,8873,1784,8409,139,37,967
96,13/09/2026 06:55,81000,resource,19663,510349,430,8672,1801,8600,158,38,990
97,13/09/2026 06:56,81000,resource,19593,588342,429,8677,1794,8560,132,38,1027
98,13/09/2026 06:56,81000,resource,19489,691387,429,8643,1814,8468,133,38,954
99,13/09/2026 06:56,81000,resource,19471,615175,430,8807,1749,8354,130,38,1020
100,13/09/2026 06:57,81000,resource,19593,566926,430,8835,1761,8434,131,38,1072
101,13/09/2026 06:57,81000,resource,19329,515036,431,8610,1764,8384,138,38,945
102,13/09/2026 06:57,81000,resource,19451,652166,428,8657,1765,8450,149,37,955
103,13/09/2026 06:57,81000,resource,19348,519514,426,8654,1772,8362,133,38,976
104,13/09/2026 06:58,81000,resource,19432,716043,427,8639,1796,8436,131,38,969
105,13/09/2026 06:58,81000,resource,19329,509621,428,8602,1766,8388,143,38,959
106,13/09/2026 06:58,81000,resource,19471,515242,434,8781,1763,8351,140,38,1036
107,13/09/2026 06:59,81000,resource,19485,707957,427,8641,1790,8490,135,38,1037
108,13/09/2026 06:59,81000,resource,19629,654467,427,8761,1785,8516,138,38,1011
109,13/09/2026 06:59,81000,resource,19472,506030,426,8660,1781,8452,151,38,1034
110,13/09/2026 07:00,81000,resource,19509,524714,425,8749,1763,8425,144,38,1031
111,13/09/2026 07:00,81000,resource,19665,520020,435,8827,1772,8483,147,38,1063
112,13/09/2026 07:00,81000,resource,19577,532911,430,8699,1762,8541,143,38,1010
113,13/09/2026 07:01,81000,resource,19571,704257,431,8719,1807,8479,134,38,1091
114,13/09/2026 07:01,81000,resource,19444,584348,427,8713,1787,8385,130,38,1041
115,13/09/2026 07:01,81000,resource,19592,576091,433,8649,1778,8595,135,38,988
116,13/09/2026 07:02,81000,resource,19529,696907,426,8707,1794,8467,133,38,995
117,13/09/2026 07:02,81000,resource,19617,624863,425,8781,1807,8472,131,38,995
118,13/09/2026 07:02,81000,resource,19353,515320,426,8644,1748,8395,139,38,971
119,13/09/2026 07:03,81000,resource,19534,703795,428,8696,1804,8473,130,38,1008
120,13/09/2026 07:03,81000,resource,19301,686029,427,8680,1769,8291,133,38,968
121,13/09/2026 07:03,81000,resource,19688,551790,425,8780,1823,8529,129,38,1028
122,13/09/2026 07:04,81000,resource,19306,639496,427,8608,1751,8391,128,37,942
123,13/09/2026 07:04,81000,resource,19668,612526,439,8825,1790,8475,137,38,1015
124,13/09/2026 07:04,81000,resource,19735,602530,438,8763,1797,8604,131,38,1087
125,13/09/2026 07:05,81000,resource,19568,696243,428,8746,1779,8480,133,38,1014
126,13/09/2026 07:05,81000,resource,19419,708599,428,8619,1768,8470,132,38,1026
127,13/09/2026 07:05,81000,resource,19628,685224,426,8653,1768,8647,132,37,976
128,13/09/2026 07:06,81000,resource,19658,611166,425,8709,1798,8588,135,38,1005
129,13/09/2026 07:06,81000,resource,19427,705854,428,8580,1778,8508,131,38,1019
130,13/09/2026 07:06,81000,resource,19494,574612,426,8626,1799,8505,136,38,985
131,13/09/2026 07:07,81000,resource,19418,633240,430,8640,1800,8411,134,38,1005
132,13/09/2026 07:07,81000,resource,19382,652855,433,8616,1761,8440,130,37,978
133,13/09/2026 07:07,81000,resource,19512,586404,430,8753,1746,8452,130,38,998
134,13/09/2026 07:08,81000,resource,19593,615700,430,8644,1803,8588,127,38,1032
135,13/09/2026 07:08,81000,resource,19537,631048,431,8731,1780,8460,133,37,1006
136,13/09/2026 07:08,81000,resource,19397,533249,427,8596,1758,8472,142,38,960
137,13/09/2026 07:09,81000,resource,19679,596176,428,8722,1809,8560,158,38,1072
138,13/09/2026 07:09,81000,resource,19606,538309,444,8783,1748,8487,142,38,1095
139,13/09/2026 07:09,81000,resource,19703,611974,428,8623,1775,8736,139,38,1015
140,13/09/2026 07:10,81000,resource,19474,505995,430,8696,1757,8450,138,38,988
141,13/09/2026 07:10,81000,resource,19522,560970,435,8672,1789,8476,148,38,947
142,13/09/2026 07:10,81000,resource,19764,630692,428,8928,1788,8486,133,38,1217
143,13/09/2026 07:11,81000,resource,19511,696388,434,8760,1751,8434,131,37,1044
144,13/09/2026 07:11,81000,resource,19562,630208,428,8641,1765,8593,133,37,956
145,13/09/2026 07:11,81000,resource,19537,724283,432,8696,1783,8480,144,38,1030
146,13/09/2026 07:12,81000,resource,19499,598147,431,8641,1798,8485,142,38,980
147,13/09/2026 07:12,81000,resource,19739,588040,430,8801,1820,8555,131,38,1025
148,13/09/2026 07:12,81000,resource,19597,520681,429,8711,1773,8546,136,38,989
149,13/09/2026 07:13,81000,resource,19509,561169,442,8727,1732,8473,134,38,1004
150,13/09/2026 07:13,81000,resource,19485,527288,428,8693,1758,8465,141,38,1017
151,13/09/2026 07:13,81000,resource,19413,670604,434,8767,1760,8317,133,37,1011
152,13/09/2026 07:14,81000,resource,19445,519996,454,8628,1758,8464,139,38,980
153,13/09/2026 07:14,81000,resource,19541,492888,433,8675,1794,8477,160,39,1070
154,13/09/2026 07:14,81000,resource,19765,629494,433,8737,1776,8684,132,37,960
155,13/09/2026 07:15,81000,resource,19496,659308,432,8663,1793,8476,130,37,989
156,13/09/2026 07:15,81000,resource,19482,723127,455,8592,1786,8519,129,38,988
157,13/09/2026 07:15,81000,resource,19629,557812,432,8838,1777,8449,131,38,965
158,13/09/2026 07:16,81000,resource,19741,575180,431,8784,1764,8622,138,38,1111
159,13/09/2026 07:16,81000,resource,19515,708332,430,8651,1809,8491,132,38,1001
160,13/09/2026 07:16,81000,resource,19482,692582,430,8689,1788,8441,132,38,1010
161,13/09/2026 07:17,81000,resource,19525,648573,434,8757,1757,8445,130,37,969
162,13/09/2026 07:17,81000,resource,19529,556161,429,8680,1762,8526,130,38,1002
163,13/09/2026 07:17,81000,resource,19389,628437,431,8590,1799,8434,132,38,1012
164,13/09/2026 07:18,81000,resource,19524,716004,430,8677,1797,8483,135,37,997
165,13/09/2026 07:18,81000,resource,19501,568587,440,8719,1752,8456,132,38,1009
166,13/09/2026 07:18,81000,resource,19515,505420,430,8698,1749,8496,140,38,966
167,13/09/2026 07:19,81000,resource,19404,520001,441,8618,1795,8413,134,38,954
168,13/09/2026 07:19,81000,resource,19354,506570,428,8676,1743,8368,137,38,1000
169,13/09/2026 07:19,81000,resource,19294,629801,428,8610,1745,8375,134,37,936
170,13/09/2026 07:20,81000,resource,19448,694699,426,8695,1798,8393,134,38,1020
171,13/09/2026 07:20,81000,resource,19385,510612,429,8680,1757,8380,137,38,962
172,13/09/2026 07:20,81000,resource,19434,703468,425,8611,1788,8474,133,38,998
173,13/09/2026 07:20,81000,resource,19582,584472,443,8632,1811,8553,140,37,1000
174,13/09/2026 07:21,81000,resource,19455,520507,430,8726,1752,8409,136,38,1027
175,13/09/2026 07:21,81000,resource,19330,511130,427,8680,1754,8331,136,38,1035
176,13/09/2026 07:21,81000,resource,19536,653271,429,8753,1780,8437,134,37,989
177,13/09/2026 07:22,81000,resource,19399,506392,426,8706,1746,8380,140,38,973
178,13/09/2026 07:22,81000,resource,19432,697361,437,8612,1821,8424,136,38,960
179,13/09/2026 07:22,81000,resource,19518,690412,427,8627,1797,8512,153,38,996
180,13/09/2026 07:23,81000,resource,19401,514664,428,8656,1756,8422,137,38,996
181,13/09/2026 07:23,81000,resource,19419,644897,430,8625,1802,8427,132,38,1003
182,13/09/2026 07:23,81000,resource,19432,641555,428,8638,1825,8408,131,38,1000
183,13/09/2026 07:24,81000,resource,19673,678726,428,8726,1770,8612,135,37,985
184,13/09/2026 07:24,81000,resource,19400,514961,427,8693,1776,8367,136,38,968
185,13/09/2026 07:24,81000,resource,19655,520036,430,8868,1764,8453,138,38,1052
186,13/09/2026 07:25,81000,resource,19472,607257,445,8668,1800,8424,133,38,992
187,13/09/2026 07:25,81000,resource,19704,636953,432,8803,1789,8544,135,38,1049
188,13/09/2026 07:25,81000,resource,19361,689995,426,8652,1780,8369,132,38,1003
189,13/09/2026 07:26,81000,resource,19681,607749,426,8839,1761,8523,130,38,996
190,13/09/2026 07:26,81000,resource,19550,722224,430,8689,1800,8476,153,38,1016
191,13/09/2026 07:26,81000,resource,19404,534132,428,8715,1769,8350,141,38,979
192,13/09/2026 07:27,81000,resource,19697,522828,430,8854,1792,8481,139,38,1084
193,13/09/2026 07:27,81000,resource,19275,519445,427,8606,1753,8348,139,38,953
194,13/09/2026 07:27,81000,resource,19414,649752,427,8635,1754,8448,148,38,990
195,13/09/2026 07:28,81000,resource,19643,673119,428,8706,1790,8567,150,37,1041
196,13/09/2026 07:28,81000,resource,19621,609553,438,8682,1795,8558,146,38,964
197,13/09/2026 07:28,81000,resource,19415,701878,430,8624,1789,8442,128,38,998
198,13/09/2026 07:29,81000,resource,19538,713865,426,8651,1773,8551,135,38,1028
199,13/09/2026 07:29,81000,resource,19417,718087,427,8653,1779,8422,134,38,983
200,13/09/2026 07:29,81000,resource,19593,527457,427,8709,1757,8560,139,38,1061
1,13/09/2026 07:35,94500,resource,22178,689178,430,9896,1917,9787,147,44,1108
2,13/09/2026 07:35,94500,resource,22625,689327,448,10116,1936,9974,148,44,1285
3,13/09/2026 07:35,94500,resource,22225,626025,423,9886,1972,9795,147,43,1164
4,13/09/2026 07:36,94500,resource,21992,747107,431,9779,1920,9714,146,44,1110
5,13/09/2026 07:36,94500,resource,22138,734368,427,9798,1950,9811,151,44,1085
6,13/09/2026 07:37,94500,resource,22285,626157,428,9911,1921,9881,142,45,1137
7,13/09/2026 07:37,94500,resource,22249,791319,429,10008,1901,9761,149,43,1199
8,13/09/2026 07:37,94500,resource,22211,550567,433,9885,1916,9816,159,44,1122
9,13/09/2026 07:38,94500,resource,22440,739032,445,10028,1911,9904,151,44,1247
10,13/09/2026 07:38,94500,resource,22282,624613,429,9916,1968,9825,142,45,1109
11,13/09/2026 07:38,94500,resource,22396,580885,428,9884,1920,9995,168,44,1072
12,13/09/2026 07:39,94500,resource,22244,742660,429,9951,1972,9749,141,44,1134
13,13/09/2026 07:39,94500,resource,22266,738207,470,9952,1915,9781,146,44,1199
14,13/09/2026 07:40,94500,resource,22179,715029,431,9830,1928,9830,158,44,1079
15,13/09/2026 07:40,94500,resource,22297,709574,433,10015,1909,9793,145,44,1189
16,13/09/2026 07:40,94500,resource,22307,735326,431,9960,1903,9862,149,44,1170
17,13/09/2026 07:41,94500,resource,22199,630787,431,9957,1933,9717,160,44,1107
18,13/09/2026 07:41,94500,resource,22216,705584,431,9930,1924,9779,149,44,1209
19,13/09/2026 07:41,94500,resource,22165,736669,456,9959,1890,9712,145,44,1158
20,13/09/2026 07:42,94500,resource,22268,725577,433,9941,1920,9828,145,44,1178
21,13/09/2026 07:42,94500,resource,22183,600920,439,9917,1909,9757,159,44,1182
22,13/09/2026 07:43,94500,resource,22141,638020,433,9906,1904,9746,150,45,1130
23,13/09/2026 07:43,94500,resource,22098,749521,431,9833,1948,9735,150,44,1118
24,13/09/2026 07:43,94500,resource,22335,615978,455,10162,1891,9670,156,44,1181
25,13/09/2026 07:44,94500,resource,22267,622554,436,10013,1947,9728,140,45,1136
26,13/09/2026 07:44,94500,resource,22266,575882,429,9903,1934,9850,148,44,1138
27,13/09/2026 07:44,94500,resource,22359,731955,431,9878,1917,9981,151,44,1151
28,13/09/2026 07:45,94500,resource,22245,621007,434,9922,1918,9811,159,45,1177
29,13/09/2026 07:45,94500,resource,22253,638357,428,10060,1904,9712,147,45,1147
30,13/09/2026 07:46,94500,resource,22427,576221,430,9998,1941,9898,158,44,1081
31,13/09/2026 07:46,94500,resource,22140,589242,442,9816,1937,9791,152,45,1121
32,13/09/2026 07:46,94500,resource,22172,652579,441,9866,1961,9760,143,44,1168
33,13/09/2026 07:47,94500,resource,22198,632549,427,9907,1908,9809,145,44,1184
34,13/09/2026 07:47,94500,resource,22070,617831,432,9817,1950,9722,146,45,1131
35,13/09/2026 07:47,94500,resource,22201,730356,428,9977,1905,9741,147,44,1110
36,13/09/2026 07:48,94500,resource,22048,793652,429,9796,1902,9772,147,43,1107
37,13/09/2026 07:48,94500,resource,22305,552336,431,10111,1931,9674,156,44,1176
38,13/09/2026 07:49,94500,resource,22095,659677,427,9951,1913,9658,144,44,1214
39,13/09/2026 07:49,94500,resource,22228,654604,442,9932,1903,9806,144,44,1107
40,13/09/2026 07:49,94500,resource,22245,593393,440,10090,1929,9630,154,45,1138
41,13/09/2026 07:50,94500,resource,22144,757756,427,9840,1930,9799,146,43,1096
42,13/09/2026 07:50,94500,resource,22352,567735,429,9916,1915,9932,158,44,1160
43,13/09/2026 07:50,94500,resource,22217,740210,428,9945,1922,9775,145,44,1135
44,13/09/2026 07:51,94500,resource,22395,752297,428,9942,1929,9948,146,43,1225
45,13/09/2026 07:51,94500,resource,22293,662440,427,9974,1954,9791,144,44,1201
46,13/09/2026 07:52,94500,resource,22372,586068,427,10024,1930,9833,156,44,1154
47,13/09/2026 07:52,94500,resource,21994,718102,430,9832,1926,9660,144,44,1093
48,13/09/2026 07:52,94500,resource,22096,625885,426,9903,1910,9705,149,45,1130
49,13/09/2026 07:53,94500,resource,22072,717512,426,9830,1932,9732,150,44,1135
50,13/09/2026 07:53,94500,resource,22163,662239,436,9835,1924,9820,145,44,1181
51,13/09/2026 07:53,94500,resource,22518,576722,430,10069,1934,9934,150,44,1108
52,13/09/2026 07:54,94500,resource,21947,626059,433,9852,1885,9628,147,45,1130
53,13/09/2026 07:54,94500,resource,22178,610820,427,9864,1928,9807,149,44,1157
54,13/09/2026 07:55,94500,resource,22157,721716,430,9872,1938,9768,148,44,1111
55,13/09/2026 07:55,94500,resource,22125,719703,433,9898,1934,9711,147,44,1118
56,13/09/2026 07:55,94500,resource,22373,585640,432,9947,1915,9922,156,44,1268
57,13/09/2026 07:56,94500,resource,22150,716707,432,9922,1924,9720,149,44,1086
58,13/09/2026 07:56,94500,resource,22199,634657,438,9890,1901,9827,141,45,1135
59,13/09/2026 07:56,94500,resource,22281,632839,432,9881,1934,9884,148,45,1087
60,13/09/2026 07:57,94500,resource,22286,662569,432,9952,1962,9792,146,44,1197
61,13/09/2026 07:57,94500,resource,22369,724516,428,9993,1957,9840,150,44,1130
62,13/09/2026 07:58,94500,resource,22077,621536,428,9878,1914,9710,145,45,1128
63,13/09/2026 07:58,94500,resource,22136,739999,429,9947,1917,9694,146,44,1076
64,13/09/2026 07:58,94500,resource,22178,587570,428,9986,1895,9706,162,45,1328
65,13/09/2026 07:59,94500,resource,21932,737760,427,9791,1898,9654,160,44,1108
66,13/09/2026 07:59,94500,resource,22107,740668,429,9861,1931,9740,144,44,1098
67,13/09/2026 07:59,94500,resource,22194,721898,428,9930,1924,9760,150,44,1201
68,13/09/2026 08:00,94500,resource,22380,659289,437,9985,1963,9850,144,44,1158
69,13/09/2026 08:00,94500,resource,21902,618795,431,9762,1906,9659,143,44,1087
70,13/09/2026 08:01,94500,resource,22142,722992,426,9986,1962,9622,143,44,1233
71,13/09/2026 08:01,94500,resource,22238,782118,426,9917,1938,9792,162,43,1182
72,13/09/2026 08:01,94500,resource,22274,731734,428,9961,1952,9787,144,44,1112
73,13/09/2026 08:02,94500,resource,22048,754166,432,9900,1917,9655,143,44,1113
74,13/09/2026 08:02,94500,resource,22107,588966,429,9948,1901,9678,150,45,1200
75,13/09/2026 08:02,94500,resource,22167,683332,429,9872,1930,9774,161,44,1113
76,13/09/2026 08:03,94500,resource,22076,622767,429,9895,1949,9647,155,45,1147
77,13/09/2026 08:03,94500,resource,22042,718097,430,9823,1897,9744,146,44,1109
78,13/09/2026 08:03,94500,resource,22442,584528,432,9985,1990,9886,146,44,1194
79,13/09/2026 08:04,94500,resource,22131,619460,427,9808,1904,9847,142,44,1113
80,13/09/2026 08:04,94500,resource,22214,715931,428,9972,1904,9763,145,44,1148
81,13/09/2026 08:05,94500,resource,22158,762685,427,9874,1943,9761,151,44,1098
82,13/09/2026 08:05,94500,resource,22122,680899,429,9825,1916,9805,145,44,1078
83,13/09/2026 08:05,94500,resource,22330,629048,430,10022,1985,9748,143,45,1197
84,13/09/2026 08:06,94500,resource,22282,738663,430,10036,1927,9744,143,44,1139
85,13/09/2026 08:06,94500,resource,22039,621902,428,9862,1921,9682,144,45,1146
86,13/09/2026 08:06,94500,resource,22290,732087,429,9934,1923,9855,148,44,1148
87,13/09/2026 08:07,94500,resource,22358,738358,427,9994,1946,9841,148,44,1140
88,13/09/2026 08:07,94500,resource,22230,729011,428,9901,1918,9836,145,44,1099
89,13/09/2026 08:08,94500,resource,22238,673650,427,9936,1918,9802,153,44,1216
90,13/09/2026 08:08,94500,resource,22234,616867,439,9887,1922,9841,143,45,1120
91,13/09/2026 08:08,94500,resource,22027,617569,428,9908,1926,9610,153,45,1156
92,13/09/2026 08:09,94500,resource,22308,743561,426,9956,1955,9823,146,44,1114
93,13/09/2026 08:09,94500,resource,22383,726800,432,10073,1918,9812,147,44,1230
94,13/09/2026 08:09,94500,resource,22266,738315,431,9987,1931,9757,158,44,1291
95,13/09/2026 08:10,94500,resource,22365,635030,446,10053,1940,9761,163,44,1156
96,13/09/2026 08:10,94500,resource,22169,625019,443,9887,1911,9783,143,44,1084
97,13/09/2026 08:11,94500,resource,22149,745797,426,9845,1939,9790,146,44,1123
98,13/09/2026 08:11,94500,resource,22185,623581,424,9863,1896,9841,159,44,1100
99,13/09/2026 08:11,94500,resource,22432,729308,430,9995,1934,9921,150,44,1221
100,13/09/2026 08:12,94500,resource,22440,588828,428,10021,1921,9915,154,45,1191
101,13/09/2026 08:12,94500,resource,22097,750653,430,9861,1916,9739,149,44,1088
102,13/09/2026 08:12,94500,resource,22155,746034,434,9899,1921,9752,146,44,1150
103,13/09/2026 08:13,94500,resource,22088,633958,429,9875,1934,9705,142,44,1111
104,13/09/2026 08:13,94500,resource,22339,629678,432,10052,1959,9748,147,44,1245
105,13/09/2026 08:14,94500,resource,22185,619031,431,9865,1888,9856,143,44,1108
106,13/09/2026 08:14,94500,resource,22388,583792,434,10060,1960,9784,148,45,1257
107,13/09/2026 08:14,94500,resource,22199,740201,431,10013,1928,9679,146,44,1134
108,13/09/2026 08:15,94500,resource,22455,709956,454,10084,1962,9808,146,44,1128
109,13/09/2026 08:15,94500,resource,22177,728186,437,9957,1898,9736,147,44,1106
110,13/09/2026 08:15,94500,resource,22117,728515,430,9898,1917,9711,159,44,1093
111,13/09/2026 08:16,94500,resource,22375,655651,431,9923,1919,9935,166,44,1178
112,13/09/2026 08:16,94500,resource,22413,575815,432,9953,1965,9908,153,44,1086
113,13/09/2026 08:17,94500,resource,22205,661175,431,9968,1901,9751,152,44,1247
114,13/09/2026 08:17,94500,resource,22337,633695,440,10145,1933,9662,156,44,1317
115,13/09/2026 08:17,94500,resource,22257,713773,431,9886,1942,9847,150,44,1095
116,13/09/2026 08:18,94500,resource,22033,595806,426,9914,1924,9614,153,44,1061
117,13/09/2026 08:18,94500,resource,22163,576134,434,9889,1921,9761,156,44,1108
118,13/09/2026 08:18,94500,resource,22006,628866,430,9840,1905,9687,142,44,1132
119,13/09/2026 08:19,94500,resource,22177,614994,429,9883,1933,9787,144,44,1160
120,13/09/2026 08:19,94500,resource,22093,729611,427,9946,1915,9657,146,44,1162
121,13/09/2026 08:20,94500,resource,22202,746518,436,9900,1915,9787,162,44,1084
122,13/09/2026 08:20,94500,resource,22002,720005,427,9842,1902,9682,148,44,1112
123,13/09/2026 08:20,94500,resource,22316,625929,424,9937,1926,9875,153,45,1173
124,13/09/2026 08:21,94500,resource,22220,734287,427,9995,1949,9698,149,44,1134
125,13/09/2026 08:21,94500,resource,22019,673820,426,9822,1927,9696,146,44,1095
126,13/09/2026 08:21,94500,resource,22167,700795,429,10063,1899,9629,145,44,1178
127,13/09/2026 08:22,94500,resource,22030,617008,430,9776,1894,9784,144,45,1111
128,13/09/2026 08:22,94500,resource,22196,638215,430,9966,1936,9716,147,45,1135
129,13/09/2026 08:23,94500,resource,22343,736419,458,9986,1916,9832,148,44,1193
130,13/09/2026 08:23,94500,resource,22472,778120,432,9963,1940,9992,143,43,1171
131,13/09/2026 08:23,94500,resource,22270,584680,427,9897,1909,9868,167,44,1100
132,13/09/2026 08:24,94500,resource,22287,590792,426,9918,1960,9825,156,44,1132
133,13/09/2026 08:24,94500,resource,22126,592362,424,9875,1947,9724,153,44,1151
134,13/09/2026 08:24,94500,resource,22470,600761,434,9870,1930,10073,161,44,1163
135,13/09/2026 08:25,94500,resource,22220,737651,432,9934,1920,9787,145,44,1121
136,13/09/2026 08:25,94500,resource,22117,719410,431,9889,1904,9729,163,44,1136
137,13/09/2026 08:26,94500,resource,22295,662111,427,9973,1940,9806,147,44,1232
138,13/09/2026 08:26,94500,resource,22014,708440,428,9871,1904,9664,145,44,1138
139,13/09/2026 08:26,94500,resource,22235,617858,437,10079,1918,9653,146,45,1118
140,13/09/2026 08:27,94500,resource,21967,589269,426,9810,1894,9676,159,44,1084
141,13/09/2026 08:27,94500,resource,22111,617365,427,9880,1922,9732,149,45,1131
142,13/09/2026 08:27,94500,resource,22012,750142,431,9835,1884,9717,143,44,1103
143,13/09/2026 08:28,94500,resource,22236,728388,425,9955,1957,9744,152,44,1152
144,13/09/2026 08:28,94500,resource,22244,599592,429,10043,1942,9670,158,45,1265
145,13/09/2026 08:29,94500,resource,22031,769695,435,9873,1925,9652,144,43,1145
146,13/09/2026 08:29,94500,resource,22356,641921,436,10127,1929,9711,151,45,1262
147,13/09/2026 08:29,94500,resource,22273,626254,428,9945,1951,9801,145,45,1137
148,13/09/2026 08:30,94500,resource,22272,622581,428,9981,1944,9765,152,43,1235
149,13/09/2026 08:30,94500,resource,22188,704971,428,9876,1932,9806,145,44,1148
150,13/09/2026 08:30,94500,resource,22355,712653,430,10051,1913,9810,149,44,1238
151,13/09/2026 08:31,94500,resource,22223,752112,429,9952,1927,9765,149,44,1233
152,13/09/2026 08:31,94500,resource,22120,741726,427,9884,1927,9722,158,44,1153
153,13/09/2026 08:31,94500,resource,22005,632554,431,9850,1912,9663,147,44,1116
154,13/09/2026 08:32,94500,resource,22252,622013,427,10014,1907,9753,149,45,1172
155,13/09/2026 08:32,94500,resource,22052,693083,441,9851,1894,9713,151,44,1099
156,13/09/2026 08:33,94500,resource,22152,659685,426,9876,1925,9777,146,44,1120
157,13/09/2026 08:33,94500,resource,22317,726186,430,9961,1949,9830,144,44,1101
158,13/09/2026 08:33,94500,resource,22342,594040,441,9976,1917,9839,168,45,1185
159,13/09/2026 08:34,94500,resource,22038,621659,428,9894,1914,9644,156,45,1131
160,13/09/2026 08:34,94500,resource,22103,735696,443,9846,1929,9732,151,44,1108
161,13/09/2026 08:34,94500,resource,22199,625738,440,10010,1941,9663,142,45,1115
162,13/09/2026 08:35,94500,resource,22362,775666,431,9864,1915,9996,154,43,1101
163,13/09/2026 08:35,94500,resource,22345,786002,428,10012,1918,9839,146,43,1182
164,13/09/2026 08:36,94500,resource,22130,594070,427,9906,1890,9740,164,45,1135
165,13/09/2026 08:36,94500,resource,22424,664024,426,9931,1944,9954,168,44,1168
166,13/09/2026 08:36,94500,resource,22153,621245,436,9942,1915,9713,146,44,1112
167,13/09/2026 08:37,94500,resource,22275,621884,427,9810,1931,9959,147,45,1094
168,13/09/2026 08:37,94500,resource,22354,633757,428,10028,1924,9825,147,45,1275
169,13/09/2026 08:37,94500,resource,22191,717200,429,10015,1897,9692,155,44,1163
170,13/09/2026 08:38,94500,resource,22074,628009,429,9890,1894,9711,147,44,1120
171,13/09/2026 08:38,94500,resource,22157,733556,438,9899,1948,9723,146,44,1150
172,13/09/2026 08:39,94500,resource,22289,624637,428,9969,1936,9808,146,44,1158
173,13/09/2026 08:39,94500,resource,22227,721070,430,9904,1899,9838,154,44,1136
174,13/09/2026 08:39,94500,resource,22248,690460,428,9883,1962,9828,146,44,1157
175,13/09/2026 08:40,94500,resource,22169,726619,428,9933,1897,9765,143,44,1212
176,13/09/2026 08:40,94500,resource,22324,557173,426,9933,1987,9822,154,44,1123
177,13/09/2026 08:40,94500,resource,22169,746345,432,9979,1904,9709,143,44,1166
178,13/09/2026 08:41,94500,resource,22027,706838,427,9840,1924,9691,144,44,1166
179,13/09/2026 08:41,94500,resource,22126,662612,428,9864,1940,9747,145,44,1105
180,13/09/2026 08:42,94500,resource,22043,684239,429,9875,1916,9674,147,44,1087
181,13/09/2026 08:42,94500,resource,22178,640671,434,9988,1912,9696,146,44,1135
182,13/09/2026 08:42,94500,resource,22307,780541,427,9946,1935,9853,144,43,1148
183,13/09/2026 08:43,94500,resource,22391,699392,431,10171,1928,9708,151,44,1233
184,13/09/2026 08:43,94500,resource,22041,624036,431,9934,1902,9630,142,44,1147
185,13/09/2026 08:43,94500,resource,22172,719983,432,9838,1906,9849,145,44,1161
186,13/09/2026 08:44,94500,resource,22356,728095,430,10069,1933,9778,144,44,1244
187,13/09/2026 08:44,94500,resource,22040,741416,434,9894,1920,9643,147,44,1156
188,13/09/2026 08:45,94500,resource,22245,733364,432,9992,1950,9719,149,44,1177
189,13/09/2026 08:45,94500,resource,22090,568230,440,9832,1913,9738,164,44,1071
190,13/09/2026 08:45,94500,resource,22184,755455,437,9922,1904,9765,155,43,1136
191,13/09/2026 08:46,94500,resource,22118,722260,426,9893,1897,9752,147,44,1170
192,13/09/2026 08:46,94500,resource,22200,663205,454,9929,1899,9771,144,44,1115
193,13/09/2026 08:46,94500,resource,22238,709283,432,9860,1939,9854,152,44,1085
194,13/09/2026 08:47,94500,resource,22061,663030,432,9824,1938,9725,140,44,1141
195,13/09/2026 08:47,94500,resource,22309,739370,432,9887,1897,9943,147,44,1123
196,13/09/2026 08:48,94500,resource,22148,716095,430,9965,1891,9711,149,44,1162
197,13/09/2026 08:48,94500,resource,22227,688322,433,9887,1897,9858,151,44,1132
198,13/09/2026 08:48,94500,resource,22251,711694,432,9895,1929,9845,148,44,1092
199,13/09/2026 08:49,94500,resource,22069,736801,427,9861,1922,9694,163,44,1105
200,13/09/2026 08:49,94500,resource,21980,627374,426,9846,1907,9654,145,45,1169
1,13/09/2026 08:54,108000,resource,25247,708447,427,11282,2245,11096,195,50,1307
2,13/09/2026 08:55,108000,resource,25227,675624,429,11266,2208,11152,170,50,1302
3,13/09/2026 08:55,108000,resource,25282,669629,428,11209,2266,11202,174,49,1283
4,13/09/2026 08:56,108000,resource,25008,674961,426,11219,2211,10966,183,50,1250
5,13/09/2026 08:56,108000,resource,25342,828882,434,11329,2210,11200,166,50,1288
6,13/09/2026 08:57,108000,resource,25023,811486,425,11178,2210,11029,179,50,1319
7,13/09/2026 08:57,108000,resource,25354,819962,438,11319,2224,11200,172,50,1353
8,13/09/2026 08:57,108000,resource,25238,828223,442,11234,2244,11147,169,50,1305
9,13/09/2026 08:58,108000,resource,24987,867188,425,11208,2218,10965,169,49,1254
10,13/09/2026 08:58,108000,resource,25141,813703,427,11219,2221,11089,184,50,1338
11,13/09/2026 08:59,108000,resource,25273,887872,427,11331,2243,11103,168,49,1288
12,13/09/2026 08:59,108000,resource,25152,846865,440,11335,2210,11000,165,49,1385
13,13/09/2026 09:00,108000,resource,25239,814782,428,11327,2241,11073,169,50,1375
14,13/09/2026 09:00,108000,resource,25420,765012,434,11301,2215,11286,182,49,1302
15,13/09/2026 09:00,108000,resource,25256,882549,428,11378,2279,11004,165,49,1296
16,13/09/2026 09:01,108000,resource,25388,819665,431,11354,2192,11236,174,50,1412
17,13/09/2026 09:01,108000,resource,25197,822368,431,11337,2267,10991,168,50,1289
18,13/09/2026 09:02,108000,resource,25110,878920,426,11274,2200,11036,172,49,1271
19,13/09/2026 09:02,108000,resource,25505,736361,430,11328,2216,11357,172,49,1345
20,13/09/2026 09:03,108000,resource,25411,824810,429,11279,2259,11271,172,50,1363
21,13/09/2026 09:03,108000,resource,25085,829477,429,11298,2176,11017,163,50,1279
22,13/09/2026 09:03,108000,resource,25207,902440,432,11253,2223,11131,166,49,1339
23,13/09/2026 09:04,108000,resource,25030,810434,428,11233,2233,10963,170,50,1324
24,13/09/2026 09:04,108000,resource,25112,813914,451,11353,2224,10918,165,50,1271
25,13/09/2026 09:05,108000,resource,25009,848275,437,11167,2233,10997,173,50,1286
26,13/09/2026 09:05,108000,resource,25236,797788,429,11339,2219,11084,163,50,1438
27,13/09/2026 09:05,108000,resource,25280,828400,429,11222,2261,11190,176,50,1297
28,13/09/2026 09:06,108000,resource,25271,808794,437,11274,2210,11183,165,50,1372
29,13/09/2026 09:06,108000,resource,25276,856439,427,11397,2196,11084,170,49,1294
30,13/09/2026 09:07,108000,resource,25402,874211,429,11431,2222,11149,169,49,1316
31,13/09/2026 09:07,108000,resource,25252,654473,430,11295,2213,11137,175,50,1323
32,13/09/2026 09:08,108000,resource,25266,865831,427,11365,2241,11066,164,49,1296
33,13/09/2026 09:08,108000,resource,25313,732467,429,11334,2180,11200,167,49,1421
34,13/09/2026 09:08,108000,resource,25226,740057,431,11268,2238,11123,164,49,1329
35,13/09/2026 09:09,108000,resource,25059,798015,428,11213,2179,11068,169,50,1298
36,13/09/2026 09:09,108000,resource,25035,860176,426,11125,2226,11070,186,49,1308
37,13/09/2026 09:10,108000,resource,25112,812466,427,11255,2228,11032,169,50,1291
38,13/09/2026 09:10,108000,resource,25234,821254,426,11299,2218,11119,170,50,1337
39,13/09/2026 09:11,108000,resource,25068,814621,428,11194,2177,11102,166,50,1307
40,13/09/2026 09:11,108000,resource,25089,823475,430,11207,2235,11046,169,50,1264
41,13/09/2026 09:11,108000,resource,25345,876995,431,11338,2241,11167,167,49,1318
42,13/09/2026 09:12,108000,resource,25192,813000,425,11369,2241,10987,168,50,1338
43,13/09/2026 09:12,108000,resource,25110,846510,427,11263,2217,11034,167,49,1304
44,13/09/2026 09:13,108000,resource,25284,880423,428,11361,2202,11129,162,49,1439
45,13/09/2026 09:13,108000,resource,25337,674895,431,11264,2213,11250,177,50,1282
46,13/09/2026 09:14,108000,resource,25244,820877,433,11314,2225,11102,169,50,1416
47,13/09/2026 09:14,108000,resource,25254,808800,429,11324,2227,11092,179,50,1380
48,13/09/2026 09:14,108000,resource,25124,867722,428,11282,2237,11003,172,49,1308
49,13/09/2026 09:15,108000,resource,25338,754080,449,11236,2228,11256,166,49,1305
50,13/09/2026 09:15,108000,resource,25312,816121,427,11313,2214,11184,171,50,1387
51,13/09/2026 09:16,108000,resource,25109,761282,431,11259,2222,11016,177,49,1261
52,13/09/2026 09:16,108000,resource,25372,777766,430,11351,2219,11199,170,49,1265
53,13/09/2026 09:17,108000,resource,25571,654423,444,11420,2244,11272,189,50,1303
54,13/09/2026 09:17,108000,resource,25370,812497,433,11428,2243,11095,169,50,1353
55,13/09/2026 09:17,108000,resource,25212,822994,441,11297,2244,11060,168,50,1282
56,13/09/2026 09:18,108000,resource,25334,851521,431,11315,2252,11169,165,49,1340
57,13/09/2026 09:18,108000,resource,25080,683411,431,11264,2193,11015,175,50,1366
58,13/09/2026 09:19,108000,resource,25265,864612,441,11372,2250,11029,171,49,1256
59,13/09/2026 09:19,108000,resource,25198,859370,432,11302,2205,11086,171,49,1266
60,13/09/2026 09:19,108000,resource,25452,728194,435,11313,2210,11325,167,50,1449
61,13/09/2026 09:20,108000,resource,25225,677514,434,11237,2224,11158,170,50,1326
62,13/09/2026 09:20,108000,resource,25213,805023,436,11270,2203,11133,169,49,1313
63,13/09/2026 09:21,108000,resource,25308,815486,430,11329,2275,11113,160,50,1357
64,13/09/2026 09:21,108000,resource,24917,863599,429,11287,2178,10860,161,49,1339
65,13/09/2026 09:22,108000,resource,25261,693402,428,11320,2206,11132,173,49,1350
66,13/09/2026 09:22,108000,resource,25276,661150,428,11395,2212,11057,181,50,1398
67,13/09/2026 09:22,108000,resource,25562,736599,431,11416,2200,11348,166,49,1394
68,13/09/2026 09:23,108000,resource,25427,675832,433,11303,2195,11316,179,50,1364
69,13/09/2026 09:23,108000,resource,25183,804833,426,11227,2190,11171,167,50,1381
70,13/09/2026 09:24,108000,resource,25283,827799,440,11298,2226,11152,165,50,1305
71,13/09/2026 09:24,108000,resource,25301,817123,428,11216,2232,11251,171,49,1279
72,13/09/2026 09:25,108000,resource,25264,808192,431,11410,2237,11019,165,50,1376
73,13/09/2026 09:25,108000,resource,25118,867760,446,11284,2193,11024,168,49,1308
74,13/09/2026 09:25,108000,resource,25270,824038,454,11340,2224,11086,165,50,1331
75,13/09/2026 09:26,108000,resource,25517,674803,434,11429,2222,11259,171,50,1323
76,13/09/2026 09:26,108000,resource,25161,813264,441,11288,2209,11049,171,50,1317
77,13/09/2026 09:27,108000,resource,25350,703761,429,11260,2248,11231,179,50,1310
78,13/09/2026 09:27,108000,resource,25037,817036,427,11247,2219,10975,167,50,1344
79,13/09/2026 09:28,108000,resource,25404,867267,429,11518,2214,11080,161,49,1293
80,13/09/2026 09:28,108000,resource,25025,749519,426,11127,2203,11094,172,49,1290
81,13/09/2026 09:28,108000,resource,25394,811468,447,11246,2200,11331,169,50,1291
82,13/09/2026 09:29,108000,resource,25405,669621,433,11215,2235,11344,176,50,1268
83,13/09/2026 09:29,108000,resource,25579,693134,431,11518,2264,11178,186,50,1396
84,13/09/2026 09:30,108000,resource,25192,814532,433,11251,2247,11095,164,50,1319
85,13/09/2026 09:30,108000,resource,25307,793940,429,11434,2204,11075,163,50,1404
86,13/09/2026 09:31,108000,resource,25506,669670,432,11299,2241,11341,192,50,1336
87,13/09/2026 09:31,108000,resource,25103,812403,426,11105,2261,11124,186,50,1313
88,13/09/2026 09:31,108000,resource,25053,902169,428,11192,2207,11061,162,49,1275
89,13/09/2026 09:32,108000,resource,25627,859290,428,11485,2262,11271,179,49,1349
90,13/09/2026 09:32,108000,resource,25451,655020,430,11346,2202,11290,181,50,1281
91,13/09/2026 09:33,108000,resource,25215,807280,429,11371,2205,11044,164,50,1420
92,13/09/2026 09:33,108000,resource,25289,798900,431,11294,2279,11114,168,49,1307
93,13/09/2026 09:34,108000,resource,25519,774858,430,11263,2252,11405,167,49,1316
94,13/09/2026 09:34,108000,resource,25170,856774,437,11289,2201,11062,180,49,1331
95,13/09/2026 09:34,108000,resource,25003,660923,426,11141,2215,11038,181,50,1326
96,13/09/2026 09:35,108000,resource,25150,807699,430,11267,2227,11060,164,50,1398
97,13/09/2026 09:35,108000,resource,25298,798226,429,11341,2223,11137,166,50,1324
98,13/09/2026 09:36,108000,resource,25300,885020,429,11475,2180,11046,168,49,1421
99,13/09/2026 09:36,108000,resource,25256,905217,428,11299,2230,11128,168,49,1318
100,13/09/2026 09:36,108000,resource,25250,826603,427,11308,2239,11105,169,49,1288
101,13/09/2026 09:37,108000,resource,25327,863867,434,11379,2230,11117,165,49,1305
102,13/09/2026 09:37,108000,resource,25466,812073,426,11397,2248,11209,184,50,1275
103,13/09/2026 09:38,108000,resource,25202,733412,429,11173,2215,11217,166,49,1294
104,13/09/2026 09:38,108000,resource,25565,691893,437,11242,2198,11500,186,50,1318
105,13/09/2026 09:39,108000,resource,25220,668680,425,11229,2217,11173,173,50,1341
106,13/09/2026 09:39,108000,resource,25634,687920,429,11508,2198,11328,169,50,1395
107,13/09/2026 09:39,108000,resource,25345,816636,428,11385,2218,11151,161,50,1374
108,13/09/2026 09:40,108000,resource,25470,804774,430,11550,2206,11118,164,49,1398
109,13/09/2026 09:40,108000,resource,25270,799115,428,11221,2242,11212,165,50,1273
110,13/09/2026 09:41,108000,resource,25292,672131,430,11249,2273,11165,173,50,1329
111,13/09/2026 09:41,108000,resource,25053,790707,441,11219,2217,11008,167,49,1284
112,13/09/2026 09:42,108000,resource,25270,849077,430,11272,2262,11131,173,49,1342
113,13/09/2026 09:42,108000,resource,25456,737492,433,11370,2232,11253,166,49,1333
114,13/09/2026 09:42,108000,resource,25298,832818,430,11399,2244,11057,167,49,1329
115,13/09/2026 09:43,108000,resource,25469,753090,426,11277,2228,11368,169,49,1288
116,13/09/2026 09:43,108000,resource,25350,719179,426,11349,2214,11189,171,49,1297
117,13/09/2026 09:44,108000,resource,25366,797880,427,11430,2223,11108,176,50,1318
118,13/09/2026 09:44,108000,resource,25015,688990,432,11163,2235,11014,170,49,1264
119,13/09/2026 09:45,108000,resource,25281,822605,442,11484,2216,10969,168,50,1381
120,13/09/2026 09:45,108000,resource,25189,799491,429,11400,2217,10966,175,50,1395
121,13/09/2026 09:45,108000,resource,25316,654704,449,11303,2181,11208,173,50,1431
122,13/09/2026 09:46,108000,resource,25311,800393,427,11356,2225,11135,167,50,1340
123,13/09/2026 09:46,108000,resource,25220,861920,429,11216,2229,11161,183,49,1281
124,13/09/2026 09:47,108000,resource,25144,814526,445,11343,2195,10990,169,50,1464
125,13/09/2026 09:47,108000,resource,25271,779866,427,11371,2198,11106,166,49,1424
126,13/09/2026 09:48,108000,resource,25570,831671,432,11515,2257,11193,172,50,1357
127,13/09/2026 09:48,108000,resource,25246,812667,429,11357,2229,11058,170,50,1349
128,13/09/2026 09:48,108000,resource,25590,803376,432,11676,2298,11012,169,49,1380
129,13/09/2026 09:49,108000,resource,25396,671031,432,11400,2242,11140,180,50,1420
130,13/09/2026 09:49,108000,resource,25106,820619,430,11313,2225,10972,164,50,1378
131,13/09/2026 09:50,108000,resource,25118,661266,440,11186,2238,11080,172,50,1295
132,13/09/2026 09:50,108000,resource,25450,749621,435,11312,2250,11282,169,49,1402
133,13/09/2026 09:51,108000,resource,25550,891977,431,11496,2294,11151,176,49,1405
134,13/09/2026 09:51,108000,resource,25471,775681,430,11283,2241,11345,170,49,1279
135,13/09/2026 09:51,108000,resource,25418,810827,433,11438,2280,11088,177,50,1320
136,13/09/2026 09:52,108000,resource,25345,807382,441,11239,2281,11203,178,50,1315
137,13/09/2026 09:52,108000,resource,25119,752289,432,11234,2242,11037,171,49,1271
138,13/09/2026 09:53,108000,resource,25234,812950,436,11353,2200,11054,188,50,1351
139,13/09/2026 09:53,108000,resource,25203,798154,445,11308,2218,11068,163,50,1299
140,13/09/2026 09:53,108000,resource,25305,813646,432,11296,2259,11131,185,50,1341
141,13/09/2026 09:54,108000,resource,25417,671259,448,11416,2254,11103,194,50,1373
142,13/09/2026 09:54,108000,resource,25320,687944,431,11317,2240,11158,172,50,1323
143,13/09/2026 09:55,108000,resource,25296,814211,431,11320,2228,11150,165,50,1386
144,13/09/2026 09:55,108000,resource,25218,793629,435,11312,2217,11086,167,49,1301
145,13/09/2026 09:56,108000,resource,25238,814171,435,11303,2251,11080,166,50,1343
146,13/09/2026 09:56,108000,resource,25229,809685,442,11315,2229,11075,166,50,1354
147,13/09/2026 09:56,108000,resource,25390,665775,463,11276,2275,11202,171,50,1336
148,13/09/2026 09:57,108000,resource,25503,664627,433,11313,2245,11332,178,50,1326
149,13/09/2026 09:57,108000,resource,25424,740270,432,11398,2221,11210,161,49,1381
150,13/09/2026 09:58,108000,resource,25221,805519,430,11249,2273,11087,181,50,1297
151,13/09/2026 09:58,108000,resource,25115,840667,429,11263,2268,10987,166,50,1329
152,13/09/2026 09:59,108000,resource,25592,812334,430,11361,2232,11398,169,50,1329
153,13/09/2026 09:59,108000,resource,25288,771095,430,11323,2232,11137,164,49,1323
154,13/09/2026 09:59,108000,resource,25099,654445,425,11217,2230,11046,179,49,1290
155,13/09/2026 10:00,108000,resource,25157,824897,441,11281,2231,11029,173,50,1371
156,13/09/2026 10:00,108000,resource,25485,732398,439,11255,2232,11379,177,49,1290
157,13/09/2026 10:01,108000,resource,25058,813017,431,11242,2198,11018,166,50,1343
158,13/09/2026 10:01,108000,resource,25500,669672,434,11303,2218,11373,169,50,1255
159,13/09/2026 10:02,108000,resource,25206,817448,432,11260,2194,11135,183,50,1315
160,13/09/2026 10:02,108000,resource,25139,858735,433,11236,2206,11094,167,49,1282
161,13/09/2026 10:02,108000,resource,25265,810911,431,11351,2205,11113,163,50,1467
162,13/09/2026 10:03,108000,resource,25667,668840,432,11457,2234,11370,172,50,1302
163,13/09/2026 10:03,108000,resource,25143,818500,443,11253,2237,11023,184,50,1255
164,13/09/2026 10:04,108000,resource,25339,834511,444,11399,2225,11093,178,49,1299
165,13/09/2026 10:04,108000,resource,25320,911488,436,11415,2227,11073,168,49,1363
166,13/09/2026 10:05,108000,resource,25168,856924,429,11251,2260,11055,171,49,1314
167,13/09/2026 10:05,108000,resource,25397,664129,435,11374,2232,11161,192,49,1314
168,13/09/2026 10:05,108000,resource,25333,827639,446,11269,2223,11220,174,50,1265
169,13/09/2026 10:06,108000,resource,25278,815098,428,11318,2233,11122,176,50,1338
170,13/09/2026 10:06,108000,resource,25191,820102,428,11304,2246,11045,166,50,1284
171,13/09/2026 10:07,108000,resource,25205,857993,428,11251,2219,11137,168,49,1266
172,13/09/2026 10:07,108000,resource,25273,811847,430,11412,2262,11002,165,50,1510
173,13/09/2026 10:08,108000,resource,25079,797467,427,11203,2222,11052,174,49,1281
174,13/09/2026 10:08,108000,resource,25136,693595,431,11278,2241,11010,173,49,1395
175,13/09/2026 10:08,108000,resource,25413,865970,427,11396,2212,11210,167,49,1334
176,13/09/2026 10:09,108000,resource,25367,668815,432,11313,2216,11223,181,50,1342
177,13/09/2026 10:09,108000,resource,25244,812855,428,11306,2207,11133,167,50,1390
178,13/09/2026 10:10,108000,resource,25231,864969,427,11475,2205,10958,165,49,1375
179,13/09/2026 10:10,108000,resource,25224,857958,430,11241,2273,11099,180,49,1288
180,13/09/2026 10:10,108000,resource,25165,809783,428,11285,2206,11079,165,50,1370
181,13/09/2026 10:11,108000,resource,25276,809123,432,11404,2225,11045,169,50,1344
182,13/09/2026 10:11,108000,resource,25381,806980,429,11235,2293,11242,179,50,1348
183,13/09/2026 10:12,108000,resource,25505,850078,431,11464,2258,11183,167,49,1311
184,13/09/2026 10:12,108000,resource,25401,661120,429,11513,2240,11043,175,50,1323
185,13/09/2026 10:13,108000,resource,25249,845040,428,11355,2231,11067,165,49,1403
186,13/09/2026 10:13,108000,resource,25238,821220,427,11334,2290,11016,168,50,1304
187,13/09/2026 10:13,108000,resource,25122,799061,431,11286,2221,11016,166,49,1313
188,13/09/2026 10:14,108000,resource,25221,675436,425,11269,2206,11125,193,50,1337
189,13/09/2026 10:14,108000,resource,24961,821065,425,11199,2212,10946,177,50,1265
190,13/09/2026 10:15,108000,resource,25275,859915,432,11258,2244,11161,178,49,1278
191,13/09/2026 10:15,108000,resource,25297,798962,433,11406,2210,11072,174,50,1408
192,13/09/2026 10:16,108000,resource,25285,812084,431,11269,2253,11148,181,50,1300
193,13/09/2026 10:16,108000,resource,25247,726543,431,11236,2273,11139,168,49,1344
194,13/09/2026 10:16,108000,resource,25298,882680,430,11350,2238,11107,171,49,1342
195,13/09/2026 10:17,108000,resource,25384,829751,429,11478,2236,11071,167,50,1415
196,13/09/2026 10:17,108000,resource,25407,683303,444,11352,2227,11211,171,50,1362
197,13/09/2026 10:18,108000,resource,25239,898109,428,11297,2240,11102,170,49,1318
198,13/09/2026 10:18,108000,resource,25126,857621,431,11228,2232,11068,165,50,1306
199,13/09/2026 10:19,108000,resource,25475,705952,435,11358,2247,11253,180,50,1378
200,13/09/2026 10:19,108000,resource,25186,800107,453,11217,2200,11144,169,49,1285
