iteration,timestamp,aboxSizeOblig,queryKeyword,elapsedTimeInMillis,memoryUsedInKB,tboxLoadMs,aboxLoadMs,contextBuildMs,inferenceMs,queryMs,gcCount,gcTimeMs
1,14/09/2026 10:33,9,obligation-state,2559,73425,2081,62,35,357,22,0,0
2,14/09/2026 10:33,9,obligation-state,731,73426,427,14,5,261,22,0,0
3,14/09/2026 10:33,9,obligation-state,735,73425,428,14,5,265,21,0,0
4,14/09/2026 10:33,9,obligation-state,734,73425,429,15,5,262,21,0,0
5,14/09/2026 10:33,9,obligation-state,734,73426,427,15,5,263,22,0,0
6,14/09/2026 10:33,9,obligation-state,742,73425,434,14,5,265,22,0,0
7,14/09/2026 10:33,9,obligation-state,731,73425,427,15,5,261,21,0,0
8,14/09/2026 10:33,9,obligation-state,791,73425,448,17,5,296,23,0,0
9,14/09/2026 10:33,9,obligation-state,770,73425,451,17,5,273,22,0,0
10,14/09/2026 10:33,9,obligation-state,733,73425,425,15,5,265,21,0,0
11,14/09/2026 10:33,9,obligation-state,746,73425,437,15,5,265,21,0,0
12,14/09/2026 10:33,9,obligation-state,744,73425,440,14,5,262,22,0,0
13,14/09/2026 10:33,9,obligation-state,743,73425,427,15,5,272,22,0,0
14,14/09/2026 10:33,9,obligation-state,740,73426,433,15,5,262,22,0,0
15,14/09/2026 10:33,9,obligation-state,737,73425,429,14,5,265,22,0,0
16,14/09/2026 10:33,9,obligation-state,736,73425,429,15,6,263,22,0,0
17,14/09/2026 10:33,9,obligation-state,736,73425,430,14,5,263,22,0,0
18,14/09/2026 10:33,9,obligation-state,738,73425,430,15,5,265,21,0,0
19,14/09/2026 10:33,9,obligation-state,733,73425,429,14,5,262,20,0,0
20,14/09/2026 10:33,9,obligation-state,770,73425,455,22,8,261,22,0,0
21,14/09/2026 10:33,9,obligation-state,750,73425,442,14,5,265,22,0,0
22,14/09/2026 10:33,9,obligation-state,737,73425,431,14,5,264,21,0,0
23,14/09/2026 10:33,9,obligation-state,775,73426,444,17,6,283,22,0,0
24,14/09/2026 10:33,9,obligation-state,733,73425,429,14,5,262,21,0,0
25,14/09/2026 10:33,9,obligation-state,739,73425,432,15,5,264,21,0,0
26,14/09/2026 10:33,9,obligation-state,732,73425,428,14,5,261,22,0,0
27,14/09/2026 10:33,9,obligation-state,757,73425,439,16,5,274,21,0,0
28,14/09/2026 10:33,9,obligation-state,732,73425,425,15,5,263,22,0,0
29,14/09/2026 10:33,9,obligation-state,788,73425,456,17,5,286,22,0,0
30,14/09/2026 10:33,9,obligation-state,739,73425,432,15,5,263,22,0,0
31,14/09/2026 10:33,9,obligation-state,783,73425,451,20,6,282,22,0,0
32,14/09/2026 10:33,9,obligation-state,759,73425,428,19,5,284,21,0,0
33,14/09/2026 10:33,9,obligation-state,740,73425,430,15,6,266,21,0,0
34,14/09/2026 10:33,9,obligation-state,732,73425,426,15,5,263,22,0,0
35,14/09/2026 10:33,9,obligation-state,741,73425,432,15,5,266,21,0,0
36,14/09/2026 10:33,9,obligation-state,741,73425,438,14,5,259,22,0,0
37,14/09/2026 10:33,9,obligation-state,740,73425,431,14,6,265,22,0,0
38,14/09/2026 10:33,9,obligation-state,735,73425,430,14,5,261,22,0,0
39,14/09/2026 10:33,9,obligation-state,768,73425,440,19,5,280,22,0,0
40,14/09/2026 10:33,9,obligation-state,738,73425,433,14,5,263,22,0,0
41,14/09/2026 10:33,9,obligation-state,781,73425,441,23,7,285,22,0,0
42,14/09/2026 10:33,9,obligation-state,733,73425,427,15,5,262,22,0,0
43,14/09/2026 10:33,9,obligation-state,735,73426,427,15,5,265,21,0,0
44,14/09/2026 10:33,9,obligation-state,765,73425,447,20,5,269,22,0,0
45,14/09/2026 10:33,9,obligation-state,731,73425,426,15,5,262,21,0,0
46,14/09/2026 10:33,9,obligation-state,756,73425,431,19,6,278,22,0,0
47,14/09/2026 10:33,9,obligation-state,731,73425,428,14,5,261,21,0,0
48,14/09/2026 10:33,9,obligation-state,730,73425,428,14,5,260,21,0,0
49,14/09/2026 10:33,9,obligation-state,739,73426,433,16,5,261,21,0,0
50,14/09/2026 10:33,9,obligation-state,745,73425,428,15,5,274,22,0,0
51,14/09/2026 10:33,9,obligation-state,741,73425,433,14,5,265,22,0,0
52,14/09/2026 10:33,9,obligation-state,733,73426,427,15,5,263,21,0,0
53,14/09/2026 10:33,9,obligation-state,764,73425,442,19,5,275,21,0,0
54,14/09/2026 10:33,9,obligation-state,736,73426,430,15,5,263,21,0,0
55,14/09/2026 10:33,9,obligation-state,745,73425,438,14,5,264,22,0,0
56,14/09/2026 10:33,9,obligation-state,740,73425,431,15,5,265,22,0,0
57,14/09/2026 10:33,9,obligation-state,739,73425,432,14,5,264,21,0,0
58,14/09/2026 10:34,9,obligation-state,778,73425,436,18,7,292,23,0,0
59,14/09/2026 10:34,9,obligation-state,739,73425,433,14,5,263,22,0,0
60,14/09/2026 10:34,9,obligation-state,769,73425,434,14,6,289,24,0,0
61,14/09/2026 10:34,9,obligation-state,734,73426,426,14,5,265,22,0,0
62,14/09/2026 10:34,9,obligation-state,739,73425,430,15,5,265,22,0,0
63,14/09/2026 10:34,9,obligation-state,763,73425,442,17,5,275,22,0,0
64,14/09/2026 10:34,9,obligation-state,734,73425,428,14,5,264,21,0,0
65,14/09/2026 10:34,9,obligation-state,734,73425,428,14,5,263,22,0,0
66,14/09/2026 10:34,9,obligation-state,755,73425,430,16,5,281,22,0,0
67,14/09/2026 10:34,9,obligation-state,736,73425,428,15,5,264,22,0,0
68,14/09/2026 10:34,9,obligation-state,735,73425,430,14,5,262,22,0,0
69,14/09/2026 10:34,9,obligation-state,734,73425,426,15,5,264,22,0,0
70,14/09/2026 10:34,9,obligation-state,786,73425,447,22,7,286,22,0,0
71,14/09/2026 10:34,9,obligation-state,739,73426,431,15,5,265,22,0,0
72,14/09/2026 10:34,9,obligation-state,735,73425,426,15,5,265,22,0,0
73,14/09/2026 10:34,9,obligation-state,750,73425,443,14,5,264,22,0,0
74,14/09/2026 10:34,9,obligation-state,732,73425,425,15,6,263,22,0,0
75,14/09/2026 10:34,9,obligation-state,751,73425,433,14,5,264,33,0,0
76,14/09/2026 10:34,9,obligation-state,732,73425,427,15,5,262,21,0,0
77,14/09/2026 10:34,9,obligation-state,734,73425,428,14,5,263,22,0,0
78,14/09/2026 10:34,9,obligation-state,732,73425,425,14,5,263,23,0,0
79,14/09/2026 10:34,9,obligation-state,751,73425,445,15,5,263,22,0,0
80,14/09/2026 10:34,9,obligation-state,733,73425,428,15,5,261,22,0,0
81,14/09/2026 10:34,9,obligation-state,739,73425,430,14,5,266,22,0,0
82,14/09/2026 10:34,9,obligation-state,735,73425,426,15,6,265,22,0,0
83,14/09/2026 10:34,9,obligation-state,741,73425,430,15,5,267,21,0,0
84,14/09/2026 10:34,9,obligation-state,779,73425,451,17,6,282,22,0,0
85,14/09/2026 10:34,9,obligation-state,732,73425,426,14,5,264,21,0,0
86,14/09/2026 10:34,9,obligation-state,743,73425,433,16,5,265,22,0,0
87,14/09/2026 10:34,9,obligation-state,738,73425,432,15,5,263,21,0,0
88,14/09/2026 10:34,9,obligation-state,735,73425,427,15,5,265,21,0,0
89,14/09/2026 10:34,9,obligation-state,754,73425,432,15,5,279,22,0,0
90,14/09/2026 10:34,9,obligation-state,776,73425,433,18,6,294,23,0,0
91,14/09/2026 10:34,9,obligation-state,733,73425,428,15,5,262,22,0,0
92,14/09/2026 10:34,9,obligation-state,748,73425,440,14,5,265,22,0,0
93,14/09/2026 10:34,9,obligation-state,737,73425,428,14,5,265,22,0,0
94,14/09/2026 10:34,9,obligation-state,733,73425,430,14,5,261,22,0,0
95,14/09/2026 10:34,9,obligation-state,740,73425,432,16,6,263,22,0,0
96,14/09/2026 10:34,9,obligation-state,744,73425,433,15,5,267,22,0,0
97,14/09/2026 10:34,9,obligation-state,738,73425,431,15,5,263,22,0,0
98,14/09/2026 10:34,9,obligation-state,737,73425,429,15,6,264,22,0,0
99,14/09/2026 10:34,9,obligation-state,735,73425,427,15,6,264,21,0,0
100,14/09/2026 10:34,9,obligation-state,746,73425,438,14,5,265,21,0,0
101,14/09/2026 10:34,9,obligation-state,740,73425,432,14,5,264,22,0,0
102,14/09/2026 10:34,9,obligation-state,738,73425,430,15,5,264,22,0,0
103,14/09/2026 10:34,9,obligation-state,738,73425,430,14,5,265,22,0,0
104,14/09/2026 10:34,9,obligation-state,739,73425,431,15,5,264,22,0,0
105,14/09/2026 10:34,9,obligation-state,735,73425,427,15,5,264,21,0,0
106,14/09/2026 10:34,9,obligation-state,738,73425,432,15,5,261,22,0,0
107,14/09/2026 10:34,9,obligation-state,738,73425,431,14,5,264,22,0,0
108,14/09/2026 10:34,9,obligation-state,732,73425,426,14,5,263,22,0,0
109,14/09/2026 10:34,9,obligation-state,742,73426,432,15,6,266,22,0,0
110,14/09/2026 10:34,9,obligation-state,737,73425,430,14,5,264,22,0,0
111,14/09/2026 10:34,9,obligation-state,759,73425,427,15,6,287,23,0,0
112,14/09/2026 10:34,9,obligation-state,767,73425,442,17,5,280,22,0,0
113,14/09/2026 10:34,9,obligation-state,739,73426,429,15,5,266,22,0,0
114,14/09/2026 10:34,9,obligation-state,745,73425,435,14,5,267,22,0,0
115,14/09/2026 10:34,9,obligation-state,739,73425,430,15,5,266,21,0,0
116,14/09/2026 10:34,9,obligation-state,739,73425,437,14,5,261,21,0,0
117,14/09/2026 10:34,9,obligation-state,735,73425,427,15,5,265,21,0,0
118,14/09/2026 10:34,9,obligation-state,731,73426,426,14,5,262,22,0,0
119,14/09/2026 10:34,9,obligation-state,738,73425,431,15,5,264,22,0,0
120,14/09/2026 10:34,9,obligation-state,738,73426,428,15,5,266,22,0,0
121,14/09/2026 10:34,9,obligation-state,735,73425,430,14,5,263,21,0,0
122,14/09/2026 10:34,9,obligation-state,744,73425,438,14,5,263,21,0,0
123,14/09/2026 10:34,9,obligation-state,743,73425,432,15,5,268,21,0,0
124,14/09/2026 10:34,9,obligation-state,733,73425,428,15,5,261,22,0,0
125,14/09/2026 10:34,9,obligation-state,737,73425,428,15,5,265,22,0,0
126,14/09/2026 10:34,9,obligation-state,735,73425,428,15,5,264,21,0,0
127,14/09/2026 10:34,9,obligation-state,755,73425,437,15,5,274,22,0,0
128,14/09/2026 10:35,9,obligation-state,740,73425,430,15,5,266,21,0,0
129,14/09/2026 10:35,9,obligation-state,745,73425,429,15,5,272,22,0,0
130,14/09/2026 10:35,9,obligation-state,733,73426,426,14,5,264,22,0,0
131,14/09/2026 10:35,9,obligation-state,756,73425,431,17,5,279,23,0,0
132,14/09/2026 10:35,9,obligation-state,735,73425,428,15,5,264,21,0,0
133,14/09/2026 10:35,9,obligation-state,740,73425,435,14,5,262,21,0,0
134,14/09/2026 10:35,9,obligation-state,738,73426,432,15,5,263,21,0,0
135,14/09/2026 10:35,9,obligation-state,744,73425,437,16,5,263,21,0,0
136,14/09/2026 10:35,9,obligation-state,742,73425,432,15,5,267,21,0,0
137,14/09/2026 10:35,9,obligation-state,734,73425,429,15,5,263,21,0,0
138,14/09/2026 10:35,9,obligation-state,738,73425,430,15,5,264,21,0,0
139,14/09/2026 10:35,9,obligation-state,731,73425,427,14,5,261,22,0,0
140,14/09/2026 10:35,9,obligation-state,730,73425,427,15,5,260,21,0,0
141,14/09/2026 10:35,9,obligation-state,731,73425,425,14,5,263,22,0,0
142,14/09/2026 10:35,9,obligation-state,751,73425,446,17,5,260,22,0,0
143,14/09/2026 10:35,9,obligation-state,732,73425,426,15,5,263,21,0,0
144,14/09/2026 10:35,9,obligation-state,734,73425,427,14,5,265,21,0,0
145,14/09/2026 10:35,9,obligation-state,743,73425,434,15,5,265,21,0,0
146,14/09/2026 10:35,9,obligation-state,749,73425,437,15,5,269,21,0,0
147,14/09/2026 10:35,9,obligation-state,782,73425,440,21,7,291,22,0,0
148,14/09/2026 10:35,9,obligation-state,728,73425,425,14,5,260,22,0,0
149,14/09/2026 10:35,9,obligation-state,747,73425,434,15,5,268,22,0,0
150,14/09/2026 10:35,9,obligation-state,742,73425,425,15,5,273,22,0,0
151,14/09/2026 10:35,9,obligation-state,734,73425,428,14,5,264,22,0,0
152,14/09/2026 10:35,9,obligation-state,736,73425,426,15,5,265,22,0,0
153,14/09/2026 10:35,9,obligation-state,764,73425,441,15,5,279,21,0,0
154,14/09/2026 10:35,9,obligation-state,735,73425,430,15,5,262,22,0,0
155,14/09/2026 10:35,9,obligation-state,738,73425,431,15,5,263,21,0,0
156,14/09/2026 10:35,9,obligation-state,741,73425,431,16,5,267,21,0,0
157,14/09/2026 10:35,9,obligation-state,740,73425,431,15,6,265,22,0,0
158,14/09/2026 10:35,9,obligation-state,803,73425,463,20,6,289,22,0,0
159,14/09/2026 10:35,9,obligation-state,731,73425,428,14,5,262,20,0,0
160,14/09/2026 10:35,9,obligation-state,754,73426,435,22,8,266,21,0,0
161,14/09/2026 10:35,9,obligation-state,732,73425,430,14,5,261,21,0,0
162,14/09/2026 10:35,9,obligation-state,734,73426,428,15,5,263,21,0,0
163,14/09/2026 10:35,9,obligation-state,788,73425,444,21,6,293,22,0,0
164,14/09/2026 10:35,9,obligation-state,735,73425,428,15,5,263,22,0,0
165,14/09/2026 10:35,9,obligation-state,774,73425,451,17,5,278,22,0,0
166,14/09/2026 10:35,9,obligation-state,735,73425,429,14,5,263,22,0,0
167,14/09/2026 10:35,9,obligation-state,735,73426,429,15,5,262,22,0,0
168,14/09/2026 10:35,9,obligation-state,738,73425,431,15,5,263,21,0,0
169,14/09/2026 10:35,9,obligation-state,761,73425,436,18,5,278,22,0,0
170,14/09/2026 10:35,9,obligation-state,738,73425,432,15,5,263,21,0,0
171,14/09/2026 10:35,9,obligation-state,737,73425,429,14,5,265,22,0,0
172,14/09/2026 10:35,9,obligation-state,736,73426,430,14,5,263,21,0,0
173,14/09/2026 10:35,9,obligation-state,756,73425,433,15,5,279,22,0,0
174,14/09/2026 10:35,9,obligation-state,731,73425,427,14,5,261,21,0,0
175,14/09/2026 10:35,9,obligation-state,745,73425,428,15,5,274,21,0,0
176,14/09/2026 10:35,9,obligation-state,746,73425,435,14,5,268,21,0,0
177,14/09/2026 10:35,9,obligation-state,746,73425,439,16,5,263,21,0,0
178,14/09/2026 10:35,9,obligation-state,761,73425,438,15,5,275,26,0,0
179,14/09/2026 10:35,9,obligation-state,732,73425,427,14,5,262,22,0,0
180,14/09/2026 10:35,9,obligation-state,736,73425,430,14,5,265,21,0,0
181,14/09/2026 10:35,9,obligation-state,763,73425,439,16,5,275,26,0,0
182,14/09/2026 10:35,9,obligation-state,741,73425,431,15,5,266,22,0,0
183,14/09/2026 10:35,9,obligation-state,776,73426,430,15,5,302,23,0,0
184,14/09/2026 10:35,9,obligation-state,767,73425,449,16,5,273,22,0,0
185,14/09/2026 10:35,9,obligation-state,734,73425,429,15,5,261,22,0,0
186,14/09/2026 10:35,9,obligation-state,734,73425,428,14,5,264,21,0,0
187,14/09/2026 10:35,9,obligation-state,740,73425,431,14,5,266,22,0,0
188,14/09/2026 10:35,9,obligation-state,744,73426,428,15,5,273,21,0,0
189,14/09/2026 10:35,9,obligation-state,749,73425,438,14,5,265,24,0,0
190,14/09/2026 10:35,9,obligation-state,765,73425,431,15,6,290,21,0,0
191,14/09/2026 10:35,9,obligation-state,731,73425,425,15,5,262,22,0,0
192,14/09/2026 10:35,9,obligation-state,762,73425,440,18,5,273,23,0,0
193,14/09/2026 10:35,9,obligation-state,776,73425,472,14,5,262,21,0,0
194,14/09/2026 10:35,9,obligation-state,743,73425,433,15,5,266,22,0,0
195,14/09/2026 10:35,9,obligation-state,734,73425,426,15,5,264,22,0,0
196,14/09/2026 10:35,9,obligation-state,740,73425,433,14,5,265,21,0,0
197,14/09/2026 10:35,9,obligation-state,743,73425,434,14,5,266,21,0,0
198,14/09/2026 10:36,9,obligation-state,749,73425,435,17,5,268,21,0,0
199,14/09/2026 10:36,9,obligation-state,737,73425,430,14,5,264,22,0,0
200,14/09/2026 10:36,9,obligation-state,735,73425,430,15,6,262,21,0,0
1,14/09/2026 10:36,18,obligation-state,983,73425,561,89,6,304,22,0,0
2,14/09/2026 10:36,18,obligation-state,754,73425,425,22,5,278,21,0,0
3,14/09/2026 10:36,18,obligation-state,743,73425,429,21,5,265,21,0,0
4,14/09/2026 10:36,18,obligation-state,758,73425,440,22,5,268,21,0,0
5,14/09/2026 10:36,18,obligation-state,760,73425,439,22,5,270,21,0,0
6,14/09/2026 10:36,18,obligation-state,745,73425,430,22,5,264,21,0,0
7,14/09/2026 10:36,18,obligation-state,784,73425,441,34,6,281,21,0,0
8,14/09/2026 10:36,18,obligation-state,765,73425,447,23,5,266,22,0,0
9,14/09/2026 10:36,18,obligation-state,753,73425,432,21,5,272,22,0,0
10,14/09/2026 10:36,18,obligation-state,745,73425,428,22,6,267,21,0,0
11,14/09/2026 10:36,18,obligation-state,749,73425,425,22,6,270,23,0,0
12,14/09/2026 10:36,18,obligation-state,744,73425,426,22,5,268,21,0,0
13,14/09/2026 10:36,18,obligation-state,744,73425,427,21,5,268,21,0,0
14,14/09/2026 10:36,18,obligation-state,771,73425,434,24,6,285,21,0,0
15,14/09/2026 10:36,18,obligation-state,743,73425,426,22,6,266,21,0,0
16,14/09/2026 10:36,18,obligation-state,759,73425,431,23,5,278,21,0,0
17,14/09/2026 10:36,18,obligation-state,741,73425,425,22,5,265,21,0,0
18,14/09/2026 10:36,18,obligation-state,784,73425,429,27,6,297,22,0,0
19,14/09/2026 10:36,18,obligation-state,751,73425,431,23,5,268,21,0,0
20,14/09/2026 10:36,18,obligation-state,784,73425,427,21,6,307,22,0,0
21,14/09/2026 10:36,18,obligation-state,753,73425,434,22,5,269,21,0,0
22,14/09/2026 10:36,18,obligation-state,741,73425,428,20,6,264,21,0,0
23,14/09/2026 10:36,18,obligation-state,754,73425,435,22,5,269,21,0,0
24,14/09/2026 10:36,18,obligation-state,746,73425,430,22,5,267,21,0,0
25,14/09/2026 10:36,18,obligation-state,744,73425,428,22,5,266,21,0,0
26,14/09/2026 10:36,18,obligation-state,744,73425,427,22,5,266,21,0,0
27,14/09/2026 10:36,18,obligation-state,743,73425,426,21,5,267,21,0,0
28,14/09/2026 10:36,18,obligation-state,752,73425,432,22,6,269,21,0,0
29,14/09/2026 10:36,18,obligation-state,749,73425,431,22,5,268,21,0,0
30,14/09/2026 10:36,18,obligation-state,752,73425,432,23,5,268,21,0,0
31,14/09/2026 10:36,18,obligation-state,746,73425,430,21,5,268,20,0,0
32,14/09/2026 10:36,18,obligation-state,741,73425,427,21,5,265,21,0,0
33,14/09/2026 10:36,18,obligation-state,744,73425,427,22,5,265,21,0,0
34,14/09/2026 10:36,18,obligation-state,748,73425,427,21,5,273,21,0,0
35,14/09/2026 10:36,18,obligation-state,743,73425,427,22,5,266,21,0,0
36,14/09/2026 10:36,18,obligation-state,742,73425,427,22,5,264,21,0,0
37,14/09/2026 10:36,18,obligation-state,754,73425,431,22,6,272,21,0,0
38,14/09/2026 10:36,18,obligation-state,763,73425,445,22,6,267,21,0,0
39,14/09/2026 10:36,18,obligation-state,760,73425,442,23,6,267,21,0,0
40,14/09/2026 10:36,18,obligation-state,745,73425,429,21,5,268,20,0,0
41,14/09/2026 10:36,18,obligation-state,747,73425,428,23,6,267,21,0,0
42,14/09/2026 10:36,18,obligation-state,767,73425,453,22,5,265,21,0,0
43,14/09/2026 10:36,18,obligation-state,751,73425,430,23,6,270,21,0,0
44,14/09/2026 10:36,18,obligation-state,756,73425,433,22,5,273,21,0,0
45,14/09/2026 10:36,18,obligation-state,744,73425,428,22,5,266,21,0,0
46,14/09/2026 10:36,18,obligation-state,753,73425,434,23,5,268,21,0,0
47,14/09/2026 10:36,18,obligation-state,779,73425,430,21,6,299,22,0,0
48,14/09/2026 10:36,18,obligation-state,744,73425,428,22,5,266,21,0,0
49,14/09/2026 10:36,18,obligation-state,751,73425,431,22,6,270,21,0,0
50,14/09/2026 10:36,18,obligation-state,793,73425,433,23,6,307,21,0,0
51,14/09/2026 10:36,18,obligation-state,774,73425,427,28,6,290,21,0,0
52,14/09/2026 10:36,18,obligation-state,744,73425,429,21,5,266,21,0,0
53,14/09/2026 10:36,18,obligation-state,754,73425,434,21,5,270,21,0,0
54,14/09/2026 10:36,18,obligation-state,752,73425,432,22,5,270,21,0,0
55,14/09/2026 10:36,18,obligation-state,754,73425,431,22,5,272,21,0,0
56,14/09/2026 10:36,18,obligation-state,757,73425,428,23,5,278,21,0,0
57,14/09/2026 10:36,18,obligation-state,742,73425,425,22,5,265,21,0,0
58,14/09/2026 10:36,18,obligation-state,757,73425,425,22,6,282,21,0,0
59,14/09/2026 10:36,18,obligation-state,748,73425,429,23,5,268,21,0,0
60,14/09/2026 10:36,18,obligation-state,743,73425,428,21,5,267,21,0,0
61,14/09/2026 10:36,18,obligation-state,751,73425,428,28,5,267,20,0,0
62,14/09/2026 10:37,18,obligation-state,762,73425,435,23,6,275,21,0,0
63,14/09/2026 10:37,18,obligation-state,755,73425,433,23,6,270,21,0,0
64,14/09/2026 10:37,18,obligation-state,744,73425,426,21,5,269,21,0,0
65,14/09/2026 10:37,18,obligation-state,754,73425,429,21,5,276,20,0,0
66,14/09/2026 10:37,18,obligation-state,745,73425,429,22,5,266,21,0,0
67,14/09/2026 10:37,18,obligation-state,744,73425,427,22,5,268,21,0,0
68,14/09/2026 10:37,18,obligation-state,749,73425,429,21,5,270,21,0,0
69,14/09/2026 10:37,18,obligation-state,756,73425,432,22,6,273,21,0,0
70,14/09/2026 10:37,18,obligation-state,756,73426,429,21,5,277,22,0,0
71,14/09/2026 10:37,18,obligation-state,780,73425,444,22,7,282,22,0,0
72,14/09/2026 10:37,18,obligation-state,748,73425,430,23,5,267,21,0,0
73,14/09/2026 10:37,18,obligation-state,770,73425,448,23,6,270,22,0,0
74,14/09/2026 10:37,18,obligation-state,759,73425,436,22,6,272,21,0,0
75,14/09/2026 10:37,18,obligation-state,746,73425,428,22,5,267,21,0,0
76,14/09/2026 10:37,18,obligation-state,746,73425,428,21,5,267,22,0,0
77,14/09/2026 10:37,18,obligation-state,749,73425,430,22,6,267,21,0,0
78,14/09/2026 10:37,18,obligation-state,745,73425,429,22,6,265,21,0,0
79,14/09/2026 10:37,18,obligation-state,749,73425,431,22,6,267,21,0,0
80,14/09/2026 10:37,18,obligation-state,752,73425,431,21,6,271,21,0,0
81,14/09/2026 10:37,18,obligation-state,744,73425,426,22,5,267,21,0,0
82,14/09/2026 10:37,18,obligation-state,742,73425,427,22,5,266,21,0,0
83,14/09/2026 10:37,18,obligation-state,741,73425,427,22,5,264,21,0,0
84,14/09/2026 10:37,18,obligation-state,769,73425,444,23,5,273,21,0,0
85,14/09/2026 10:37,18,obligation-state,744,73425,429,22,5,265,21,0,0
86,14/09/2026 10:37,18,obligation-state,760,73425,442,22,5,268,21,0,0
87,14/09/2026 10:37,18,obligation-state,769,73425,432,23,6,286,21,0,0
88,14/09/2026 10:37,18,obligation-state,747,73425,432,22,5,265,21,0,0
89,14/09/2026 10:37,18,obligation-state,769,73425,430,21,5,290,21,0,0
90,14/09/2026 10:37,18,obligation-state,757,73425,439,22,6,268,21,0,0
91,14/09/2026 10:37,18,obligation-state,746,73425,427,22,6,269,20,0,0
92,14/09/2026 10:37,18,obligation-state,748,73425,431,22,5,266,21,0,0
93,14/09/2026 10:37,18,obligation-state,758,73425,437,21,5,270,22,0,0
94,14/09/2026 10:37,18,obligation-state,745,73425,430,21,5,266,21,0,0
95,14/09/2026 10:37,18,obligation-state,763,73425,426,21,5,288,21,0,0
96,14/09/2026 10:37,18,obligation-state,746,73425,430,22,6,267,21,0,0
97,14/09/2026 10:37,18,obligation-state,744,73425,428,22,6,265,21,0,0
98,14/09/2026 10:37,18,obligation-state,752,73426,434,22,6,267,21,0,0
99,14/09/2026 10:37,18,obligation-state,751,73425,430,22,5,269,22,0,0
100,14/09/2026 10:37,18,obligation-state,803,73425,452,28,6,293,22,0,0
101,14/09/2026 10:37,18,obligation-state,742,73425,428,21,5,265,21,0,0
102,14/09/2026 10:37,18,obligation-state,766,73425,438,30,6,268,22,0,0
103,14/09/2026 10:37,18,obligation-state,742,73425,424,21,6,268,21,0,0
104,14/09/2026 10:37,18,obligation-state,771,73425,435,26,6,282,21,0,0
105,14/09/2026 10:37,18,obligation-state,791,73425,437,29,6,296,21,0,0
106,14/09/2026 10:37,18,obligation-state,745,73425,427,23,5,267,21,0,0
107,14/09/2026 10:37,18,obligation-state,749,73425,431,22,5,268,21,0,0
108,14/09/2026 10:37,18,obligation-state,766,73425,450,22,5,264,22,0,0
109,14/09/2026 10:37,18,obligation-state,741,73425,425,23,5,265,21,0,0
110,14/09/2026 10:37,18,obligation-state,745,73425,426,22,5,268,22,0,0
111,14/09/2026 10:37,18,obligation-state,749,73425,428,23,6,269,21,0,0
112,14/09/2026 10:37,18,obligation-state,755,73425,438,21,6,266,21,0,0
113,14/09/2026 10:37,18,obligation-state,739,73425,426,21,5,263,21,0,0
114,14/09/2026 10:37,18,obligation-state,745,73425,427,22,5,268,20,0,0
115,14/09/2026 10:37,18,obligation-state,747,73425,429,22,5,267,21,0,0
116,14/09/2026 10:37,18,obligation-state,752,73425,437,22,5,265,20,0,0
117,14/09/2026 10:37,18,obligation-state,748,73425,429,23,5,266,22,0,0
118,14/09/2026 10:37,18,obligation-state,750,73425,426,22,5,275,21,0,0
119,14/09/2026 10:37,18,obligation-state,749,73425,431,22,5,268,22,0,0
120,14/09/2026 10:37,18,obligation-state,742,73425,428,21,5,265,21,0,0
121,14/09/2026 10:37,18,obligation-state,757,73425,436,23,6,269,21,0,0
122,14/09/2026 10:37,18,obligation-state,759,73425,428,22,6,281,21,0,0
123,14/09/2026 10:37,18,obligation-state,759,73425,436,23,5,271,21,0,0
124,14/09/2026 10:37,18,obligation-state,742,73425,429,22,5,264,21,0,0
125,14/09/2026 10:37,18,obligation-state,758,73425,440,22,5,268,21,0,0
126,14/09/2026 10:37,18,obligation-state,759,73425,428,21,5,278,25,0,0
127,14/09/2026 10:37,18,obligation-state,734,73425,429,21,5,256,20,0,0
128,14/09/2026 10:37,18,obligation-state,753,73425,429,21,5,275,21,0,0
129,14/09/2026 10:37,18,obligation-state,778,73425,429,22,5,299,21,0,0
130,14/09/2026 10:37,18,obligation-state,744,73425,426,23,5,267,21,0,0
131,14/09/2026 10:38,18,obligation-state,764,73425,429,22,5,284,21,0,0
132,14/09/2026 10:38,18,obligation-state,744,73425,428,21,5,266,21,0,0
133,14/09/2026 10:38,18,obligation-state,743,73425,428,21,5,266,21,0,0
134,14/09/2026 10:38,18,obligation-state,804,73425,449,28,6,298,21,0,0
135,14/09/2026 10:38,18,obligation-state,748,73425,432,22,6,266,21,0,0
136,14/09/2026 10:38,18,obligation-state,752,73425,433,22,5,268,21,0,0
137,14/09/2026 10:38,18,obligation-state,763,73425,441,23,5,270,22,0,0
138,14/09/2026 10:38,18,obligation-state,748,73425,428,21,6,269,21,0,0
139,14/09/2026 10:38,18,obligation-state,759,73425,432,22,5,276,22,0,0
140,14/09/2026 10:38,18,obligation-state,744,73425,430,21,5,265,21,0,0
141,14/09/2026 10:38,18,obligation-state,797,73425,447,24,6,293,25,0,0
142,14/09/2026 10:38,18,obligation-state,818,73425,465,29,6,295,21,0,0
143,14/09/2026 10:38,18,obligation-state,746,73425,428,22,5,269,21,0,0
144,14/09/2026 10:38,18,obligation-state,745,73425,429,21,5,266,21,0,0
145,14/09/2026 10:38,18,obligation-state,760,73425,435,23,6,272,22,0,0
146,14/09/2026 10:38,18,obligation-state,745,73425,428,23,6,266,21,0,0
147,14/09/2026 10:38,18,obligation-state,775,73425,448,28,6,271,21,0,0
148,14/09/2026 10:38,18,obligation-state,750,73425,432,22,5,268,21,0,0
149,14/09/2026 10:38,18,obligation-state,795,73425,435,25,6,306,22,0,0
150,14/09/2026 10:38,18,obligation-state,746,73425,429,22,6,266,21,0,0
151,14/09/2026 10:38,18,obligation-state,776,73425,445,23,6,278,22,0,0
152,14/09/2026 10:38,18,obligation-state,750,73425,433,22,6,267,21,0,0
153,14/09/2026 10:38,18,obligation-state,763,73425,445,22,6,267,21,0,0
154,14/09/2026 10:38,18,obligation-state,768,73425,445,22,6,272,21,0,0
155,14/09/2026 10:38,18,obligation-state,751,73425,433,22,5,268,21,0,0
156,14/09/2026 10:38,18,obligation-state,746,73425,428,22,5,269,20,0,0
157,14/09/2026 10:38,18,obligation-state,753,73425,433,22,6,269,21,0,0
158,14/09/2026 10:38,18,obligation-state,753,73425,427,21,8,274,21,0,0
159,14/09/2026 10:38,18,obligation-state,744,73425,426,22,6,267,21,0,0
160,14/09/2026 10:38,18,obligation-state,748,73425,429,22,5,269,21,0,0
161,14/09/2026 10:38,18,obligation-state,741,73425,428,22,6,264,21,0,0
162,14/09/2026 10:38,18,obligation-state,749,73425,431,22,5,268,21,0,0
163,14/09/2026 10:38,18,obligation-state,743,73425,430,21,5,264,21,0,0
164,14/09/2026 10:38,18,obligation-state,753,73425,437,23,5,265,21,0,0
165,14/09/2026 10:38,18,obligation-state,759,73425,439,27,5,265,21,0,0
166,14/09/2026 10:38,18,obligation-state,744,73425,427,22,6,267,21,0,0
167,14/09/2026 10:38,18,obligation-state,805,73425,460,29,6,288,20,0,0
168,14/09/2026 10:38,18,obligation-state,745,73425,428,22,6,266,21,0,0
169,14/09/2026 10:38,18,obligation-state,746,73425,429,22,5,267,21,0,0
170,14/09/2026 10:38,18,obligation-state,796,73425,450,25,6,287,25,0,0
171,14/09/2026 10:38,18,obligation-state,755,73425,433,23,6,271,22,0,0
172,14/09/2026 10:38,18,obligation-state,785,73425,439,25,6,289,24,0,0
173,14/09/2026 10:38,18,obligation-state,763,73425,441,22,5,272,21,0,0
174,14/09/2026 10:38,18,obligation-state,742,73425,427,22,5,266,21,0,0
175,14/09/2026 10:38,18,obligation-state,753,73425,425,22,5,277,22,0,0
176,14/09/2026 10:38,18,obligation-state,742,73425,428,21,5,264,21,0,0
177,14/09/2026 10:38,18,obligation-state,743,73425,426,21,5,268,21,0,0
178,14/09/2026 10:38,18,obligation-state,798,73425,449,22,6,297,21,0,0
179,14/09/2026 10:38,18,obligation-state,762,73425,442,23,6,268,21,0,0
180,14/09/2026 10:38,18,obligation-state,752,73425,433,21,5,270,21,0,0
181,14/09/2026 10:38,18,obligation-state,752,73425,432,22,5,269,21,0,0
182,14/09/2026 10:38,18,obligation-state,752,73425,431,22,6,270,21,0,0
183,14/09/2026 10:38,18,obligation-state,738,73425,421,23,5,266,21,0,0
184,14/09/2026 10:38,18,obligation-state,742,73425,424,22,5,268,21,0,0
185,14/09/2026 10:38,18,obligation-state,745,73425,428,22,6,267,21,0,0
186,14/09/2026 10:38,18,obligation-state,763,73425,439,22,5,273,22,0,0
187,14/09/2026 10:38,18,obligation-state,748,73425,430,22,5,268,22,0,0
188,14/09/2026 10:38,18,obligation-state,746,73425,429,22,5,267,21,0,0
189,14/09/2026 10:38,18,obligation-state,745,73425,429,22,5,266,21,0,0
190,14/09/2026 10:38,18,obligation-state,744,73425,428,21,5,266,21,0,0
191,14/09/2026 10:38,18,obligation-state,748,73425,428,22,6,270,21,0,0
192,14/09/2026 10:38,18,obligation-state,745,73425,429,22,5,266,21,0,0
193,14/09/2026 10:38,18,obligation-state,743,73425,426,22,5,267,20,0,0
194,14/09/2026 10:38,18,obligation-state,754,73425,430,23,5,273,21,0,0
195,14/09/2026 10:38,18,obligation-state,743,73425,427,22,5,265,21,0,0
196,14/09/2026 10:38,18,obligation-state,755,73425,433,22,5,271,21,0,0
197,14/09/2026 10:38,18,obligation-state,752,73425,436,22,5,266,21,0,0
198,14/09/2026 10:38,18,obligation-state,796,73425,442,28,6,296,21,0,0
199,14/09/2026 10:38,18,obligation-state,744,73425,428,22,5,267,21,0,0
200,14/09/2026 10:39,18,obligation-state,744,73425,430,21,5,264,21,0,0
1,14/09/2026 10:39,27,obligation-state,937,73411,500,82,9,321,23,0,0
2,14/09/2026 10:39,27,obligation-state,786,73409,457,27,6,272,22,0,0
3,14/09/2026 10:39,27,obligation-state,761,73409,431,29,5,271,22,0,0
4,14/09/2026 10:39,27,obligation-state,763,73409,433,28,6,272,22,0,0
5,14/09/2026 10:39,27,obligation-state,760,73409,429,28,6,273,21,0,0
6,14/09/2026 10:39,27,obligation-state,764,73409,435,29,5,271,22,0,0
7,14/09/2026 10:39,27,obligation-state,792,73409,429,28,5,303,24,0,0
8,14/09/2026 10:39,27,obligation-state,751,73409,426,27,5,269,22,0,0
9,14/09/2026 10:39,27,obligation-state,765,73409,425,29,6,281,22,0,0
10,14/09/2026 10:39,27,obligation-state,818,73409,452,37,6,299,23,0,0
11,14/09/2026 10:39,27,obligation-state,764,73409,441,28,6,267,22,0,0
12,14/09/2026 10:39,27,obligation-state,769,73409,441,29,6,269,21,0,0
13,14/09/2026 10:39,27,obligation-state,752,73409,428,28,5,268,22,0,0
14,14/09/2026 10:39,27,obligation-state,752,73409,426,28,5,268,22,0,0
15,14/09/2026 10:39,27,obligation-state,765,73409,438,28,5,269,22,0,0
16,14/09/2026 10:39,27,obligation-state,808,73409,430,31,8,304,33,0,0
17,14/09/2026 10:39,27,obligation-state,787,73409,430,28,6,297,24,0,0
18,14/09/2026 10:39,27,obligation-state,839,73409,467,36,6,303,25,0,0
19,14/09/2026 10:39,27,obligation-state,752,73409,427,28,5,269,22,0,0
20,14/09/2026 10:39,27,obligation-state,786,73409,431,28,5,291,27,0,0
21,14/09/2026 10:39,27,obligation-state,760,73409,431,28,5,271,22,0,0
22,14/09/2026 10:39,27,obligation-state,756,73409,429,27,5,271,22,0,0
23,14/09/2026 10:39,27,obligation-state,783,73409,431,30,6,292,22,0,0
24,14/09/2026 10:39,27,obligation-state,757,73409,430,27,5,270,22,0,0
25,14/09/2026 10:39,27,obligation-state,789,73409,435,30,6,294,23,0,0
26,14/09/2026 10:39,27,obligation-state,778,73409,442,31,8,273,22,0,0
27,14/09/2026 10:39,27,obligation-state,783,73409,451,32,6,269,22,0,0
28,14/09/2026 10:39,27,obligation-state,773,73409,427,27,5,289,22,0,0
29,14/09/2026 10:39,27,obligation-state,755,73409,427,27,5,271,22,0,0
30,14/09/2026 10:39,27,obligation-state,761,73409,433,28,6,270,22,0,0
31,14/09/2026 10:39,27,obligation-state,761,73409,432,27,5,272,22,0,0
32,14/09/2026 10:39,27,obligation-state,757,73409,432,27,6,269,22,0,0
33,14/09/2026 10:39,27,obligation-state,815,73409,454,34,7,295,23,0,0
34,14/09/2026 10:39,27,obligation-state,767,73409,439,29,6,270,22,0,0
35,14/09/2026 10:39,27,obligation-state,754,73409,428,28,6,268,22,0,0
36,14/09/2026 10:39,27,obligation-state,791,73409,432,28,5,301,22,0,0
37,14/09/2026 10:39,27,obligation-state,753,73409,428,26,5,270,22,0,0
38,14/09/2026 10:39,27,obligation-state,750,73409,426,27,5,267,22,0,0
39,14/09/2026 10:39,27,obligation-state,759,73409,431,27,5,271,22,0,0
40,14/09/2026 10:39,27,obligation-state,754,73409,428,27,5,269,22,0,0
41,14/09/2026 10:39,27,obligation-state,764,73409,434,29,6,272,22,0,0
42,14/09/2026 10:39,27,obligation-state,757,73409,428,27,5,272,22,0,0
43,14/09/2026 10:39,27,obligation-state,770,73409,444,28,5,270,22,0,0
44,14/09/2026 10:39,27,obligation-state,759,73410,431,28,5,270,22,0,0
45,14/09/2026 10:39,27,obligation-state,761,73409,429,29,5,273,22,0,0
46,14/09/2026 10:39,27,obligation-state,763,73409,433,29,5,271,22,0,0
47,14/09/2026 10:39,27,obligation-state,803,73409,455,28,6,290,22,0,0
48,14/09/2026 10:39,27,obligation-state,761,73409,433,27,5,271,22,0,0
49,14/09/2026 10:39,27,obligation-state,807,73411,443,32,8,300,22,0,0
50,14/09/2026 10:39,27,obligation-state,777,73409,426,31,6,288,24,0,0
51,14/09/2026 10:39,27,obligation-state,770,73409,435,29,6,276,22,0,0
52,14/09/2026 10:39,27,obligation-state,781,73409,430,27,5,294,23,0,0
53,14/09/2026 10:39,27,obligation-state,763,73409,433,27,6,273,22,0,0
54,14/09/2026 10:39,27,obligation-state,771,73409,436,28,5,278,21,0,0
55,14/09/2026 10:39,27,obligation-state,776,73409,443,29,5,275,22,0,0
56,14/09/2026 10:39,27,obligation-state,751,73409,427,27,5,269,22,0,0
57,14/09/2026 10:39,27,obligation-state,757,73409,430,27,5,271,22,0,0
58,14/09/2026 10:39,27,obligation-state,755,73409,427,27,5,271,22,0,0
59,14/09/2026 10:39,27,obligation-state,764,73409,432,28,5,272,24,0,0
60,14/09/2026 10:39,27,obligation-state,770,73409,436,30,5,274,22,0,0
61,14/09/2026 10:39,27,obligation-state,754,73409,428,28,5,269,22,0,0
62,14/09/2026 10:39,27,obligation-state,757,73409,429,27,5,272,22,0,0
63,14/09/2026 10:39,27,obligation-state,776,73409,442,30,6,275,22,0,0
64,14/09/2026 10:39,27,obligation-state,751,73409,428,27,5,267,22,0,0
65,14/09/2026 10:39,27,obligation-state,758,73409,429,27,5,272,22,0,0
66,14/09/2026 10:40,27,obligation-state,756,73409,429,28,6,269,22,0,0
67,14/09/2026 10:40,27,obligation-state,759,73409,428,29,5,273,22,0,0
68,14/09/2026 10:40,27,obligation-state,754,73409,428,28,5,269,22,0,0
69,14/09/2026 10:40,27,obligation-state,754,73409,429,27,6,269,22,0,0
70,14/09/2026 10:40,27,obligation-state,765,73409,432,28,6,275,22,0,0
71,14/09/2026 10:40,27,obligation-state,756,73409,428,29,5,270,22,0,0
72,14/09/2026 10:40,27,obligation-state,762,73409,431,29,6,273,22,0,0
73,14/09/2026 10:40,27,obligation-state,764,73409,435,28,6,272,22,0,0
74,14/09/2026 10:40,27,obligation-state,761,73409,431,29,6,270,22,0,0
75,14/09/2026 10:40,27,obligation-state,762,73409,432,28,5,272,22,0,0
76,14/09/2026 10:40,27,obligation-state,804,73409,446,28,6,299,23,0,0
77,14/09/2026 10:40,27,obligation-state,765,73409,434,28,6,273,22,0,0
78,14/09/2026 10:40,27,obligation-state,763,73409,431,27,6,275,22,0,0
79,14/09/2026 10:40,27,obligation-state,786,73409,448,31,6,277,22,0,0
80,14/09/2026 10:40,27,obligation-state,761,73409,432,27,6,271,23,0,0
81,14/09/2026 10:40,27,obligation-state,766,73411,439,27,6,271,22,0,0
82,14/09/2026 10:40,27,obligation-state,753,73409,428,28,6,268,21,0,0
83,14/09/2026 10:40,27,obligation-state,798,73409,441,29,6,298,22,0,0
84,14/09/2026 10:40,27,obligation-state,786,73409,449,33,7,273,22,0,0
85,14/09/2026 10:40,27,obligation-state,781,73409,431,28,5,293,22,0,0
86,14/09/2026 10:40,27,obligation-state,759,73409,432,28,5,270,22,0,0
87,14/09/2026 10:40,27,obligation-state,759,73409,429,28,5,272,23,0,0
88,14/09/2026 10:40,27,obligation-state,761,73409,431,28,5,273,22,0,0
89,14/09/2026 10:40,27,obligation-state,809,73409,435,36,6,306,23,0,0
90,14/09/2026 10:40,27,obligation-state,762,73409,433,28,6,271,22,0,0
91,14/09/2026 10:40,27,obligation-state,759,73409,427,29,6,273,22,0,0
92,14/09/2026 10:40,27,obligation-state,759,73409,431,28,5,270,22,0,0
93,14/09/2026 10:40,27,obligation-state,753,73409,427,28,5,269,22,0,0
94,14/09/2026 10:40,27,obligation-state,762,73409,432,28,5,272,22,0,0
95,14/09/2026 10:40,27,obligation-state,761,73409,431,29,6,271,22,0,0
96,14/09/2026 10:40,27,obligation-state,777,73409,439,32,6,276,22,0,0
97,14/09/2026 10:40,27,obligation-state,762,73409,433,28,5,272,22,0,0
98,14/09/2026 10:40,27,obligation-state,765,73409,435,28,6,272,22,0,0
99,14/09/2026 10:40,27,obligation-state,765,73409,428,30,6,278,22,0,0
100,14/09/2026 10:40,27,obligation-state,788,73409,435,28,6,295,23,0,0
101,14/09/2026 10:40,27,obligation-state,754,73409,427,27,6,270,23,0,0
102,14/09/2026 10:40,27,obligation-state,765,73409,432,28,5,275,23,0,0
103,14/09/2026 10:40,27,obligation-state,751,73409,425,28,5,269,22,0,0
104,14/09/2026 10:40,27,obligation-state,764,73409,432,28,6,274,22,0,0
105,14/09/2026 10:40,27,obligation-state,759,73409,430,28,5,272,22,0,0
106,14/09/2026 10:40,27,obligation-state,761,73409,431,28,6,272,22,0,0
107,14/09/2026 10:40,27,obligation-state,825,73409,442,34,8,317,22,0,0
108,14/09/2026 10:40,27,obligation-state,755,73409,429,27,5,270,22,0,0
109,14/09/2026 10:40,27,obligation-state,753,73409,432,28,5,264,21,0,0
110,14/09/2026 10:40,27,obligation-state,755,73409,430,27,5,269,22,0,0
111,14/09/2026 10:40,27,obligation-state,752,73409,427,28,6,267,22,0,0
112,14/09/2026 10:40,27,obligation-state,763,73409,439,27,5,268,22,0,0
113,14/09/2026 10:40,27,obligation-state,790,73409,433,28,5,300,22,0,0
114,14/09/2026 10:40,27,obligation-state,787,73409,430,32,5,295,22,0,0
115,14/09/2026 10:40,27,obligation-state,760,73409,432,28,5,271,22,0,0
116,14/09/2026 10:40,27,obligation-state,800,73409,431,32,7,306,23,0,0
117,14/09/2026 10:40,27,obligation-state,760,73409,429,28,6,273,22,0,0
118,14/09/2026 10:40,27,obligation-state,803,73409,458,30,8,282,22,0,0
119,14/09/2026 10:40,27,obligation-state,781,73409,428,28,6,295,23,0,0
120,14/09/2026 10:40,27,obligation-state,758,73409,432,26,5,271,22,0,0
121,14/09/2026 10:40,27,obligation-state,756,73409,428,28,6,270,22,0,0
122,14/09/2026 10:40,27,obligation-state,757,73409,430,28,6,269,22,0,0
123,14/09/2026 10:40,27,obligation-state,764,73409,438,28,6,269,22,0,0
124,14/09/2026 10:40,27,obligation-state,751,73409,425,28,6,268,22,0,0
125,14/09/2026 10:40,27,obligation-state,781,73409,438,31,8,280,22,0,0
126,14/09/2026 10:40,27,obligation-state,781,73409,428,30,6,293,22,0,0
127,14/09/2026 10:40,27,obligation-state,769,73409,430,28,6,281,22,0,0
128,14/09/2026 10:40,27,obligation-state,758,73409,430,27,6,271,22,0,0
129,14/09/2026 10:40,27,obligation-state,765,73409,431,30,5,276,22,0,0
130,14/09/2026 10:40,27,obligation-state,760,73409,431,28,5,271,22,0,0
131,14/09/2026 10:40,27,obligation-state,801,73409,470,29,6,272,22,0,0
132,14/09/2026 10:40,27,obligation-state,784,73409,435,32,6,287,22,0,0
133,14/09/2026 10:41,27,obligation-state,753,73409,427,28,5,268,22,0,0
134,14/09/2026 10:41,27,obligation-state,773,73409,431,29,6,280,26,0,0
135,14/09/2026 10:41,27,obligation-state,758,73409,429,29,6,271,22,0,0
136,14/09/2026 10:41,27,obligation-state,783,73409,429,28,6,296,22,0,0
137,14/09/2026 10:41,27,obligation-state,757,73409,429,27,6,271,22,0,0
138,14/09/2026 10:41,27,obligation-state,756,73409,427,29,6,271,22,0,0
139,14/09/2026 10:41,27,obligation-state,796,73409,440,28,5,292,28,0,0
140,14/09/2026 10:41,27,obligation-state,757,73409,431,27,5,270,22,0,0
141,14/09/2026 10:41,27,obligation-state,758,73409,429,28,5,271,22,0,0
142,14/09/2026 10:41,27,obligation-state,763,73409,430,29,5,274,22,0,0
143,14/09/2026 10:41,27,obligation-state,777,73409,432,27,6,288,22,0,0
144,14/09/2026 10:41,27,obligation-state,766,73409,428,29,5,280,22,0,0
145,14/09/2026 10:41,27,obligation-state,755,73409,428,28,5,270,21,0,0
146,14/09/2026 10:41,27,obligation-state,749,73409,425,26,6,269,22,0,0
147,14/09/2026 10:41,27,obligation-state,756,73409,429,28,5,270,22,0,0
148,14/09/2026 10:41,27,obligation-state,770,73409,442,29,5,270,22,0,0
149,14/09/2026 10:41,27,obligation-state,755,73409,430,28,5,269,22,0,0
150,14/09/2026 10:41,27,obligation-state,762,73409,432,27,6,272,23,0,0
151,14/09/2026 10:41,27,obligation-state,824,73409,449,40,6,300,27,0,0
152,14/09/2026 10:41,27,obligation-state,758,73409,429,29,5,272,22,0,0
153,14/09/2026 10:41,27,obligation-state,759,73409,431,28,6,270,22,0,0
154,14/09/2026 10:41,27,obligation-state,817,73409,448,30,8,306,23,0,0
155,14/09/2026 10:41,27,obligation-state,816,73409,455,30,6,299,23,0,0
156,14/09/2026 10:41,27,obligation-state,756,73409,430,27,6,269,22,0,0
157,14/09/2026 10:41,27,obligation-state,800,73409,451,32,6,286,23,0,0
158,14/09/2026 10:41,27,obligation-state,756,73409,428,28,6,270,22,0,0
159,14/09/2026 10:41,27,obligation-state,786,73409,446,34,8,274,22,0,0
160,14/09/2026 10:41,27,obligation-state,822,73409,453,33,8,302,23,0,0
161,14/09/2026 10:41,27,obligation-state,764,73409,433,28,6,273,22,0,0
162,14/09/2026 10:41,27,obligation-state,757,73409,429,29,5,270,22,0,0
163,14/09/2026 10:41,27,obligation-state,766,73409,434,28,6,274,23,0,0
164,14/09/2026 10:41,27,obligation-state,756,73409,429,29,5,269,22,0,0
165,14/09/2026 10:41,27,obligation-state,758,73409,430,28,6,271,22,0,0
166,14/09/2026 10:41,27,obligation-state,764,73409,430,28,6,277,21,0,0
167,14/09/2026 10:41,27,obligation-state,761,73409,432,28,6,271,22,0,0
168,14/09/2026 10:41,27,obligation-state,756,73409,427,28,5,272,22,0,0
169,14/09/2026 10:41,27,obligation-state,758,73409,429,27,5,272,22,0,0
170,14/09/2026 10:41,27,obligation-state,766,73409,437,27,5,272,22,0,0
171,14/09/2026 10:41,27,obligation-state,774,73409,442,35,5,268,21,0,0
172,14/09/2026 10:41,27,obligation-state,758,73409,430,28,6,271,22,0,0
173,14/09/2026 10:41,27,obligation-state,787,73409,435,29,5,292,23,0,0
174,14/09/2026 10:41,27,obligation-state,759,73409,429,28,6,271,22,0,0
175,14/09/2026 10:41,27,obligation-state,762,73409,432,28,6,273,22,0,0
176,14/09/2026 10:41,27,obligation-state,763,73409,433,28,6,272,22,0,0
177,14/09/2026 10:41,27,obligation-state,765,73409,429,29,6,278,22,0,0
178,14/09/2026 10:41,27,obligation-state,796,73409,454,32,6,281,21,0,0
179,14/09/2026 10:41,27,obligation-state,767,73411,433,30,6,274,22,0,0
180,14/09/2026 10:41,27,obligation-state,756,73409,428,28,5,271,22,0,0
181,14/09/2026 10:41,27,obligation-state,835,73409,442,33,8,327,23,0,0
182,14/09/2026 10:41,27,obligation-state,759,73409,429,28,6,271,23,0,0
183,14/09/2026 10:41,27,obligation-state,800,73409,434,35,6,300,23,0,0
184,14/09/2026 10:41,27,obligation-state,771,73409,430,28,6,282,22,0,0
185,14/09/2026 10:41,27,obligation-state,821,73409,451,33,8,305,23,0,0
186,14/09/2026 10:41,27,obligation-state,773,73409,431,27,6,285,23,0,0
187,14/09/2026 10:41,27,obligation-state,753,73409,427,27,5,269,22,0,0
188,14/09/2026 10:41,27,obligation-state,754,73409,427,28,6,270,22,0,0
189,14/09/2026 10:41,27,obligation-state,762,73409,430,28,6,273,22,0,0
190,14/09/2026 10:41,27,obligation-state,766,73409,435,28,5,273,22,0,0
191,14/09/2026 10:41,27,obligation-state,763,73409,433,27,6,274,22,0,0
192,14/09/2026 10:41,27,obligation-state,766,73409,438,29,5,270,22,0,0
193,14/09/2026 10:41,27,obligation-state,759,73409,431,27,6,272,22,0,0
194,14/09/2026 10:41,27,obligation-state,780,73409,429,30,7,290,23,0,0
195,14/09/2026 10:41,27,obligation-state,809,73410,449,32,6,292,28,0,0
196,14/09/2026 10:41,27,obligation-state,796,73409,435,30,6,299,24,0,0
197,14/09/2026 10:41,27,obligation-state,758,73409,429,29,6,271,22,0,0
198,14/09/2026 10:41,27,obligation-state,765,73409,438,28,5,269,22,0,0
199,14/09/2026 10:41,27,obligation-state,761,73409,432,28,5,272,22,0,0
200,14/09/2026 10:42,27,obligation-state,755,73409,428,28,5,271,22,0,0
1,14/09/2026 10:42,36,obligation-state,903,73410,505,78,9,287,22,0,0
2,14/09/2026 10:42,36,obligation-state,767,73410,432,32,6,273,23,0,0
3,14/09/2026 10:42,36,obligation-state,782,73410,427,32,6,292,23,0,0
4,14/09/2026 10:42,36,obligation-state,786,73410,451,33,6,271,23,0,0
5,14/09/2026 10:42,36,obligation-state,767,73410,430,33,6,273,22,0,0
6,14/09/2026 10:42,36,obligation-state,769,73410,431,33,6,274,23,0,0
7,14/09/2026 10:42,36,obligation-state,776,73410,435,33,6,277,24,0,0
8,14/09/2026 10:42,36,obligation-state,765,73409,427,35,6,273,22,0,0
9,14/09/2026 10:42,36,obligation-state,769,73409,433,34,6,272,22,0,0
10,14/09/2026 10:42,36,obligation-state,801,73410,435,37,6,297,23,0,0
11,14/09/2026 10:42,36,obligation-state,763,73410,431,31,6,271,22,0,0
12,14/09/2026 10:42,36,obligation-state,774,73410,444,32,5,269,22,0,0
13,14/09/2026 10:42,36,obligation-state,768,73410,431,33,6,274,23,0,0
14,14/09/2026 10:42,36,obligation-state,810,73410,459,51,6,270,22,0,0
15,14/09/2026 10:42,36,obligation-state,768,73410,431,33,6,274,22,0,0
16,14/09/2026 10:42,36,obligation-state,759,73410,426,33,6,270,22,0,0
17,14/09/2026 10:42,36,obligation-state,764,73410,432,32,6,270,22,0,0
18,14/09/2026 10:42,36,obligation-state,765,73409,430,33,6,272,22,0,0
19,14/09/2026 10:42,36,obligation-state,774,73410,440,32,6,271,22,0,0
20,14/09/2026 10:42,36,obligation-state,806,73410,434,37,6,304,23,0,0
21,14/09/2026 10:42,36,obligation-state,798,73409,429,41,7,296,24,0,0
22,14/09/2026 10:42,36,obligation-state,762,73410,429,31,6,271,23,0,0
23,14/09/2026 10:42,36,obligation-state,765,73410,426,32,6,278,22,0,0
24,14/09/2026 10:42,36,obligation-state,778,73410,431,32,6,285,23,0,0
25,14/09/2026 10:42,36,obligation-state,775,73410,428,34,5,283,23,0,0
26,14/09/2026 10:42,36,obligation-state,815,73410,452,37,6,295,23,0,0
27,14/09/2026 10:42,36,obligation-state,806,73410,446,37,6,293,22,0,0
28,14/09/2026 10:42,36,obligation-state,764,73410,430,35,6,270,22,0,0
29,14/09/2026 10:42,36,obligation-state,759,73410,427,32,6,270,22,0,0
30,14/09/2026 10:42,36,obligation-state,795,73409,436,40,8,287,22,0,0
31,14/09/2026 10:42,36,obligation-state,769,73410,435,32,6,273,22,0,0
32,14/09/2026 10:42,36,obligation-state,766,73410,430,33,6,273,23,0,0
33,14/09/2026 10:42,36,obligation-state,759,73410,427,33,6,270,22,0,0
34,14/09/2026 10:42,36,obligation-state,763,73410,427,33,6,272,23,0,0
35,14/09/2026 10:42,36,obligation-state,761,73410,428,32,6,270,22,0,0
36,14/09/2026 10:42,36,obligation-state,762,73410,430,32,5,270,22,0,0
37,14/09/2026 10:42,36,obligation-state,769,73410,432,33,6,274,22,0,0
38,14/09/2026 10:42,36,obligation-state,767,73410,432,31,6,274,23,0,0
39,14/09/2026 10:42,36,obligation-state,767,73410,431,33,6,274,23,0,0
40,14/09/2026 10:42,36,obligation-state,764,73410,431,32,6,272,22,0,0
41,14/09/2026 10:42,36,obligation-state,771,73410,434,33,6,274,22,0,0
42,14/09/2026 10:42,36,obligation-state,781,73409,443,32,6,275,22,0,0
43,14/09/2026 10:42,36,obligation-state,765,73409,425,33,6,275,24,0,0
44,14/09/2026 10:42,36,obligation-state,765,73410,430,33,6,272,22,0,0
45,14/09/2026 10:42,36,obligation-state,760,73409,427,33,6,270,22,0,0
46,14/09/2026 10:42,36,obligation-state,761,73410,427,33,6,270,23,0,0
47,14/09/2026 10:42,36,obligation-state,767,73410,434,32,6,271,22,0,0
48,14/09/2026 10:42,36,obligation-state,768,73411,430,32,6,275,23,0,0
49,14/09/2026 10:42,36,obligation-state,812,73410,433,36,7,307,28,0,0
50,14/09/2026 10:42,36,obligation-state,764,73410,428,33,6,273,22,0,0
51,14/09/2026 10:42,36,obligation-state,818,73410,449,39,7,299,23,0,0
52,14/09/2026 10:42,36,obligation-state,801,73410,436,36,6,299,23,0,0
53,14/09/2026 10:42,36,obligation-state,792,73410,438,35,6,289,22,0,0
54,14/09/2026 10:42,36,obligation-state,767,73410,432,31,6,273,23,0,0
55,14/09/2026 10:42,36,obligation-state,775,73410,427,32,6,285,23,0,0
56,14/09/2026 10:42,36,obligation-state,770,73410,433,37,6,270,22,0,0
57,14/09/2026 10:42,36,obligation-state,794,73410,434,34,6,294,24,0,0
58,14/09/2026 10:42,36,obligation-state,773,73410,433,34,6,276,22,0,0
59,14/09/2026 10:42,36,obligation-state,770,73410,431,34,6,275,22,0,0
60,14/09/2026 10:42,36,obligation-state,809,73410,441,34,6,303,23,0,0
61,14/09/2026 10:42,36,obligation-state,818,73410,450,38,7,298,22,0,0
62,14/09/2026 10:42,36,obligation-state,765,73410,428,33,6,274,22,0,0
63,14/09/2026 10:42,36,obligation-state,768,73410,431,33,6,273,22,0,0
64,14/09/2026 10:42,36,obligation-state,764,73410,429,33,6,272,22,0,0
65,14/09/2026 10:42,36,obligation-state,762,73410,430,32,6,272,22,0,0
66,14/09/2026 10:43,36,obligation-state,766,73410,429,33,6,273,22,0,0
67,14/09/2026 10:43,36,obligation-state,816,73409,449,44,6,293,22,0,0
68,14/09/2026 10:43,36,obligation-state,760,73410,428,33,6,270,22,0,0
69,14/09/2026 10:43,36,obligation-state,762,73410,429,33,6,270,22,0,0
70,14/09/2026 10:43,36,obligation-state,759,73410,426,33,6,271,22,0,0
71,14/09/2026 10:43,36,obligation-state,763,73410,428,35,6,270,22,0,0
72,14/09/2026 10:43,36,obligation-state,762,73411,427,31,5,275,22,0,0
73,14/09/2026 10:43,36,obligation-state,758,73410,426,31,6,270,22,0,0
74,14/09/2026 10:43,36,obligation-state,763,73409,428,34,6,272,21,0,0
75,14/09/2026 10:43,36,obligation-state,766,73410,431,33,6,272,22,0,0
76,14/09/2026 10:43,36,obligation-state,762,73410,427,33,6,272,22,0,0
77,14/09/2026 10:43,36,obligation-state,818,73410,435,39,7,296,38,0,0
78,14/09/2026 10:43,36,obligation-state,767,73410,429,34,6,274,22,0,0
79,14/09/2026 10:43,36,obligation-state,766,73410,432,32,6,272,22,0,0
80,14/09/2026 10:43,36,obligation-state,766,73410,431,34,6,271,23,0,0
81,14/09/2026 10:43,36,obligation-state,759,73410,425,34,6,270,22,0,0
82,14/09/2026 10:43,36,obligation-state,759,73410,427,32,6,269,23,0,0
83,14/09/2026 10:43,36,obligation-state,760,73410,429,32,6,269,22,0,0
84,14/09/2026 10:43,36,obligation-state,760,73410,426,33,6,270,23,0,0
85,14/09/2026 10:43,36,obligation-state,770,73410,429,34,6,277,22,0,0
86,14/09/2026 10:43,36,obligation-state,810,73410,447,37,6,295,23,0,0
87,14/09/2026 10:43,36,obligation-state,761,73410,428,33,6,270,22,0,0
88,14/09/2026 10:43,36,obligation-state,762,73410,428,33,6,271,23,0,0
89,14/09/2026 10:43,36,obligation-state,780,73410,433,41,6,276,23,0,0
90,14/09/2026 10:43,36,obligation-state,758,73410,427,31,5,269,22,0,0
91,14/09/2026 10:43,36,obligation-state,759,73410,426,32,6,270,22,0,0
92,14/09/2026 10:43,36,obligation-state,772,73410,432,33,6,277,23,0,0
93,14/09/2026 10:43,36,obligation-state,775,73410,436,34,6,274,23,0,0
94,14/09/2026 10:43,36,obligation-state,762,73410,429,32,6,272,22,0,0
95,14/09/2026 10:43,36,obligation-state,810,73410,450,40,7,290,22,0,0
96,14/09/2026 10:43,36,obligation-state,762,73410,427,33,6,272,22,0,0
97,14/09/2026 10:43,36,obligation-state,759,73410,428,32,6,269,22,0,0
98,14/09/2026 10:43,36,obligation-state,782,73410,429,32,6,290,23,0,0
99,14/09/2026 10:43,36,obligation-state,764,73409,428,34,6,272,23,0,0
100,14/09/2026 10:43,36,obligation-state,767,73410,432,33,6,273,22,0,0
101,14/09/2026 10:43,36,obligation-state,765,73409,429,34,6,272,22,0,0
102,14/09/2026 10:43,36,obligation-state,786,73410,427,33,6,296,22,0,0
103,14/09/2026 10:43,36,obligation-state,770,73409,427,34,5,280,22,0,0
104,14/09/2026 10:43,36,obligation-state,813,73410,445,42,7,294,23,0,0
105,14/09/2026 10:43,36,obligation-state,764,73410,429,32,6,272,22,0,0
106,14/09/2026 10:43,36,obligation-state,786,73410,437,44,6,274,23,0,0
107,14/09/2026 10:43,36,obligation-state,765,73410,431,33,6,271,23,0,0
108,14/09/2026 10:43,36,obligation-state,762,73409,429,34,6,270,22,0,0
109,14/09/2026 10:43,36,obligation-state,799,73410,454,36,6,279,22,0,0
110,14/09/2026 10:43,36,obligation-state,760,73410,427,32,6,270,22,0,0
111,14/09/2026 10:43,36,obligation-state,772,73410,426,32,6,283,23,0,0
112,14/09/2026 10:43,36,obligation-state,782,73410,433,34,6,284,23,0,0
113,14/09/2026 10:43,36,obligation-state,759,73410,427,33,6,269,22,0,0
114,14/09/2026 10:43,36,obligation-state,779,73410,439,34,6,275,22,0,0
115,14/09/2026 10:43,36,obligation-state,762,73410,428,33,6,271,22,0,0
116,14/09/2026 10:43,36,obligation-state,807,73410,444,37,7,295,23,0,0
117,14/09/2026 10:43,36,obligation-state,763,73410,426,33,6,273,22,0,0
118,14/09/2026 10:43,36,obligation-state,777,73410,430,33,6,279,27,0,0
119,14/09/2026 10:43,36,obligation-state,767,73410,430,33,6,273,23,0,0
120,14/09/2026 10:43,36,obligation-state,775,73410,430,34,6,280,22,0,0
121,14/09/2026 10:43,36,obligation-state,760,73410,426,33,6,271,22,0,0
122,14/09/2026 10:43,36,obligation-state,759,73410,425,32,6,270,23,0,0
123,14/09/2026 10:43,36,obligation-state,769,73410,431,34,6,275,22,0,0
124,14/09/2026 10:43,36,obligation-state,764,73410,429,32,6,274,22,0,0
125,14/09/2026 10:43,36,obligation-state,765,73410,431,33,6,271,23,0,0
126,14/09/2026 10:43,36,obligation-state,816,73410,444,41,9,298,22,0,0
127,14/09/2026 10:43,36,obligation-state,821,73410,444,41,8,298,29,0,0
128,14/09/2026 10:43,36,obligation-state,780,73410,448,33,6,269,22,0,0
129,14/09/2026 10:43,36,obligation-state,771,73410,433,34,6,274,22,0,0
130,14/09/2026 10:43,36,obligation-state,784,73409,431,32,6,291,23,0,0
131,14/09/2026 10:43,36,obligation-state,765,73410,431,32,6,271,22,0,0
132,14/09/2026 10:43,36,obligation-state,764,73410,429,33,6,272,23,0,0
133,14/09/2026 10:44,36,obligation-state,759,73410,425,32,6,273,22,0,0
134,14/09/2026 10:44,36,obligation-state,764,73410,428,35,6,271,23,0,0
135,14/09/2026 10:44,36,obligation-state,787,73409,431,33,6,293,23,0,0
136,14/09/2026 10:44,36,obligation-state,817,73410,474,43,6,271,22,0,0
137,14/09/2026 10:44,36,obligation-state,824,73410,446,37,8,308,22,0,0
138,14/09/2026 10:44,36,obligation-state,768,73409,430,33,6,274,22,0,0
139,14/09/2026 10:44,36,obligation-state,782,73410,432,35,6,285,22,0,0
140,14/09/2026 10:44,36,obligation-state,822,73410,434,36,7,321,22,0,0
141,14/09/2026 10:44,36,obligation-state,767,73410,429,32,5,276,23,0,0
142,14/09/2026 10:44,36,obligation-state,780,73410,438,32,6,280,23,0,0
143,14/09/2026 10:44,36,obligation-state,767,73409,427,33,6,275,23,0,0
144,14/09/2026 10:44,36,obligation-state,766,73410,430,34,6,272,22,0,0
145,14/09/2026 10:44,36,obligation-state,799,73410,437,32,6,299,23,0,0
146,14/09/2026 10:44,36,obligation-state,783,73410,445,35,6,273,22,0,0
147,14/09/2026 10:44,36,obligation-state,767,73410,433,32,6,272,22,0,0
148,14/09/2026 10:44,36,obligation-state,771,73410,437,32,6,272,22,0,0
149,14/09/2026 10:44,36,obligation-state,787,73425,430,32,6,293,24,0,0
150,14/09/2026 10:44,36,obligation-state,766,73410,431,33,6,272,22,0,0
151,14/09/2026 10:44,36,obligation-state,760,73410,429,32,6,270,22,0,0
152,14/09/2026 10:44,36,obligation-state,760,73410,429,33,6,269,22,0,0
153,14/09/2026 10:44,36,obligation-state,791,73410,431,36,6,292,24,0,0
154,14/09/2026 10:44,36,obligation-state,811,73410,450,38,7,292,22,0,0
155,14/09/2026 10:44,36,obligation-state,759,73410,427,32,6,270,22,0,0
156,14/09/2026 10:44,36,obligation-state,762,73410,428,33,6,270,22,0,0
157,14/09/2026 10:44,36,obligation-state,815,73410,433,47,6,303,23,0,0
158,14/09/2026 10:44,36,obligation-state,771,73410,434,33,6,274,22,0,0
159,14/09/2026 10:44,36,obligation-state,764,73410,429,32,6,272,23,0,0
160,14/09/2026 10:44,36,obligation-state,792,73410,432,33,7,296,22,0,0
161,14/09/2026 10:44,36,obligation-state,787,73410,427,33,6,296,24,0,0
162,14/09/2026 10:44,36,obligation-state,767,73410,431,34,6,273,22,0,0
163,14/09/2026 10:44,36,obligation-state,769,73410,430,33,6,277,23,0,0
164,14/09/2026 10:44,36,obligation-state,762,73410,430,33,6,270,22,0,0
165,14/09/2026 10:44,36,obligation-state,777,73410,426,34,6,288,22,0,0
166,14/09/2026 10:44,36,obligation-state,768,73410,431,33,6,275,22,0,0
167,14/09/2026 10:44,36,obligation-state,786,73410,450,37,6,270,22,0,0
168,14/09/2026 10:44,36,obligation-state,769,73410,432,35,6,273,22,0,0
169,14/09/2026 10:44,36,obligation-state,760,73410,428,32,6,271,22,0,0
170,14/09/2026 10:44,36,obligation-state,771,73410,433,33,6,274,23,0,0
171,14/09/2026 10:44,36,obligation-state,793,73409,429,33,5,300,23,0,0
172,14/09/2026 10:44,36,obligation-state,765,73410,432,32,5,272,22,0,0
173,14/09/2026 10:44,36,obligation-state,762,73410,431,32,6,271,22,0,0
174,14/09/2026 10:44,36,obligation-state,768,73410,432,33,6,272,23,0,0
175,14/09/2026 10:44,36,obligation-state,760,73410,429,31,6,270,22,0,0
176,14/09/2026 10:44,36,obligation-state,812,73410,447,41,8,292,22,0,0
177,14/09/2026 10:44,36,obligation-state,816,73411,447,37,7,300,22,0,0
178,14/09/2026 10:44,36,obligation-state,769,73409,431,34,6,274,22,0,0
179,14/09/2026 10:44,36,obligation-state,763,73410,427,33,6,272,22,0,0
180,14/09/2026 10:44,36,obligation-state,758,73409,427,33,5,269,22,0,0
181,14/09/2026 10:44,36,obligation-state,795,73409,430,33,6,302,22,0,0
182,14/09/2026 10:44,36,obligation-state,805,73410,428,42,7,303,23,0,0
183,14/09/2026 10:44,36,obligation-state,758,73410,425,33,6,271,22,0,0
184,14/09/2026 10:44,36,obligation-state,760,73410,428,31,5,271,22,0,0
185,14/09/2026 10:44,36,obligation-state,760,73410,430,33,6,268,22,0,0
186,14/09/2026 10:44,36,obligation-state,762,73410,427,33,6,272,22,0,0
187,14/09/2026 10:44,36,obligation-state,763,73410,430,33,6,269,22,0,0
188,14/09/2026 10:44,36,obligation-state,758,73410,428,32,6,269,22,0,0
189,14/09/2026 10:44,36,obligation-state,812,73410,449,40,9,291,22,0,0
190,14/09/2026 10:44,36,obligation-state,777,73409,431,35,6,274,30,0,0
191,14/09/2026 10:44,36,obligation-state,764,73409,430,32,6,272,22,0,0
192,14/09/2026 10:44,36,obligation-state,785,73410,427,36,6,291,23,0,0
193,14/09/2026 10:44,36,obligation-state,761,73410,428,32,5,271,22,0,0
194,14/09/2026 10:44,36,obligation-state,768,73410,431,33,6,274,23,0,0
195,14/09/2026 10:44,36,obligation-state,764,73410,430,34,5,270,22,0,0
196,14/09/2026 10:44,36,obligation-state,773,73410,438,33,6,272,22,0,0
197,14/09/2026 10:44,36,obligation-state,758,73410,426,34,6,268,22,0,0
198,14/09/2026 10:44,36,obligation-state,766,73409,430,34,6,274,22,0,0
199,14/09/2026 10:44,36,obligation-state,765,73410,430,32,6,273,22,0,0
200,14/09/2026 10:45,36,obligation-state,755,73410,424,32,6,269,22,0,0
1,14/09/2026 10:45,45,obligation-state,935,73409,506,91,8,306,23,0,0
2,14/09/2026 10:45,45,obligation-state,776,73409,432,38,6,276,23,0,0
3,14/09/2026 10:45,45,obligation-state,759,73409,423,38,6,268,22,0,0
4,14/09/2026 10:45,45,obligation-state,773,73409,429,38,6,275,23,0,0
5,14/09/2026 10:45,45,obligation-state,812,73410,445,48,9,285,23,0,0
6,14/09/2026 10:45,45,obligation-state,771,73409,428,39,6,274,23,0,0
7,14/09/2026 10:45,45,obligation-state,804,73409,430,37,6,288,42,0,0
8,14/09/2026 10:45,45,obligation-state,772,73409,428,38,6,275,23,0,0
9,14/09/2026 10:45,45,obligation-state,804,73409,429,38,7,304,24,0,0
10,14/09/2026 10:45,45,obligation-state,786,73409,437,40,6,277,24,0,0
11,14/09/2026 10:45,45,obligation-state,818,73409,433,38,6,308,31,0,0
12,14/09/2026 10:45,45,obligation-state,792,73409,430,39,6,289,25,0,0
13,14/09/2026 10:45,45,obligation-state,772,73409,430,38,6,273,23,0,0
14,14/09/2026 10:45,45,obligation-state,768,73409,429,38,6,271,22,0,0
15,14/09/2026 10:45,45,obligation-state,813,73409,441,45,6,296,23,0,0
16,14/09/2026 10:45,45,obligation-state,769,73409,429,38,6,272,22,0,0
17,14/09/2026 10:45,45,obligation-state,783,73409,429,36,6,286,24,0,0
18,14/09/2026 10:45,45,obligation-state,818,73409,453,45,9,286,23,0,0
19,14/09/2026 10:45,45,obligation-state,774,73409,433,38,6,273,23,0,0
20,14/09/2026 10:45,45,obligation-state,790,73409,430,40,8,287,23,0,0
21,14/09/2026 10:45,45,obligation-state,775,73409,432,37,6,276,23,0,0
22,14/09/2026 10:45,45,obligation-state,803,73409,437,38,6,297,23,0,0
23,14/09/2026 10:45,45,obligation-state,770,73409,430,36,6,274,22,0,0
24,14/09/2026 10:45,45,obligation-state,769,73409,427,37,6,274,23,0,0
25,14/09/2026 10:45,45,obligation-state,779,73409,434,37,6,277,23,0,0
26,14/09/2026 10:45,45,obligation-state,777,73409,433,37,6,276,23,0,0
27,14/09/2026 10:45,45,obligation-state,767,73409,428,36,6,272,23,0,0
28,14/09/2026 10:45,45,obligation-state,769,73409,428,38,6,273,22,0,0
29,14/09/2026 10:45,45,obligation-state,774,73409,429,37,6,277,23,0,0
30,14/09/2026 10:45,45,obligation-state,770,73409,426,38,6,275,23,0,0
31,14/09/2026 10:45,45,obligation-state,770,73409,427,39,6,274,22,0,0
32,14/09/2026 10:45,45,obligation-state,804,73409,450,42,6,281,23,0,0
33,14/09/2026 10:45,45,obligation-state,840,73409,448,45,7,315,23,0,0
34,14/09/2026 10:45,45,obligation-state,801,73409,431,37,7,299,24,0,0
35,14/09/2026 10:45,45,obligation-state,769,73409,428,37,6,273,23,0,0
36,14/09/2026 10:45,45,obligation-state,772,73409,430,36,6,275,23,0,0
37,14/09/2026 10:45,45,obligation-state,774,73409,432,38,6,274,23,0,0
38,14/09/2026 10:45,45,obligation-state,777,73409,433,37,6,276,23,0,0
39,14/09/2026 10:45,45,obligation-state,788,73409,434,39,6,283,23,0,0
40,14/09/2026 10:45,45,obligation-state,817,73409,447,42,7,294,25,0,0
41,14/09/2026 10:45,45,obligation-state,775,73409,429,42,6,274,22,0,0
42,14/09/2026 10:45,45,obligation-state,773,73409,431,40,6,273,22,0,0
43,14/09/2026 10:45,45,obligation-state,768,73409,422,37,6,278,23,0,0
44,14/09/2026 10:45,45,obligation-state,760,73409,419,38,6,274,22,0,0
45,14/09/2026 10:45,45,obligation-state,769,73409,430,37,6,271,23,0,0
46,14/09/2026 10:45,45,obligation-state,777,73409,433,38,6,276,23,0,0
47,14/09/2026 10:45,45,obligation-state,840,73409,448,41,7,319,24,0,0
48,14/09/2026 10:45,45,obligation-state,776,73409,436,38,6,272,23,0,0
49,14/09/2026 10:45,45,obligation-state,779,73409,433,38,6,277,23,0,0
50,14/09/2026 10:45,45,obligation-state,787,73409,428,38,6,291,23,0,0
51,14/09/2026 10:45,45,obligation-state,814,73409,442,46,9,292,23,0,0
52,14/09/2026 10:45,45,obligation-state,783,73409,435,39,6,277,23,0,0
53,14/09/2026 10:45,45,obligation-state,773,73409,430,38,6,274,23,0,0
54,14/09/2026 10:45,45,obligation-state,775,73409,430,38,6,276,23,0,0
55,14/09/2026 10:45,45,obligation-state,820,73409,435,48,7,305,24,0,0
56,14/09/2026 10:45,45,obligation-state,774,73409,434,38,6,272,22,0,0
57,14/09/2026 10:45,45,obligation-state,831,73409,466,44,8,287,24,0,0
58,14/09/2026 10:45,45,obligation-state,767,73409,425,38,6,273,23,0,0
59,14/09/2026 10:45,45,obligation-state,774,73409,429,40,6,275,23,0,0
60,14/09/2026 10:45,45,obligation-state,774,73409,429,38,6,276,23,0,0
61,14/09/2026 10:45,45,obligation-state,763,73409,424,38,6,270,22,0,0
62,14/09/2026 10:45,45,obligation-state,772,73409,432,37,6,273,22,0,0
63,14/09/2026 10:45,45,obligation-state,798,73409,427,37,6,303,23,0,0
64,14/09/2026 10:45,45,obligation-state,779,73409,435,38,6,275,23,0,0
65,14/09/2026 10:46,45,obligation-state,778,73409,432,39,6,276,22,0,0
66,14/09/2026 10:46,45,obligation-state,792,73409,430,39,6,292,23,0,0
67,14/09/2026 10:46,45,obligation-state,762,73409,424,37,6,270,23,0,0
68,14/09/2026 10:46,45,obligation-state,776,73411,432,39,6,274,23,0,0
69,14/09/2026 10:46,45,obligation-state,778,73409,434,37,6,274,24,0,0
70,14/09/2026 10:46,45,obligation-state,850,73409,452,49,7,317,24,0,0
71,14/09/2026 10:46,45,obligation-state,772,73409,429,40,6,272,23,0,0
72,14/09/2026 10:46,45,obligation-state,776,73409,431,38,6,276,22,0,0
73,14/09/2026 10:46,45,obligation-state,771,73409,430,37,6,272,23,0,0
74,14/09/2026 10:46,45,obligation-state,780,73409,431,39,6,278,23,0,0
75,14/09/2026 10:46,45,obligation-state,808,73409,432,39,6,305,23,0,0
76,14/09/2026 10:46,45,obligation-state,779,73409,427,38,7,282,23,0,0
77,14/09/2026 10:46,45,obligation-state,814,73409,435,46,9,298,23,0,0
78,14/09/2026 10:46,45,obligation-state,817,73409,449,49,9,286,23,0,0
79,14/09/2026 10:46,45,obligation-state,772,73409,430,37,6,274,23,0,0
80,14/09/2026 10:46,45,obligation-state,779,73409,438,38,6,272,23,0,0
81,14/09/2026 10:46,45,obligation-state,774,73409,430,37,6,276,23,0,0
82,14/09/2026 10:46,45,obligation-state,770,73409,429,38,6,272,23,0,0
83,14/09/2026 10:46,45,obligation-state,772,73409,431,36,6,274,23,0,0
84,14/09/2026 10:46,45,obligation-state,806,73409,449,41,6,285,23,0,0
85,14/09/2026 10:46,45,obligation-state,771,73409,428,39,6,274,22,0,0
86,14/09/2026 10:46,45,obligation-state,768,73409,426,38,6,273,23,0,0
87,14/09/2026 10:46,45,obligation-state,787,73409,442,39,6,274,23,0,0
88,14/09/2026 10:46,45,obligation-state,819,73409,448,42,7,286,34,0,0
89,14/09/2026 10:46,45,obligation-state,783,73409,434,39,6,279,23,0,0
90,14/09/2026 10:46,45,obligation-state,777,73409,427,37,6,282,23,0,0
91,14/09/2026 10:46,45,obligation-state,777,73409,432,37,6,277,23,0,0
92,14/09/2026 10:46,45,obligation-state,795,73409,449,40,6,276,23,0,0
93,14/09/2026 10:46,45,obligation-state,790,73409,441,41,6,277,23,0,0
94,14/09/2026 10:46,45,obligation-state,801,73409,428,38,6,299,28,0,0
95,14/09/2026 10:46,45,obligation-state,830,73409,446,52,8,298,24,0,0
96,14/09/2026 10:46,45,obligation-state,767,73409,428,36,6,272,23,0,0
97,14/09/2026 10:46,45,obligation-state,780,73409,433,38,6,278,23,0,0
98,14/09/2026 10:46,45,obligation-state,840,73409,448,48,9,309,24,0,0
99,14/09/2026 10:46,45,obligation-state,764,73409,425,38,6,272,23,0,0
100,14/09/2026 10:46,45,obligation-state,812,73409,434,36,6,310,24,0,0
101,14/09/2026 10:46,45,obligation-state,769,73409,429,38,6,271,23,0,0
102,14/09/2026 10:46,45,obligation-state,775,73409,431,37,6,276,23,0,0
103,14/09/2026 10:46,45,obligation-state,769,73409,426,38,6,273,23,0,0
104,14/09/2026 10:46,45,obligation-state,767,73409,426,37,6,273,23,0,0
105,14/09/2026 10:46,45,obligation-state,773,73409,427,37,7,278,23,0,0
106,14/09/2026 10:46,45,obligation-state,780,73409,436,37,6,276,22,0,0
107,14/09/2026 10:46,45,obligation-state,825,73410,442,45,7,301,29,0,0
108,14/09/2026 10:46,45,obligation-state,769,73409,429,37,6,272,23,0,0
109,14/09/2026 10:46,45,obligation-state,776,73409,431,38,6,276,23,0,0
110,14/09/2026 10:46,45,obligation-state,772,73409,430,37,6,275,23,0,0
111,14/09/2026 10:46,45,obligation-state,775,73409,431,38,6,275,23,0,0
112,14/09/2026 10:46,45,obligation-state,769,73409,428,37,6,273,23,0,0
113,14/09/2026 10:46,45,obligation-state,828,73410,450,42,6,305,23,0,0
114,14/09/2026 10:46,45,obligation-state,768,73409,426,38,6,274,23,0,0
115,14/09/2026 10:46,45,obligation-state,771,73409,428,37,6,273,24,0,0
116,14/09/2026 10:46,45,obligation-state,817,73409,440,48,7,296,22,0,0
117,14/09/2026 10:46,45,obligation-state,774,73409,433,38,6,273,23,0,0
118,14/09/2026 10:46,45,obligation-state,776,73409,432,39,6,275,22,0,0
119,14/09/2026 10:46,45,obligation-state,786,73409,434,43,6,278,23,0,0
120,14/09/2026 10:46,45,obligation-state,778,73409,431,39,6,277,23,0,0
121,14/09/2026 10:46,45,obligation-state,797,73409,436,49,7,280,23,0,0
122,14/09/2026 10:46,45,obligation-state,779,73409,432,38,6,277,23,0,0
123,14/09/2026 10:46,45,obligation-state,770,73409,427,37,6,275,22,0,0
124,14/09/2026 10:46,45,obligation-state,782,73409,433,40,6,278,23,0,0
125,14/09/2026 10:46,45,obligation-state,777,73409,430,38,6,278,23,0,0
126,14/09/2026 10:46,45,obligation-state,777,73409,433,39,6,275,23,0,0
127,14/09/2026 10:46,45,obligation-state,775,73409,431,37,6,275,23,0,0
128,14/09/2026 10:46,45,obligation-state,769,73409,428,38,6,273,22,0,0
129,14/09/2026 10:46,45,obligation-state,773,73409,431,37,6,275,23,0,0
130,14/09/2026 10:46,45,obligation-state,780,73409,439,39,6,272,22,0,0
131,14/09/2026 10:47,45,obligation-state,780,73409,433,37,6,280,23,0,0
132,14/09/2026 10:47,45,obligation-state,774,73409,431,36,6,275,23,0,0
133,14/09/2026 10:47,45,obligation-state,774,73409,431,37,6,276,22,0,0
134,14/09/2026 10:47,45,obligation-state,772,73409,427,39,6,275,23,0,0
135,14/09/2026 10:47,45,obligation-state,824,73409,436,43,6,310,26,0,0
136,14/09/2026 10:47,45,obligation-state,777,73409,431,39,6,277,23,0,0
137,14/09/2026 10:47,45,obligation-state,826,73409,444,38,7,311,24,0,0
138,14/09/2026 10:47,45,obligation-state,775,73409,433,37,6,275,22,0,0
139,14/09/2026 10:47,45,obligation-state,779,73409,437,38,6,273,23,0,0
140,14/09/2026 10:47,45,obligation-state,778,73409,432,38,6,277,23,0,0
141,14/09/2026 10:47,45,obligation-state,801,73409,430,39,6,297,27,0,0
142,14/09/2026 10:47,45,obligation-state,773,73409,428,37,6,277,23,0,0
143,14/09/2026 10:47,45,obligation-state,772,73409,428,38,6,276,23,0,0
144,14/09/2026 10:47,45,obligation-state,804,73409,434,40,6,299,24,0,0
145,14/09/2026 10:47,45,obligation-state,777,73409,432,39,6,275,23,0,0
146,14/09/2026 10:47,45,obligation-state,804,73409,457,41,6,275,23,0,0
147,14/09/2026 10:47,45,obligation-state,777,73409,431,39,6,276,23,0,0
148,14/09/2026 10:47,45,obligation-state,817,73409,443,41,8,300,23,0,0
149,14/09/2026 10:47,45,obligation-state,775,73409,430,38,7,276,22,0,0
150,14/09/2026 10:47,45,obligation-state,768,73409,426,38,6,274,22,0,0
151,14/09/2026 10:47,45,obligation-state,786,73409,427,38,6,290,23,0,0
152,14/09/2026 10:47,45,obligation-state,777,73409,431,37,6,278,23,0,0
153,14/09/2026 10:47,45,obligation-state,769,73409,428,38,6,273,23,0,0
154,14/09/2026 10:47,45,obligation-state,787,73409,443,38,6,275,22,0,0
155,14/09/2026 10:47,45,obligation-state,766,73409,425,38,6,272,23,0,0
156,14/09/2026 10:47,45,obligation-state,772,73409,428,39,6,274,22,0,0
157,14/09/2026 10:47,45,obligation-state,775,73409,432,39,6,273,23,0,0
158,14/09/2026 10:47,45,obligation-state,782,73409,434,40,6,277,23,0,0
159,14/09/2026 10:47,45,obligation-state,830,73409,431,47,9,316,24,0,0
160,14/09/2026 10:47,45,obligation-state,768,73409,427,37,6,274,22,0,0
161,14/09/2026 10:47,45,obligation-state,776,73409,432,38,6,275,22,0,0
162,14/09/2026 10:47,45,obligation-state,770,73409,427,38,6,275,23,0,0
163,14/09/2026 10:47,45,obligation-state,796,73409,442,40,7,283,22,0,0
164,14/09/2026 10:47,45,obligation-state,767,73409,426,38,6,273,22,0,0
165,14/09/2026 10:47,45,obligation-state,771,73409,430,37,6,274,23,0,0
166,14/09/2026 10:47,45,obligation-state,766,73409,425,38,6,273,22,0,0
167,14/09/2026 10:47,45,obligation-state,768,73409,428,37,6,273,22,0,0
168,14/09/2026 10:47,45,obligation-state,838,73410,446,45,8,309,29,0,0
169,14/09/2026 10:47,45,obligation-state,815,73409,443,43,7,295,26,0,0
170,14/09/2026 10:47,45,obligation-state,794,73409,429,38,6,296,23,0,0
171,14/09/2026 10:47,45,obligation-state,772,73409,427,39,6,275,23,0,0
172,14/09/2026 10:47,45,obligation-state,770,73409,428,38,6,273,22,0,0
173,14/09/2026 10:47,45,obligation-state,769,73409,428,37,6,273,22,0,0
174,14/09/2026 10:47,45,obligation-state,780,73409,434,40,7,274,22,0,0
175,14/09/2026 10:47,45,obligation-state,770,73409,429,36,6,275,22,0,0
176,14/09/2026 10:47,45,obligation-state,768,73409,427,38,6,273,22,0,0
177,14/09/2026 10:47,45,obligation-state,824,73409,443,44,7,304,25,0,0
178,14/09/2026 10:47,45,obligation-state,791,73409,432,38,6,288,24,0,0
179,14/09/2026 10:47,45,obligation-state,777,73409,436,37,6,274,22,0,0
180,14/09/2026 10:47,45,obligation-state,823,73409,431,51,7,308,26,0,0
181,14/09/2026 10:47,45,obligation-state,838,73410,448,49,7,308,25,0,0
182,14/09/2026 10:47,45,obligation-state,776,73409,431,37,6,277,23,0,0
183,14/09/2026 10:47,45,obligation-state,772,73409,429,37,6,275,22,0,0
184,14/09/2026 10:47,45,obligation-state,801,73409,431,48,7,291,22,0,0
185,14/09/2026 10:47,45,obligation-state,766,73409,424,39,6,273,22,0,0
186,14/09/2026 10:47,45,obligation-state,783,73409,431,38,6,284,22,0,0
187,14/09/2026 10:47,45,obligation-state,787,73409,425,36,6,294,23,0,0
188,14/09/2026 10:47,45,obligation-state,834,73409,453,46,8,300,24,0,0
189,14/09/2026 10:47,45,obligation-state,772,73409,430,38,6,273,22,0,0
190,14/09/2026 10:47,45,obligation-state,807,73409,449,49,8,276,23,0,0
191,14/09/2026 10:47,45,obligation-state,774,73409,430,39,6,275,23,0,0
192,14/09/2026 10:47,45,obligation-state,779,73409,434,39,6,275,23,0,0
193,14/09/2026 10:47,45,obligation-state,777,73409,435,38,6,272,23,0,0
194,14/09/2026 10:47,45,obligation-state,774,73409,435,37,6,272,23,0,0
195,14/09/2026 10:47,45,obligation-state,803,73409,446,43,7,282,23,0,0
196,14/09/2026 10:48,45,obligation-state,778,73409,432,39,6,277,22,0,0
197,14/09/2026 10:48,45,obligation-state,781,73409,434,40,6,276,23,0,0
198,14/09/2026 10:48,45,obligation-state,791,73409,432,38,6,290,23,0,0
199,14/09/2026 10:48,45,obligation-state,777,73409,432,39,6,276,23,0,0
200,14/09/2026 10:48,45,obligation-state,779,73409,440,36,6,272,22,0,0
1,14/09/2026 10:48,54,obligation-state,993,73425,540,96,12,321,23,0,0
2,14/09/2026 10:48,54,obligation-state,800,73425,440,41,6,289,22,0,0
3,14/09/2026 10:48,54,obligation-state,778,73425,428,42,7,277,22,0,0
4,14/09/2026 10:48,54,obligation-state,782,73425,437,40,7,274,23,0,0
5,14/09/2026 10:48,54,obligation-state,773,73425,424,43,6,276,22,0,0
6,14/09/2026 10:48,54,obligation-state,779,73425,429,41,7,278,22,0,0
7,14/09/2026 10:48,54,obligation-state,778,73425,428,41,7,277,23,0,0
8,14/09/2026 10:48,54,obligation-state,780,73425,430,40,7,278,22,0,0
9,14/09/2026 10:48,54,obligation-state,780,73425,431,40,7,277,23,0,0
10,14/09/2026 10:48,54,obligation-state,788,73425,439,41,7,277,22,0,0
11,14/09/2026 10:48,54,obligation-state,820,73425,442,42,7,303,24,0,0
12,14/09/2026 10:48,54,obligation-state,790,73425,438,41,7,279,23,0,0
13,14/09/2026 10:48,54,obligation-state,775,73425,429,41,6,274,23,0,0
14,14/09/2026 10:48,54,obligation-state,776,73425,428,40,6,277,22,0,0
15,14/09/2026 10:48,54,obligation-state,783,73425,431,42,6,279,23,0,0
16,14/09/2026 10:48,54,obligation-state,788,73425,433,43,7,281,23,0,0
17,14/09/2026 10:48,54,obligation-state,783,73425,432,41,7,278,23,0,0
18,14/09/2026 10:48,54,obligation-state,776,73425,428,40,7,277,22,0,0
19,14/09/2026 10:48,54,obligation-state,834,73425,444,51,10,303,24,0,0
20,14/09/2026 10:48,54,obligation-state,784,73425,431,42,7,279,22,0,0
21,14/09/2026 10:48,54,obligation-state,777,73425,430,40,7,276,22,0,0
22,14/09/2026 10:48,54,obligation-state,785,73425,431,42,7,281,23,0,0
23,14/09/2026 10:48,54,obligation-state,775,73425,427,43,7,274,23,0,0
24,14/09/2026 10:48,54,obligation-state,804,73425,457,40,7,276,23,0,0
25,14/09/2026 10:48,54,obligation-state,778,73425,428,40,6,280,22,0,0
26,14/09/2026 10:48,54,obligation-state,780,73425,429,41,7,278,23,0,0
27,14/09/2026 10:48,54,obligation-state,782,73425,430,42,7,280,23,0,0
28,14/09/2026 10:48,54,obligation-state,805,73425,446,48,9,277,22,0,0
29,14/09/2026 10:48,54,obligation-state,781,73425,429,42,7,278,22,0,0
30,14/09/2026 10:48,54,obligation-state,787,73425,433,42,7,281,23,0,0
31,14/09/2026 10:48,54,obligation-state,776,73425,427,42,7,276,22,0,0
32,14/09/2026 10:48,54,obligation-state,807,73425,428,42,7,306,22,0,0
33,14/09/2026 10:48,54,obligation-state,782,73425,430,43,6,278,22,0,0
34,14/09/2026 10:48,54,obligation-state,781,73425,428,41,7,280,23,0,0
35,14/09/2026 10:48,54,obligation-state,783,73425,432,41,7,278,23,0,0
36,14/09/2026 10:48,54,obligation-state,787,73425,432,42,7,281,23,0,0
37,14/09/2026 10:48,54,obligation-state,781,73425,430,41,7,280,23,0,0
38,14/09/2026 10:48,54,obligation-state,778,73425,429,42,6,277,22,0,0
39,14/09/2026 10:48,54,obligation-state,777,73425,426,42,7,279,23,0,0
40,14/09/2026 10:48,54,obligation-state,777,73425,427,42,6,277,23,0,0
41,14/09/2026 10:48,54,obligation-state,778,73425,429,42,7,276,23,0,0
42,14/09/2026 10:48,54,obligation-state,789,73425,428,40,7,289,24,0,0
43,14/09/2026 10:48,54,obligation-state,775,73425,427,40,7,277,22,0,0
44,14/09/2026 10:48,54,obligation-state,791,73425,429,41,7,289,23,0,0
45,14/09/2026 10:48,54,obligation-state,777,73425,427,42,7,275,24,0,0
46,14/09/2026 10:48,54,obligation-state,821,73425,441,46,10,298,23,0,0
47,14/09/2026 10:48,54,obligation-state,779,73425,428,43,7,277,22,0,0
48,14/09/2026 10:48,54,obligation-state,803,73425,427,41,6,298,27,0,0
49,14/09/2026 10:48,54,obligation-state,784,73425,432,42,7,279,22,0,0
50,14/09/2026 10:48,54,obligation-state,786,73425,429,44,6,282,23,0,0
51,14/09/2026 10:48,54,obligation-state,786,73425,431,42,7,282,23,0,0
52,14/09/2026 10:48,54,obligation-state,793,73425,444,41,7,277,22,0,0
53,14/09/2026 10:48,54,obligation-state,786,73425,433,43,7,278,23,0,0
54,14/09/2026 10:48,54,obligation-state,776,73425,429,41,7,275,22,0,0
55,14/09/2026 10:48,54,obligation-state,781,73425,428,43,7,278,23,0,0
56,14/09/2026 10:48,54,obligation-state,787,73425,431,42,7,282,23,0,0
57,14/09/2026 10:48,54,obligation-state,784,73425,440,39,7,274,22,0,0
58,14/09/2026 10:48,54,obligation-state,785,73425,431,42,7,280,23,0,0
59,14/09/2026 10:48,54,obligation-state,784,73425,433,41,6,280,22,0,0
60,14/09/2026 10:48,54,obligation-state,806,73425,432,50,8,292,22,0,0
61,14/09/2026 10:49,54,obligation-state,788,73425,432,43,7,281,24,0,0
62,14/09/2026 10:49,54,obligation-state,778,73425,429,40,7,278,22,0,0
63,14/09/2026 10:49,54,obligation-state,793,73425,442,40,7,278,22,0,0
64,14/09/2026 10:49,54,obligation-state,776,73425,427,41,7,276,22,0,0
65,14/09/2026 10:49,54,obligation-state,829,73425,428,50,9,317,23,0,0
66,14/09/2026 10:49,54,obligation-state,781,73425,430,41,7,277,23,0,0
67,14/09/2026 10:49,54,obligation-state,829,73425,435,48,7,314,22,0,0
68,14/09/2026 10:49,54,obligation-state,784,73425,431,42,7,280,22,0,0
69,14/09/2026 10:49,54,obligation-state,803,73425,427,42,7,303,23,0,0
70,14/09/2026 10:49,54,obligation-state,780,73425,429,44,7,275,23,0,0
71,14/09/2026 10:49,54,obligation-state,789,73425,439,40,7,278,23,0,0
72,14/09/2026 10:49,54,obligation-state,814,73425,449,51,10,280,23,0,0
73,14/09/2026 10:49,54,obligation-state,825,73425,432,42,7,319,23,0,0
74,14/09/2026 10:49,54,obligation-state,827,73425,443,54,9,298,23,0,0
75,14/09/2026 10:49,54,obligation-state,787,73425,433,40,7,282,23,0,0
76,14/09/2026 10:49,54,obligation-state,777,73425,427,40,7,279,22,0,0
77,14/09/2026 10:49,54,obligation-state,831,73425,452,53,10,290,24,0,0
78,14/09/2026 10:49,54,obligation-state,786,73425,434,43,7,278,23,0,0
79,14/09/2026 10:49,54,obligation-state,777,73425,429,40,7,277,22,0,0
80,14/09/2026 10:49,54,obligation-state,802,73425,426,45,7,301,22,0,0
81,14/09/2026 10:49,54,obligation-state,777,73425,429,41,6,277,22,0,0
82,14/09/2026 10:49,54,obligation-state,782,73425,431,43,7,275,23,0,0
83,14/09/2026 10:49,54,obligation-state,776,73425,426,43,6,276,22,0,0
84,14/09/2026 10:49,54,obligation-state,776,73425,428,42,6,276,22,0,0
85,14/09/2026 10:49,54,obligation-state,778,73425,429,41,7,277,23,0,0
86,14/09/2026 10:49,54,obligation-state,819,73425,433,41,6,310,27,0,0
87,14/09/2026 10:49,54,obligation-state,777,73425,427,41,7,278,22,0,0
88,14/09/2026 10:49,54,obligation-state,800,73425,434,58,8,275,22,0,0
89,14/09/2026 10:49,54,obligation-state,777,73425,426,43,7,277,22,0,0
90,14/09/2026 10:49,54,obligation-state,841,73425,438,48,10,319,23,0,0
91,14/09/2026 10:49,54,obligation-state,809,73425,443,47,7,288,23,0,0
92,14/09/2026 10:49,54,obligation-state,785,73425,432,42,7,279,23,0,0
93,14/09/2026 10:49,54,obligation-state,798,73425,426,41,7,299,22,0,0
94,14/09/2026 10:49,54,obligation-state,776,73425,427,41,7,277,22,0,0
95,14/09/2026 10:49,54,obligation-state,776,73425,426,41,7,278,22,0,0
96,14/09/2026 10:49,54,obligation-state,777,73425,428,43,7,275,23,0,0
97,14/09/2026 10:49,54,obligation-state,789,73425,443,41,7,274,22,0,0
98,14/09/2026 10:49,54,obligation-state,778,73425,427,40,6,279,23,0,0
99,14/09/2026 10:49,54,obligation-state,783,73425,428,41,6,283,23,0,0
100,14/09/2026 10:49,54,obligation-state,774,73425,428,41,6,274,23,0,0
101,14/09/2026 10:49,54,obligation-state,818,73425,437,49,8,299,23,0,0
102,14/09/2026 10:49,54,obligation-state,780,73425,428,41,7,279,22,0,0
103,14/09/2026 10:49,54,obligation-state,791,73425,433,43,6,286,22,0,0
104,14/09/2026 10:49,54,obligation-state,783,73425,432,42,7,279,22,0,0
105,14/09/2026 10:49,54,obligation-state,775,73425,429,40,7,275,22,0,0
106,14/09/2026 10:49,54,obligation-state,777,73425,427,42,7,276,22,0,0
107,14/09/2026 10:49,54,obligation-state,777,73425,428,41,7,277,22,0,0
108,14/09/2026 10:49,54,obligation-state,780,73425,430,40,7,279,23,0,0
109,14/09/2026 10:49,54,obligation-state,785,73425,438,40,7,275,22,0,0
110,14/09/2026 10:49,54,obligation-state,777,73425,430,41,7,275,22,0,0
111,14/09/2026 10:49,54,obligation-state,774,73425,425,42,7,276,22,0,0
112,14/09/2026 10:49,54,obligation-state,777,73425,427,41,7,277,22,0,0
113,14/09/2026 10:49,54,obligation-state,792,73425,426,42,6,293,22,0,0
114,14/09/2026 10:49,54,obligation-state,805,73425,446,52,7,276,22,0,0
115,14/09/2026 10:49,54,obligation-state,785,73425,434,40,6,280,23,0,0
116,14/09/2026 10:49,54,obligation-state,809,73425,427,41,7,308,24,0,0
117,14/09/2026 10:49,54,obligation-state,775,73425,426,41,7,277,22,0,0
118,14/09/2026 10:49,54,obligation-state,777,73425,427,42,6,277,22,0,0
119,14/09/2026 10:49,54,obligation-state,785,73425,431,42,7,280,23,0,0
120,14/09/2026 10:49,54,obligation-state,784,73425,431,42,7,280,22,0,0
121,14/09/2026 10:49,54,obligation-state,782,73425,433,41,7,277,23,0,0
122,14/09/2026 10:49,54,obligation-state,785,73425,433,42,6,279,23,0,0
123,14/09/2026 10:49,54,obligation-state,828,73425,443,48,8,304,23,0,0
124,14/09/2026 10:49,54,obligation-state,804,73425,432,43,7,296,25,0,0
125,14/09/2026 10:49,54,obligation-state,782,73425,429,42,6,279,23,0,0
126,14/09/2026 10:49,54,obligation-state,782,73425,433,41,7,277,23,0,0
127,14/09/2026 10:50,54,obligation-state,777,73425,430,39,7,277,23,0,0
128,14/09/2026 10:50,54,obligation-state,786,73425,438,40,6,277,22,0,0
129,14/09/2026 10:50,54,obligation-state,823,73425,459,55,7,277,23,0,0
130,14/09/2026 10:50,54,obligation-state,780,73425,433,42,6,276,22,0,0
131,14/09/2026 10:50,54,obligation-state,778,73425,429,42,6,276,22,0,0
132,14/09/2026 10:50,54,obligation-state,781,73425,429,41,7,278,22,0,0
133,14/09/2026 10:50,54,obligation-state,788,73425,433,43,7,281,23,0,0
134,14/09/2026 10:50,54,obligation-state,777,73425,429,40,7,276,23,0,0
135,14/09/2026 10:50,54,obligation-state,789,73425,433,42,7,282,22,0,0
136,14/09/2026 10:50,54,obligation-state,817,73425,428,40,7,317,23,0,0
137,14/09/2026 10:50,54,obligation-state,822,73425,429,57,10,302,23,0,0
138,14/09/2026 10:50,54,obligation-state,777,73425,427,40,7,278,22,0,0
139,14/09/2026 10:50,54,obligation-state,777,73425,427,43,7,275,22,0,0
140,14/09/2026 10:50,54,obligation-state,782,73425,432,41,7,278,23,0,0
141,14/09/2026 10:50,54,obligation-state,802,73425,443,50,7,277,22,0,0
142,14/09/2026 10:50,54,obligation-state,778,73425,430,40,7,277,22,0,0
143,14/09/2026 10:50,54,obligation-state,793,73425,433,43,6,287,22,0,0
144,14/09/2026 10:50,54,obligation-state,782,73426,427,42,6,282,22,0,0
145,14/09/2026 10:50,54,obligation-state,776,73425,429,39,7,277,23,0,0
146,14/09/2026 10:50,54,obligation-state,783,73425,429,42,8,279,23,0,0
147,14/09/2026 10:50,54,obligation-state,827,73425,436,50,9,307,23,0,0
148,14/09/2026 10:50,54,obligation-state,774,73425,427,41,7,276,22,0,0
149,14/09/2026 10:50,54,obligation-state,788,73425,440,41,6,277,22,0,0
150,14/09/2026 10:50,54,obligation-state,782,73425,429,42,6,280,23,0,0
151,14/09/2026 10:50,54,obligation-state,776,73425,428,39,7,279,22,0,0
152,14/09/2026 10:50,54,obligation-state,777,73425,426,41,7,278,23,0,0
153,14/09/2026 10:50,54,obligation-state,790,73425,432,44,7,282,22,0,0
154,14/09/2026 10:50,54,obligation-state,778,73425,428,42,6,278,22,0,0
155,14/09/2026 10:50,54,obligation-state,789,73425,438,42,6,279,22,0,0
156,14/09/2026 10:50,54,obligation-state,797,73426,442,43,6,282,22,0,0
157,14/09/2026 10:50,54,obligation-state,801,73425,427,41,7,299,25,0,0
158,14/09/2026 10:50,54,obligation-state,782,73425,431,42,7,278,22,0,0
159,14/09/2026 10:50,54,obligation-state,832,73425,437,49,8,314,23,0,0
160,14/09/2026 10:50,54,obligation-state,774,73425,427,41,7,275,22,0,0
161,14/09/2026 10:50,54,obligation-state,851,73425,449,47,7,323,22,0,0
162,14/09/2026 10:50,54,obligation-state,773,73425,427,41,6,275,22,0,0
163,14/09/2026 10:50,54,obligation-state,775,73425,425,42,6,277,23,0,0
164,14/09/2026 10:50,54,obligation-state,830,73425,460,59,8,280,22,0,0
165,14/09/2026 10:50,54,obligation-state,775,73425,427,41,6,275,23,0,0
166,14/09/2026 10:50,54,obligation-state,784,73425,431,43,7,279,23,0,0
167,14/09/2026 10:50,54,obligation-state,777,73425,426,41,7,279,23,0,0
168,14/09/2026 10:50,54,obligation-state,815,73425,446,52,9,284,22,0,0
169,14/09/2026 10:50,54,obligation-state,775,73425,427,42,7,275,23,0,0
170,14/09/2026 10:50,54,obligation-state,778,73425,430,41,7,277,22,0,0
171,14/09/2026 10:50,54,obligation-state,794,73425,432,42,6,289,23,0,0
172,14/09/2026 10:50,54,obligation-state,783,73425,434,40,7,278,23,0,0
173,14/09/2026 10:50,54,obligation-state,825,73425,432,56,8,304,23,0,0
174,14/09/2026 10:50,54,obligation-state,780,73425,430,41,7,278,23,0,0
175,14/09/2026 10:50,54,obligation-state,786,73425,432,41,7,281,23,0,0
176,14/09/2026 10:50,54,obligation-state,780,73425,429,44,6,277,22,0,0
177,14/09/2026 10:50,54,obligation-state,776,73425,427,41,7,278,22,0,0
178,14/09/2026 10:50,54,obligation-state,803,73425,431,41,7,299,24,0,0
179,14/09/2026 10:50,54,obligation-state,779,73425,425,43,8,277,24,0,0
180,14/09/2026 10:50,54,obligation-state,782,73425,432,40,7,279,23,0,0
181,14/09/2026 10:50,54,obligation-state,775,73425,427,41,7,276,22,0,0
182,14/09/2026 10:50,54,obligation-state,810,73425,433,41,6,305,23,0,0
183,14/09/2026 10:50,54,obligation-state,801,73425,428,42,7,299,23,0,0
184,14/09/2026 10:50,54,obligation-state,823,73425,440,49,7,302,23,0,0
185,14/09/2026 10:50,54,obligation-state,805,73425,452,41,7,280,23,0,0
186,14/09/2026 10:50,54,obligation-state,780,73425,431,41,7,277,22,0,0
187,14/09/2026 10:50,54,obligation-state,860,73425,472,48,10,302,26,0,0
188,14/09/2026 10:50,54,obligation-state,780,73425,431,41,6,277,22,0,0
189,14/09/2026 10:50,54,obligation-state,835,73425,448,50,7,306,23,0,0
190,14/09/2026 10:50,54,obligation-state,813,73425,433,42,7,306,23,0,0
191,14/09/2026 10:50,54,obligation-state,774,73425,426,41,7,276,22,0,0
192,14/09/2026 10:51,54,obligation-state,786,73425,439,40,6,277,22,0,0
193,14/09/2026 10:51,54,obligation-state,790,73425,440,41,7,278,22,0,0
194,14/09/2026 10:51,54,obligation-state,801,73425,428,41,7,298,26,0,0
195,14/09/2026 10:51,54,obligation-state,779,73425,427,43,7,278,22,0,0
196,14/09/2026 10:51,54,obligation-state,778,73425,428,42,6,277,22,0,0
197,14/09/2026 10:51,54,obligation-state,778,73425,430,40,7,277,23,0,0
198,14/09/2026 10:51,54,obligation-state,774,73425,425,41,7,277,22,0,0
199,14/09/2026 10:51,54,obligation-state,794,73425,439,42,6,283,22,0,0
200,14/09/2026 10:51,54,obligation-state,785,73425,433,41,7,279,23,0,0
1,14/09/2026 10:51,63,obligation-state,972,78652,516,119,7,304,23,0,0
2,14/09/2026 10:51,63,obligation-state,797,78652,431,46,7,289,22,0,0
3,14/09/2026 10:51,63,obligation-state,794,78652,439,43,7,280,23,0,0
4,14/09/2026 10:51,63,obligation-state,805,78652,432,58,8,282,23,0,0
5,14/09/2026 10:51,63,obligation-state,787,78652,430,45,7,281,22,0,0
6,14/09/2026 10:51,63,obligation-state,801,78652,418,46,6,306,23,0,0
7,14/09/2026 10:51,63,obligation-state,788,78652,432,44,6,280,23,0,0
8,14/09/2026 10:51,63,obligation-state,793,78652,429,46,8,286,23,0,0
9,14/09/2026 10:51,63,obligation-state,782,78652,426,45,7,280,22,0,0
10,14/09/2026 10:51,63,obligation-state,819,78652,435,44,7,309,23,0,0
11,14/09/2026 10:51,63,obligation-state,821,78652,430,46,7,313,23,0,0
12,14/09/2026 10:51,63,obligation-state,786,78652,429,45,6,281,23,0,0
13,14/09/2026 10:51,63,obligation-state,821,78652,447,52,10,287,23,0,0
14,14/09/2026 10:51,63,obligation-state,797,78652,440,47,6,280,22,0,0
15,14/09/2026 10:51,63,obligation-state,796,78652,434,53,7,278,23,0,0
16,14/09/2026 10:51,63,obligation-state,779,78652,427,44,6,277,22,0,0
17,14/09/2026 10:51,63,obligation-state,833,78652,437,57,8,305,24,0,0
18,14/09/2026 10:51,63,obligation-state,844,78652,444,59,7,308,24,0,0
19,14/09/2026 10:51,63,obligation-state,801,78652,432,56,7,282,23,0,0
20,14/09/2026 10:51,63,obligation-state,784,78652,429,46,6,279,22,0,0
21,14/09/2026 10:51,63,obligation-state,782,78652,428,44,6,279,22,0,0
22,14/09/2026 10:51,63,obligation-state,835,78652,436,59,7,306,23,0,0
23,14/09/2026 10:51,63,obligation-state,801,78652,433,46,6,289,24,0,0
24,14/09/2026 10:51,63,obligation-state,786,78652,430,46,6,279,22,0,0
25,14/09/2026 10:51,63,obligation-state,793,78652,432,45,7,284,23,0,0
26,14/09/2026 10:51,63,obligation-state,798,78652,432,47,6,287,23,0,0
27,14/09/2026 10:51,63,obligation-state,787,78652,431,44,7,280,23,0,0
28,14/09/2026 10:51,63,obligation-state,790,78652,432,45,7,281,23,0,0
29,14/09/2026 10:51,63,obligation-state,823,78652,463,43,6,287,23,0,0
30,14/09/2026 10:51,63,obligation-state,790,78652,431,46,6,283,23,0,0
31,14/09/2026 10:51,63,obligation-state,790,78652,431,46,6,281,23,0,0
32,14/09/2026 10:51,63,obligation-state,786,78652,428,47,7,280,23,0,0
33,14/09/2026 10:51,63,obligation-state,787,78653,427,46,7,282,23,0,0
34,14/09/2026 10:51,63,obligation-state,772,78652,418,44,6,280,23,0,0
35,14/09/2026 10:51,63,obligation-state,785,78652,427,45,7,280,24,0,0
36,14/09/2026 10:51,63,obligation-state,785,78652,428,46,6,280,23,0,0
37,14/09/2026 10:51,63,obligation-state,812,78652,426,47,6,308,23,0,0
38,14/09/2026 10:51,63,obligation-state,785,78652,427,46,7,281,23,0,0
39,14/09/2026 10:51,63,obligation-state,791,78652,435,47,6,278,23,0,0
40,14/09/2026 10:51,63,obligation-state,790,78652,425,45,10,286,22,0,0
41,14/09/2026 10:51,63,obligation-state,783,78652,426,45,6,280,23,0,0
42,14/09/2026 10:51,63,obligation-state,784,78652,426,46,7,281,23,0,0
43,14/09/2026 10:51,63,obligation-state,796,78652,434,45,6,286,23,0,0
44,14/09/2026 10:51,63,obligation-state,799,78652,429,45,7,292,24,0,0
45,14/09/2026 10:51,63,obligation-state,796,78652,431,46,7,288,22,0,0
46,14/09/2026 10:51,63,obligation-state,844,78652,451,56,10,302,23,0,0
47,14/09/2026 10:51,63,obligation-state,799,78652,425,47,6,296,23,0,0
48,14/09/2026 10:51,63,obligation-state,786,78652,429,46,6,279,23,0,0
49,14/09/2026 10:51,63,obligation-state,827,78652,437,51,8,304,25,0,0
50,14/09/2026 10:51,63,obligation-state,832,78652,440,52,8,307,23,0,0
51,14/09/2026 10:51,63,obligation-state,794,78652,439,47,6,278,22,0,0
52,14/09/2026 10:51,63,obligation-state,800,78652,434,47,7,287,23,0,0
53,14/09/2026 10:51,63,obligation-state,819,78652,432,52,10,301,23,0,0
54,14/09/2026 10:51,63,obligation-state,788,78652,431,46,7,280,23,0,0
55,14/09/2026 10:51,63,obligation-state,790,78653,432,46,7,281,23,0,0
56,14/09/2026 10:52,63,obligation-state,803,78652,430,45,6,298,23,0,0
57,14/09/2026 10:52,63,obligation-state,783,78652,427,46,7,279,23,0,0
58,14/09/2026 10:52,63,obligation-state,787,78652,428,45,7,282,23,0,0
59,14/09/2026 10:52,63,obligation-state,807,78652,438,46,7,292,22,0,0
60,14/09/2026 10:52,63,obligation-state,790,78652,432,44,7,283,23,0,0
61,14/09/2026 10:52,63,obligation-state,782,78652,427,44,7,279,22,0,0
62,14/09/2026 10:52,63,obligation-state,788,78652,430,46,7,281,22,0,0
63,14/09/2026 10:52,63,obligation-state,783,78652,424,47,7,281,22,0,0
64,14/09/2026 10:52,63,obligation-state,796,78652,432,48,7,285,23,0,0
65,14/09/2026 10:52,63,obligation-state,792,78652,433,45,6,283,23,0,0
66,14/09/2026 10:52,63,obligation-state,786,78652,430,44,6,281,22,0,0
67,14/09/2026 10:52,63,obligation-state,874,78652,452,54,10,333,23,0,0
68,14/09/2026 10:52,63,obligation-state,803,78652,428,45,6,299,22,0,0
69,14/09/2026 10:52,63,obligation-state,795,78652,438,45,6,281,23,0,0
70,14/09/2026 10:52,63,obligation-state,784,78652,427,44,7,281,23,0,0
71,14/09/2026 10:52,63,obligation-state,793,78652,439,45,6,279,22,0,0
72,14/09/2026 10:52,63,obligation-state,811,78652,433,44,7,302,23,0,0
73,14/09/2026 10:52,63,obligation-state,782,78652,427,45,7,279,22,0,0
74,14/09/2026 10:52,63,obligation-state,787,78652,431,45,7,281,22,0,0
75,14/09/2026 10:52,63,obligation-state,782,78652,427,46,6,279,22,0,0
76,14/09/2026 10:52,63,obligation-state,783,78652,425,45,7,281,22,0,0
77,14/09/2026 10:52,63,obligation-state,780,78653,429,46,7,274,22,0,0
78,14/09/2026 10:52,63,obligation-state,779,78652,425,45,6,279,22,0,0
79,14/09/2026 10:52,63,obligation-state,789,78652,431,46,6,281,23,0,0
80,14/09/2026 10:52,63,obligation-state,781,78652,427,44,6,279,22,0,0
81,14/09/2026 10:52,63,obligation-state,817,78652,427,46,8,310,24,0,0
82,14/09/2026 10:52,63,obligation-state,796,78652,425,44,7,291,27,0,0
83,14/09/2026 10:52,63,obligation-state,788,78652,427,48,7,282,22,0,0
84,14/09/2026 10:52,63,obligation-state,780,78652,428,46,7,277,22,0,0
85,14/09/2026 10:52,63,obligation-state,799,78652,430,46,6,284,31,0,0
86,14/09/2026 10:52,63,obligation-state,796,78652,434,46,7,284,23,0,0
87,14/09/2026 10:52,63,obligation-state,812,78652,440,51,10,287,23,0,0
88,14/09/2026 10:52,63,obligation-state,781,78652,427,44,6,279,22,0,0
89,14/09/2026 10:52,63,obligation-state,783,78652,426,43,7,281,24,0,0
90,14/09/2026 10:52,63,obligation-state,784,78652,429,45,7,279,22,0,0
91,14/09/2026 10:52,63,obligation-state,794,78652,435,46,6,281,23,0,0
92,14/09/2026 10:52,63,obligation-state,788,78652,431,46,6,280,23,0,0
93,14/09/2026 10:52,63,obligation-state,827,78652,430,58,10,304,23,0,0
94,14/09/2026 10:52,63,obligation-state,794,78652,436,47,6,280,23,0,0
95,14/09/2026 10:52,63,obligation-state,789,78652,431,46,7,281,23,0,0
96,14/09/2026 10:52,63,obligation-state,782,78652,427,44,6,280,23,0,0
97,14/09/2026 10:52,63,obligation-state,793,78652,432,46,7,283,23,0,0
98,14/09/2026 10:52,63,obligation-state,783,78652,428,45,7,280,22,0,0
99,14/09/2026 10:52,63,obligation-state,790,78652,431,47,7,281,23,0,0
100,14/09/2026 10:52,63,obligation-state,791,78652,432,46,7,282,22,0,0
101,14/09/2026 10:52,63,obligation-state,793,78652,431,47,6,284,22,0,0
102,14/09/2026 10:52,63,obligation-state,783,78652,426,46,6,279,23,0,0
103,14/09/2026 10:52,63,obligation-state,831,78652,442,52,8,303,24,0,0
104,14/09/2026 10:52,63,obligation-state,790,78652,433,45,6,281,23,0,0
105,14/09/2026 10:52,63,obligation-state,790,78652,432,43,7,283,23,0,0
106,14/09/2026 10:52,63,obligation-state,781,78652,427,44,7,279,23,0,0
107,14/09/2026 10:52,63,obligation-state,815,78652,431,45,6,310,22,0,0
108,14/09/2026 10:52,63,obligation-state,784,78652,428,45,6,279,23,0,0
109,14/09/2026 10:52,63,obligation-state,800,78652,443,47,6,280,22,0,0
110,14/09/2026 10:52,63,obligation-state,781,78652,428,44,7,278,22,0,0
111,14/09/2026 10:52,63,obligation-state,836,78652,450,62,7,290,25,0,0
112,14/09/2026 10:52,63,obligation-state,789,78652,427,53,7,278,22,0,0
113,14/09/2026 10:52,63,obligation-state,796,78652,440,45,7,279,23,0,0
114,14/09/2026 10:52,63,obligation-state,784,78652,428,45,6,280,23,0,0
115,14/09/2026 10:52,63,obligation-state,791,78652,433,45,6,282,23,0,0
116,14/09/2026 10:52,63,obligation-state,805,78652,437,57,7,280,23,0,0
117,14/09/2026 10:52,63,obligation-state,797,78652,427,47,6,292,23,0,0
118,14/09/2026 10:52,63,obligation-state,790,78652,430,46,6,282,23,0,0
119,14/09/2026 10:52,63,obligation-state,811,78652,428,45,7,306,23,0,0
120,14/09/2026 10:52,63,obligation-state,801,78652,431,45,7,291,26,0,0
121,14/09/2026 10:52,63,obligation-state,792,78652,437,43,7,280,23,0,0
122,14/09/2026 10:53,63,obligation-state,836,78652,428,60,9,314,23,0,0
123,14/09/2026 10:53,63,obligation-state,789,78652,427,47,6,284,23,0,0
124,14/09/2026 10:53,63,obligation-state,800,78652,441,45,7,282,22,0,0
125,14/09/2026 10:53,63,obligation-state,803,78652,441,46,6,284,23,0,0
126,14/09/2026 10:53,63,obligation-state,811,78652,449,52,7,279,23,0,0
127,14/09/2026 10:53,63,obligation-state,781,78652,425,46,6,279,23,0,0
128,14/09/2026 10:53,63,obligation-state,781,78652,426,45,7,278,22,0,0
129,14/09/2026 10:53,63,obligation-state,781,78652,424,47,6,278,23,0,0
130,14/09/2026 10:53,63,obligation-state,807,78652,437,51,8,287,23,0,0
131,14/09/2026 10:53,63,obligation-state,816,78652,433,51,7,301,23,0,0
132,14/09/2026 10:53,63,obligation-state,798,78652,442,45,7,280,23,0,0
133,14/09/2026 10:53,63,obligation-state,813,78652,428,47,7,306,23,0,0
134,14/09/2026 10:53,63,obligation-state,786,78652,427,46,7,282,22,0,0
135,14/09/2026 10:53,63,obligation-state,815,78652,431,46,7,306,22,0,0
136,14/09/2026 10:53,63,obligation-state,800,78652,432,48,7,288,24,0,0
137,14/09/2026 10:53,63,obligation-state,793,78652,432,51,6,279,22,0,0
138,14/09/2026 10:53,63,obligation-state,782,78652,428,44,6,279,22,0,0
139,14/09/2026 10:53,63,obligation-state,790,78652,433,45,7,281,23,0,0
140,14/09/2026 10:53,63,obligation-state,784,78652,429,45,6,280,22,0,0
141,14/09/2026 10:53,63,obligation-state,793,78652,433,48,7,281,23,0,0
142,14/09/2026 10:53,63,obligation-state,795,78652,434,46,7,284,23,0,0
143,14/09/2026 10:53,63,obligation-state,784,78652,426,45,6,282,23,0,0
144,14/09/2026 10:53,63,obligation-state,792,78652,434,46,6,281,23,0,0
145,14/09/2026 10:53,63,obligation-state,781,78652,425,46,6,279,22,0,0
146,14/09/2026 10:53,63,obligation-state,813,78652,435,44,6,301,25,0,0
147,14/09/2026 10:53,63,obligation-state,784,78652,429,43,7,280,23,0,0
148,14/09/2026 10:53,63,obligation-state,821,78652,440,58,10,289,23,0,0
149,14/09/2026 10:53,63,obligation-state,787,78652,427,46,6,283,23,0,0
150,14/09/2026 10:53,63,obligation-state,793,78652,434,46,6,282,23,0,0
151,14/09/2026 10:53,63,obligation-state,789,78652,432,43,7,283,22,0,0
152,14/09/2026 10:53,63,obligation-state,796,78652,432,44,7,289,23,0,0
153,14/09/2026 10:53,63,obligation-state,824,78652,432,50,7,309,24,0,0
154,14/09/2026 10:53,63,obligation-state,801,78652,434,46,7,291,22,0,0
155,14/09/2026 10:53,63,obligation-state,852,78652,441,52,10,325,22,0,0
156,14/09/2026 10:53,63,obligation-state,796,78652,438,46,7,281,23,0,0
157,14/09/2026 10:53,63,obligation-state,808,78652,426,45,6,306,23,0,0
158,14/09/2026 10:53,63,obligation-state,785,78652,429,45,7,280,23,0,0
159,14/09/2026 10:53,63,obligation-state,816,78652,439,52,8,290,24,0,0
160,14/09/2026 10:53,63,obligation-state,783,78652,427,43,7,281,23,0,0
161,14/09/2026 10:53,63,obligation-state,789,78652,429,45,6,284,23,0,0
162,14/09/2026 10:53,63,obligation-state,824,78652,429,54,9,307,23,0,0
163,14/09/2026 10:53,63,obligation-state,789,78652,428,45,7,285,23,0,0
164,14/09/2026 10:53,63,obligation-state,791,78652,430,44,6,287,23,0,0
165,14/09/2026 10:53,63,obligation-state,784,78652,429,46,6,279,23,0,0
166,14/09/2026 10:53,63,obligation-state,799,78652,430,45,7,292,23,0,0
167,14/09/2026 10:53,63,obligation-state,791,78652,432,47,6,281,22,0,0
168,14/09/2026 10:53,63,obligation-state,799,78652,444,45,6,280,22,0,0
169,14/09/2026 10:53,63,obligation-state,817,78652,441,51,9,290,23,0,0
170,14/09/2026 10:53,63,obligation-state,793,78652,434,47,7,281,22,0,0
171,14/09/2026 10:53,63,obligation-state,788,78652,432,46,6,279,23,0,0
172,14/09/2026 10:53,63,obligation-state,783,78652,428,45,7,279,23,0,0
173,14/09/2026 10:53,63,obligation-state,795,78652,436,45,7,282,23,0,0
174,14/09/2026 10:53,63,obligation-state,857,78652,456,52,7,318,22,0,0
175,14/09/2026 10:53,63,obligation-state,789,78652,429,48,7,281,22,0,0
176,14/09/2026 10:53,63,obligation-state,786,78652,428,45,6,281,23,0,0
177,14/09/2026 10:53,63,obligation-state,789,78652,430,46,6,282,22,0,0
178,14/09/2026 10:53,63,obligation-state,796,78652,436,47,7,282,23,0,0
179,14/09/2026 10:53,63,obligation-state,788,78652,430,44,7,281,23,0,0
180,14/09/2026 10:53,63,obligation-state,790,78652,433,45,6,281,23,0,0
181,14/09/2026 10:53,63,obligation-state,835,78652,440,56,10,305,22,0,0
182,14/09/2026 10:53,63,obligation-state,793,78652,439,43,7,280,22,0,0
183,14/09/2026 10:53,63,obligation-state,785,78652,428,47,7,279,22,0,0
184,14/09/2026 10:53,63,obligation-state,781,78652,426,44,7,279,22,0,0
185,14/09/2026 10:53,63,obligation-state,840,78652,443,52,7,311,25,0,0
186,14/09/2026 10:53,63,obligation-state,784,78652,430,45,7,278,22,0,0
187,14/09/2026 10:54,63,obligation-state,777,78652,422,48,6,277,23,0,0
188,14/09/2026 10:54,63,obligation-state,846,78652,443,61,10,308,22,0,0
189,14/09/2026 10:54,63,obligation-state,779,78652,425,44,7,278,23,0,0
190,14/09/2026 10:54,63,obligation-state,815,78652,452,54,7,279,22,0,0
191,14/09/2026 10:54,63,obligation-state,824,78652,432,52,6,308,23,0,0
192,14/09/2026 10:54,63,obligation-state,781,78652,426,46,6,278,22,0,0
193,14/09/2026 10:54,63,obligation-state,838,78652,434,63,9,308,23,0,0
194,14/09/2026 10:54,63,obligation-state,784,78652,427,45,6,280,23,0,0
195,14/09/2026 10:54,63,obligation-state,783,78652,427,45,7,280,22,0,0
196,14/09/2026 10:54,63,obligation-state,784,78652,429,45,7,279,22,0,0
197,14/09/2026 10:54,63,obligation-state,779,78652,426,45,7,278,22,0,0
198,14/09/2026 10:54,63,obligation-state,791,78652,430,46,6,283,22,0,0
199,14/09/2026 10:54,63,obligation-state,794,78652,440,45,6,278,22,0,0
200,14/09/2026 10:54,63,obligation-state,786,78652,430,45,7,280,23,0,0
1,14/09/2026 10:54,72,obligation-state,935,78652,519,88,7,297,23,0,0
2,14/09/2026 10:54,72,obligation-state,849,78652,454,54,8,308,23,0,0
3,14/09/2026 10:54,72,obligation-state,788,78652,429,48,7,279,22,0,0
4,14/09/2026 10:54,72,obligation-state,813,78652,439,56,7,287,23,0,0
5,14/09/2026 10:54,72,obligation-state,847,78652,441,57,8,316,24,0,0
6,14/09/2026 10:54,72,obligation-state,795,78652,431,49,6,284,23,0,0
7,14/09/2026 10:54,72,obligation-state,814,78652,434,51,7,292,29,0,0
8,14/09/2026 10:54,72,obligation-state,809,78652,429,48,7,301,23,0,0
9,14/09/2026 10:54,72,obligation-state,801,78652,438,49,7,282,23,0,0
10,14/09/2026 10:54,72,obligation-state,789,78652,426,49,7,283,23,0,0
11,14/09/2026 10:54,72,obligation-state,800,78652,435,53,7,281,22,0,0
12,14/09/2026 10:54,72,obligation-state,786,78652,425,49,7,280,23,0,0
13,14/09/2026 10:54,72,obligation-state,811,78652,434,48,7,296,25,0,0
14,14/09/2026 10:54,72,obligation-state,789,78652,428,50,7,280,23,0,0
15,14/09/2026 10:54,72,obligation-state,831,78652,436,48,7,316,23,0,0
16,14/09/2026 10:54,72,obligation-state,846,78652,471,59,8,284,23,0,0
17,14/09/2026 10:54,72,obligation-state,840,78652,445,62,10,298,23,0,0
18,14/09/2026 10:54,72,obligation-state,791,78653,426,50,7,283,23,0,0
19,14/09/2026 10:54,72,obligation-state,801,78652,433,49,7,286,24,0,0
20,14/09/2026 10:54,72,obligation-state,855,78652,444,65,8,313,24,0,0
21,14/09/2026 10:54,72,obligation-state,792,78652,431,49,6,282,22,0,0
22,14/09/2026 10:54,72,obligation-state,792,78652,430,48,7,282,24,0,0
23,14/09/2026 10:54,72,obligation-state,845,78652,437,56,8,319,23,0,0
24,14/09/2026 10:54,72,obligation-state,782,78652,424,49,7,277,23,0,0
25,14/09/2026 10:54,72,obligation-state,783,78652,427,45,7,281,23,0,0
26,14/09/2026 10:54,72,obligation-state,785,78652,426,49,7,279,22,0,0
27,14/09/2026 10:54,72,obligation-state,814,78652,429,49,7,305,23,0,0
28,14/09/2026 10:54,72,obligation-state,786,78652,425,50,6,280,22,0,0
29,14/09/2026 10:54,72,obligation-state,858,78652,441,67,8,317,23,0,0
30,14/09/2026 10:54,72,obligation-state,789,78652,430,47,7,281,22,0,0
31,14/09/2026 10:54,72,obligation-state,787,78652,427,49,7,279,23,0,0
32,14/09/2026 10:54,72,obligation-state,788,78652,428,48,7,281,23,0,0
33,14/09/2026 10:54,72,obligation-state,790,78652,428,49,7,282,23,0,0
34,14/09/2026 10:54,72,obligation-state,789,78652,426,49,6,283,23,0,0
35,14/09/2026 10:54,72,obligation-state,790,78652,429,48,7,281,23,0,0
36,14/09/2026 10:54,72,obligation-state,793,78652,428,49,7,285,23,0,0
37,14/09/2026 10:54,72,obligation-state,793,78652,431,49,7,281,23,0,0
38,14/09/2026 10:54,72,obligation-state,889,78652,447,61,10,346,24,0,0
39,14/09/2026 10:54,72,obligation-state,818,78652,448,50,7,288,24,0,0
40,14/09/2026 10:54,72,obligation-state,788,78652,427,49,7,281,23,0,0
41,14/09/2026 10:54,72,obligation-state,790,78652,428,49,7,281,23,0,0
42,14/09/2026 10:54,72,obligation-state,801,78652,429,48,7,292,24,0,0
43,14/09/2026 10:54,72,obligation-state,784,78652,428,47,7,278,22,0,0
44,14/09/2026 10:54,72,obligation-state,801,78652,442,49,7,279,22,0,0
45,14/09/2026 10:54,72,obligation-state,786,78652,426,49,7,280,22,0,0
46,14/09/2026 10:54,72,obligation-state,788,78652,426,50,6,281,23,0,0
47,14/09/2026 10:54,72,obligation-state,794,78652,430,50,7,283,22,0,0
48,14/09/2026 10:54,72,obligation-state,799,78652,430,50,7,287,23,0,0
49,14/09/2026 10:54,72,obligation-state,840,78652,440,54,8,314,23,0,0
50,14/09/2026 10:55,72,obligation-state,790,78652,427,48,7,280,27,0,0
51,14/09/2026 10:55,72,obligation-state,822,78652,427,48,7,314,23,0,0
52,14/09/2026 10:55,72,obligation-state,785,78652,426,48,7,279,22,0,0
53,14/09/2026 10:55,72,obligation-state,794,78652,429,50,7,284,23,0,0
54,14/09/2026 10:55,72,obligation-state,862,78652,459,58,8,311,23,0,0
55,14/09/2026 10:55,72,obligation-state,795,78652,433,49,7,281,23,0,0
56,14/09/2026 10:55,72,obligation-state,790,78652,428,50,7,280,23,0,0
57,14/09/2026 10:55,72,obligation-state,790,78652,427,49,6,283,23,0,0
58,14/09/2026 10:55,72,obligation-state,799,78652,439,47,7,282,23,0,0
59,14/09/2026 10:55,72,obligation-state,788,78652,427,49,6,281,23,0,0
60,14/09/2026 10:55,72,obligation-state,788,78652,427,50,6,280,23,0,0
61,14/09/2026 10:55,72,obligation-state,787,78652,427,49,6,281,23,0,0
62,14/09/2026 10:55,72,obligation-state,811,78652,428,49,7,303,23,0,0
63,14/09/2026 10:55,72,obligation-state,785,78652,426,48,7,279,23,0,0
64,14/09/2026 10:55,72,obligation-state,786,78652,425,48,7,282,22,0,0
65,14/09/2026 10:55,72,obligation-state,817,78652,439,58,9,286,23,0,0
66,14/09/2026 10:55,72,obligation-state,804,78652,430,49,14,286,23,0,0
67,14/09/2026 10:55,72,obligation-state,855,78652,459,47,7,317,23,0,0
68,14/09/2026 10:55,72,obligation-state,800,78652,430,50,6,289,23,0,0
69,14/09/2026 10:55,72,obligation-state,793,78652,432,47,6,283,23,0,0
70,14/09/2026 10:55,72,obligation-state,789,78652,430,47,7,281,22,0,0
71,14/09/2026 10:55,72,obligation-state,785,78652,427,48,7,279,23,0,0
72,14/09/2026 10:55,72,obligation-state,791,78652,429,48,7,283,23,0,0
73,14/09/2026 10:55,72,obligation-state,791,78652,430,48,7,282,23,0,0
74,14/09/2026 10:55,72,obligation-state,833,78652,432,50,7,319,23,0,0
75,14/09/2026 10:55,72,obligation-state,787,78652,427,48,7,280,23,0,0
76,14/09/2026 10:55,72,obligation-state,791,78652,430,48,7,281,23,0,0
77,14/09/2026 10:55,72,obligation-state,788,78652,429,46,7,281,23,0,0
78,14/09/2026 10:55,72,obligation-state,815,78652,425,48,7,308,25,0,0
79,14/09/2026 10:55,72,obligation-state,787,78652,428,47,7,280,23,0,0
80,14/09/2026 10:55,72,obligation-state,869,78652,458,56,8,317,28,0,0
81,14/09/2026 10:55,72,obligation-state,787,78652,427,47,7,281,23,0,0
82,14/09/2026 10:55,72,obligation-state,808,78652,425,49,7,297,29,0,0
83,14/09/2026 10:55,72,obligation-state,806,78652,433,59,7,282,23,0,0
84,14/09/2026 10:55,72,obligation-state,790,78652,430,50,7,279,22,0,0
85,14/09/2026 10:55,72,obligation-state,786,78652,425,49,6,281,23,0,0
86,14/09/2026 10:55,72,obligation-state,795,78652,431,50,7,283,23,0,0
87,14/09/2026 10:55,72,obligation-state,787,78652,426,49,7,281,23,0,0
88,14/09/2026 10:55,72,obligation-state,819,78652,438,51,7,299,23,0,0
89,14/09/2026 10:55,72,obligation-state,789,78652,426,51,7,280,23,0,0
90,14/09/2026 10:55,72,obligation-state,845,78652,441,57,8,315,23,0,0
91,14/09/2026 10:55,72,obligation-state,788,78652,429,48,7,280,23,0,0
92,14/09/2026 10:55,72,obligation-state,796,78652,431,56,6,279,23,0,0
93,14/09/2026 10:55,72,obligation-state,797,78652,429,48,7,287,23,0,0
94,14/09/2026 10:55,72,obligation-state,790,78652,429,50,7,280,23,0,0
95,14/09/2026 10:55,72,obligation-state,794,78652,432,49,7,282,23,0,0
96,14/09/2026 10:55,72,obligation-state,784,78652,426,47,7,279,23,0,0
97,14/09/2026 10:55,72,obligation-state,848,78652,442,53,8,316,27,0,0
98,14/09/2026 10:55,72,obligation-state,794,78652,429,50,7,283,23,0,0
99,14/09/2026 10:55,72,obligation-state,789,78652,428,47,7,282,23,0,0
100,14/09/2026 10:55,72,obligation-state,793,78652,430,50,6,282,23,0,0
101,14/09/2026 10:55,72,obligation-state,789,78652,426,49,7,282,23,0,0
102,14/09/2026 10:55,72,obligation-state,852,78652,428,49,7,340,26,0,0
103,14/09/2026 10:55,72,obligation-state,799,78652,434,50,7,283,23,0,0
104,14/09/2026 10:55,72,obligation-state,790,78652,429,50,6,281,23,0,0
105,14/09/2026 10:55,72,obligation-state,790,78652,426,49,7,283,23,0,0
106,14/09/2026 10:55,72,obligation-state,786,78652,429,47,7,278,23,0,0
107,14/09/2026 10:55,72,obligation-state,793,78652,431,49,7,282,23,0,0
108,14/09/2026 10:55,72,obligation-state,821,78652,430,48,6,313,23,0,0
109,14/09/2026 10:55,72,obligation-state,783,78652,426,48,6,278,23,0,0
110,14/09/2026 10:55,72,obligation-state,789,78652,426,49,6,282,24,0,0
111,14/09/2026 10:55,72,obligation-state,801,78652,439,49,7,281,23,0,0
112,14/09/2026 10:55,72,obligation-state,785,78652,426,48,6,280,23,0,0
113,14/09/2026 10:55,72,obligation-state,792,78652,428,48,7,284,23,0,0
114,14/09/2026 10:55,72,obligation-state,785,78652,426,50,7,279,23,0,0
115,14/09/2026 10:56,72,obligation-state,827,78652,447,56,9,291,23,0,0
116,14/09/2026 10:56,72,obligation-state,786,78652,427,47,7,280,23,0,0
117,14/09/2026 10:56,72,obligation-state,787,78652,427,49,6,280,23,0,0
118,14/09/2026 10:56,72,obligation-state,789,78652,427,49,7,281,23,0,0
119,14/09/2026 10:56,72,obligation-state,785,78652,424,48,7,280,23,0,0
120,14/09/2026 10:56,72,obligation-state,801,78652,434,51,7,284,23,0,0
121,14/09/2026 10:56,72,obligation-state,837,78652,444,65,10,294,23,0,0
122,14/09/2026 10:56,72,obligation-state,836,78652,435,49,7,319,25,0,0
123,14/09/2026 10:56,72,obligation-state,787,78652,426,48,7,281,23,0,0
124,14/09/2026 10:56,72,obligation-state,791,78652,430,48,7,282,23,0,0
125,14/09/2026 10:56,72,obligation-state,823,78652,426,49,6,316,24,0,0
126,14/09/2026 10:56,72,obligation-state,787,78652,427,46,7,282,23,0,0
127,14/09/2026 10:56,72,obligation-state,826,78652,443,61,10,286,23,0,0
128,14/09/2026 10:56,72,obligation-state,791,78652,428,49,6,282,23,0,0
129,14/09/2026 10:56,72,obligation-state,783,78652,426,48,7,277,23,0,0
130,14/09/2026 10:56,72,obligation-state,786,78652,425,49,6,281,22,0,0
131,14/09/2026 10:56,72,obligation-state,805,78652,427,50,6,296,24,0,0
132,14/09/2026 10:56,72,obligation-state,794,78652,432,48,7,283,22,0,0
133,14/09/2026 10:56,72,obligation-state,798,78652,436,49,7,282,23,0,0
134,14/09/2026 10:56,72,obligation-state,794,78652,430,49,7,283,22,0,0
135,14/09/2026 10:56,72,obligation-state,789,78652,429,48,7,281,23,0,0
136,14/09/2026 10:56,72,obligation-state,788,78652,428,49,7,280,23,0,0
137,14/09/2026 10:56,72,obligation-state,838,78652,433,52,8,319,24,0,0
138,14/09/2026 10:56,72,obligation-state,788,78652,426,50,7,281,23,0,0
139,14/09/2026 10:56,72,obligation-state,808,78652,428,50,6,298,24,0,0
140,14/09/2026 10:56,72,obligation-state,851,78652,444,56,8,317,24,0,0
141,14/09/2026 10:56,72,obligation-state,787,78652,426,48,6,282,23,0,0
142,14/09/2026 10:56,72,obligation-state,786,78652,428,46,7,279,23,0,0
143,14/09/2026 10:56,72,obligation-state,814,78652,429,48,6,305,24,0,0
144,14/09/2026 10:56,72,obligation-state,790,78652,428,49,7,282,23,0,0
145,14/09/2026 10:56,72,obligation-state,827,78652,443,56,7,296,23,0,0
146,14/09/2026 10:56,72,obligation-state,805,78652,429,48,7,296,23,0,0
147,14/09/2026 10:56,72,obligation-state,793,78652,430,49,7,283,23,0,0
148,14/09/2026 10:56,72,obligation-state,787,78652,426,50,7,280,22,0,0
149,14/09/2026 10:56,72,obligation-state,840,78652,455,66,8,286,24,0,0
150,14/09/2026 10:56,72,obligation-state,877,78652,465,58,9,321,23,0,0
151,14/09/2026 10:56,72,obligation-state,834,78652,446,57,9,298,23,0,0
152,14/09/2026 10:56,72,obligation-state,813,78652,432,48,7,301,23,0,0
153,14/09/2026 10:56,72,obligation-state,815,78652,449,50,7,284,23,0,0
154,14/09/2026 10:56,72,obligation-state,825,78652,445,55,8,292,23,0,0
155,14/09/2026 10:56,72,obligation-state,835,78652,453,61,8,288,23,0,0
156,14/09/2026 10:56,72,obligation-state,796,78652,431,50,7,283,23,0,0
157,14/09/2026 10:56,72,obligation-state,817,78652,426,48,7,308,26,0,0
158,14/09/2026 10:56,72,obligation-state,789,78652,427,49,7,281,23,0,0
159,14/09/2026 10:56,72,obligation-state,848,78652,465,62,9,287,23,0,0
160,14/09/2026 10:56,72,obligation-state,787,78652,427,48,7,281,23,0,0
161,14/09/2026 10:56,72,obligation-state,834,78652,428,53,9,307,34,0,0
162,14/09/2026 10:56,72,obligation-state,786,78652,428,49,7,277,23,0,0
163,14/09/2026 10:56,72,obligation-state,786,78652,428,48,7,279,23,0,0
164,14/09/2026 10:56,72,obligation-state,790,78652,429,49,6,280,23,0,0
165,14/09/2026 10:56,72,obligation-state,786,78652,428,48,7,279,23,0,0
166,14/09/2026 10:56,72,obligation-state,788,78652,429,48,7,279,23,0,0
167,14/09/2026 10:56,72,obligation-state,785,78652,427,49,6,279,23,0,0
168,14/09/2026 10:56,72,obligation-state,865,78652,453,62,9,315,24,0,0
169,14/09/2026 10:56,72,obligation-state,858,78652,451,65,8,308,23,0,0
170,14/09/2026 10:56,72,obligation-state,792,78652,428,48,7,284,23,0,0
171,14/09/2026 10:56,72,obligation-state,832,78652,430,57,8,309,26,0,0
172,14/09/2026 10:56,72,obligation-state,792,78652,430,48,7,282,23,0,0
173,14/09/2026 10:56,72,obligation-state,792,78652,429,50,7,282,23,0,0
174,14/09/2026 10:56,72,obligation-state,804,78652,438,49,7,286,22,0,0
175,14/09/2026 10:56,72,obligation-state,836,78652,456,62,8,286,22,0,0
176,14/09/2026 10:56,72,obligation-state,788,78652,429,49,7,279,23,0,0
177,14/09/2026 10:56,72,obligation-state,785,78652,425,49,6,280,22,0,0
178,14/09/2026 10:56,72,obligation-state,790,78652,432,46,7,281,23,0,0
179,14/09/2026 10:56,72,obligation-state,811,78653,428,48,7,302,24,0,0
180,14/09/2026 10:57,72,obligation-state,785,78652,427,49,7,279,23,0,0
181,14/09/2026 10:57,72,obligation-state,816,78652,427,50,7,305,26,0,0
182,14/09/2026 10:57,72,obligation-state,800,78652,428,49,7,290,23,0,0
183,14/09/2026 10:57,72,obligation-state,793,78652,430,49,7,283,23,0,0
184,14/09/2026 10:57,72,obligation-state,786,78652,423,50,7,282,23,0,0
185,14/09/2026 10:57,72,obligation-state,846,78652,458,61,8,294,23,0,0
186,14/09/2026 10:57,72,obligation-state,831,78652,438,60,7,301,23,0,0
187,14/09/2026 10:57,72,obligation-state,820,78652,436,57,8,294,23,0,0
188,14/09/2026 10:57,72,obligation-state,786,78652,428,48,7,279,23,0,0
189,14/09/2026 10:57,72,obligation-state,786,78652,429,47,7,278,23,0,0
190,14/09/2026 10:57,72,obligation-state,821,78652,457,50,7,282,23,0,0
191,14/09/2026 10:57,72,obligation-state,804,78652,441,49,7,281,23,0,0
192,14/09/2026 10:57,72,obligation-state,809,78652,432,49,6,295,23,0,0
193,14/09/2026 10:57,72,obligation-state,800,78652,435,48,7,285,24,0,0
194,14/09/2026 10:57,72,obligation-state,787,78652,426,49,6,280,23,0,0
195,14/09/2026 10:57,72,obligation-state,794,78652,430,48,6,285,23,0,0
196,14/09/2026 10:57,72,obligation-state,792,78652,427,51,7,282,23,0,0
197,14/09/2026 10:57,72,obligation-state,804,78652,436,49,7,287,23,0,0
198,14/09/2026 10:57,72,obligation-state,788,78652,427,49,7,281,23,0,0
199,14/09/2026 10:57,72,obligation-state,826,78652,433,63,8,297,23,0,0
200,14/09/2026 10:57,72,obligation-state,789,78652,430,48,7,279,23,0,0
1,14/09/2026 11:00,9,regulated-action-state,884,73425,528,47,6,282,19,0,0
2,14/09/2026 11:00,9,regulated-action-state,736,73425,429,15,5,265,19,0,0
3,14/09/2026 11:00,9,regulated-action-state,734,73425,428,14,5,265,19,0,0
4,14/09/2026 11:00,9,regulated-action-state,732,73426,427,15,5,264,19,0,0
5,14/09/2026 11:00,9,regulated-action-state,734,73425,429,15,5,263,19,0,0
6,14/09/2026 11:00,9,regulated-action-state,734,73425,432,15,5,262,19,0,0
7,14/09/2026 11:00,9,regulated-action-state,755,73425,440,14,5,269,24,0,0
8,14/09/2026 11:00,9,regulated-action-state,726,73425,422,15,5,263,19,0,0
9,14/09/2026 11:00,9,regulated-action-state,733,73425,428,15,5,264,19,0,0
10,14/09/2026 11:00,9,regulated-action-state,737,73425,432,15,5,265,19,0,0
11,14/09/2026 11:00,9,regulated-action-state,730,73425,427,15,5,263,19,0,0
12,14/09/2026 11:00,9,regulated-action-state,741,73425,426,15,5,274,18,0,0
13,14/09/2026 11:00,9,regulated-action-state,728,73425,424,14,5,263,19,0,0
14,14/09/2026 11:00,9,regulated-action-state,738,73425,429,15,6,267,19,0,0
15,14/09/2026 11:00,9,regulated-action-state,732,73425,426,15,5,265,19,0,0
16,14/09/2026 11:00,9,regulated-action-state,730,73425,427,15,5,262,19,0,0
17,14/09/2026 11:00,9,regulated-action-state,735,73425,430,14,5,263,19,0,0
18,14/09/2026 11:00,9,regulated-action-state,730,73425,426,14,5,264,19,0,0
19,14/09/2026 11:00,9,regulated-action-state,733,73426,430,14,5,262,20,0,0
20,14/09/2026 11:00,9,regulated-action-state,741,73425,433,14,5,268,19,0,0
21,14/09/2026 11:00,9,regulated-action-state,729,73425,426,15,5,262,19,0,0
22,14/09/2026 11:00,9,regulated-action-state,734,73425,429,15,6,262,20,0,0
23,14/09/2026 11:00,9,regulated-action-state,734,73425,429,15,5,264,19,0,0
24,14/09/2026 11:00,9,regulated-action-state,725,73425,422,14,5,264,19,0,0
25,14/09/2026 11:00,9,regulated-action-state,755,73425,433,17,6,277,19,0,0
26,14/09/2026 11:00,9,regulated-action-state,772,73425,436,20,7,288,20,0,0
27,14/09/2026 11:00,9,regulated-action-state,771,73425,452,16,5,276,20,0,0
28,14/09/2026 11:00,9,regulated-action-state,732,73425,427,15,5,263,20,0,0
29,14/09/2026 11:00,9,regulated-action-state,728,73425,424,15,5,263,19,0,0
30,14/09/2026 11:00,9,regulated-action-state,735,73425,430,15,5,263,21,0,0
31,14/09/2026 11:00,9,regulated-action-state,727,73425,427,14,5,259,19,0,0
32,14/09/2026 11:00,9,regulated-action-state,776,73425,449,20,5,280,20,0,0
33,14/09/2026 11:00,9,regulated-action-state,757,73425,428,18,5,285,19,0,0
34,14/09/2026 11:00,9,regulated-action-state,718,73425,422,14,5,256,18,0,0
35,14/09/2026 11:00,9,regulated-action-state,728,73425,426,14,5,261,20,0,0
36,14/09/2026 11:00,9,regulated-action-state,736,73425,431,15,6,263,20,0,0
37,14/09/2026 11:00,9,regulated-action-state,731,73425,429,14,5,262,19,0,0
38,14/09/2026 11:00,9,regulated-action-state,730,73425,427,15,5,261,19,0,0
39,14/09/2026 11:01,9,regulated-action-state,733,73425,428,15,5,265,18,0,0
40,14/09/2026 11:01,9,regulated-action-state,772,73425,426,15,5,305,20,0,0
41,14/09/2026 11:01,9,regulated-action-state,734,73425,430,15,5,263,20,0,0
42,14/09/2026 11:01,9,regulated-action-state,736,73425,429,15,6,267,18,0,0
43,14/09/2026 11:01,9,regulated-action-state,729,73425,426,15,5,262,19,0,0
44,14/09/2026 11:01,9,regulated-action-state,783,73425,448,19,6,288,20,0,0
45,14/09/2026 11:01,9,regulated-action-state,729,73425,427,15,5,262,19,0,0
46,14/09/2026 11:01,9,regulated-action-state,743,73425,435,18,6,262,20,0,0
47,14/09/2026 11:01,9,regulated-action-state,731,73425,428,15,5,262,19,0,0
48,14/09/2026 11:01,9,regulated-action-state,734,73425,431,15,5,262,19,0,0
49,14/09/2026 11:01,9,regulated-action-state,731,73425,428,15,5,262,19,0,0
50,14/09/2026 11:01,9,regulated-action-state,731,73425,425,14,5,266,18,0,0
51,14/09/2026 11:01,9,regulated-action-state,731,73427,427,15,5,263,19,0,0
52,14/09/2026 11:01,9,regulated-action-state,792,73425,439,22,6,301,23,0,0
53,14/09/2026 11:01,9,regulated-action-state,733,73425,427,15,5,264,19,0,0
54,14/09/2026 11:01,9,regulated-action-state,740,73425,432,15,5,266,19,0,0
55,14/09/2026 11:01,9,regulated-action-state,737,73425,427,14,5,264,25,0,0
56,14/09/2026 11:01,9,regulated-action-state,727,73425,427,15,5,260,19,0,0
57,14/09/2026 11:01,9,regulated-action-state,730,73425,429,14,5,261,19,0,0
58,14/09/2026 11:01,9,regulated-action-state,771,73425,441,17,5,280,26,0,0
59,14/09/2026 11:01,9,regulated-action-state,728,73425,427,14,6,260,19,0,0
60,14/09/2026 11:01,9,regulated-action-state,778,73425,437,19,5,296,19,0,0
61,14/09/2026 11:01,9,regulated-action-state,727,73425,423,14,5,263,19,0,0
62,14/09/2026 11:01,9,regulated-action-state,745,73425,432,15,5,271,20,0,0
63,14/09/2026 11:01,9,regulated-action-state,729,73425,427,14,5,263,19,0,0
64,14/09/2026 11:01,9,regulated-action-state,731,73425,427,14,5,263,20,0,0
65,14/09/2026 11:01,9,regulated-action-state,728,73425,428,14,5,259,19,0,0
66,14/09/2026 11:01,9,regulated-action-state,784,73425,452,16,5,290,19,0,0
67,14/09/2026 11:01,9,regulated-action-state,740,73425,440,13,5,261,19,0,0
68,14/09/2026 11:01,9,regulated-action-state,758,73425,430,15,5,287,19,0,0
69,14/09/2026 11:01,9,regulated-action-state,732,73425,428,15,5,264,19,0,0
70,14/09/2026 11:01,9,regulated-action-state,753,73425,442,22,7,262,18,0,0
71,14/09/2026 11:01,9,regulated-action-state,732,73425,427,14,6,263,19,0,0
72,14/09/2026 11:01,9,regulated-action-state,738,73425,437,15,5,261,18,0,0
73,14/09/2026 11:01,9,regulated-action-state,761,73425,434,16,5,284,20,0,0
74,14/09/2026 11:01,9,regulated-action-state,736,73425,429,15,5,265,19,0,0
75,14/09/2026 11:01,9,regulated-action-state,739,73425,435,14,5,263,19,0,0
76,14/09/2026 11:01,9,regulated-action-state,744,73425,435,14,5,267,20,0,0
77,14/09/2026 11:01,9,regulated-action-state,730,73426,429,14,5,260,19,0,0
78,14/09/2026 11:01,9,regulated-action-state,741,73425,434,15,5,265,19,0,0
79,14/09/2026 11:01,9,regulated-action-state,734,73425,429,17,6,260,19,0,0
80,14/09/2026 11:01,9,regulated-action-state,746,73425,427,16,5,277,19,0,0
81,14/09/2026 11:01,9,regulated-action-state,733,73425,430,14,5,263,19,0,0
82,14/09/2026 11:01,9,regulated-action-state,736,73425,432,14,5,263,19,0,0
83,14/09/2026 11:01,9,regulated-action-state,730,73425,427,14,5,263,19,0,0
84,14/09/2026 11:01,9,regulated-action-state,728,73425,426,15,5,260,19,0,0
85,14/09/2026 11:01,9,regulated-action-state,742,73426,431,15,5,271,18,0,0
86,14/09/2026 11:01,9,regulated-action-state,732,73425,429,14,5,263,19,0,0
87,14/09/2026 11:01,9,regulated-action-state,736,73425,429,14,6,266,19,0,0
88,14/09/2026 11:01,9,regulated-action-state,733,73425,429,14,5,263,19,0,0
89,14/09/2026 11:01,9,regulated-action-state,763,73425,447,17,6,272,20,0,0
90,14/09/2026 11:01,9,regulated-action-state,729,73425,426,15,5,261,20,0,0
91,14/09/2026 11:01,9,regulated-action-state,745,73426,440,15,5,265,19,0,0
92,14/09/2026 11:01,9,regulated-action-state,734,73425,429,14,6,264,19,0,0
93,14/09/2026 11:01,9,regulated-action-state,734,73425,429,14,5,264,20,0,0
94,14/09/2026 11:01,9,regulated-action-state,730,73425,427,14,5,262,19,0,0
95,14/09/2026 11:01,9,regulated-action-state,731,73425,427,15,5,262,20,0,0
96,14/09/2026 11:01,9,regulated-action-state,735,73425,428,15,5,266,19,0,0
97,14/09/2026 11:01,9,regulated-action-state,795,73425,482,25,8,259,19,0,0
98,14/09/2026 11:01,9,regulated-action-state,730,73426,426,14,5,263,19,0,0
99,14/09/2026 11:01,9,regulated-action-state,741,73425,432,14,5,269,19,0,0
100,14/09/2026 11:01,9,regulated-action-state,734,73425,428,15,5,264,19,0,0
101,14/09/2026 11:01,9,regulated-action-state,734,73425,430,15,5,264,19,0,0
102,14/09/2026 11:01,9,regulated-action-state,764,73425,432,15,5,290,19,0,0
103,14/09/2026 11:01,9,regulated-action-state,732,73425,429,15,5,263,20,0,0
104,14/09/2026 11:01,9,regulated-action-state,751,73425,428,15,6,279,21,0,0
105,14/09/2026 11:01,9,regulated-action-state,730,73425,426,15,5,263,19,0,0
106,14/09/2026 11:01,9,regulated-action-state,732,73425,429,15,5,262,19,0,0
107,14/09/2026 11:01,9,regulated-action-state,755,73425,446,17,5,266,19,0,0
108,14/09/2026 11:01,9,regulated-action-state,729,73425,425,15,5,263,19,0,0
109,14/09/2026 11:01,9,regulated-action-state,744,73425,427,14,5,275,20,0,0
110,14/09/2026 11:02,9,regulated-action-state,749,73425,430,16,5,277,20,0,0
111,14/09/2026 11:02,9,regulated-action-state,739,73425,432,15,6,265,19,0,0
112,14/09/2026 11:02,9,regulated-action-state,739,73425,431,15,5,267,19,0,0
113,14/09/2026 11:02,9,regulated-action-state,759,73425,452,15,5,266,19,0,0
114,14/09/2026 11:02,9,regulated-action-state,734,73425,430,15,5,264,19,0,0
115,14/09/2026 11:02,9,regulated-action-state,766,73425,433,14,5,292,19,0,0
116,14/09/2026 11:02,9,regulated-action-state,726,73425,425,15,5,260,19,0,0
117,14/09/2026 11:02,9,regulated-action-state,730,73425,426,15,5,263,19,0,0
118,14/09/2026 11:02,9,regulated-action-state,767,73425,448,17,5,275,20,0,0
119,14/09/2026 11:02,9,regulated-action-state,765,73425,448,18,5,273,19,0,0
120,14/09/2026 11:02,9,regulated-action-state,745,73425,430,21,6,266,20,0,0
121,14/09/2026 11:02,9,regulated-action-state,732,73425,426,16,5,264,19,0,0
122,14/09/2026 11:02,9,regulated-action-state,726,73425,425,15,5,260,19,0,0
123,14/09/2026 11:02,9,regulated-action-state,731,73425,428,15,5,261,19,0,0
124,14/09/2026 11:02,9,regulated-action-state,741,73425,436,14,5,264,19,0,0
125,14/09/2026 11:02,9,regulated-action-state,732,73425,429,14,5,263,19,0,0
126,14/09/2026 11:02,9,regulated-action-state,776,73425,438,20,5,288,24,0,0
127,14/09/2026 11:02,9,regulated-action-state,737,73425,432,15,5,263,20,0,0
128,14/09/2026 11:02,9,regulated-action-state,735,73425,427,18,6,263,19,0,0
129,14/09/2026 11:02,9,regulated-action-state,725,73425,425,14,5,260,19,0,0
130,14/09/2026 11:02,9,regulated-action-state,741,73425,425,14,5,275,19,0,0
131,14/09/2026 11:02,9,regulated-action-state,753,73425,432,14,5,281,19,0,0
132,14/09/2026 11:02,9,regulated-action-state,731,73425,429,15,5,263,18,0,0
133,14/09/2026 11:02,9,regulated-action-state,741,73425,433,15,5,267,19,0,0
134,14/09/2026 11:02,9,regulated-action-state,729,73425,425,15,5,263,19,0,0
135,14/09/2026 11:02,9,regulated-action-state,731,73425,429,15,5,261,19,0,0
136,14/09/2026 11:02,9,regulated-action-state,767,73425,443,16,5,281,19,0,0
137,14/09/2026 11:02,9,regulated-action-state,731,73426,428,14,5,262,19,0,0
138,14/09/2026 11:02,9,regulated-action-state,728,73425,427,14,5,261,19,0,0
139,14/09/2026 11:02,9,regulated-action-state,781,73426,450,18,6,285,20,0,0
140,14/09/2026 11:02,9,regulated-action-state,731,73425,429,14,5,262,19,0,0
141,14/09/2026 11:02,9,regulated-action-state,771,73425,436,22,7,284,20,0,0
142,14/09/2026 11:02,9,regulated-action-state,731,73425,428,16,5,261,20,0,0
143,14/09/2026 11:02,9,regulated-action-state,741,73425,426,14,5,274,20,0,0
144,14/09/2026 11:02,9,regulated-action-state,733,73425,427,15,5,264,19,0,0
145,14/09/2026 11:02,9,regulated-action-state,761,73425,449,18,6,267,19,0,0
146,14/09/2026 11:02,9,regulated-action-state,727,73425,426,15,5,260,19,0,0
147,14/09/2026 11:02,9,regulated-action-state,734,73425,428,16,5,264,19,0,0
148,14/09/2026 11:02,9,regulated-action-state,742,73425,433,14,6,267,20,0,0
149,14/09/2026 11:02,9,regulated-action-state,727,73425,425,14,5,261,20,0,0
150,14/09/2026 11:02,9,regulated-action-state,735,73425,429,15,5,264,20,0,0
151,14/09/2026 11:02,9,regulated-action-state,734,73425,429,15,5,264,19,0,0
152,14/09/2026 11:02,9,regulated-action-state,730,73425,426,15,5,262,19,0,0
153,14/09/2026 11:02,9,regulated-action-state,723,73425,421,15,5,261,19,0,0
154,14/09/2026 11:02,9,regulated-action-state,734,73425,429,14,6,264,19,0,0
155,14/09/2026 11:02,9,regulated-action-state,739,73425,431,15,5,266,20,0,0
156,14/09/2026 11:02,9,regulated-action-state,727,73425,426,14,5,262,19,0,0
157,14/09/2026 11:02,9,regulated-action-state,729,73425,426,15,5,262,19,0,0
158,14/09/2026 11:02,9,regulated-action-state,747,73425,443,15,5,262,19,0,0
159,14/09/2026 11:02,9,regulated-action-state,736,73425,427,15,6,267,19,0,0
160,14/09/2026 11:02,9,regulated-action-state,731,73425,427,15,5,262,20,0,0
161,14/09/2026 11:02,9,regulated-action-state,771,73425,443,18,6,282,20,0,0
162,14/09/2026 11:02,9,regulated-action-state,729,73426,427,14,5,261,20,0,0
163,14/09/2026 11:02,9,regulated-action-state,729,73425,427,15,5,261,19,0,0
164,14/09/2026 11:02,9,regulated-action-state,728,73425,427,14,5,261,18,0,0
165,14/09/2026 11:02,9,regulated-action-state,758,73425,446,15,6,271,19,0,0
166,14/09/2026 11:02,9,regulated-action-state,730,73425,428,14,5,263,18,0,0
167,14/09/2026 11:02,9,regulated-action-state,735,73426,430,14,5,264,19,0,0
168,14/09/2026 11:02,9,regulated-action-state,731,73425,427,15,5,263,19,0,0
169,14/09/2026 11:02,9,regulated-action-state,766,73425,428,15,5,296,20,0,0
170,14/09/2026 11:02,9,regulated-action-state,772,73425,448,16,5,282,19,0,0
171,14/09/2026 11:02,9,regulated-action-state,737,73425,433,15,5,263,19,0,0
172,14/09/2026 11:02,9,regulated-action-state,731,73425,429,14,5,262,20,0,0
173,14/09/2026 11:02,9,regulated-action-state,732,73425,428,15,5,264,18,0,0
174,14/09/2026 11:02,9,regulated-action-state,741,73425,435,15,5,265,19,0,0
175,14/09/2026 11:02,9,regulated-action-state,736,73425,430,14,5,265,19,0,0
176,14/09/2026 11:02,9,regulated-action-state,733,73425,428,14,5,264,19,0,0
177,14/09/2026 11:02,9,regulated-action-state,751,73425,428,18,5,278,20,0,0
178,14/09/2026 11:02,9,regulated-action-state,748,73425,430,15,5,277,20,0,0
179,14/09/2026 11:02,9,regulated-action-state,732,73426,427,15,5,263,19,0,0
180,14/09/2026 11:03,9,regulated-action-state,735,73425,431,14,5,264,19,0,0
181,14/09/2026 11:03,9,regulated-action-state,735,73425,429,14,5,265,20,0,0
182,14/09/2026 11:03,9,regulated-action-state,733,73425,428,15,5,264,19,0,0
183,14/09/2026 11:03,9,regulated-action-state,739,73425,430,14,6,268,19,0,0
184,14/09/2026 11:03,9,regulated-action-state,731,73426,428,15,5,262,19,0,0
185,14/09/2026 11:03,9,regulated-action-state,737,73425,433,15,5,263,19,0,0
186,14/09/2026 11:03,9,regulated-action-state,733,73425,426,14,5,265,19,0,0
187,14/09/2026 11:03,9,regulated-action-state,732,73426,429,15,5,262,20,0,0
188,14/09/2026 11:03,9,regulated-action-state,751,73425,439,15,5,271,19,0,0
189,14/09/2026 11:03,9,regulated-action-state,734,73425,428,15,5,265,19,0,0
190,14/09/2026 11:03,9,regulated-action-state,739,73425,433,15,5,265,19,0,0
191,14/09/2026 11:03,9,regulated-action-state,728,73425,427,15,5,260,19,0,0
192,14/09/2026 11:03,9,regulated-action-state,744,73425,438,15,5,265,19,0,0
193,14/09/2026 11:03,9,regulated-action-state,738,73425,427,14,5,271,19,0,0
194,14/09/2026 11:03,9,regulated-action-state,751,73425,431,18,5,276,19,0,0
195,14/09/2026 11:03,9,regulated-action-state,729,73426,427,14,5,262,18,0,0
196,14/09/2026 11:03,9,regulated-action-state,728,73427,426,14,5,262,19,0,0
197,14/09/2026 11:03,9,regulated-action-state,773,73425,452,19,5,276,19,0,0
198,14/09/2026 11:03,9,regulated-action-state,725,73425,425,14,6,259,19,0,0
199,14/09/2026 11:03,9,regulated-action-state,738,73425,429,15,5,268,19,0,0
200,14/09/2026 11:03,9,regulated-action-state,730,73426,427,15,5,262,20,0,0
1,14/09/2026 11:03,18,regulated-action-state,1160,73425,699,70,6,364,19,0,0
2,14/09/2026 11:03,18,regulated-action-state,740,73425,427,22,6,265,19,0,0
3,14/09/2026 11:03,18,regulated-action-state,740,73425,426,22,5,266,19,0,0
4,14/09/2026 11:03,18,regulated-action-state,745,73425,430,22,5,267,18,0,0
5,14/09/2026 11:03,18,regulated-action-state,743,73425,428,22,6,266,19,0,0
6,14/09/2026 11:03,18,regulated-action-state,741,73425,428,21,5,266,19,0,0
7,14/09/2026 11:03,18,regulated-action-state,740,73425,427,22,5,265,19,0,0
8,14/09/2026 11:03,18,regulated-action-state,749,73425,431,22,5,270,19,0,0
9,14/09/2026 11:03,18,regulated-action-state,780,73425,435,26,5,287,24,0,0
10,14/09/2026 11:03,18,regulated-action-state,739,73425,426,23,5,263,19,0,0
11,14/09/2026 11:03,18,regulated-action-state,773,73425,426,22,5,298,19,0,0
12,14/09/2026 11:03,18,regulated-action-state,803,73425,448,31,7,296,18,0,0
13,14/09/2026 11:03,18,regulated-action-state,784,73425,446,26,6,285,19,0,0
14,14/09/2026 11:03,18,regulated-action-state,742,73425,427,21,5,267,19,0,0
15,14/09/2026 11:03,18,regulated-action-state,759,73425,440,24,6,268,19,0,0
16,14/09/2026 11:03,18,regulated-action-state,760,73425,429,23,6,277,24,0,0
17,14/09/2026 11:03,18,regulated-action-state,737,73425,424,22,5,264,19,0,0
18,14/09/2026 11:03,18,regulated-action-state,745,73425,431,22,5,266,19,0,0
19,14/09/2026 11:03,18,regulated-action-state,739,73425,426,21,5,266,19,0,0
20,14/09/2026 11:03,18,regulated-action-state,740,73425,426,22,5,266,19,0,0
21,14/09/2026 11:03,18,regulated-action-state,754,73425,438,23,6,267,19,0,0
22,14/09/2026 11:03,18,regulated-action-state,741,73425,427,21,6,267,18,0,0
23,14/09/2026 11:03,18,regulated-action-state,755,73425,435,22,5,271,19,0,0
24,14/09/2026 11:03,18,regulated-action-state,746,73425,431,22,5,267,18,0,0
25,14/09/2026 11:03,18,regulated-action-state,762,73425,427,22,6,286,19,0,0
26,14/09/2026 11:03,18,regulated-action-state,742,73425,429,22,6,265,18,0,0
27,14/09/2026 11:03,18,regulated-action-state,740,73425,427,22,5,266,19,0,0
28,14/09/2026 11:03,18,regulated-action-state,788,73425,446,24,6,292,19,0,0
29,14/09/2026 11:03,18,regulated-action-state,742,73425,428,22,5,266,19,0,0
30,14/09/2026 11:03,18,regulated-action-state,748,73425,429,22,5,270,19,0,0
31,14/09/2026 11:03,18,regulated-action-state,742,73425,427,22,6,267,19,0,0
32,14/09/2026 11:03,18,regulated-action-state,750,73425,433,22,6,269,19,0,0
33,14/09/2026 11:03,18,regulated-action-state,748,73425,430,24,5,268,19,0,0
34,14/09/2026 11:03,18,regulated-action-state,751,73425,433,23,5,270,19,0,0
35,14/09/2026 11:03,18,regulated-action-state,750,73425,434,22,5,267,20,0,0
36,14/09/2026 11:03,18,regulated-action-state,743,73425,427,21,5,269,19,0,0
37,14/09/2026 11:03,18,regulated-action-state,771,73425,442,25,5,277,19,0,0
38,14/09/2026 11:03,18,regulated-action-state,743,73425,429,22,6,266,19,0,0
39,14/09/2026 11:03,18,regulated-action-state,786,73425,440,22,6,293,23,0,0
40,14/09/2026 11:03,18,regulated-action-state,744,73425,427,22,6,269,19,0,0
41,14/09/2026 11:03,18,regulated-action-state,745,73425,427,23,5,268,20,0,0
42,14/09/2026 11:03,18,regulated-action-state,742,73425,427,22,5,266,19,0,0
43,14/09/2026 11:03,18,regulated-action-state,791,73425,450,26,5,288,19,0,0
44,14/09/2026 11:03,18,regulated-action-state,742,73425,426,23,5,267,19,0,0
45,14/09/2026 11:03,18,regulated-action-state,741,73425,426,23,5,266,18,0,0
46,14/09/2026 11:03,18,regulated-action-state,747,73425,435,21,5,265,19,0,0
47,14/09/2026 11:04,18,regulated-action-state,748,73425,430,22,6,270,19,0,0
48,14/09/2026 11:04,18,regulated-action-state,766,73425,427,26,5,287,19,0,0
49,14/09/2026 11:04,18,regulated-action-state,743,73426,428,22,6,267,19,0,0
50,14/09/2026 11:04,18,regulated-action-state,738,73425,425,22,5,265,19,0,0
51,14/09/2026 11:04,18,regulated-action-state,787,73425,444,26,6,291,19,0,0
52,14/09/2026 11:04,18,regulated-action-state,742,73425,426,22,5,268,19,0,0
53,14/09/2026 11:04,18,regulated-action-state,747,73425,429,23,5,269,19,0,0
54,14/09/2026 11:04,18,regulated-action-state,741,73425,429,21,5,265,19,0,0
55,14/09/2026 11:04,18,regulated-action-state,740,73425,428,21,6,265,19,0,0
56,14/09/2026 11:04,18,regulated-action-state,786,73425,435,31,6,293,18,0,0
57,14/09/2026 11:04,18,regulated-action-state,743,73425,427,23,6,267,19,0,0
58,14/09/2026 11:04,18,regulated-action-state,741,73425,426,22,6,266,19,0,0
59,14/09/2026 11:04,18,regulated-action-state,748,73425,431,22,6,268,19,0,0
60,14/09/2026 11:04,18,regulated-action-state,747,73426,430,22,5,268,19,0,0
61,14/09/2026 11:04,18,regulated-action-state,737,73425,426,22,5,263,19,0,0
62,14/09/2026 11:04,18,regulated-action-state,752,73425,427,22,5,279,18,0,0
63,14/09/2026 11:04,18,regulated-action-state,760,73425,428,30,6,274,19,0,0
64,14/09/2026 11:04,18,regulated-action-state,752,73425,427,21,5,278,19,0,0
65,14/09/2026 11:04,18,regulated-action-state,757,73425,438,23,5,270,19,0,0
66,14/09/2026 11:04,18,regulated-action-state,741,73425,427,21,5,265,19,0,0
67,14/09/2026 11:04,18,regulated-action-state,736,73425,425,22,5,264,18,0,0
68,14/09/2026 11:04,18,regulated-action-state,741,73425,427,22,5,267,19,0,0
69,14/09/2026 11:04,18,regulated-action-state,740,73425,428,21,5,265,19,0,0
70,14/09/2026 11:04,18,regulated-action-state,744,73425,428,22,5,267,20,0,0
71,14/09/2026 11:04,18,regulated-action-state,733,73425,426,21,5,260,19,0,0
72,14/09/2026 11:04,18,regulated-action-state,759,73425,433,23,5,277,19,0,0
73,14/09/2026 11:04,18,regulated-action-state,743,73425,427,22,6,268,19,0,0
74,14/09/2026 11:04,18,regulated-action-state,742,73425,429,22,6,265,19,0,0
75,14/09/2026 11:04,18,regulated-action-state,748,73425,432,23,5,267,18,0,0
76,14/09/2026 11:04,18,regulated-action-state,743,73425,429,22,6,265,18,0,0
77,14/09/2026 11:04,18,regulated-action-state,786,73425,452,24,6,283,19,0,0
78,14/09/2026 11:04,18,regulated-action-state,748,73425,432,22,6,267,19,0,0
79,14/09/2026 11:04,18,regulated-action-state,778,73425,434,29,8,285,20,0,0
80,14/09/2026 11:04,18,regulated-action-state,791,73425,437,30,7,295,20,0,0
81,14/09/2026 11:04,18,regulated-action-state,739,73425,426,21,5,266,19,0,0
82,14/09/2026 11:04,18,regulated-action-state,801,73425,453,29,6,292,19,0,0
83,14/09/2026 11:04,18,regulated-action-state,741,73425,428,21,5,265,19,0,0
84,14/09/2026 11:04,18,regulated-action-state,741,73425,427,22,6,266,19,0,0
85,14/09/2026 11:04,18,regulated-action-state,742,73425,427,21,5,267,19,0,0
86,14/09/2026 11:04,18,regulated-action-state,762,73425,428,22,6,286,19,0,0
87,14/09/2026 11:04,18,regulated-action-state,771,73425,432,25,6,285,21,0,0
88,14/09/2026 11:04,18,regulated-action-state,743,73425,426,22,6,268,19,0,0
89,14/09/2026 11:04,18,regulated-action-state,749,73425,427,22,5,274,19,0,0
90,14/09/2026 11:04,18,regulated-action-state,742,73425,426,23,5,267,19,0,0
91,14/09/2026 11:04,18,regulated-action-state,743,73425,430,22,5,266,18,0,0
92,14/09/2026 11:04,18,regulated-action-state,739,73425,427,21,6,265,18,0,0
93,14/09/2026 11:04,18,regulated-action-state,742,73425,421,22,5,272,19,0,0
94,14/09/2026 11:04,18,regulated-action-state,755,73425,431,27,10,266,19,0,0
95,14/09/2026 11:04,18,regulated-action-state,740,73425,427,23,5,264,18,0,0
96,14/09/2026 11:04,18,regulated-action-state,767,73425,427,21,6,292,19,0,0
97,14/09/2026 11:04,18,regulated-action-state,742,73425,429,21,6,266,19,0,0
98,14/09/2026 11:04,18,regulated-action-state,745,73425,428,22,5,269,19,0,0
99,14/09/2026 11:04,18,regulated-action-state,741,73425,427,22,5,266,19,0,0
100,14/09/2026 11:04,18,regulated-action-state,789,73425,447,25,6,290,19,0,0
101,14/09/2026 11:04,18,regulated-action-state,740,73425,426,22,5,267,19,0,0
102,14/09/2026 11:04,18,regulated-action-state,751,73425,436,23,5,266,19,0,0
103,14/09/2026 11:04,18,regulated-action-state,774,73425,428,23,6,296,19,0,0
104,14/09/2026 11:04,18,regulated-action-state,737,73425,427,21,5,263,19,0,0
105,14/09/2026 11:04,18,regulated-action-state,752,73425,433,22,5,271,19,0,0
106,14/09/2026 11:04,18,regulated-action-state,744,73425,428,23,6,267,19,0,0
107,14/09/2026 11:04,18,regulated-action-state,743,73425,429,21,5,267,18,0,0
108,14/09/2026 11:04,18,regulated-action-state,744,73425,428,22,5,268,18,0,0
109,14/09/2026 11:04,18,regulated-action-state,742,73425,426,23,5,267,19,0,0
110,14/09/2026 11:04,18,regulated-action-state,741,73425,427,21,5,266,18,0,0
111,14/09/2026 11:04,18,regulated-action-state,744,73425,428,23,5,266,19,0,0
112,14/09/2026 11:04,18,regulated-action-state,748,73425,429,22,5,271,19,0,0
113,14/09/2026 11:04,18,regulated-action-state,763,73425,427,23,6,287,18,0,0
114,14/09/2026 11:04,18,regulated-action-state,752,73425,426,22,5,278,19,0,0
115,14/09/2026 11:04,18,regulated-action-state,773,73425,448,21,5,279,19,0,0
116,14/09/2026 11:05,18,regulated-action-state,742,73425,427,23,5,266,19,0,0
117,14/09/2026 11:05,18,regulated-action-state,741,73425,427,21,6,266,19,0,0
118,14/09/2026 11:05,18,regulated-action-state,794,73425,447,23,6,297,19,0,0
119,14/09/2026 11:05,18,regulated-action-state,740,73425,427,22,5,265,19,0,0
120,14/09/2026 11:05,18,regulated-action-state,769,73425,430,24,5,288,19,0,0
121,14/09/2026 11:05,18,regulated-action-state,747,73425,433,21,5,267,19,0,0
122,14/09/2026 11:05,18,regulated-action-state,741,73425,427,22,5,266,19,0,0
123,14/09/2026 11:05,18,regulated-action-state,742,73425,426,22,5,267,19,0,0
124,14/09/2026 11:05,18,regulated-action-state,785,73425,436,29,6,293,20,0,0
125,14/09/2026 11:05,18,regulated-action-state,749,73425,432,25,5,265,19,0,0
126,14/09/2026 11:05,18,regulated-action-state,739,73425,428,21,5,265,19,0,0
127,14/09/2026 11:05,18,regulated-action-state,743,73425,429,21,6,266,18,0,0
128,14/09/2026 11:05,18,regulated-action-state,747,73425,431,22,6,267,20,0,0
129,14/09/2026 11:05,18,regulated-action-state,805,73425,457,24,6,297,19,0,0
130,14/09/2026 11:05,18,regulated-action-state,741,73425,429,21,5,265,19,0,0
131,14/09/2026 11:05,18,regulated-action-state,740,73425,429,22,6,264,19,0,0
132,14/09/2026 11:05,18,regulated-action-state,740,73425,427,22,5,265,19,0,0
133,14/09/2026 11:05,18,regulated-action-state,740,73425,429,20,5,265,19,0,0
134,14/09/2026 11:05,18,regulated-action-state,771,73425,433,22,6,290,19,0,0
135,14/09/2026 11:05,18,regulated-action-state,739,73425,425,22,5,266,19,0,0
136,14/09/2026 11:05,18,regulated-action-state,772,73425,437,25,6,285,18,0,0
137,14/09/2026 11:05,18,regulated-action-state,749,73425,433,22,6,269,17,0,0
138,14/09/2026 11:05,18,regulated-action-state,740,73425,428,21,6,264,19,0,0
139,14/09/2026 11:05,18,regulated-action-state,777,73425,431,27,6,293,20,0,0
140,14/09/2026 11:05,18,regulated-action-state,742,73425,428,22,5,266,19,0,0
141,14/09/2026 11:05,18,regulated-action-state,760,73425,425,22,6,286,20,0,0
142,14/09/2026 11:05,18,regulated-action-state,754,73425,430,22,6,275,19,0,0
143,14/09/2026 11:05,18,regulated-action-state,759,73425,426,22,5,280,23,0,0
144,14/09/2026 11:05,18,regulated-action-state,746,73425,433,21,5,266,19,0,0
145,14/09/2026 11:05,18,regulated-action-state,743,73425,428,21,5,268,18,0,0
146,14/09/2026 11:05,18,regulated-action-state,737,73425,424,22,5,265,18,0,0
147,14/09/2026 11:05,18,regulated-action-state,741,73425,427,22,5,266,19,0,0
148,14/09/2026 11:05,18,regulated-action-state,748,73425,429,22,5,271,18,0,0
149,14/09/2026 11:05,18,regulated-action-state,741,73425,427,22,6,266,19,0,0
150,14/09/2026 11:05,18,regulated-action-state,762,73425,426,22,5,287,19,0,0
151,14/09/2026 11:05,18,regulated-action-state,743,73425,429,21,5,266,19,0,0
152,14/09/2026 11:05,18,regulated-action-state,747,73425,430,22,5,268,19,0,0
153,14/09/2026 11:05,18,regulated-action-state,750,73425,426,21,5,277,19,0,0
154,14/09/2026 11:05,18,regulated-action-state,746,73425,430,22,6,267,19,0,0
155,14/09/2026 11:05,18,regulated-action-state,784,73425,443,25,6,289,19,0,0
156,14/09/2026 11:05,18,regulated-action-state,755,73425,440,23,5,266,18,0,0
157,14/09/2026 11:05,18,regulated-action-state,747,73425,431,23,6,267,19,0,0
158,14/09/2026 11:05,18,regulated-action-state,743,73425,429,22,5,266,19,0,0
159,14/09/2026 11:05,18,regulated-action-state,747,73425,428,23,5,269,19,0,0
160,14/09/2026 11:05,18,regulated-action-state,740,73425,425,22,6,266,19,0,0
161,14/09/2026 11:05,18,regulated-action-state,782,73425,439,30,6,287,18,0,0
162,14/09/2026 11:05,18,regulated-action-state,753,73425,434,23,5,270,19,0,0
163,14/09/2026 11:05,18,regulated-action-state,744,73425,428,22,5,268,19,0,0
164,14/09/2026 11:05,18,regulated-action-state,743,73425,428,21,5,268,19,0,0
165,14/09/2026 11:05,18,regulated-action-state,740,73425,425,22,6,266,19,0,0
166,14/09/2026 11:05,18,regulated-action-state,739,73425,425,23,6,265,18,0,0
167,14/09/2026 11:05,18,regulated-action-state,745,73425,429,22,5,268,18,0,0
168,14/09/2026 11:05,18,regulated-action-state,762,73425,449,21,5,266,18,0,0
169,14/09/2026 11:05,18,regulated-action-state,787,73425,445,29,6,287,19,0,0
170,14/09/2026 11:05,18,regulated-action-state,740,73425,425,22,6,267,19,0,0
171,14/09/2026 11:05,18,regulated-action-state,750,73425,428,22,5,274,18,0,0
172,14/09/2026 11:05,18,regulated-action-state,799,73425,445,26,5,300,19,0,0
173,14/09/2026 11:05,18,regulated-action-state,743,73425,427,22,5,268,19,0,0
174,14/09/2026 11:05,18,regulated-action-state,746,73425,431,22,6,267,19,0,0
175,14/09/2026 11:05,18,regulated-action-state,741,73425,429,21,5,266,18,0,0
176,14/09/2026 11:05,18,regulated-action-state,789,73425,449,24,6,290,19,0,0
177,14/09/2026 11:05,18,regulated-action-state,748,73425,430,22,6,269,19,0,0
178,14/09/2026 11:05,18,regulated-action-state,746,73425,430,22,6,268,19,0,0
179,14/09/2026 11:05,18,regulated-action-state,741,73425,426,21,5,268,19,0,0
180,14/09/2026 11:05,18,regulated-action-state,739,73425,427,21,5,264,19,0,0
181,14/09/2026 11:05,18,regulated-action-state,743,73425,428,22,5,267,19,0,0
182,14/09/2026 11:05,18,regulated-action-state,752,73425,439,21,5,266,19,0,0
183,14/09/2026 11:05,18,regulated-action-state,754,73425,431,30,5,267,18,0,0
184,14/09/2026 11:05,18,regulated-action-state,768,73425,430,22,6,289,19,0,0
185,14/09/2026 11:06,18,regulated-action-state,737,73425,425,21,6,264,19,0,0
186,14/09/2026 11:06,18,regulated-action-state,761,73425,433,26,6,276,19,0,0
187,14/09/2026 11:06,18,regulated-action-state,771,73425,446,28,8,268,19,0,0
188,14/09/2026 11:06,18,regulated-action-state,742,73425,426,21,5,268,18,0,0
189,14/09/2026 11:06,18,regulated-action-state,750,73425,433,22,6,269,19,0,0
190,14/09/2026 11:06,18,regulated-action-state,760,73425,430,21,5,283,19,0,0
191,14/09/2026 11:06,18,regulated-action-state,748,73425,435,22,5,266,19,0,0
192,14/09/2026 11:06,18,regulated-action-state,745,73425,430,22,6,267,19,0,0
193,14/09/2026 11:06,18,regulated-action-state,743,73425,428,22,5,267,19,0,0
194,14/09/2026 11:06,18,regulated-action-state,782,73425,443,26,6,287,19,0,0
195,14/09/2026 11:06,18,regulated-action-state,756,73425,430,22,5,277,19,0,0
196,14/09/2026 11:06,18,regulated-action-state,749,73425,432,22,6,268,19,0,0
197,14/09/2026 11:06,18,regulated-action-state,738,73425,424,22,5,266,19,0,0
198,14/09/2026 11:06,18,regulated-action-state,740,73425,428,20,6,266,19,0,0
199,14/09/2026 11:06,18,regulated-action-state,738,73425,425,22,6,264,18,0,0
200,14/09/2026 11:06,18,regulated-action-state,739,73425,424,23,6,267,18,0,0
1,14/09/2026 11:06,27,regulated-action-state,881,73409,484,84,10,281,20,0,0
2,14/09/2026 11:06,27,regulated-action-state,764,73409,435,28,5,273,20,0,0
3,14/09/2026 11:06,27,regulated-action-state,758,73409,431,28,5,271,19,0,0
4,14/09/2026 11:06,27,regulated-action-state,763,73409,438,28,6,271,19,0,0
5,14/09/2026 11:06,27,regulated-action-state,755,73409,430,27,6,271,19,0,0
6,14/09/2026 11:06,27,regulated-action-state,760,73409,438,27,6,268,20,0,0
7,14/09/2026 11:06,27,regulated-action-state,789,73410,430,28,5,289,33,0,0
8,14/09/2026 11:06,27,regulated-action-state,753,73409,429,27,5,270,20,0,0
9,14/09/2026 11:06,27,regulated-action-state,795,73409,446,31,6,290,20,0,0
10,14/09/2026 11:06,27,regulated-action-state,758,73409,429,29,5,273,20,0,0
11,14/09/2026 11:06,27,regulated-action-state,748,73410,427,27,5,267,19,0,0
12,14/09/2026 11:06,27,regulated-action-state,764,73410,438,27,5,272,20,0,0
13,14/09/2026 11:06,27,regulated-action-state,753,73410,430,27,6,269,20,0,0
14,14/09/2026 11:06,27,regulated-action-state,801,73409,442,31,6,299,20,0,0
15,14/09/2026 11:06,27,regulated-action-state,767,73409,439,28,6,271,20,0,0
16,14/09/2026 11:06,27,regulated-action-state,752,73409,427,28,6,270,20,0,0
17,14/09/2026 11:06,27,regulated-action-state,750,73410,426,29,6,268,19,0,0
18,14/09/2026 11:06,27,regulated-action-state,751,73409,428,28,5,269,19,0,0
19,14/09/2026 11:06,27,regulated-action-state,758,73409,431,28,6,272,20,0,0
20,14/09/2026 11:06,27,regulated-action-state,752,73410,429,27,6,269,20,0,0
21,14/09/2026 11:06,27,regulated-action-state,752,73409,428,28,6,269,20,0,0
22,14/09/2026 11:06,27,regulated-action-state,753,73409,427,29,5,270,20,0,0
23,14/09/2026 11:06,27,regulated-action-state,754,73409,428,28,6,270,20,0,0
24,14/09/2026 11:06,27,regulated-action-state,752,73409,428,28,6,270,19,0,0
25,14/09/2026 11:06,27,regulated-action-state,788,73409,442,27,5,291,20,0,0
26,14/09/2026 11:06,27,regulated-action-state,760,73410,433,28,5,272,20,0,0
27,14/09/2026 11:06,27,regulated-action-state,754,73410,426,29,5,270,21,0,0
28,14/09/2026 11:06,27,regulated-action-state,752,73409,428,28,5,269,20,0,0
29,14/09/2026 11:06,27,regulated-action-state,755,73410,427,28,5,274,19,0,0
30,14/09/2026 11:06,27,regulated-action-state,756,73410,427,28,5,273,20,0,0
31,14/09/2026 11:06,27,regulated-action-state,752,73409,427,29,6,269,19,0,0
32,14/09/2026 11:06,27,regulated-action-state,754,73409,427,28,6,271,20,0,0
33,14/09/2026 11:06,27,regulated-action-state,751,73409,425,28,5,272,19,0,0
34,14/09/2026 11:06,27,regulated-action-state,774,73409,437,27,6,278,24,0,0
35,14/09/2026 11:06,27,regulated-action-state,754,73409,430,28,5,270,20,0,0
36,14/09/2026 11:06,27,regulated-action-state,762,73409,434,28,6,272,20,0,0
37,14/09/2026 11:06,27,regulated-action-state,794,73409,455,37,6,275,19,0,0
38,14/09/2026 11:06,27,regulated-action-state,753,73409,429,27,5,268,21,0,0
39,14/09/2026 11:06,27,regulated-action-state,756,73409,430,28,6,271,20,0,0
40,14/09/2026 11:06,27,regulated-action-state,786,73409,447,29,6,283,19,0,0
41,14/09/2026 11:06,27,regulated-action-state,753,73409,429,28,6,269,19,0,0
42,14/09/2026 11:06,27,regulated-action-state,754,73409,426,29,5,272,20,0,0
43,14/09/2026 11:06,27,regulated-action-state,751,73410,428,27,5,270,19,0,0
44,14/09/2026 11:06,27,regulated-action-state,751,73409,428,28,6,268,19,0,0
45,14/09/2026 11:06,27,regulated-action-state,764,73410,439,28,5,270,19,0,0
46,14/09/2026 11:06,27,regulated-action-state,758,73409,431,28,6,272,20,0,0
47,14/09/2026 11:06,27,regulated-action-state,762,73409,438,28,5,269,20,0,0
48,14/09/2026 11:06,27,regulated-action-state,777,73409,428,28,5,293,21,0,0
49,14/09/2026 11:06,27,regulated-action-state,753,73409,429,28,5,269,20,0,0
50,14/09/2026 11:06,27,regulated-action-state,766,73409,440,28,6,270,22,0,0
51,14/09/2026 11:06,27,regulated-action-state,779,73410,435,35,7,282,19,0,0
52,14/09/2026 11:07,27,regulated-action-state,808,73409,449,33,7,298,20,0,0
53,14/09/2026 11:07,27,regulated-action-state,753,73409,427,28,5,271,19,0,0
54,14/09/2026 11:07,27,regulated-action-state,806,73409,441,36,6,300,21,0,0
55,14/09/2026 11:07,27,regulated-action-state,751,73409,429,27,5,268,20,0,0
56,14/09/2026 11:07,27,regulated-action-state,754,73410,428,28,5,271,20,0,0
57,14/09/2026 11:07,27,regulated-action-state,750,73410,426,28,5,269,20,0,0
58,14/09/2026 11:07,27,regulated-action-state,754,73409,429,28,5,270,20,0,0
59,14/09/2026 11:07,27,regulated-action-state,758,73409,430,28,6,273,19,0,0
60,14/09/2026 11:07,27,regulated-action-state,752,73409,429,27,5,269,20,0,0
61,14/09/2026 11:07,27,regulated-action-state,821,73409,444,32,6,303,35,0,0
62,14/09/2026 11:07,27,regulated-action-state,751,73409,426,28,5,270,20,0,0
63,14/09/2026 11:07,27,regulated-action-state,765,73410,429,27,5,281,20,0,0
64,14/09/2026 11:07,27,regulated-action-state,763,73409,433,27,6,275,20,0,0
65,14/09/2026 11:07,27,regulated-action-state,752,73409,427,28,5,271,19,0,0
66,14/09/2026 11:07,27,regulated-action-state,809,73409,447,37,6,298,19,0,0
67,14/09/2026 11:07,27,regulated-action-state,773,73409,433,28,6,285,20,0,0
68,14/09/2026 11:07,27,regulated-action-state,750,73409,426,28,6,268,20,0,0
69,14/09/2026 11:07,27,regulated-action-state,798,73409,443,32,8,292,20,0,0
70,14/09/2026 11:07,27,regulated-action-state,756,73409,429,29,5,271,20,0,0
71,14/09/2026 11:07,27,regulated-action-state,760,73409,432,27,6,273,20,0,0
72,14/09/2026 11:07,27,regulated-action-state,769,73409,428,27,5,287,20,0,0
73,14/09/2026 11:07,27,regulated-action-state,751,73409,426,28,5,270,20,0,0
74,14/09/2026 11:07,27,regulated-action-state,759,73410,430,28,5,274,21,0,0
75,14/09/2026 11:07,27,regulated-action-state,750,73409,429,26,5,267,20,0,0
76,14/09/2026 11:07,27,regulated-action-state,774,73409,427,29,5,289,21,0,0
77,14/09/2026 11:07,27,regulated-action-state,748,73409,427,28,5,267,20,0,0
78,14/09/2026 11:07,27,regulated-action-state,839,73409,452,34,8,309,35,0,0
79,14/09/2026 11:07,27,regulated-action-state,751,73409,428,27,5,269,19,0,0
80,14/09/2026 11:07,27,regulated-action-state,758,73410,432,29,5,270,20,0,0
81,14/09/2026 11:07,27,regulated-action-state,759,73409,430,28,5,273,20,0,0
82,14/09/2026 11:07,27,regulated-action-state,812,73410,455,30,8,297,20,0,0
83,14/09/2026 11:07,27,regulated-action-state,755,73409,429,27,6,271,20,0,0
84,14/09/2026 11:07,27,regulated-action-state,753,73409,428,27,5,270,20,0,0
85,14/09/2026 11:07,27,regulated-action-state,763,73409,428,27,5,281,20,0,0
86,14/09/2026 11:07,27,regulated-action-state,785,73409,430,28,6,300,20,0,0
87,14/09/2026 11:07,27,regulated-action-state,750,73409,424,29,6,270,20,0,0
88,14/09/2026 11:07,27,regulated-action-state,750,73410,424,29,6,270,19,0,0
89,14/09/2026 11:07,27,regulated-action-state,744,73410,428,26,5,263,19,0,0
90,14/09/2026 11:07,27,regulated-action-state,748,73410,425,27,5,269,20,0,0
91,14/09/2026 11:07,27,regulated-action-state,750,73409,427,28,5,268,19,0,0
92,14/09/2026 11:07,27,regulated-action-state,751,73410,427,27,6,269,20,0,0
93,14/09/2026 11:07,27,regulated-action-state,754,73409,428,28,5,271,20,0,0
94,14/09/2026 11:07,27,regulated-action-state,755,73409,428,29,5,271,20,0,0
95,14/09/2026 11:07,27,regulated-action-state,761,73409,435,28,5,272,20,0,0
96,14/09/2026 11:07,27,regulated-action-state,752,73410,427,27,5,270,20,0,0
97,14/09/2026 11:07,27,regulated-action-state,780,73409,454,29,6,270,20,0,0
98,14/09/2026 11:07,27,regulated-action-state,760,73410,434,28,6,270,20,0,0
99,14/09/2026 11:07,27,regulated-action-state,758,73409,424,28,5,279,20,0,0
100,14/09/2026 11:07,27,regulated-action-state,759,73409,435,29,5,268,20,0,0
101,14/09/2026 11:07,27,regulated-action-state,750,73409,428,27,5,268,20,0,0
102,14/09/2026 11:07,27,regulated-action-state,752,73410,430,26,6,268,20,0,0
103,14/09/2026 11:07,27,regulated-action-state,756,73409,431,28,5,270,19,0,0
104,14/09/2026 11:07,27,regulated-action-state,755,73409,428,27,5,273,20,0,0
105,14/09/2026 11:07,27,regulated-action-state,787,73409,439,30,6,290,20,0,0
106,14/09/2026 11:07,27,regulated-action-state,748,73409,427,27,5,268,20,0,0
107,14/09/2026 11:07,27,regulated-action-state,756,73409,428,28,5,272,20,0,0
108,14/09/2026 11:07,27,regulated-action-state,761,73409,437,28,5,269,20,0,0
109,14/09/2026 11:07,27,regulated-action-state,747,73409,425,28,5,268,20,0,0
110,14/09/2026 11:07,27,regulated-action-state,763,73409,426,29,5,282,20,0,0
111,14/09/2026 11:07,27,regulated-action-state,753,73409,429,27,5,270,19,0,0
112,14/09/2026 11:07,27,regulated-action-state,756,73410,432,29,6,268,20,0,0
113,14/09/2026 11:07,27,regulated-action-state,762,73409,427,28,6,280,19,0,0
114,14/09/2026 11:07,27,regulated-action-state,751,73410,430,27,5,267,20,0,0
115,14/09/2026 11:07,27,regulated-action-state,753,73409,429,26,5,271,20,0,0
116,14/09/2026 11:07,27,regulated-action-state,765,73409,441,28,5,269,20,0,0
117,14/09/2026 11:07,27,regulated-action-state,774,73409,429,27,6,290,20,0,0
118,14/09/2026 11:07,27,regulated-action-state,752,73409,429,28,5,268,20,0,0
119,14/09/2026 11:07,27,regulated-action-state,796,73409,433,32,8,299,21,0,0
120,14/09/2026 11:08,27,regulated-action-state,751,73409,426,27,5,271,20,0,0
121,14/09/2026 11:08,27,regulated-action-state,789,73409,427,29,11,299,21,0,0
122,14/09/2026 11:08,27,regulated-action-state,790,73409,441,30,6,291,20,0,0
123,14/09/2026 11:08,27,regulated-action-state,799,73409,441,32,8,291,24,0,0
124,14/09/2026 11:08,27,regulated-action-state,752,73410,428,28,6,269,20,0,0
125,14/09/2026 11:08,27,regulated-action-state,752,73409,428,29,5,268,20,0,0
126,14/09/2026 11:08,27,regulated-action-state,752,73409,427,27,5,270,20,0,0
127,14/09/2026 11:08,27,regulated-action-state,773,73409,427,28,6,291,20,0,0
128,14/09/2026 11:08,27,regulated-action-state,750,73409,428,27,5,268,19,0,0
129,14/09/2026 11:08,27,regulated-action-state,747,73409,425,28,5,267,20,0,0
130,14/09/2026 11:08,27,regulated-action-state,755,73409,429,27,6,271,20,0,0
131,14/09/2026 11:08,27,regulated-action-state,809,73409,445,32,6,299,25,0,0
132,14/09/2026 11:08,27,regulated-action-state,763,73409,433,28,6,274,20,0,0
133,14/09/2026 11:08,27,regulated-action-state,761,73409,430,26,5,278,19,0,0
134,14/09/2026 11:08,27,regulated-action-state,764,73409,433,28,6,274,20,0,0
135,14/09/2026 11:08,27,regulated-action-state,750,73410,426,27,5,270,20,0,0
136,14/09/2026 11:08,27,regulated-action-state,799,73409,434,39,6,298,21,0,0
137,14/09/2026 11:08,27,regulated-action-state,765,73409,435,28,6,274,20,0,0
138,14/09/2026 11:08,27,regulated-action-state,777,73409,451,28,5,270,20,0,0
139,14/09/2026 11:08,27,regulated-action-state,752,73409,426,28,5,270,20,0,0
140,14/09/2026 11:08,27,regulated-action-state,752,73409,427,28,5,270,20,0,0
141,14/09/2026 11:08,27,regulated-action-state,754,73409,429,27,5,271,20,0,0
142,14/09/2026 11:08,27,regulated-action-state,754,73409,428,28,5,271,19,0,0
143,14/09/2026 11:08,27,regulated-action-state,749,73409,424,27,6,270,20,0,0
144,14/09/2026 11:08,27,regulated-action-state,762,73409,425,29,6,280,20,0,0
145,14/09/2026 11:08,27,regulated-action-state,750,73410,426,27,5,270,20,0,0
146,14/09/2026 11:08,27,regulated-action-state,752,73409,428,27,5,270,19,0,0
147,14/09/2026 11:08,27,regulated-action-state,765,73410,438,30,6,270,20,0,0
148,14/09/2026 11:08,27,regulated-action-state,752,73409,426,28,5,271,20,0,0
149,14/09/2026 11:08,27,regulated-action-state,752,73409,426,27,5,272,19,0,0
150,14/09/2026 11:08,27,regulated-action-state,756,73409,430,28,5,271,20,0,0
151,14/09/2026 11:08,27,regulated-action-state,757,73409,433,27,5,270,19,0,0
152,14/09/2026 11:08,27,regulated-action-state,752,73409,427,28,5,270,20,0,0
153,14/09/2026 11:08,27,regulated-action-state,756,73409,428,28,6,272,20,0,0
154,14/09/2026 11:08,27,regulated-action-state,749,73409,426,27,5,268,20,0,0
155,14/09/2026 11:08,27,regulated-action-state,783,73410,431,28,5,296,21,0,0
156,14/09/2026 11:08,27,regulated-action-state,808,73409,439,28,6,297,36,0,0
157,14/09/2026 11:08,27,regulated-action-state,752,73409,426,28,5,271,19,0,0
158,14/09/2026 11:08,27,regulated-action-state,759,73409,429,28,6,273,20,0,0
159,14/09/2026 11:08,27,regulated-action-state,762,73409,430,28,6,277,20,0,0
160,14/09/2026 11:08,27,regulated-action-state,799,73410,444,28,6,289,30,0,0
161,14/09/2026 11:08,27,regulated-action-state,757,73409,430,29,6,271,19,0,0
162,14/09/2026 11:08,27,regulated-action-state,754,73409,427,27,6,272,19,0,0
163,14/09/2026 11:08,27,regulated-action-state,751,73409,428,27,5,269,20,0,0
164,14/09/2026 11:08,27,regulated-action-state,754,73410,428,28,6,271,19,0,0
165,14/09/2026 11:08,27,regulated-action-state,754,73409,430,28,6,269,20,0,0
166,14/09/2026 11:08,27,regulated-action-state,760,73409,432,29,6,271,20,0,0
167,14/09/2026 11:08,27,regulated-action-state,761,73409,436,28,6,269,20,0,0
168,14/09/2026 11:08,27,regulated-action-state,758,73410,430,29,6,272,20,0,0
169,14/09/2026 11:08,27,regulated-action-state,751,73409,428,27,5,269,19,0,0
170,14/09/2026 11:08,27,regulated-action-state,751,73410,429,27,5,268,20,0,0
171,14/09/2026 11:08,27,regulated-action-state,804,73409,434,32,6,310,21,0,0
172,14/09/2026 11:08,27,regulated-action-state,750,73409,427,28,6,268,20,0,0
173,14/09/2026 11:08,27,regulated-action-state,752,73409,427,28,6,269,20,0,0
174,14/09/2026 11:08,27,regulated-action-state,752,73409,428,27,6,271,20,0,0
175,14/09/2026 11:08,27,regulated-action-state,754,73409,430,28,5,270,20,0,0
176,14/09/2026 11:08,27,regulated-action-state,756,73409,427,28,5,274,20,0,0
177,14/09/2026 11:08,27,regulated-action-state,799,73409,437,30,8,298,24,0,0
178,14/09/2026 11:08,27,regulated-action-state,748,73409,427,27,5,267,20,0,0
179,14/09/2026 11:08,27,regulated-action-state,760,73410,426,28,12,273,20,0,0
180,14/09/2026 11:08,27,regulated-action-state,748,73409,428,26,6,267,20,0,0
181,14/09/2026 11:08,27,regulated-action-state,754,73409,427,29,6,271,20,0,0
182,14/09/2026 11:08,27,regulated-action-state,751,73410,427,28,6,269,20,0,0
183,14/09/2026 11:08,27,regulated-action-state,755,73409,427,29,5,272,20,0,0
184,14/09/2026 11:08,27,regulated-action-state,754,73409,428,28,5,272,20,0,0
185,14/09/2026 11:08,27,regulated-action-state,763,73409,436,27,5,273,19,0,0
186,14/09/2026 11:08,27,regulated-action-state,753,73409,426,28,6,272,20,0,0
187,14/09/2026 11:08,27,regulated-action-state,777,73410,426,28,6,295,20,0,0
188,14/09/2026 11:09,27,regulated-action-state,750,73409,427,27,5,269,20,0,0
189,14/09/2026 11:09,27,regulated-action-state,754,73409,428,29,6,270,20,0,0
190,14/09/2026 11:09,27,regulated-action-state,752,73409,427,29,5,270,19,0,0
191,14/09/2026 11:09,27,regulated-action-state,775,73410,431,29,6,288,19,0,0
192,14/09/2026 11:09,27,regulated-action-state,761,73409,434,28,5,272,20,0,0
193,14/09/2026 11:09,27,regulated-action-state,751,73409,424,29,5,271,20,0,0
194,14/09/2026 11:09,27,regulated-action-state,751,73409,426,29,5,270,20,0,0
195,14/09/2026 11:09,27,regulated-action-state,754,73409,430,28,6,270,20,0,0
196,14/09/2026 11:09,27,regulated-action-state,753,73409,428,28,6,271,20,0,0
197,14/09/2026 11:09,27,regulated-action-state,774,73410,446,32,6,270,20,0,0
198,14/09/2026 11:09,27,regulated-action-state,761,73411,431,28,5,274,20,0,0
199,14/09/2026 11:09,27,regulated-action-state,754,73409,428,28,5,271,20,0,0
200,14/09/2026 11:09,27,regulated-action-state,751,73411,427,28,6,268,19,0,0
1,14/09/2026 11:09,36,regulated-action-state,963,73410,561,75,6,299,20,0,0
2,14/09/2026 11:09,36,regulated-action-state,765,73410,432,34,6,271,20,0,0
3,14/09/2026 11:09,36,regulated-action-state,758,73409,428,31,6,272,20,0,0
4,14/09/2026 11:09,36,regulated-action-state,763,73410,430,33,6,272,20,0,0
5,14/09/2026 11:09,36,regulated-action-state,757,73409,426,33,6,271,20,0,0
6,14/09/2026 11:09,36,regulated-action-state,770,73409,427,33,6,283,20,0,0
7,14/09/2026 11:09,36,regulated-action-state,761,73409,428,33,6,272,20,0,0
8,14/09/2026 11:09,36,regulated-action-state,762,73409,429,34,6,272,20,0,0
9,14/09/2026 11:09,36,regulated-action-state,809,73410,443,40,8,294,21,0,0
10,14/09/2026 11:09,36,regulated-action-state,780,73410,451,32,6,270,20,0,0
11,14/09/2026 11:09,36,regulated-action-state,803,73409,438,37,6,300,20,0,0
12,14/09/2026 11:09,36,regulated-action-state,766,73410,433,33,6,271,20,0,0
13,14/09/2026 11:09,36,regulated-action-state,810,73410,450,43,6,287,20,0,0
14,14/09/2026 11:09,36,regulated-action-state,761,73410,428,33,6,272,20,0,0
15,14/09/2026 11:09,36,regulated-action-state,766,73409,428,33,6,278,19,0,0
16,14/09/2026 11:09,36,regulated-action-state,804,73410,433,43,6,300,21,0,0
17,14/09/2026 11:09,36,regulated-action-state,766,73410,427,34,6,275,21,0,0
18,14/09/2026 11:09,36,regulated-action-state,770,73410,435,34,6,272,20,0,0
19,14/09/2026 11:09,36,regulated-action-state,760,73410,428,34,6,270,20,0,0
20,14/09/2026 11:09,36,regulated-action-state,818,73410,441,35,6,314,20,0,0
21,14/09/2026 11:09,36,regulated-action-state,771,73410,429,41,8,272,20,0,0
22,14/09/2026 11:09,36,regulated-action-state,757,73409,426,33,6,270,20,0,0
23,14/09/2026 11:09,36,regulated-action-state,794,73410,442,36,6,288,20,0,0
24,14/09/2026 11:09,36,regulated-action-state,762,73410,433,33,6,269,20,0,0
25,14/09/2026 11:09,36,regulated-action-state,762,73409,427,33,6,274,20,0,0
26,14/09/2026 11:09,36,regulated-action-state,763,73409,431,33,6,271,20,0,0
27,14/09/2026 11:09,36,regulated-action-state,801,73409,440,35,6,298,20,0,0
28,14/09/2026 11:09,36,regulated-action-state,760,73410,428,33,6,271,20,0,0
29,14/09/2026 11:09,36,regulated-action-state,754,73410,426,33,5,269,20,0,0
30,14/09/2026 11:09,36,regulated-action-state,760,73410,427,33,6,272,20,0,0
31,14/09/2026 11:09,36,regulated-action-state,756,73410,426,33,5,270,20,0,0
32,14/09/2026 11:09,36,regulated-action-state,765,73410,431,34,6,273,20,0,0
33,14/09/2026 11:09,36,regulated-action-state,760,73410,429,32,6,271,20,0,0
34,14/09/2026 11:09,36,regulated-action-state,767,73410,435,32,6,272,20,0,0
35,14/09/2026 11:09,36,regulated-action-state,776,73410,441,33,6,274,20,0,0
36,14/09/2026 11:09,36,regulated-action-state,753,73410,422,34,6,269,20,0,0
37,14/09/2026 11:09,36,regulated-action-state,790,73410,454,36,6,272,20,0,0
38,14/09/2026 11:09,36,regulated-action-state,755,73410,425,32,6,269,20,0,0
39,14/09/2026 11:09,36,regulated-action-state,758,73409,430,31,6,269,20,0,0
40,14/09/2026 11:09,36,regulated-action-state,757,73409,428,33,6,269,19,0,0
41,14/09/2026 11:09,36,regulated-action-state,773,73410,428,40,7,276,20,0,0
42,14/09/2026 11:09,36,regulated-action-state,816,73410,440,36,6,302,31,0,0
43,14/09/2026 11:09,36,regulated-action-state,758,73410,427,33,6,271,20,0,0
44,14/09/2026 11:09,36,regulated-action-state,787,73409,431,40,9,285,20,0,0
45,14/09/2026 11:09,36,regulated-action-state,765,73410,430,34,6,274,20,0,0
46,14/09/2026 11:09,36,regulated-action-state,768,73410,431,35,6,274,20,0,0
47,14/09/2026 11:09,36,regulated-action-state,762,73410,429,33,6,273,20,0,0
48,14/09/2026 11:09,36,regulated-action-state,767,73411,434,33,6,272,20,0,0
49,14/09/2026 11:09,36,regulated-action-state,759,73410,428,33,6,271,19,0,0
50,14/09/2026 11:09,36,regulated-action-state,763,73410,429,33,6,273,20,0,0
51,14/09/2026 11:09,36,regulated-action-state,764,73410,436,32,6,269,20,0,0
52,14/09/2026 11:09,36,regulated-action-state,758,73410,426,32,6,272,20,0,0
53,14/09/2026 11:09,36,regulated-action-state,815,73410,450,40,7,294,21,0,0
54,14/09/2026 11:10,36,regulated-action-state,774,73410,442,34,6,271,20,0,0
55,14/09/2026 11:10,36,regulated-action-state,757,73411,428,32,6,269,20,0,0
56,14/09/2026 11:10,36,regulated-action-state,765,73409,431,32,6,273,20,0,0
57,14/09/2026 11:10,36,regulated-action-state,772,73410,438,34,6,273,20,0,0
58,14/09/2026 11:10,36,regulated-action-state,772,73409,436,34,6,274,20,0,0
59,14/09/2026 11:10,36,regulated-action-state,779,73409,434,41,9,273,20,0,0
60,14/09/2026 11:10,36,regulated-action-state,814,73409,446,40,8,298,20,0,0
61,14/09/2026 11:10,36,regulated-action-state,754,73410,425,32,6,269,20,0,0
62,14/09/2026 11:10,36,regulated-action-state,765,73410,429,33,6,275,20,0,0
63,14/09/2026 11:10,36,regulated-action-state,772,73410,427,32,6,286,20,0,0
64,14/09/2026 11:10,36,regulated-action-state,757,73410,428,33,6,269,20,0,0
65,14/09/2026 11:10,36,regulated-action-state,763,73410,431,34,6,270,20,0,0
66,14/09/2026 11:10,36,regulated-action-state,759,73411,426,33,6,271,20,0,0
67,14/09/2026 11:10,36,regulated-action-state,758,73410,428,33,6,269,20,0,0
68,14/09/2026 11:10,36,regulated-action-state,761,73410,428,32,6,273,20,0,0
69,14/09/2026 11:10,36,regulated-action-state,824,73410,429,37,9,326,20,0,0
70,14/09/2026 11:10,36,regulated-action-state,774,73410,431,33,6,282,20,0,0
71,14/09/2026 11:10,36,regulated-action-state,780,73410,435,40,6,278,20,0,0
72,14/09/2026 11:10,36,regulated-action-state,759,73410,426,32,6,273,20,0,0
73,14/09/2026 11:10,36,regulated-action-state,792,73410,429,38,7,295,20,0,0
74,14/09/2026 11:10,36,regulated-action-state,757,73409,427,33,6,269,20,0,0
75,14/09/2026 11:10,36,regulated-action-state,761,73410,429,33,6,271,20,0,0
76,14/09/2026 11:10,36,regulated-action-state,757,73410,428,32,6,269,20,0,0
77,14/09/2026 11:10,36,regulated-action-state,762,73410,430,33,6,272,20,0,0
78,14/09/2026 11:10,36,regulated-action-state,759,73410,427,34,6,270,20,0,0
79,14/09/2026 11:10,36,regulated-action-state,758,73410,426,33,6,271,20,0,0
80,14/09/2026 11:10,36,regulated-action-state,762,73410,430,34,6,270,20,0,0
81,14/09/2026 11:10,36,regulated-action-state,769,73410,440,32,6,269,20,0,0
82,14/09/2026 11:10,36,regulated-action-state,760,73410,430,32,6,270,20,0,0
83,14/09/2026 11:10,36,regulated-action-state,759,73410,429,34,6,269,20,0,0
84,14/09/2026 11:10,36,regulated-action-state,759,73410,427,32,6,271,20,0,0
85,14/09/2026 11:10,36,regulated-action-state,757,73410,427,34,6,269,20,0,0
86,14/09/2026 11:10,36,regulated-action-state,754,73410,424,32,6,271,20,0,0
87,14/09/2026 11:10,36,regulated-action-state,758,73410,428,32,6,271,20,0,0
88,14/09/2026 11:10,36,regulated-action-state,806,73410,431,43,6,298,25,0,0
89,14/09/2026 11:10,36,regulated-action-state,764,73410,430,34,6,272,20,0,0
90,14/09/2026 11:10,36,regulated-action-state,808,73409,429,34,6,304,33,0,0
91,14/09/2026 11:10,36,regulated-action-state,769,73410,434,33,6,275,20,0,0
92,14/09/2026 11:10,36,regulated-action-state,826,73410,449,38,6,310,22,0,0
93,14/09/2026 11:10,36,regulated-action-state,762,73410,432,33,5,271,20,0,0
94,14/09/2026 11:10,36,regulated-action-state,763,73410,427,35,6,273,20,0,0
95,14/09/2026 11:10,36,regulated-action-state,796,73410,427,38,8,301,20,0,0
96,14/09/2026 11:10,36,regulated-action-state,762,73410,430,33,6,273,19,0,0
97,14/09/2026 11:10,36,regulated-action-state,765,73410,430,34,6,273,20,0,0
98,14/09/2026 11:10,36,regulated-action-state,755,73410,427,33,5,268,20,0,0
99,14/09/2026 11:10,36,regulated-action-state,773,73409,429,31,5,284,20,0,0
100,14/09/2026 11:10,36,regulated-action-state,761,73410,428,33,6,273,20,0,0
101,14/09/2026 11:10,36,regulated-action-state,757,73410,426,33,5,271,20,0,0
102,14/09/2026 11:10,36,regulated-action-state,759,73409,431,32,6,270,20,0,0
103,14/09/2026 11:10,36,regulated-action-state,825,73409,459,44,7,294,20,0,0
104,14/09/2026 11:10,36,regulated-action-state,780,73410,448,33,6,272,20,0,0
105,14/09/2026 11:10,36,regulated-action-state,797,73410,446,46,7,277,20,0,0
106,14/09/2026 11:10,36,regulated-action-state,759,73409,427,32,5,272,20,0,0
107,14/09/2026 11:10,36,regulated-action-state,756,73410,425,33,6,270,20,0,0
108,14/09/2026 11:10,36,regulated-action-state,758,73410,427,32,6,271,20,0,0
109,14/09/2026 11:10,36,regulated-action-state,810,73410,438,41,7,302,21,0,0
110,14/09/2026 11:10,36,regulated-action-state,763,73409,431,33,6,271,20,0,0
111,14/09/2026 11:10,36,regulated-action-state,760,73410,429,32,6,270,20,0,0
112,14/09/2026 11:10,36,regulated-action-state,761,73409,430,32,6,271,20,0,0
113,14/09/2026 11:10,36,regulated-action-state,759,73410,428,33,6,271,20,0,0
114,14/09/2026 11:10,36,regulated-action-state,768,73410,426,33,6,281,21,0,0
115,14/09/2026 11:10,36,regulated-action-state,764,73410,429,35,6,273,19,0,0
116,14/09/2026 11:10,36,regulated-action-state,755,73409,425,34,6,269,20,0,0
117,14/09/2026 11:10,36,regulated-action-state,757,73410,427,34,6,269,20,0,0
118,14/09/2026 11:10,36,regulated-action-state,760,73409,428,34,6,271,20,0,0
119,14/09/2026 11:10,36,regulated-action-state,753,73409,425,32,6,269,20,0,0
120,14/09/2026 11:10,36,regulated-action-state,793,73410,427,33,6,302,24,0,0
121,14/09/2026 11:11,36,regulated-action-state,759,73410,427,33,6,272,20,0,0
122,14/09/2026 11:11,36,regulated-action-state,762,73410,429,33,6,272,20,0,0
123,14/09/2026 11:11,36,regulated-action-state,757,73410,426,33,5,270,20,0,0
124,14/09/2026 11:11,36,regulated-action-state,766,73410,432,32,6,274,20,0,0
125,14/09/2026 11:11,36,regulated-action-state,775,73410,432,38,6,277,20,0,0
126,14/09/2026 11:11,36,regulated-action-state,756,73410,427,32,6,269,20,0,0
127,14/09/2026 11:11,36,regulated-action-state,776,73410,444,33,6,271,20,0,0
128,14/09/2026 11:11,36,regulated-action-state,780,73410,428,32,6,290,22,0,0
129,14/09/2026 11:11,36,regulated-action-state,822,73410,454,37,8,301,20,0,0
130,14/09/2026 11:11,36,regulated-action-state,799,73410,436,37,6,299,20,0,0
131,14/09/2026 11:11,36,regulated-action-state,757,73410,425,34,6,271,19,0,0
132,14/09/2026 11:11,36,regulated-action-state,754,73411,424,33,6,270,20,0,0
133,14/09/2026 11:11,36,regulated-action-state,778,73411,440,41,6,269,20,0,0
134,14/09/2026 11:11,36,regulated-action-state,762,73409,429,34,6,272,20,0,0
135,14/09/2026 11:11,36,regulated-action-state,768,73410,425,34,5,282,20,0,0
136,14/09/2026 11:11,36,regulated-action-state,763,73409,428,35,6,273,20,0,0
137,14/09/2026 11:11,36,regulated-action-state,760,73410,427,33,6,272,20,0,0
138,14/09/2026 11:11,36,regulated-action-state,803,73410,433,43,6,297,22,0,0
139,14/09/2026 11:11,36,regulated-action-state,814,73409,455,35,7,296,20,0,0
140,14/09/2026 11:11,36,regulated-action-state,764,73409,429,33,6,273,20,0,0
141,14/09/2026 11:11,36,regulated-action-state,761,73410,427,34,6,272,21,0,0
142,14/09/2026 11:11,36,regulated-action-state,765,73410,431,33,6,273,20,0,0
143,14/09/2026 11:11,36,regulated-action-state,757,73410,427,32,6,271,20,0,0
144,14/09/2026 11:11,36,regulated-action-state,757,73410,427,33,6,270,20,0,0
145,14/09/2026 11:11,36,regulated-action-state,762,73410,430,33,6,272,20,0,0
146,14/09/2026 11:11,36,regulated-action-state,799,73410,435,35,6,300,21,0,0
147,14/09/2026 11:11,36,regulated-action-state,759,73410,426,34,6,272,20,0,0
148,14/09/2026 11:11,36,regulated-action-state,757,73410,428,32,6,269,20,0,0
149,14/09/2026 11:11,36,regulated-action-state,757,73409,428,31,6,270,20,0,0
150,14/09/2026 11:11,36,regulated-action-state,757,73410,428,32,5,270,20,0,0
151,14/09/2026 11:11,36,regulated-action-state,780,73410,424,34,6,285,30,0,0
152,14/09/2026 11:11,36,regulated-action-state,760,73410,429,32,6,271,20,0,0
153,14/09/2026 11:11,36,regulated-action-state,758,73410,426,34,6,271,20,0,0
154,14/09/2026 11:11,36,regulated-action-state,759,73410,428,33,6,271,19,0,0
155,14/09/2026 11:11,36,regulated-action-state,807,73410,440,41,8,294,21,0,0
156,14/09/2026 11:11,36,regulated-action-state,760,73410,428,32,6,272,20,0,0
157,14/09/2026 11:11,36,regulated-action-state,758,73409,429,31,6,271,19,0,0
158,14/09/2026 11:11,36,regulated-action-state,757,73409,425,33,6,272,20,0,0
159,14/09/2026 11:11,36,regulated-action-state,770,73410,426,34,6,282,20,0,0
160,14/09/2026 11:11,36,regulated-action-state,772,73409,436,39,5,270,20,0,0
161,14/09/2026 11:11,36,regulated-action-state,773,73410,436,31,6,279,20,0,0
162,14/09/2026 11:11,36,regulated-action-state,761,73410,429,33,6,272,19,0,0
163,14/09/2026 11:11,36,regulated-action-state,809,73410,446,38,8,295,20,0,0
164,14/09/2026 11:11,36,regulated-action-state,759,73410,428,34,6,270,20,0,0
165,14/09/2026 11:11,36,regulated-action-state,762,73410,429,33,5,272,20,0,0
166,14/09/2026 11:11,36,regulated-action-state,761,73410,428,33,6,273,20,0,0
167,14/09/2026 11:11,36,regulated-action-state,756,73410,428,32,5,269,20,0,0
168,14/09/2026 11:11,36,regulated-action-state,765,73410,431,34,6,273,20,0,0
169,14/09/2026 11:11,36,regulated-action-state,756,73409,426,32,5,271,20,0,0
170,14/09/2026 11:11,36,regulated-action-state,755,73410,425,33,5,271,20,0,0
171,14/09/2026 11:11,36,regulated-action-state,760,73410,427,33,6,273,20,0,0
172,14/09/2026 11:11,36,regulated-action-state,760,73410,428,33,6,271,20,0,0
173,14/09/2026 11:11,36,regulated-action-state,759,73410,428,33,6,271,19,0,0
174,14/09/2026 11:11,36,regulated-action-state,757,73410,426,32,6,271,20,0,0
175,14/09/2026 11:11,36,regulated-action-state,795,73410,435,33,5,300,21,0,0
176,14/09/2026 11:11,36,regulated-action-state,769,73409,433,34,6,274,20,0,0
177,14/09/2026 11:11,36,regulated-action-state,762,73410,430,33,6,271,20,0,0
178,14/09/2026 11:11,36,regulated-action-state,756,73409,425,33,6,270,20,0,0
179,14/09/2026 11:11,36,regulated-action-state,754,73411,422,31,6,272,20,0,0
180,14/09/2026 11:11,36,regulated-action-state,756,73409,426,32,6,270,20,0,0
181,14/09/2026 11:11,36,regulated-action-state,757,73410,430,32,5,269,20,0,0
182,14/09/2026 11:11,36,regulated-action-state,800,73410,441,44,7,285,20,0,0
183,14/09/2026 11:11,36,regulated-action-state,761,73410,428,33,6,272,20,0,0
184,14/09/2026 11:11,36,regulated-action-state,771,73410,429,42,6,272,20,0,0
185,14/09/2026 11:11,36,regulated-action-state,760,73410,426,34,6,272,20,0,0
186,14/09/2026 11:11,36,regulated-action-state,802,73410,440,35,6,299,21,0,0
187,14/09/2026 11:11,36,regulated-action-state,760,73410,430,33,6,270,20,0,0
188,14/09/2026 11:12,36,regulated-action-state,794,73409,443,38,8,283,20,0,0
189,14/09/2026 11:12,36,regulated-action-state,785,73409,426,32,6,299,20,0,0
190,14/09/2026 11:12,36,regulated-action-state,756,73410,426,31,6,270,20,0,0
191,14/09/2026 11:12,36,regulated-action-state,762,73409,430,32,6,272,20,0,0
192,14/09/2026 11:12,36,regulated-action-state,761,73410,429,33,6,272,20,0,0
193,14/09/2026 11:12,36,regulated-action-state,763,73409,431,32,6,272,20,0,0
194,14/09/2026 11:12,36,regulated-action-state,774,73410,425,32,6,290,19,0,0
195,14/09/2026 11:12,36,regulated-action-state,761,73410,428,34,6,271,20,0,0
196,14/09/2026 11:12,36,regulated-action-state,757,73409,428,31,6,270,20,0,0
197,14/09/2026 11:12,36,regulated-action-state,774,73410,441,33,6,272,20,0,0
198,14/09/2026 11:12,36,regulated-action-state,757,73409,428,32,6,270,20,0,0
199,14/09/2026 11:12,36,regulated-action-state,795,73410,428,35,6,304,20,0,0
200,14/09/2026 11:12,36,regulated-action-state,782,73410,426,32,6,291,25,0,0
1,14/09/2026 11:12,45,regulated-action-state,879,73409,481,82,6,288,20,0,0
2,14/09/2026 11:12,45,regulated-action-state,764,73409,426,38,6,271,20,0,0
3,14/09/2026 11:12,45,regulated-action-state,835,73409,443,49,9,311,21,0,0
4,14/09/2026 11:12,45,regulated-action-state,769,73409,429,38,6,274,20,0,0
5,14/09/2026 11:12,45,regulated-action-state,765,73409,427,37,6,272,20,0,0
6,14/09/2026 11:12,45,regulated-action-state,772,73409,433,37,6,274,20,0,0
7,14/09/2026 11:12,45,regulated-action-state,772,73409,430,37,6,273,24,0,0
8,14/09/2026 11:12,45,regulated-action-state,766,73409,427,38,6,272,20,0,0
9,14/09/2026 11:12,45,regulated-action-state,765,73409,425,38,6,273,20,0,0
10,14/09/2026 11:12,45,regulated-action-state,773,73411,436,37,6,271,20,0,0
11,14/09/2026 11:12,45,regulated-action-state,777,73409,432,39,6,278,20,0,0
12,14/09/2026 11:12,45,regulated-action-state,784,73409,429,37,6,285,24,0,0
13,14/09/2026 11:12,45,regulated-action-state,773,73409,432,38,7,274,20,0,0
14,14/09/2026 11:12,45,regulated-action-state,843,73409,444,51,13,312,22,0,0
15,14/09/2026 11:12,45,regulated-action-state,773,73409,431,38,6,276,20,0,0
16,14/09/2026 11:12,45,regulated-action-state,787,73409,427,37,6,294,22,0,0
17,14/09/2026 11:12,45,regulated-action-state,766,73409,427,37,6,273,20,0,0
18,14/09/2026 11:12,45,regulated-action-state,765,73409,426,38,6,273,20,0,0
19,14/09/2026 11:12,45,regulated-action-state,764,73409,428,37,6,270,20,0,0
20,14/09/2026 11:12,45,regulated-action-state,770,73409,427,41,6,273,20,0,0
21,14/09/2026 11:12,45,regulated-action-state,799,73409,427,38,6,306,21,0,0
22,14/09/2026 11:12,45,regulated-action-state,801,73409,444,40,6,289,20,0,0
23,14/09/2026 11:12,45,regulated-action-state,771,73409,427,38,6,276,22,0,0
24,14/09/2026 11:12,45,regulated-action-state,767,73409,427,38,6,272,21,0,0
25,14/09/2026 11:12,45,regulated-action-state,772,73409,432,38,6,273,21,0,0
26,14/09/2026 11:12,45,regulated-action-state,766,73409,427,38,6,273,20,0,0
27,14/09/2026 11:12,45,regulated-action-state,768,73409,427,38,6,274,20,0,0
28,14/09/2026 11:12,45,regulated-action-state,768,73409,429,37,6,273,20,0,0
29,14/09/2026 11:12,45,regulated-action-state,801,73409,426,37,6,309,21,0,0
30,14/09/2026 11:12,45,regulated-action-state,774,73409,434,37,6,275,21,0,0
31,14/09/2026 11:12,45,regulated-action-state,768,73409,429,38,6,273,21,0,0
32,14/09/2026 11:12,45,regulated-action-state,766,73409,428,38,6,272,20,0,0
33,14/09/2026 11:12,45,regulated-action-state,767,73409,426,40,6,273,20,0,0
34,14/09/2026 11:12,45,regulated-action-state,767,73409,428,39,6,272,20,0,0
35,14/09/2026 11:12,45,regulated-action-state,787,73409,436,49,6,273,21,0,0
36,14/09/2026 11:12,45,regulated-action-state,773,73409,434,38,6,273,20,0,0
37,14/09/2026 11:12,45,regulated-action-state,763,73409,427,36,6,271,20,0,0
38,14/09/2026 11:12,45,regulated-action-state,766,73409,425,38,6,276,20,0,0
39,14/09/2026 11:12,45,regulated-action-state,766,73409,428,38,6,271,20,0,0
40,14/09/2026 11:12,45,regulated-action-state,767,73409,427,39,6,273,20,0,0
41,14/09/2026 11:12,45,regulated-action-state,769,73409,428,39,6,274,20,0,0
42,14/09/2026 11:12,45,regulated-action-state,766,73409,427,38,6,272,20,0,0
43,14/09/2026 11:12,45,regulated-action-state,810,73409,434,37,6,309,22,0,0
44,14/09/2026 11:12,45,regulated-action-state,773,73409,430,40,6,275,20,0,0
45,14/09/2026 11:12,45,regulated-action-state,777,73409,437,39,6,272,20,0,0
46,14/09/2026 11:12,45,regulated-action-state,772,73409,430,39,6,275,20,0,0
47,14/09/2026 11:12,45,regulated-action-state,774,73409,433,39,6,274,20,0,0
48,14/09/2026 11:12,45,regulated-action-state,764,73409,427,39,6,271,20,0,0
49,14/09/2026 11:12,45,regulated-action-state,771,73409,431,38,6,274,20,0,0
50,14/09/2026 11:12,45,regulated-action-state,768,73409,429,39,6,272,20,0,0
51,14/09/2026 11:12,45,regulated-action-state,777,73409,433,38,6,277,21,0,0
52,14/09/2026 11:12,45,regulated-action-state,783,73409,430,36,6,287,21,0,0
53,14/09/2026 11:12,45,regulated-action-state,791,73409,446,38,6,279,20,0,0
54,14/09/2026 11:13,45,regulated-action-state,764,73409,426,38,6,272,20,0,0
55,14/09/2026 11:13,45,regulated-action-state,809,73409,432,48,7,299,21,0,0
56,14/09/2026 11:13,45,regulated-action-state,770,73409,428,37,6,277,21,0,0
57,14/09/2026 11:13,45,regulated-action-state,765,73409,428,37,6,272,21,0,0
58,14/09/2026 11:13,45,regulated-action-state,765,73409,428,38,6,272,20,0,0
59,14/09/2026 11:13,45,regulated-action-state,807,73409,430,36,6,313,20,0,0
60,14/09/2026 11:13,45,regulated-action-state,772,73409,431,38,6,273,21,0,0
61,14/09/2026 11:13,45,regulated-action-state,822,73409,453,41,7,299,20,0,0
62,14/09/2026 11:13,45,regulated-action-state,797,73409,428,37,6,303,21,0,0
63,14/09/2026 11:13,45,regulated-action-state,791,73409,429,38,6,295,21,0,0
64,14/09/2026 11:13,45,regulated-action-state,813,73409,437,38,6,308,22,0,0
65,14/09/2026 11:13,45,regulated-action-state,828,73409,457,50,7,292,20,0,0
66,14/09/2026 11:13,45,regulated-action-state,828,73409,442,48,9,306,21,0,0
67,14/09/2026 11:13,45,regulated-action-state,767,73409,428,38,6,274,20,0,0
68,14/09/2026 11:13,45,regulated-action-state,773,73409,430,39,6,276,21,0,0
69,14/09/2026 11:13,45,regulated-action-state,762,73409,425,37,6,272,20,0,0
70,14/09/2026 11:13,45,regulated-action-state,842,73409,451,49,9,307,24,0,0
71,14/09/2026 11:13,45,regulated-action-state,770,73409,426,38,6,277,20,0,0
72,14/09/2026 11:13,45,regulated-action-state,818,73410,441,46,7,302,21,0,0
73,14/09/2026 11:13,45,regulated-action-state,785,73409,446,36,6,275,20,0,0
74,14/09/2026 11:13,45,regulated-action-state,768,73409,429,38,6,274,20,0,0
75,14/09/2026 11:13,45,regulated-action-state,769,73409,429,38,6,274,21,0,0
76,14/09/2026 11:13,45,regulated-action-state,765,73409,426,38,6,273,20,0,0
77,14/09/2026 11:13,45,regulated-action-state,780,73409,439,36,6,277,20,0,0
78,14/09/2026 11:13,45,regulated-action-state,773,73409,430,39,6,275,20,0,0
79,14/09/2026 11:13,45,regulated-action-state,771,73409,430,37,6,276,20,0,0
80,14/09/2026 11:13,45,regulated-action-state,767,73409,430,37,6,272,20,0,0
81,14/09/2026 11:13,45,regulated-action-state,778,73409,435,38,6,276,20,0,0
82,14/09/2026 11:13,45,regulated-action-state,790,73409,428,43,6,290,20,0,0
83,14/09/2026 11:13,45,regulated-action-state,821,73409,452,42,7,298,20,0,0
84,14/09/2026 11:13,45,regulated-action-state,828,73409,450,44,7,305,20,0,0
85,14/09/2026 11:13,45,regulated-action-state,775,73409,435,39,6,273,20,0,0
86,14/09/2026 11:13,45,regulated-action-state,766,73409,429,37,6,272,20,0,0
87,14/09/2026 11:13,45,regulated-action-state,763,73409,426,37,6,272,20,0,0
88,14/09/2026 11:13,45,regulated-action-state,776,73409,432,38,6,277,21,0,0
89,14/09/2026 11:13,45,regulated-action-state,766,73409,427,38,6,273,21,0,0
90,14/09/2026 11:13,45,regulated-action-state,817,73409,469,47,6,273,20,0,0
91,14/09/2026 11:13,45,regulated-action-state,819,73409,431,44,7,311,24,0,0
92,14/09/2026 11:13,45,regulated-action-state,766,73409,427,38,6,273,20,0,0
93,14/09/2026 11:13,45,regulated-action-state,768,73409,430,38,6,272,20,0,0
94,14/09/2026 11:13,45,regulated-action-state,766,73409,428,37,6,273,20,0,0
95,14/09/2026 11:13,45,regulated-action-state,769,73409,430,36,6,274,20,0,0
96,14/09/2026 11:13,45,regulated-action-state,770,73409,429,37,6,276,20,0,0
97,14/09/2026 11:13,45,regulated-action-state,763,73409,427,37,6,272,20,0,0
98,14/09/2026 11:13,45,regulated-action-state,767,73409,429,38,6,273,20,0,0
99,14/09/2026 11:13,45,regulated-action-state,773,73409,430,38,6,275,21,0,0
100,14/09/2026 11:13,45,regulated-action-state,765,73409,425,38,6,274,20,0,0
101,14/09/2026 11:13,45,regulated-action-state,768,73409,429,36,6,274,21,0,0
102,14/09/2026 11:13,45,regulated-action-state,760,73409,424,37,6,271,20,0,0
103,14/09/2026 11:13,45,regulated-action-state,775,73409,437,38,6,272,20,0,0
104,14/09/2026 11:13,45,regulated-action-state,803,73409,428,42,8,302,21,0,0
105,14/09/2026 11:13,45,regulated-action-state,766,73409,424,38,6,275,20,0,0
106,14/09/2026 11:13,45,regulated-action-state,800,73409,427,39,6,305,20,0,0
107,14/09/2026 11:13,45,regulated-action-state,795,73409,431,39,6,296,21,0,0
108,14/09/2026 11:13,45,regulated-action-state,766,73409,428,37,6,271,20,0,0
109,14/09/2026 11:13,45,regulated-action-state,768,73409,429,39,6,273,20,0,0
110,14/09/2026 11:13,45,regulated-action-state,775,73410,432,38,6,277,20,0,0
111,14/09/2026 11:13,45,regulated-action-state,766,73409,425,38,6,274,20,0,0
112,14/09/2026 11:13,45,regulated-action-state,785,73409,441,38,6,276,21,0,0
113,14/09/2026 11:13,45,regulated-action-state,766,73409,428,37,6,273,20,0,0
114,14/09/2026 11:13,45,regulated-action-state,801,73409,439,48,9,283,20,0,0
115,14/09/2026 11:13,45,regulated-action-state,775,73409,433,39,6,275,20,0,0
116,14/09/2026 11:13,45,regulated-action-state,764,73409,426,37,6,272,20,0,0
117,14/09/2026 11:13,45,regulated-action-state,789,73409,444,44,6,273,20,0,0
118,14/09/2026 11:13,45,regulated-action-state,771,73409,428,38,6,276,20,0,0
119,14/09/2026 11:13,45,regulated-action-state,811,73409,433,46,7,303,21,0,0
120,14/09/2026 11:14,45,regulated-action-state,765,73409,426,37,6,273,20,0,0
121,14/09/2026 11:14,45,regulated-action-state,768,73409,428,39,6,273,20,0,0
122,14/09/2026 11:14,45,regulated-action-state,767,73409,428,38,6,272,21,0,0
123,14/09/2026 11:14,45,regulated-action-state,783,73409,430,37,6,287,21,0,0
124,14/09/2026 11:14,45,regulated-action-state,766,73409,427,38,6,274,20,0,0
125,14/09/2026 11:14,45,regulated-action-state,767,73409,429,37,6,273,20,0,0
126,14/09/2026 11:14,45,regulated-action-state,770,73409,429,39,6,274,20,0,0
127,14/09/2026 11:14,45,regulated-action-state,775,73409,433,38,6,276,21,0,0
128,14/09/2026 11:14,45,regulated-action-state,772,73409,431,37,6,276,20,0,0
129,14/09/2026 11:14,45,regulated-action-state,798,73409,427,38,6,303,22,0,0
130,14/09/2026 11:14,45,regulated-action-state,773,73409,433,38,6,274,20,0,0
131,14/09/2026 11:14,45,regulated-action-state,792,73409,426,37,6,299,21,0,0
132,14/09/2026 11:14,45,regulated-action-state,828,73409,449,51,9,296,20,0,0
133,14/09/2026 11:14,45,regulated-action-state,806,73409,442,44,7,291,20,0,0
134,14/09/2026 11:14,45,regulated-action-state,764,73409,426,36,6,274,20,0,0
135,14/09/2026 11:14,45,regulated-action-state,766,73409,427,39,6,272,20,0,0
136,14/09/2026 11:14,45,regulated-action-state,765,73409,428,37,6,273,20,0,0
137,14/09/2026 11:14,45,regulated-action-state,802,73409,463,41,6,271,20,0,0
138,14/09/2026 11:14,45,regulated-action-state,768,73409,427,38,6,274,20,0,0
139,14/09/2026 11:14,45,regulated-action-state,786,73409,429,38,6,289,22,0,0
140,14/09/2026 11:14,45,regulated-action-state,768,73409,429,37,6,273,20,0,0
141,14/09/2026 11:14,45,regulated-action-state,769,73409,429,38,6,273,20,0,0
142,14/09/2026 11:14,45,regulated-action-state,767,73409,428,36,6,274,20,0,0
143,14/09/2026 11:14,45,regulated-action-state,770,73409,430,38,6,275,20,0,0
144,14/09/2026 11:14,45,regulated-action-state,771,73409,429,39,6,274,20,0,0
145,14/09/2026 11:14,45,regulated-action-state,769,73409,429,37,6,275,20,0,0
146,14/09/2026 11:14,45,regulated-action-state,817,73409,440,46,9,299,20,0,0
147,14/09/2026 11:14,45,regulated-action-state,765,73409,427,38,6,273,20,0,0
148,14/09/2026 11:14,45,regulated-action-state,767,73409,429,37,6,273,20,0,0
149,14/09/2026 11:14,45,regulated-action-state,818,73409,430,45,7,312,23,0,0
150,14/09/2026 11:14,45,regulated-action-state,766,73409,428,38,6,272,20,0,0
151,14/09/2026 11:14,45,regulated-action-state,762,73409,426,36,6,272,20,0,0
152,14/09/2026 11:14,45,regulated-action-state,774,73409,432,37,6,276,21,0,0
153,14/09/2026 11:14,45,regulated-action-state,792,73409,422,39,7,296,25,0,0
154,14/09/2026 11:14,45,regulated-action-state,764,73409,426,39,6,271,20,0,0
155,14/09/2026 11:14,45,regulated-action-state,768,73409,428,37,6,275,20,0,0
156,14/09/2026 11:14,45,regulated-action-state,778,73409,439,38,6,273,20,0,0
157,14/09/2026 11:14,45,regulated-action-state,847,73409,461,54,8,302,20,0,0
158,14/09/2026 11:14,45,regulated-action-state,767,73409,427,38,6,273,20,0,0
159,14/09/2026 11:14,45,regulated-action-state,778,73409,439,38,6,273,20,0,0
160,14/09/2026 11:14,45,regulated-action-state,770,73409,430,38,6,274,20,0,0
161,14/09/2026 11:14,45,regulated-action-state,792,73409,431,37,6,295,21,0,0
162,14/09/2026 11:14,45,regulated-action-state,817,73409,434,41,6,308,25,0,0
163,14/09/2026 11:14,45,regulated-action-state,766,73409,426,38,6,272,20,0,0
164,14/09/2026 11:14,45,regulated-action-state,766,73409,428,38,6,272,20,0,0
165,14/09/2026 11:14,45,regulated-action-state,767,73409,428,37,6,274,20,0,0
166,14/09/2026 11:14,45,regulated-action-state,768,73409,428,38,6,273,21,0,0
167,14/09/2026 11:14,45,regulated-action-state,767,73409,428,37,6,274,20,0,0
168,14/09/2026 11:14,45,regulated-action-state,777,73409,435,38,6,276,20,0,0
169,14/09/2026 11:14,45,regulated-action-state,770,73409,431,37,6,274,20,0,0
170,14/09/2026 11:14,45,regulated-action-state,774,73409,436,39,6,270,20,0,0
171,14/09/2026 11:14,45,regulated-action-state,765,73409,428,36,6,272,20,0,0
172,14/09/2026 11:14,45,regulated-action-state,768,73409,428,39,6,273,20,0,0
173,14/09/2026 11:14,45,regulated-action-state,762,73409,425,37,6,272,20,0,0
174,14/09/2026 11:14,45,regulated-action-state,767,73409,428,38,6,273,20,0,0
175,14/09/2026 11:14,45,regulated-action-state,771,73409,432,39,6,272,20,0,0
176,14/09/2026 11:14,45,regulated-action-state,765,73409,427,37,6,273,20,0,0
177,14/09/2026 11:14,45,regulated-action-state,761,73409,426,36,6,271,20,0,0
178,14/09/2026 11:14,45,regulated-action-state,777,73409,427,37,6,283,21,0,0
179,14/09/2026 11:14,45,regulated-action-state,784,73409,442,37,6,275,21,0,0
180,14/09/2026 11:14,45,regulated-action-state,771,73409,432,37,6,275,20,0,0
181,14/09/2026 11:14,45,regulated-action-state,764,73411,426,35,6,274,20,0,0
182,14/09/2026 11:14,45,regulated-action-state,775,73409,432,38,6,277,20,0,0
183,14/09/2026 11:14,45,regulated-action-state,770,73409,432,37,6,273,20,0,0
184,14/09/2026 11:14,45,regulated-action-state,767,73409,427,39,6,273,20,0,0
185,14/09/2026 11:14,45,regulated-action-state,776,73409,436,40,6,272,20,0,0
186,14/09/2026 11:14,45,regulated-action-state,769,73409,431,37,6,273,20,0,0
187,14/09/2026 11:15,45,regulated-action-state,774,73409,430,37,6,279,20,0,0
188,14/09/2026 11:15,45,regulated-action-state,776,73409,433,38,6,276,20,0,0
189,14/09/2026 11:15,45,regulated-action-state,819,73409,444,41,8,303,22,0,0
190,14/09/2026 11:15,45,regulated-action-state,768,73409,428,38,6,273,20,0,0
191,14/09/2026 11:15,45,regulated-action-state,766,73409,429,36,6,273,20,0,0
192,14/09/2026 11:15,45,regulated-action-state,765,73409,428,37,6,273,20,0,0
193,14/09/2026 11:15,45,regulated-action-state,772,73411,430,39,6,276,20,0,0
194,14/09/2026 11:15,45,regulated-action-state,766,73409,426,39,6,272,20,0,0
195,14/09/2026 11:15,45,regulated-action-state,773,73409,429,39,6,276,21,0,0
196,14/09/2026 11:15,45,regulated-action-state,768,73409,429,38,6,273,20,0,0
197,14/09/2026 11:15,45,regulated-action-state,775,73409,433,38,6,276,20,0,0
198,14/09/2026 11:15,45,regulated-action-state,774,73409,432,37,6,277,20,0,0
199,14/09/2026 11:15,45,regulated-action-state,778,73409,436,37,6,276,21,0,0
200,14/09/2026 11:15,45,regulated-action-state,765,73409,428,37,6,272,20,0,0
1,14/09/2026 11:15,54,regulated-action-state,916,73425,513,80,7,294,20,0,0
2,14/09/2026 11:15,54,regulated-action-state,777,73425,429,42,7,277,20,0,0
3,14/09/2026 11:15,54,regulated-action-state,774,73425,428,40,7,277,20,0,0
4,14/09/2026 11:15,54,regulated-action-state,786,73425,436,43,7,278,20,0,0
5,14/09/2026 11:15,54,regulated-action-state,772,73425,429,40,7,276,20,0,0
6,14/09/2026 11:15,54,regulated-action-state,787,73425,434,44,7,279,20,0,0
7,14/09/2026 11:15,54,regulated-action-state,787,73425,430,42,7,279,27,0,0
8,14/09/2026 11:15,54,regulated-action-state,778,73425,433,40,7,277,20,0,0
9,14/09/2026 11:15,54,regulated-action-state,794,73425,444,42,7,279,20,0,0
10,14/09/2026 11:15,54,regulated-action-state,772,73425,426,42,7,276,20,0,0
11,14/09/2026 11:15,54,regulated-action-state,774,73425,427,40,7,277,20,0,0
12,14/09/2026 11:15,54,regulated-action-state,772,73425,427,39,7,277,20,0,0
13,14/09/2026 11:15,54,regulated-action-state,770,73425,425,42,7,275,20,0,0
14,14/09/2026 11:15,54,regulated-action-state,808,73425,426,42,7,310,21,0,0
15,14/09/2026 11:15,54,regulated-action-state,776,73425,430,41,6,276,20,0,0
16,14/09/2026 11:15,54,regulated-action-state,810,73425,446,48,8,286,20,0,0
17,14/09/2026 11:15,54,regulated-action-state,772,73425,426,41,8,276,20,0,0
18,14/09/2026 11:15,54,regulated-action-state,781,73425,428,43,6,281,20,0,0
19,14/09/2026 11:15,54,regulated-action-state,783,73425,432,41,6,282,20,0,0
20,14/09/2026 11:15,54,regulated-action-state,770,73425,426,41,7,275,20,0,0
21,14/09/2026 11:15,54,regulated-action-state,780,73425,432,41,7,278,20,0,0
22,14/09/2026 11:15,54,regulated-action-state,773,73425,427,41,7,276,20,0,0
23,14/09/2026 11:15,54,regulated-action-state,813,73425,434,41,7,308,21,0,0
24,14/09/2026 11:15,54,regulated-action-state,829,73425,449,47,7,304,20,0,0
25,14/09/2026 11:15,54,regulated-action-state,777,73425,428,41,7,279,20,0,0
26,14/09/2026 11:15,54,regulated-action-state,781,73425,431,41,7,280,20,0,0
27,14/09/2026 11:15,54,regulated-action-state,775,73425,428,41,7,278,20,0,0
28,14/09/2026 11:15,54,regulated-action-state,772,73425,428,41,7,275,20,0,0
29,14/09/2026 11:15,54,regulated-action-state,772,73425,428,41,6,275,20,0,0
30,14/09/2026 11:15,54,regulated-action-state,772,73425,427,40,7,276,20,0,0
31,14/09/2026 11:15,54,regulated-action-state,774,73425,428,41,7,276,20,0,0
32,14/09/2026 11:15,54,regulated-action-state,776,73425,428,41,7,278,20,0,0
33,14/09/2026 11:15,54,regulated-action-state,774,73425,426,40,7,278,20,0,0
34,14/09/2026 11:15,54,regulated-action-state,772,73425,425,42,7,276,20,0,0
35,14/09/2026 11:15,54,regulated-action-state,788,73425,435,40,7,285,20,0,0
36,14/09/2026 11:15,54,regulated-action-state,774,73425,427,43,7,276,20,0,0
37,14/09/2026 11:15,54,regulated-action-state,816,73425,426,53,8,308,20,0,0
38,14/09/2026 11:15,54,regulated-action-state,774,73425,429,42,7,274,19,0,0
39,14/09/2026 11:15,54,regulated-action-state,769,73425,425,40,7,276,20,0,0
40,14/09/2026 11:15,54,regulated-action-state,773,73425,427,42,7,275,20,0,0
41,14/09/2026 11:15,54,regulated-action-state,784,73425,427,41,7,287,20,0,0
42,14/09/2026 11:15,54,regulated-action-state,779,73425,430,43,6,277,21,0,0
43,14/09/2026 11:15,54,regulated-action-state,801,73425,434,42,7,292,24,0,0
44,14/09/2026 11:15,54,regulated-action-state,768,73425,427,39,7,273,20,0,0
45,14/09/2026 11:15,54,regulated-action-state,789,73425,430,42,7,289,20,0,0
46,14/09/2026 11:15,54,regulated-action-state,782,73425,433,42,7,278,21,0,0
47,14/09/2026 11:15,54,regulated-action-state,780,73425,431,41,6,279,20,0,0
48,14/09/2026 11:15,54,regulated-action-state,789,73425,429,43,7,289,20,0,0
49,14/09/2026 11:15,54,regulated-action-state,814,73425,442,46,10,295,21,0,0
50,14/09/2026 11:15,54,regulated-action-state,775,73425,429,42,7,276,20,0,0
51,14/09/2026 11:15,54,regulated-action-state,812,73425,435,41,7,307,20,0,0
52,14/09/2026 11:16,54,regulated-action-state,773,73425,427,42,7,276,20,0,0
53,14/09/2026 11:16,54,regulated-action-state,820,73425,430,40,7,310,30,0,0
54,14/09/2026 11:16,54,regulated-action-state,775,73425,427,41,7,278,19,0,0
55,14/09/2026 11:16,54,regulated-action-state,845,73425,444,60,10,308,21,0,0
56,14/09/2026 11:16,54,regulated-action-state,777,73425,429,42,7,278,20,0,0
57,14/09/2026 11:16,54,regulated-action-state,778,73425,429,43,6,277,20,0,0
58,14/09/2026 11:16,54,regulated-action-state,776,73425,431,42,7,275,20,0,0
59,14/09/2026 11:16,54,regulated-action-state,829,73425,446,47,7,306,21,0,0
60,14/09/2026 11:16,54,regulated-action-state,772,73425,428,41,7,275,20,0,0
61,14/09/2026 11:16,54,regulated-action-state,777,73425,428,41,7,279,20,0,0
62,14/09/2026 11:16,54,regulated-action-state,775,73425,429,41,7,277,20,0,0
63,14/09/2026 11:16,54,regulated-action-state,791,73425,428,41,7,293,20,0,0
64,14/09/2026 11:16,54,regulated-action-state,776,73425,427,42,7,279,20,0,0
65,14/09/2026 11:16,54,regulated-action-state,773,73426,426,41,6,277,20,0,0
66,14/09/2026 11:16,54,regulated-action-state,769,73425,425,41,7,275,20,0,0
67,14/09/2026 11:16,54,regulated-action-state,776,73425,427,42,7,277,20,0,0
68,14/09/2026 11:16,54,regulated-action-state,785,73425,435,43,7,278,21,0,0
69,14/09/2026 11:16,54,regulated-action-state,775,73425,429,40,7,277,20,0,0
70,14/09/2026 11:16,54,regulated-action-state,810,73425,426,48,10,303,21,0,0
71,14/09/2026 11:16,54,regulated-action-state,782,73425,431,42,7,280,20,0,0
72,14/09/2026 11:16,54,regulated-action-state,778,73425,430,42,7,278,20,0,0
73,14/09/2026 11:16,54,regulated-action-state,821,73426,440,50,11,298,20,0,0
74,14/09/2026 11:16,54,regulated-action-state,781,73425,431,41,7,280,20,0,0
75,14/09/2026 11:16,54,regulated-action-state,846,73425,452,50,8,314,20,0,0
76,14/09/2026 11:16,54,regulated-action-state,772,73425,427,41,6,275,20,0,0
77,14/09/2026 11:16,54,regulated-action-state,805,73425,426,42,7,308,20,0,0
78,14/09/2026 11:16,54,regulated-action-state,826,73425,439,48,8,304,25,0,0
79,14/09/2026 11:16,54,regulated-action-state,774,73425,428,41,6,276,20,0,0
80,14/09/2026 11:16,54,regulated-action-state,778,73425,428,43,7,279,20,0,0
81,14/09/2026 11:16,54,regulated-action-state,773,73425,426,42,7,276,20,0,0
82,14/09/2026 11:16,54,regulated-action-state,781,73425,430,43,7,279,20,0,0
83,14/09/2026 11:16,54,regulated-action-state,788,73425,428,41,6,290,20,0,0
84,14/09/2026 11:16,54,regulated-action-state,775,73425,426,42,6,279,20,0,0
85,14/09/2026 11:16,54,regulated-action-state,789,73425,427,43,7,290,20,0,0
86,14/09/2026 11:16,54,regulated-action-state,773,73425,426,40,6,278,20,0,0
87,14/09/2026 11:16,54,regulated-action-state,822,73425,427,54,9,309,20,0,0
88,14/09/2026 11:16,54,regulated-action-state,829,73425,428,44,9,322,24,0,0
89,14/09/2026 11:16,54,regulated-action-state,772,73425,427,42,6,275,19,0,0
90,14/09/2026 11:16,54,regulated-action-state,777,73425,429,41,7,277,20,0,0
91,14/09/2026 11:16,54,regulated-action-state,780,73425,429,43,7,279,21,0,0
92,14/09/2026 11:16,54,regulated-action-state,800,73425,427,41,7,303,20,0,0
93,14/09/2026 11:16,54,regulated-action-state,778,73425,429,42,7,278,20,0,0
94,14/09/2026 11:16,54,regulated-action-state,785,73425,427,42,6,289,20,0,0
95,14/09/2026 11:16,54,regulated-action-state,774,73425,428,41,6,276,20,0,0
96,14/09/2026 11:16,54,regulated-action-state,774,73425,428,41,7,276,20,0,0
97,14/09/2026 11:16,54,regulated-action-state,770,73425,425,40,7,276,20,0,0
98,14/09/2026 11:16,54,regulated-action-state,807,73425,439,50,11,284,21,0,0
99,14/09/2026 11:16,54,regulated-action-state,770,73425,426,41,7,275,20,0,0
100,14/09/2026 11:16,54,regulated-action-state,812,73425,427,41,7,306,30,0,0
101,14/09/2026 11:16,54,regulated-action-state,773,73425,427,42,6,276,20,0,0
102,14/09/2026 11:16,54,regulated-action-state,776,73425,427,44,7,277,20,0,0
103,14/09/2026 11:16,54,regulated-action-state,773,73425,427,42,7,277,19,0,0
104,14/09/2026 11:16,54,regulated-action-state,785,73425,431,42,7,283,20,0,0
105,14/09/2026 11:16,54,regulated-action-state,787,73425,427,41,7,290,20,0,0
106,14/09/2026 11:16,54,regulated-action-state,781,73425,429,41,7,282,20,0,0
107,14/09/2026 11:16,54,regulated-action-state,774,73425,427,41,7,277,20,0,0
108,14/09/2026 11:16,54,regulated-action-state,776,73425,428,42,7,278,20,0,0
109,14/09/2026 11:16,54,regulated-action-state,840,73425,455,55,9,298,20,0,0
110,14/09/2026 11:16,54,regulated-action-state,780,73425,427,42,6,283,20,0,0
111,14/09/2026 11:16,54,regulated-action-state,775,73425,428,42,6,277,20,0,0
112,14/09/2026 11:16,54,regulated-action-state,770,73425,425,41,7,276,20,0,0
113,14/09/2026 11:16,54,regulated-action-state,777,73425,429,42,6,278,20,0,0
114,14/09/2026 11:16,54,regulated-action-state,772,73425,427,40,7,276,20,0,0
115,14/09/2026 11:16,54,regulated-action-state,772,73425,424,42,7,276,20,0,0
116,14/09/2026 11:16,54,regulated-action-state,777,73425,428,42,6,279,20,0,0
117,14/09/2026 11:16,54,regulated-action-state,777,73425,427,42,7,279,20,0,0
118,14/09/2026 11:17,54,regulated-action-state,818,73425,427,41,6,322,20,0,0
119,14/09/2026 11:17,54,regulated-action-state,795,73425,429,40,7,296,21,0,0
120,14/09/2026 11:17,54,regulated-action-state,769,73425,426,39,7,275,20,0,0
121,14/09/2026 11:17,54,regulated-action-state,777,73425,430,42,7,277,20,0,0
122,14/09/2026 11:17,54,regulated-action-state,849,73425,450,47,7,321,22,0,0
123,14/09/2026 11:17,54,regulated-action-state,781,73425,431,42,7,280,20,0,0
124,14/09/2026 11:17,54,regulated-action-state,835,73425,446,52,9,304,23,0,0
125,14/09/2026 11:17,54,regulated-action-state,780,73425,428,41,7,283,20,0,0
126,14/09/2026 11:17,54,regulated-action-state,776,73425,428,40,7,279,20,0,0
127,14/09/2026 11:17,54,regulated-action-state,773,73425,427,41,7,277,20,0,0
128,14/09/2026 11:17,54,regulated-action-state,796,73425,426,39,7,300,22,0,0
129,14/09/2026 11:17,54,regulated-action-state,771,73425,428,40,7,274,20,0,0
130,14/09/2026 11:17,54,regulated-action-state,772,73425,427,41,6,275,20,0,0
131,14/09/2026 11:17,54,regulated-action-state,777,73425,429,42,6,278,20,0,0
132,14/09/2026 11:17,54,regulated-action-state,777,73425,430,42,7,277,20,0,0
133,14/09/2026 11:17,54,regulated-action-state,807,73425,436,41,7,300,21,0,0
134,14/09/2026 11:17,54,regulated-action-state,785,73425,430,42,6,284,20,0,0
135,14/09/2026 11:17,54,regulated-action-state,796,73425,448,42,7,277,20,0,0
136,14/09/2026 11:17,54,regulated-action-state,780,73425,432,40,7,279,21,0,0
137,14/09/2026 11:17,54,regulated-action-state,778,73425,426,43,6,280,20,0,0
138,14/09/2026 11:17,54,regulated-action-state,776,73425,427,43,7,277,20,0,0
139,14/09/2026 11:17,54,regulated-action-state,772,73425,427,41,7,275,20,0,0
140,14/09/2026 11:17,54,regulated-action-state,779,73425,428,42,7,280,20,0,0
141,14/09/2026 11:17,54,regulated-action-state,778,73425,431,41,7,278,20,0,0
142,14/09/2026 11:17,54,regulated-action-state,776,73425,428,42,7,278,20,0,0
143,14/09/2026 11:17,54,regulated-action-state,773,73425,428,41,7,276,20,0,0
144,14/09/2026 11:17,54,regulated-action-state,772,73425,428,40,7,275,20,0,0
145,14/09/2026 11:17,54,regulated-action-state,824,73425,436,51,9,305,21,0,0
146,14/09/2026 11:17,54,regulated-action-state,770,73426,425,41,7,276,20,0,0
147,14/09/2026 11:17,54,regulated-action-state,838,73425,441,60,8,305,21,0,0
148,14/09/2026 11:17,54,regulated-action-state,773,73425,427,42,6,276,20,0,0
149,14/09/2026 11:17,54,regulated-action-state,785,73425,427,42,7,287,20,0,0
150,14/09/2026 11:17,54,regulated-action-state,824,73425,440,45,7,305,24,0,0
151,14/09/2026 11:17,54,regulated-action-state,774,73425,426,42,7,278,20,0,0
152,14/09/2026 11:17,54,regulated-action-state,779,73425,428,42,7,281,20,0,0
153,14/09/2026 11:17,54,regulated-action-state,774,73425,428,41,6,277,20,0,0
154,14/09/2026 11:17,54,regulated-action-state,775,73426,428,42,6,276,20,0,0
155,14/09/2026 11:17,54,regulated-action-state,776,73425,428,43,7,275,20,0,0
156,14/09/2026 11:17,54,regulated-action-state,770,73425,426,41,7,275,20,0,0
157,14/09/2026 11:17,54,regulated-action-state,772,73425,425,41,7,277,20,0,0
158,14/09/2026 11:17,54,regulated-action-state,811,73425,434,42,6,306,21,0,0
159,14/09/2026 11:17,54,regulated-action-state,798,73425,443,49,9,276,19,0,0
160,14/09/2026 11:17,54,regulated-action-state,774,73425,427,41,7,278,19,0,0
161,14/09/2026 11:17,54,regulated-action-state,807,73425,439,52,8,285,20,0,0
162,14/09/2026 11:17,54,regulated-action-state,796,73425,435,42,7,289,20,0,0
163,14/09/2026 11:17,54,regulated-action-state,777,73425,429,41,7,278,20,0,0
164,14/09/2026 11:17,54,regulated-action-state,772,73425,425,42,6,277,20,0,0
165,14/09/2026 11:17,54,regulated-action-state,821,73425,438,41,7,312,21,0,0
166,14/09/2026 11:17,54,regulated-action-state,840,73425,447,46,8,302,35,0,0
167,14/09/2026 11:17,54,regulated-action-state,791,73425,442,44,7,277,20,0,0
168,14/09/2026 11:17,54,regulated-action-state,820,73425,453,41,6,296,21,0,0
169,14/09/2026 11:17,54,regulated-action-state,770,73425,424,42,6,276,20,0,0
170,14/09/2026 11:17,54,regulated-action-state,806,73426,428,39,7,308,22,0,0
171,14/09/2026 11:17,54,regulated-action-state,776,73425,429,40,7,278,21,0,0
172,14/09/2026 11:17,54,regulated-action-state,828,73426,448,46,7,304,20,0,0
173,14/09/2026 11:17,54,regulated-action-state,780,73425,431,41,7,280,20,0,0
174,14/09/2026 11:17,54,regulated-action-state,782,73425,432,42,7,279,20,0,0
175,14/09/2026 11:17,54,regulated-action-state,771,73425,427,41,7,275,20,0,0
176,14/09/2026 11:17,54,regulated-action-state,834,73425,446,46,10,305,25,0,0
177,14/09/2026 11:17,54,regulated-action-state,774,73425,427,42,6,277,20,0,0
178,14/09/2026 11:17,54,regulated-action-state,833,73425,431,48,10,317,25,0,0
179,14/09/2026 11:17,54,regulated-action-state,780,73425,432,42,7,278,20,0,0
180,14/09/2026 11:17,54,regulated-action-state,778,73425,430,41,7,279,20,0,0
181,14/09/2026 11:17,54,regulated-action-state,774,73426,428,42,7,276,20,0,0
182,14/09/2026 11:17,54,regulated-action-state,771,73425,428,41,7,274,20,0,0
183,14/09/2026 11:17,54,regulated-action-state,786,73425,435,42,7,280,20,0,0
184,14/09/2026 11:18,54,regulated-action-state,807,73425,448,47,7,282,20,0,0
185,14/09/2026 11:18,54,regulated-action-state,818,73425,439,47,10,300,20,0,0
186,14/09/2026 11:18,54,regulated-action-state,786,73425,425,45,8,286,20,0,0
187,14/09/2026 11:18,54,regulated-action-state,776,73425,429,42,6,277,20,0,0
188,14/09/2026 11:18,54,regulated-action-state,780,73425,428,43,6,280,20,0,0
189,14/09/2026 11:18,54,regulated-action-state,774,73425,428,42,7,276,20,0,0
190,14/09/2026 11:18,54,regulated-action-state,787,73425,428,41,7,288,20,0,0
191,14/09/2026 11:18,54,regulated-action-state,806,73425,445,48,8,283,20,0,0
192,14/09/2026 11:18,54,regulated-action-state,830,73425,436,45,9,317,20,0,0
193,14/09/2026 11:18,54,regulated-action-state,774,73425,428,40,6,278,20,0,0
194,14/09/2026 11:18,54,regulated-action-state,795,73425,427,40,7,299,20,0,0
195,14/09/2026 11:18,54,regulated-action-state,776,73425,428,41,7,277,20,0,0
196,14/09/2026 11:18,54,regulated-action-state,779,73425,431,41,6,279,20,0,0
197,14/09/2026 11:18,54,regulated-action-state,786,73425,434,43,6,280,20,0,0
198,14/09/2026 11:18,54,regulated-action-state,779,73425,430,43,7,277,20,0,0
199,14/09/2026 11:18,54,regulated-action-state,795,73425,430,41,7,296,20,0,0
200,14/09/2026 11:18,54,regulated-action-state,777,73425,430,42,7,276,20,0,0
1,14/09/2026 11:18,63,regulated-action-state,952,78652,533,82,7,308,20,0,0
2,14/09/2026 11:18,63,regulated-action-state,784,78652,430,45,6,280,20,0,0
3,14/09/2026 11:18,63,regulated-action-state,812,78652,432,46,6,305,20,0,0
4,14/09/2026 11:18,63,regulated-action-state,786,78652,431,47,7,279,20,0,0
5,14/09/2026 11:18,63,regulated-action-state,812,78652,433,55,13,288,20,0,0
6,14/09/2026 11:18,63,regulated-action-state,780,78652,427,46,6,278,20,0,0
7,14/09/2026 11:18,63,regulated-action-state,774,78652,425,44,6,278,20,0,0
8,14/09/2026 11:18,63,regulated-action-state,784,78652,429,46,7,280,20,0,0
9,14/09/2026 11:18,63,regulated-action-state,780,78652,429,44,6,279,20,0,0
10,14/09/2026 11:18,63,regulated-action-state,791,78652,435,46,7,282,20,0,0
11,14/09/2026 11:18,63,regulated-action-state,781,78652,426,45,7,280,21,0,0
12,14/09/2026 11:18,63,regulated-action-state,818,78652,435,50,7,303,20,0,0
13,14/09/2026 11:18,63,regulated-action-state,779,78652,429,44,7,276,20,0,0
14,14/09/2026 11:18,63,regulated-action-state,787,78652,433,47,6,278,20,0,0
15,14/09/2026 11:18,63,regulated-action-state,817,78653,431,47,7,310,20,0,0
16,14/09/2026 11:18,63,regulated-action-state,779,78652,426,45,7,279,20,0,0
17,14/09/2026 11:18,63,regulated-action-state,795,78652,438,47,6,281,20,0,0
18,14/09/2026 11:18,63,regulated-action-state,827,78652,433,50,7,312,23,0,0
19,14/09/2026 11:18,63,regulated-action-state,785,78652,431,43,6,282,20,0,0
20,14/09/2026 11:18,63,regulated-action-state,786,78652,430,45,7,281,20,0,0
21,14/09/2026 11:18,63,regulated-action-state,789,78652,436,44,7,279,20,0,0
22,14/09/2026 11:18,63,regulated-action-state,816,78652,431,46,7,308,21,0,0
23,14/09/2026 11:18,63,regulated-action-state,781,78652,430,45,7,278,20,0,0
24,14/09/2026 11:18,63,regulated-action-state,783,78652,428,46,6,281,20,0,0
25,14/09/2026 11:18,63,regulated-action-state,784,78652,428,47,6,281,20,0,0
26,14/09/2026 11:18,63,regulated-action-state,781,78652,426,46,7,280,20,0,0
27,14/09/2026 11:18,63,regulated-action-state,780,78652,428,44,6,281,20,0,0
28,14/09/2026 11:18,63,regulated-action-state,805,78652,438,56,10,279,20,0,0
29,14/09/2026 11:18,63,regulated-action-state,794,78652,426,44,6,295,20,0,0
30,14/09/2026 11:18,63,regulated-action-state,776,78652,425,45,7,277,20,0,0
31,14/09/2026 11:18,63,regulated-action-state,775,78652,427,44,7,276,20,0,0
32,14/09/2026 11:18,63,regulated-action-state,778,78652,425,44,6,280,20,0,0
33,14/09/2026 11:18,63,regulated-action-state,794,78652,442,46,7,279,20,0,0
34,14/09/2026 11:18,63,regulated-action-state,778,78652,426,46,6,278,20,0,0
35,14/09/2026 11:18,63,regulated-action-state,775,78652,426,45,7,276,20,0,0
36,14/09/2026 11:18,63,regulated-action-state,782,78652,429,46,6,279,20,0,0
37,14/09/2026 11:18,63,regulated-action-state,812,78652,427,47,7,309,20,0,0
38,14/09/2026 11:18,63,regulated-action-state,781,78652,427,45,7,281,20,0,0
39,14/09/2026 11:18,63,regulated-action-state,811,78652,426,52,7,305,20,0,0
40,14/09/2026 11:18,63,regulated-action-state,792,78652,426,45,7,293,20,0,0
41,14/09/2026 11:18,63,regulated-action-state,789,78652,431,46,7,283,20,0,0
42,14/09/2026 11:18,63,regulated-action-state,797,78652,428,44,6,296,20,0,0
43,14/09/2026 11:18,63,regulated-action-state,787,78652,432,47,7,280,20,0,0
44,14/09/2026 11:18,63,regulated-action-state,798,78652,431,43,6,296,20,0,0
45,14/09/2026 11:18,63,regulated-action-state,782,78652,427,46,7,280,20,0,0
46,14/09/2026 11:18,63,regulated-action-state,783,78652,430,44,6,280,20,0,0
47,14/09/2026 11:18,63,regulated-action-state,779,78652,426,45,7,280,20,0,0
48,14/09/2026 11:19,63,regulated-action-state,784,78652,429,46,7,281,20,0,0
49,14/09/2026 11:19,63,regulated-action-state,778,78652,425,45,7,279,20,0,0
50,14/09/2026 11:19,63,regulated-action-state,812,78652,444,60,7,278,20,0,0
51,14/09/2026 11:19,63,regulated-action-state,792,78652,434,45,7,284,20,0,0
52,14/09/2026 11:19,63,regulated-action-state,796,78652,440,47,6,281,20,0,0
53,14/09/2026 11:19,63,regulated-action-state,778,78652,427,44,6,279,20,0,0
54,14/09/2026 11:19,63,regulated-action-state,777,78652,428,43,7,278,20,0,0
55,14/09/2026 11:19,63,regulated-action-state,781,78652,424,44,7,284,20,0,0
56,14/09/2026 11:19,63,regulated-action-state,790,78652,439,45,6,278,19,0,0
57,14/09/2026 11:19,63,regulated-action-state,811,78652,426,48,8,306,21,0,0
58,14/09/2026 11:19,63,regulated-action-state,780,78652,427,46,6,280,19,0,0
59,14/09/2026 11:19,63,regulated-action-state,777,78652,427,44,7,277,20,0,0
60,14/09/2026 11:19,63,regulated-action-state,783,78652,429,45,6,280,20,0,0
61,14/09/2026 11:19,63,regulated-action-state,783,78652,429,48,6,278,20,0,0
62,14/09/2026 11:19,63,regulated-action-state,778,78652,428,43,6,279,20,0,0
63,14/09/2026 11:19,63,regulated-action-state,784,78652,429,44,6,283,20,0,0
64,14/09/2026 11:19,63,regulated-action-state,788,78652,431,46,6,282,21,0,0
65,14/09/2026 11:19,63,regulated-action-state,784,78652,430,47,7,279,20,0,0
66,14/09/2026 11:19,63,regulated-action-state,781,78652,429,46,6,278,20,0,0
67,14/09/2026 11:19,63,regulated-action-state,829,78652,446,52,7,302,20,0,0
68,14/09/2026 11:19,63,regulated-action-state,776,78652,424,44,7,279,20,0,0
69,14/09/2026 11:19,63,regulated-action-state,788,78652,436,45,7,279,20,0,0
70,14/09/2026 11:19,63,regulated-action-state,781,78652,428,45,7,280,20,0,0
71,14/09/2026 11:19,63,regulated-action-state,788,78652,432,45,6,282,20,0,0
72,14/09/2026 11:19,63,regulated-action-state,834,78652,436,53,10,312,22,0,0
73,14/09/2026 11:19,63,regulated-action-state,777,78652,425,43,7,280,20,0,0
74,14/09/2026 11:19,63,regulated-action-state,781,78652,429,44,6,279,20,0,0
75,14/09/2026 11:19,63,regulated-action-state,794,78652,440,46,6,280,20,0,0
76,14/09/2026 11:19,63,regulated-action-state,783,78652,430,43,6,281,21,0,0
77,14/09/2026 11:19,63,regulated-action-state,787,78652,427,44,7,287,20,0,0
78,14/09/2026 11:19,63,regulated-action-state,780,78652,428,46,7,278,20,0,0
79,14/09/2026 11:19,63,regulated-action-state,782,78652,428,45,7,281,20,0,0
80,14/09/2026 11:19,63,regulated-action-state,794,78652,427,45,7,293,21,0,0
81,14/09/2026 11:19,63,regulated-action-state,798,78652,426,44,7,300,20,0,0
82,14/09/2026 11:19,63,regulated-action-state,780,78652,427,45,7,280,20,0,0
83,14/09/2026 11:19,63,regulated-action-state,774,78652,424,44,6,278,20,0,0
84,14/09/2026 11:19,63,regulated-action-state,840,78652,448,56,10,304,20,0,0
85,14/09/2026 11:19,63,regulated-action-state,780,78652,428,46,6,278,20,0,0
86,14/09/2026 11:19,63,regulated-action-state,811,78652,436,45,7,300,21,0,0
87,14/09/2026 11:19,63,regulated-action-state,803,78652,426,45,7,303,21,0,0
88,14/09/2026 11:19,63,regulated-action-state,789,78652,436,46,6,278,20,0,0
89,14/09/2026 11:19,63,regulated-action-state,805,78653,450,47,7,279,20,0,0
90,14/09/2026 11:19,63,regulated-action-state,831,78652,441,52,7,309,20,0,0
91,14/09/2026 11:19,63,regulated-action-state,784,78652,430,45,7,281,21,0,0
92,14/09/2026 11:19,63,regulated-action-state,776,78652,426,44,7,278,20,0,0
93,14/09/2026 11:19,63,regulated-action-state,784,78652,428,45,7,282,20,0,0
94,14/09/2026 11:19,63,regulated-action-state,777,78652,425,45,7,279,20,0,0
95,14/09/2026 11:19,63,regulated-action-state,788,78652,430,46,7,283,20,0,0
96,14/09/2026 11:19,63,regulated-action-state,777,78652,425,47,7,277,19,0,0
97,14/09/2026 11:19,63,regulated-action-state,780,78653,427,46,6,278,20,0,0
98,14/09/2026 11:19,63,regulated-action-state,778,78652,428,44,6,278,20,0,0
99,14/09/2026 11:19,63,regulated-action-state,779,78652,429,44,6,278,20,0,0
100,14/09/2026 11:19,63,regulated-action-state,790,78652,438,46,7,277,20,0,0
101,14/09/2026 11:19,63,regulated-action-state,777,78652,428,44,7,276,20,0,0
102,14/09/2026 11:19,63,regulated-action-state,781,78652,427,46,6,280,20,0,0
103,14/09/2026 11:19,63,regulated-action-state,779,78652,429,45,6,277,20,0,0
104,14/09/2026 11:19,63,regulated-action-state,787,78652,437,45,6,277,20,0,0
105,14/09/2026 11:19,63,regulated-action-state,781,78652,426,46,6,280,20,0,0
106,14/09/2026 11:19,63,regulated-action-state,780,78652,426,46,6,280,20,0,0
107,14/09/2026 11:19,63,regulated-action-state,788,78652,433,45,7,282,20,0,0
108,14/09/2026 11:19,63,regulated-action-state,782,78652,428,45,7,280,20,0,0
109,14/09/2026 11:19,63,regulated-action-state,809,78652,428,45,6,304,25,0,0
110,14/09/2026 11:19,63,regulated-action-state,787,78652,427,44,7,287,20,0,0
111,14/09/2026 11:19,63,regulated-action-state,781,78652,426,46,6,281,20,0,0
112,14/09/2026 11:19,63,regulated-action-state,778,78652,427,45,6,278,20,0,0
113,14/09/2026 11:19,63,regulated-action-state,775,78652,427,43,7,278,20,0,0
114,14/09/2026 11:20,63,regulated-action-state,785,78652,429,46,6,281,20,0,0
115,14/09/2026 11:20,63,regulated-action-state,828,78652,450,54,10,292,21,0,0
116,14/09/2026 11:20,63,regulated-action-state,778,78652,427,44,6,278,20,0,0
117,14/09/2026 11:20,63,regulated-action-state,786,78652,431,46,6,281,20,0,0
118,14/09/2026 11:20,63,regulated-action-state,820,78652,433,52,10,303,20,0,0
119,14/09/2026 11:20,63,regulated-action-state,828,78652,427,59,7,312,20,0,0
120,14/09/2026 11:20,63,regulated-action-state,776,78652,425,46,7,277,20,0,0
121,14/09/2026 11:20,63,regulated-action-state,779,78652,426,45,7,279,20,0,0
122,14/09/2026 11:20,63,regulated-action-state,831,78652,455,52,7,296,20,0,0
123,14/09/2026 11:20,63,regulated-action-state,862,78652,456,54,10,307,33,0,0
124,14/09/2026 11:20,63,regulated-action-state,779,78652,428,44,7,279,20,0,0
125,14/09/2026 11:20,63,regulated-action-state,784,78652,430,44,6,281,20,0,0
126,14/09/2026 11:20,63,regulated-action-state,804,78652,425,44,6,306,20,0,0
127,14/09/2026 11:20,63,regulated-action-state,778,78652,425,46,7,278,20,0,0
128,14/09/2026 11:20,63,regulated-action-state,779,78652,430,45,6,277,20,0,0
129,14/09/2026 11:20,63,regulated-action-state,820,78652,455,50,7,286,20,0,0
130,14/09/2026 11:20,63,regulated-action-state,778,78652,427,44,7,279,20,0,0
131,14/09/2026 11:20,63,regulated-action-state,781,78652,428,45,6,279,20,0,0
132,14/09/2026 11:20,63,regulated-action-state,786,78652,432,46,7,280,20,0,0
133,14/09/2026 11:20,63,regulated-action-state,784,78652,428,46,6,281,20,0,0
134,14/09/2026 11:20,63,regulated-action-state,779,78652,426,44,6,280,20,0,0
135,14/09/2026 11:20,63,regulated-action-state,781,78652,425,45,7,282,20,0,0
136,14/09/2026 11:20,63,regulated-action-state,782,78652,426,46,7,282,20,0,0
137,14/09/2026 11:20,63,regulated-action-state,783,78652,429,45,7,279,21,0,0
138,14/09/2026 11:20,63,regulated-action-state,784,78652,428,46,7,280,20,0,0
139,14/09/2026 11:20,63,regulated-action-state,784,78652,429,45,7,281,20,0,0
140,14/09/2026 11:20,63,regulated-action-state,789,78652,431,47,6,282,20,0,0
141,14/09/2026 11:20,63,regulated-action-state,789,78652,432,47,7,282,20,0,0
142,14/09/2026 11:20,63,regulated-action-state,815,78652,439,45,7,300,22,0,0
143,14/09/2026 11:20,63,regulated-action-state,842,78652,451,62,10,297,20,0,0
144,14/09/2026 11:20,63,regulated-action-state,801,78652,432,47,7,293,21,0,0
145,14/09/2026 11:20,63,regulated-action-state,836,78652,441,54,10,309,20,0,0
146,14/09/2026 11:20,63,regulated-action-state,797,78652,430,45,7,293,20,0,0
147,14/09/2026 11:20,63,regulated-action-state,792,78652,438,45,6,281,20,0,0
148,14/09/2026 11:20,63,regulated-action-state,790,78652,434,46,6,281,20,0,0
149,14/09/2026 11:20,63,regulated-action-state,787,78652,430,46,7,282,20,0,0
150,14/09/2026 11:20,63,regulated-action-state,779,78652,426,46,6,278,20,0,0
151,14/09/2026 11:20,63,regulated-action-state,792,78652,440,44,6,280,20,0,0
152,14/09/2026 11:20,63,regulated-action-state,779,78652,429,44,6,279,20,0,0
153,14/09/2026 11:20,63,regulated-action-state,795,78652,431,46,7,283,26,0,0
154,14/09/2026 11:20,63,regulated-action-state,783,78652,429,45,7,280,20,0,0
155,14/09/2026 11:20,63,regulated-action-state,800,78652,442,46,7,283,20,0,0
156,14/09/2026 11:20,63,regulated-action-state,777,78652,428,43,7,277,20,0,0
157,14/09/2026 11:20,63,regulated-action-state,809,78652,428,46,7,305,21,0,0
158,14/09/2026 11:20,63,regulated-action-state,779,78652,429,45,7,277,20,0,0
159,14/09/2026 11:20,63,regulated-action-state,780,78652,425,46,7,280,20,0,0
160,14/09/2026 11:20,63,regulated-action-state,784,78652,430,45,6,281,20,0,0
161,14/09/2026 11:20,63,regulated-action-state,786,78652,433,46,7,279,20,0,0
162,14/09/2026 11:20,63,regulated-action-state,781,78652,428,47,7,278,20,0,0
163,14/09/2026 11:20,63,regulated-action-state,778,78652,424,48,6,278,20,0,0
164,14/09/2026 11:20,63,regulated-action-state,776,78652,426,45,7,277,20,0,0
165,14/09/2026 11:20,63,regulated-action-state,780,78652,428,45,6,279,20,0,0
166,14/09/2026 11:20,63,regulated-action-state,789,78652,427,45,7,287,21,0,0
167,14/09/2026 11:20,63,regulated-action-state,787,78652,430,45,7,282,20,0,0
168,14/09/2026 11:20,63,regulated-action-state,779,78652,430,44,7,276,20,0,0
169,14/09/2026 11:20,63,regulated-action-state,782,78652,429,45,7,279,20,0,0
170,14/09/2026 11:20,63,regulated-action-state,781,78652,428,45,7,280,20,0,0
171,14/09/2026 11:20,63,regulated-action-state,831,78652,452,61,10,286,20,0,0
172,14/09/2026 11:20,63,regulated-action-state,789,78652,432,47,6,282,20,0,0
173,14/09/2026 11:20,63,regulated-action-state,781,78652,428,45,7,280,20,0,0
174,14/09/2026 11:20,63,regulated-action-state,792,78652,429,46,6,288,20,0,0
175,14/09/2026 11:20,63,regulated-action-state,794,78652,426,46,6,293,21,0,0
176,14/09/2026 11:20,63,regulated-action-state,781,78652,429,44,7,279,21,0,0
177,14/09/2026 11:20,63,regulated-action-state,785,78652,430,46,6,280,20,0,0
178,14/09/2026 11:20,63,regulated-action-state,782,78652,430,45,6,278,20,0,0
179,14/09/2026 11:20,63,regulated-action-state,784,78652,424,43,6,289,19,0,0
180,14/09/2026 11:21,63,regulated-action-state,778,78652,428,44,7,279,20,0,0
181,14/09/2026 11:21,63,regulated-action-state,780,78652,429,43,6,280,20,0,0
182,14/09/2026 11:21,63,regulated-action-state,828,78652,431,54,8,312,21,0,0
183,14/09/2026 11:21,63,regulated-action-state,781,78652,429,45,6,279,20,0,0
184,14/09/2026 11:21,63,regulated-action-state,790,78652,436,44,7,282,20,0,0
185,14/09/2026 11:21,63,regulated-action-state,810,78652,433,51,6,298,20,0,0
186,14/09/2026 11:21,63,regulated-action-state,799,78652,427,43,7,299,21,0,0
187,14/09/2026 11:21,63,regulated-action-state,792,78652,434,46,7,283,20,0,0
188,14/09/2026 11:21,63,regulated-action-state,783,78652,430,46,7,278,20,0,0
189,14/09/2026 11:21,63,regulated-action-state,830,78652,440,52,7,304,25,0,0
190,14/09/2026 11:21,63,regulated-action-state,804,78652,440,57,6,278,20,0,0
191,14/09/2026 11:21,63,regulated-action-state,782,78652,427,46,7,280,20,0,0
192,14/09/2026 11:21,63,regulated-action-state,793,78652,433,46,7,285,20,0,0
193,14/09/2026 11:21,63,regulated-action-state,787,78652,436,44,6,279,20,0,0
194,14/09/2026 11:21,63,regulated-action-state,788,78652,430,46,6,281,24,0,0
195,14/09/2026 11:21,63,regulated-action-state,805,78652,427,46,7,303,20,0,0
196,14/09/2026 11:21,63,regulated-action-state,779,78652,425,46,6,280,20,0,0
197,14/09/2026 11:21,63,regulated-action-state,792,78652,433,51,6,280,20,0,0
198,14/09/2026 11:21,63,regulated-action-state,782,78652,428,46,6,280,20,0,0
199,14/09/2026 11:21,63,regulated-action-state,781,78652,429,46,6,278,20,0,0
200,14/09/2026 11:21,63,regulated-action-state,778,78652,427,45,6,278,20,0,0
1,14/09/2026 11:21,72,regulated-action-state,1001,78652,572,93,7,307,20,0,0
2,14/09/2026 11:21,72,regulated-action-state,789,78652,430,49,7,280,21,0,0
3,14/09/2026 11:21,72,regulated-action-state,786,78652,429,47,6,280,21,0,0
4,14/09/2026 11:21,72,regulated-action-state,783,78652,427,48,7,280,20,0,0
5,14/09/2026 11:21,72,regulated-action-state,786,78652,430,47,7,280,20,0,0
6,14/09/2026 11:21,72,regulated-action-state,794,78652,436,48,7,281,20,0,0
7,14/09/2026 11:21,72,regulated-action-state,788,78652,430,48,7,282,20,0,0
8,14/09/2026 11:21,72,regulated-action-state,788,78652,427,49,7,282,21,0,0
9,14/09/2026 11:21,72,regulated-action-state,870,78652,460,64,10,313,21,0,0
10,14/09/2026 11:21,72,regulated-action-state,802,78652,430,49,7,290,25,0,0
11,14/09/2026 11:21,72,regulated-action-state,850,78652,436,54,7,330,21,0,0
12,14/09/2026 11:21,72,regulated-action-state,798,78652,434,48,7,286,20,0,0
13,14/09/2026 11:21,72,regulated-action-state,788,78652,427,50,7,282,21,0,0
14,14/09/2026 11:21,72,regulated-action-state,800,78652,430,49,7,291,21,0,0
15,14/09/2026 11:21,72,regulated-action-state,785,78652,426,50,7,280,20,0,0
16,14/09/2026 11:21,72,regulated-action-state,833,78652,430,65,9,308,20,0,0
17,14/09/2026 11:21,72,regulated-action-state,785,78652,429,47,7,280,20,0,0
18,14/09/2026 11:21,72,regulated-action-state,788,78652,428,48,7,283,21,0,0
19,14/09/2026 11:21,72,regulated-action-state,825,78652,428,51,7,318,21,0,0
20,14/09/2026 11:21,72,regulated-action-state,788,78652,428,49,6,282,20,0,0
21,14/09/2026 11:21,72,regulated-action-state,816,78652,436,61,9,288,20,0,0
22,14/09/2026 11:21,72,regulated-action-state,826,78652,428,49,7,320,20,0,0
23,14/09/2026 11:21,72,regulated-action-state,781,78652,427,49,6,277,20,0,0
24,14/09/2026 11:21,72,regulated-action-state,792,78652,432,50,7,281,20,0,0
25,14/09/2026 11:21,72,regulated-action-state,784,78652,429,49,6,278,20,0,0
26,14/09/2026 11:21,72,regulated-action-state,784,78652,427,48,7,280,20,0,0
27,14/09/2026 11:21,72,regulated-action-state,781,78652,424,48,6,280,20,0,0
28,14/09/2026 11:21,72,regulated-action-state,788,78652,426,50,7,282,21,0,0
29,14/09/2026 11:21,72,regulated-action-state,785,78652,425,49,7,282,21,0,0
30,14/09/2026 11:21,72,regulated-action-state,785,78652,428,48,7,280,20,0,0
31,14/09/2026 11:21,72,regulated-action-state,804,78652,430,47,7,299,21,0,0
32,14/09/2026 11:21,72,regulated-action-state,782,78652,428,47,6,278,20,0,0
33,14/09/2026 11:21,72,regulated-action-state,783,78652,427,46,7,280,20,0,0
34,14/09/2026 11:21,72,regulated-action-state,829,78652,431,58,9,308,20,0,0
35,14/09/2026 11:21,72,regulated-action-state,793,78652,430,51,6,283,21,0,0
36,14/09/2026 11:21,72,regulated-action-state,831,78652,439,54,8,308,20,0,0
37,14/09/2026 11:21,72,regulated-action-state,786,78652,429,48,7,280,20,0,0
38,14/09/2026 11:21,72,regulated-action-state,788,78652,428,52,7,280,20,0,0
39,14/09/2026 11:21,72,regulated-action-state,784,78652,425,49,6,282,20,0,0
40,14/09/2026 11:21,72,regulated-action-state,790,78652,431,48,7,281,20,0,0
41,14/09/2026 11:21,72,regulated-action-state,781,78652,427,48,7,278,20,0,0
42,14/09/2026 11:21,72,regulated-action-state,781,78652,426,48,7,279,20,0,0
43,14/09/2026 11:21,72,regulated-action-state,829,78652,444,50,7,306,21,0,0
44,14/09/2026 11:22,72,regulated-action-state,784,78652,428,49,7,278,21,0,0
45,14/09/2026 11:22,72,regulated-action-state,788,78652,427,49,7,282,21,0,0
46,14/09/2026 11:22,72,regulated-action-state,816,78652,427,47,8,308,25,0,0
47,14/09/2026 11:22,72,regulated-action-state,790,78652,431,47,7,283,21,0,0
48,14/09/2026 11:22,72,regulated-action-state,784,78652,425,49,7,281,21,0,0
49,14/09/2026 11:22,72,regulated-action-state,802,78652,442,48,7,283,20,0,0
50,14/09/2026 11:22,72,regulated-action-state,785,78652,427,47,7,282,20,0,0
51,14/09/2026 11:22,72,regulated-action-state,785,78652,427,48,6,280,21,0,0
52,14/09/2026 11:22,72,regulated-action-state,783,78652,425,48,7,281,20,0,0
53,14/09/2026 11:22,72,regulated-action-state,783,78652,427,48,7,279,20,0,0
54,14/09/2026 11:22,72,regulated-action-state,785,78652,427,49,7,280,20,0,0
55,14/09/2026 11:22,72,regulated-action-state,795,78652,434,51,6,282,20,0,0
56,14/09/2026 11:22,72,regulated-action-state,794,78652,429,53,7,283,20,0,0
57,14/09/2026 11:22,72,regulated-action-state,848,78652,448,58,10,307,24,0,0
58,14/09/2026 11:22,72,regulated-action-state,788,78652,429,50,7,281,20,0,0
59,14/09/2026 11:22,72,regulated-action-state,838,78652,456,61,10,287,20,0,0
60,14/09/2026 11:22,72,regulated-action-state,783,78652,426,49,7,280,20,0,0
61,14/09/2026 11:22,72,regulated-action-state,785,78652,429,48,7,279,21,0,0
62,14/09/2026 11:22,72,regulated-action-state,824,78652,426,50,7,306,32,0,0
63,14/09/2026 11:22,72,regulated-action-state,784,78652,427,48,7,280,20,0,0
64,14/09/2026 11:22,72,regulated-action-state,780,78652,424,49,7,278,20,0,0
65,14/09/2026 11:22,72,regulated-action-state,784,78652,428,48,7,280,20,0,0
66,14/09/2026 11:22,72,regulated-action-state,794,78652,427,49,6,288,22,0,0
67,14/09/2026 11:22,72,regulated-action-state,793,78652,431,49,7,283,21,0,0
68,14/09/2026 11:22,72,regulated-action-state,807,78652,446,50,7,282,20,0,0
69,14/09/2026 11:22,72,regulated-action-state,801,78652,434,50,7,287,21,0,0
70,14/09/2026 11:22,72,regulated-action-state,785,78652,428,49,7,280,20,0,0
71,14/09/2026 11:22,72,regulated-action-state,780,78652,427,47,7,277,20,0,0
72,14/09/2026 11:22,72,regulated-action-state,782,78652,426,47,7,280,20,0,0
73,14/09/2026 11:22,72,regulated-action-state,788,78652,427,50,7,282,21,0,0
74,14/09/2026 11:22,72,regulated-action-state,786,78652,426,49,7,282,20,0,0
75,14/09/2026 11:22,72,regulated-action-state,788,78652,429,49,7,281,20,0,0
76,14/09/2026 11:22,72,regulated-action-state,796,78652,433,49,7,285,21,0,0
77,14/09/2026 11:22,72,regulated-action-state,799,78652,442,50,7,278,20,0,0
78,14/09/2026 11:22,72,regulated-action-state,857,78652,463,63,8,301,20,0,0
79,14/09/2026 11:22,72,regulated-action-state,787,78652,429,48,6,280,20,0,0
80,14/09/2026 11:22,72,regulated-action-state,789,78652,427,50,7,281,20,0,0
81,14/09/2026 11:22,72,regulated-action-state,790,78652,431,50,7,280,20,0,0
82,14/09/2026 11:22,72,regulated-action-state,790,78652,435,46,7,279,20,0,0
83,14/09/2026 11:22,72,regulated-action-state,784,78652,426,48,7,281,20,0,0
84,14/09/2026 11:22,72,regulated-action-state,833,78652,463,61,7,280,20,0,0
85,14/09/2026 11:22,72,regulated-action-state,824,78652,437,48,7,307,23,0,0
86,14/09/2026 11:22,72,regulated-action-state,786,78652,427,50,6,280,21,0,0
87,14/09/2026 11:22,72,regulated-action-state,814,78652,425,51,7,308,20,0,0
88,14/09/2026 11:22,72,regulated-action-state,786,78652,427,49,7,280,20,0,0
89,14/09/2026 11:22,72,regulated-action-state,830,78652,448,61,10,289,21,0,0
90,14/09/2026 11:22,72,regulated-action-state,789,78652,429,49,7,281,20,0,0
91,14/09/2026 11:22,72,regulated-action-state,798,78652,434,49,7,286,21,0,0
92,14/09/2026 11:22,72,regulated-action-state,787,78652,429,49,7,279,20,0,0
93,14/09/2026 11:22,72,regulated-action-state,786,78652,430,48,7,279,20,0,0
94,14/09/2026 11:22,72,regulated-action-state,797,78652,433,50,7,284,21,0,0
95,14/09/2026 11:22,72,regulated-action-state,789,78652,430,49,7,280,20,0,0
96,14/09/2026 11:22,72,regulated-action-state,788,78652,430,49,7,281,20,0,0
97,14/09/2026 11:22,72,regulated-action-state,777,78652,420,49,7,280,20,0,0
98,14/09/2026 11:22,72,regulated-action-state,821,78652,448,59,8,282,20,0,0
99,14/09/2026 11:22,72,regulated-action-state,793,78652,432,50,7,282,21,0,0
100,14/09/2026 11:22,72,regulated-action-state,833,78652,431,48,8,314,31,0,0
101,14/09/2026 11:22,72,regulated-action-state,796,78652,437,48,7,281,21,0,0
102,14/09/2026 11:22,72,regulated-action-state,788,78652,429,48,7,281,20,0,0
103,14/09/2026 11:22,72,regulated-action-state,784,78652,427,48,7,279,20,0,0
104,14/09/2026 11:22,72,regulated-action-state,784,78652,427,49,7,279,20,0,0
105,14/09/2026 11:22,72,regulated-action-state,784,78652,427,48,7,280,20,0,0
106,14/09/2026 11:22,72,regulated-action-state,784,78652,427,49,7,279,20,0,0
107,14/09/2026 11:22,72,regulated-action-state,784,78652,427,47,7,280,21,0,0
108,14/09/2026 11:22,72,regulated-action-state,828,78652,429,48,6,322,21,0,0
109,14/09/2026 11:23,72,regulated-action-state,835,78652,456,61,9,287,20,0,0
110,14/09/2026 11:23,72,regulated-action-state,800,78652,437,50,7,284,20,0,0
111,14/09/2026 11:23,72,regulated-action-state,822,78652,441,57,7,295,21,0,0
112,14/09/2026 11:23,72,regulated-action-state,798,78652,439,49,7,280,20,0,0
113,14/09/2026 11:23,72,regulated-action-state,788,78652,429,48,7,281,21,0,0
114,14/09/2026 11:23,72,regulated-action-state,779,78652,427,47,7,277,20,0,0
115,14/09/2026 11:23,72,regulated-action-state,838,78652,437,65,8,304,22,0,0
116,14/09/2026 11:23,72,regulated-action-state,783,78652,426,47,7,280,21,0,0
117,14/09/2026 11:23,72,regulated-action-state,786,78652,428,49,7,281,20,0,0
118,14/09/2026 11:23,72,regulated-action-state,857,78652,451,57,8,319,20,0,0
119,14/09/2026 11:23,72,regulated-action-state,813,78653,428,50,7,305,21,0,0
120,14/09/2026 11:23,72,regulated-action-state,790,78652,430,50,7,281,20,0,0
121,14/09/2026 11:23,72,regulated-action-state,804,78652,441,49,7,284,20,0,0
122,14/09/2026 11:23,72,regulated-action-state,787,78652,430,47,7,281,20,0,0
123,14/09/2026 11:23,72,regulated-action-state,802,78652,442,49,7,282,20,0,0
124,14/09/2026 11:23,72,regulated-action-state,786,78652,426,50,6,281,20,0,0
125,14/09/2026 11:23,72,regulated-action-state,789,78652,428,50,7,283,20,0,0
126,14/09/2026 11:23,72,regulated-action-state,785,78652,426,48,7,281,20,0,0
127,14/09/2026 11:23,72,regulated-action-state,807,78652,429,62,8,286,21,0,0
128,14/09/2026 11:23,72,regulated-action-state,793,78652,435,50,7,280,20,0,0
129,14/09/2026 11:23,72,regulated-action-state,806,78652,448,48,7,281,20,0,0
130,14/09/2026 11:23,72,regulated-action-state,787,78652,429,49,7,280,20,0,0
131,14/09/2026 11:23,72,regulated-action-state,807,78652,427,49,7,301,20,0,0
132,14/09/2026 11:23,72,regulated-action-state,798,78652,444,47,7,279,20,0,0
133,14/09/2026 11:23,72,regulated-action-state,834,78652,428,59,7,317,20,0,0
134,14/09/2026 11:23,72,regulated-action-state,784,78652,427,49,7,280,20,0,0
135,14/09/2026 11:23,72,regulated-action-state,800,78652,430,49,7,291,20,0,0
136,14/09/2026 11:23,72,regulated-action-state,785,78652,429,48,7,280,20,0,0
137,14/09/2026 11:23,72,regulated-action-state,784,78652,428,49,7,278,20,0,0
138,14/09/2026 11:23,72,regulated-action-state,784,78652,428,48,7,279,21,0,0
139,14/09/2026 11:23,72,regulated-action-state,818,78652,427,48,7,314,21,0,0
140,14/09/2026 11:23,72,regulated-action-state,815,78652,434,51,8,300,20,0,0
141,14/09/2026 11:23,72,regulated-action-state,793,78652,430,50,7,283,20,0,0
142,14/09/2026 11:23,72,regulated-action-state,788,78652,431,47,7,280,20,0,0
143,14/09/2026 11:23,72,regulated-action-state,783,78652,426,47,7,281,20,0,0
144,14/09/2026 11:23,72,regulated-action-state,787,78652,427,48,7,283,20,0,0
145,14/09/2026 11:23,72,regulated-action-state,804,78652,427,46,7,302,21,0,0
146,14/09/2026 11:23,72,regulated-action-state,785,78652,426,49,6,281,20,0,0
147,14/09/2026 11:23,72,regulated-action-state,801,78652,445,47,7,280,20,0,0
148,14/09/2026 11:23,72,regulated-action-state,784,78652,428,48,7,279,20,0,0
149,14/09/2026 11:23,72,regulated-action-state,787,78652,428,51,6,280,20,0,0
150,14/09/2026 11:23,72,regulated-action-state,784,78652,426,49,7,280,20,0,0
151,14/09/2026 11:23,72,regulated-action-state,819,78652,426,50,7,315,20,0,0
152,14/09/2026 11:23,72,regulated-action-state,783,78652,427,48,7,280,20,0,0
153,14/09/2026 11:23,72,regulated-action-state,787,78652,429,49,7,281,20,0,0
154,14/09/2026 11:23,72,regulated-action-state,789,78652,430,48,7,282,20,0,0
155,14/09/2026 11:23,72,regulated-action-state,836,78652,438,63,7,303,23,0,0
156,14/09/2026 11:23,72,regulated-action-state,787,78652,429,48,7,281,20,0,0
157,14/09/2026 11:23,72,regulated-action-state,786,78652,428,48,7,281,20,0,0
158,14/09/2026 11:23,72,regulated-action-state,786,78652,426,50,7,281,20,0,0
159,14/09/2026 11:23,72,regulated-action-state,781,78652,427,47,7,278,20,0,0
160,14/09/2026 11:23,72,regulated-action-state,823,78652,450,59,9,283,20,0,0
161,14/09/2026 11:23,72,regulated-action-state,790,78652,433,48,6,281,20,0,0
162,14/09/2026 11:23,72,regulated-action-state,791,78652,431,50,6,281,21,0,0
163,14/09/2026 11:23,72,regulated-action-state,797,78652,430,58,7,281,20,0,0
164,14/09/2026 11:23,72,regulated-action-state,788,78652,428,48,6,284,20,0,0
165,14/09/2026 11:23,72,regulated-action-state,790,78652,429,50,7,282,20,0,0
166,14/09/2026 11:23,72,regulated-action-state,783,78652,427,48,6,279,20,0,0
167,14/09/2026 11:23,72,regulated-action-state,788,78652,430,49,7,280,20,0,0
168,14/09/2026 11:23,72,regulated-action-state,842,78652,441,57,8,309,25,0,0
169,14/09/2026 11:23,72,regulated-action-state,821,78652,433,50,6,308,21,0,0
170,14/09/2026 11:23,72,regulated-action-state,785,78652,428,46,7,281,20,0,0
171,14/09/2026 11:23,72,regulated-action-state,794,78652,431,49,7,285,20,0,0
172,14/09/2026 11:23,72,regulated-action-state,865,78652,438,62,10,331,21,0,0
173,14/09/2026 11:23,72,regulated-action-state,786,78652,426,49,7,281,20,0,0
174,14/09/2026 11:24,72,regulated-action-state,785,78652,426,49,7,281,20,0,0
175,14/09/2026 11:24,72,regulated-action-state,784,78652,427,48,6,281,20,0,0
176,14/09/2026 11:24,72,regulated-action-state,802,78652,441,49,7,283,20,0,0
177,14/09/2026 11:24,72,regulated-action-state,784,78652,427,48,7,280,20,0,0
178,14/09/2026 11:24,72,regulated-action-state,862,78652,450,58,8,324,21,0,0
179,14/09/2026 11:24,72,regulated-action-state,827,78652,442,64,10,288,20,0,0
180,14/09/2026 11:24,72,regulated-action-state,787,78652,428,49,6,281,20,0,0
181,14/09/2026 11:24,72,regulated-action-state,817,78652,426,48,7,313,21,0,0
182,14/09/2026 11:24,72,regulated-action-state,785,78652,427,48,7,281,20,0,0
183,14/09/2026 11:24,72,regulated-action-state,788,78652,428,50,6,282,20,0,0
184,14/09/2026 11:24,72,regulated-action-state,786,78652,426,48,7,283,20,0,0
185,14/09/2026 11:24,72,regulated-action-state,784,78652,428,50,7,278,20,0,0
186,14/09/2026 11:24,72,regulated-action-state,784,78652,426,48,6,282,20,0,0
187,14/09/2026 11:24,72,regulated-action-state,782,78652,425,47,7,281,20,0,0
188,14/09/2026 11:24,72,regulated-action-state,782,78652,426,48,7,280,20,0,0
189,14/09/2026 11:24,72,regulated-action-state,803,78652,445,48,7,282,20,0,0
190,14/09/2026 11:24,72,regulated-action-state,790,78652,437,46,7,278,20,0,0
191,14/09/2026 11:24,72,regulated-action-state,784,78652,427,47,6,280,20,0,0
192,14/09/2026 11:24,72,regulated-action-state,788,78653,428,49,7,282,20,0,0
193,14/09/2026 11:24,72,regulated-action-state,785,78652,426,49,7,281,20,0,0
194,14/09/2026 11:24,72,regulated-action-state,809,78652,437,59,7,283,21,0,0
195,14/09/2026 11:24,72,regulated-action-state,804,78652,434,49,7,291,21,0,0
196,14/09/2026 11:24,72,regulated-action-state,787,78652,428,49,7,282,21,0,0
197,14/09/2026 11:24,72,regulated-action-state,783,78652,427,48,7,279,20,0,0
198,14/09/2026 11:24,72,regulated-action-state,794,78652,438,47,7,279,20,0,0
199,14/09/2026 11:24,72,regulated-action-state,785,78652,428,50,7,278,21,0,0
200,14/09/2026 11:24,72,regulated-action-state,793,78652,431,50,7,284,20,0,0
1,14/09/2026 11:27,9,temporal-action-state,854,73425,513,28,6,287,19,0,0
2,14/09/2026 11:27,9,temporal-action-state,736,73425,430,15,5,265,19,0,0
3,14/09/2026 11:27,9,temporal-action-state,783,73425,429,15,5,312,21,0,0
4,14/09/2026 11:27,9,temporal-action-state,731,73425,429,15,5,261,19,0,0
5,14/09/2026 11:27,9,temporal-action-state,733,73425,428,16,5,263,18,0,0
6,14/09/2026 11:27,9,temporal-action-state,745,73425,441,14,5,264,19,0,0
7,14/09/2026 11:27,9,temporal-action-state,730,73425,426,14,5,263,19,0,0
8,14/09/2026 11:27,9,temporal-action-state,760,73425,438,15,5,280,20,0,0
9,14/09/2026 11:27,9,temporal-action-state,732,73425,429,14,5,263,19,0,0
10,14/09/2026 11:27,9,temporal-action-state,732,73425,429,14,5,263,18,0,0
11,14/09/2026 11:27,9,temporal-action-state,730,73425,425,14,5,264,19,0,0
12,14/09/2026 11:27,9,temporal-action-state,745,73425,432,15,6,272,19,0,0
13,14/09/2026 11:27,9,temporal-action-state,784,73425,459,18,6,279,20,0,0
14,14/09/2026 11:27,9,temporal-action-state,733,73425,430,13,5,263,19,0,0
15,14/09/2026 11:27,9,temporal-action-state,731,73425,428,15,5,263,18,0,0
16,14/09/2026 11:27,9,temporal-action-state,722,73425,426,14,5,256,19,0,0
17,14/09/2026 11:27,9,temporal-action-state,734,73425,429,15,5,265,19,0,0
18,14/09/2026 11:27,9,temporal-action-state,738,73425,432,15,5,265,19,0,0
19,14/09/2026 11:27,9,temporal-action-state,742,73425,434,14,5,267,19,0,0
20,14/09/2026 11:27,9,temporal-action-state,769,73425,454,20,7,267,19,0,0
21,14/09/2026 11:27,9,temporal-action-state,729,73425,428,14,5,261,19,0,0
22,14/09/2026 11:27,9,temporal-action-state,744,73425,430,15,5,269,24,0,0
23,14/09/2026 11:27,9,temporal-action-state,744,73425,436,15,5,266,19,0,0
24,14/09/2026 11:27,9,temporal-action-state,732,73425,428,15,5,263,19,0,0
25,14/09/2026 11:27,9,temporal-action-state,755,73425,446,15,5,268,20,0,0
26,14/09/2026 11:27,9,temporal-action-state,741,73425,431,21,5,262,19,0,0
27,14/09/2026 11:27,9,temporal-action-state,740,73425,432,14,5,266,20,0,0
28,14/09/2026 11:27,9,temporal-action-state,738,73426,431,14,5,266,19,0,0
29,14/09/2026 11:27,9,temporal-action-state,751,73425,445,15,5,265,19,0,0
30,14/09/2026 11:27,9,temporal-action-state,731,73425,429,14,5,261,19,0,0
31,14/09/2026 11:27,9,temporal-action-state,733,73425,428,15,5,265,19,0,0
32,14/09/2026 11:27,9,temporal-action-state,742,73425,434,15,5,267,19,0,0
33,14/09/2026 11:28,9,temporal-action-state,734,73425,431,14,5,263,19,0,0
34,14/09/2026 11:28,9,temporal-action-state,736,73425,433,14,5,263,19,0,0
35,14/09/2026 11:28,9,temporal-action-state,767,73425,448,15,5,277,19,0,0
36,14/09/2026 11:28,9,temporal-action-state,742,73425,434,15,5,267,19,0,0
37,14/09/2026 11:28,9,temporal-action-state,738,73425,431,15,5,266,19,0,0
38,14/09/2026 11:28,9,temporal-action-state,780,73425,452,15,5,287,19,0,0
39,14/09/2026 11:28,9,temporal-action-state,741,73425,432,15,5,268,19,0,0
40,14/09/2026 11:28,9,temporal-action-state,740,73425,438,14,6,262,19,0,0
41,14/09/2026 11:28,9,temporal-action-state,733,73425,426,15,5,265,19,0,0
42,14/09/2026 11:28,9,temporal-action-state,736,73425,429,14,5,267,19,0,0
43,14/09/2026 11:28,9,temporal-action-state,758,73425,435,14,6,280,21,0,0
44,14/09/2026 11:28,9,temporal-action-state,776,73425,448,18,6,281,20,0,0
45,14/09/2026 11:28,9,temporal-action-state,736,73425,431,15,5,262,20,0,0
46,14/09/2026 11:28,9,temporal-action-state,740,73425,430,14,5,271,19,0,0
47,14/09/2026 11:28,9,temporal-action-state,768,73425,438,17,5,279,27,0,0
48,14/09/2026 11:28,9,temporal-action-state,736,73425,431,15,5,263,19,0,0
49,14/09/2026 11:28,9,temporal-action-state,738,73425,430,15,5,266,20,0,0
50,14/09/2026 11:28,9,temporal-action-state,734,73425,428,15,5,265,19,0,0
51,14/09/2026 11:28,9,temporal-action-state,732,73425,428,14,5,262,19,0,0
52,14/09/2026 11:28,9,temporal-action-state,732,73425,429,15,5,262,19,0,0
53,14/09/2026 11:28,9,temporal-action-state,739,73425,432,15,6,265,19,0,0
54,14/09/2026 11:28,9,temporal-action-state,746,73425,426,18,5,276,20,0,0
55,14/09/2026 11:28,9,temporal-action-state,770,73425,432,21,6,288,21,0,0
56,14/09/2026 11:28,9,temporal-action-state,771,73425,457,19,6,268,20,0,0
57,14/09/2026 11:28,9,temporal-action-state,726,73425,428,15,5,258,19,0,0
58,14/09/2026 11:28,9,temporal-action-state,729,73425,426,14,5,262,19,0,0
59,14/09/2026 11:28,9,temporal-action-state,782,73425,447,17,6,290,20,0,0
60,14/09/2026 11:28,9,temporal-action-state,730,73425,427,14,5,261,20,0,0
61,14/09/2026 11:28,9,temporal-action-state,733,73425,426,15,6,266,19,0,0
62,14/09/2026 11:28,9,temporal-action-state,732,73425,428,15,5,263,19,0,0
63,14/09/2026 11:28,9,temporal-action-state,744,73425,436,15,5,268,19,0,0
64,14/09/2026 11:28,9,temporal-action-state,736,73425,429,14,6,265,19,0,0
65,14/09/2026 11:28,9,temporal-action-state,736,73425,429,15,5,266,19,0,0
66,14/09/2026 11:28,9,temporal-action-state,737,73425,432,14,5,264,20,0,0
67,14/09/2026 11:28,9,temporal-action-state,761,73425,439,16,5,278,21,0,0
68,14/09/2026 11:28,9,temporal-action-state,737,73425,432,14,5,265,19,0,0
69,14/09/2026 11:28,9,temporal-action-state,737,73425,430,15,5,265,20,0,0
70,14/09/2026 11:28,9,temporal-action-state,733,73425,428,14,5,264,20,0,0
71,14/09/2026 11:28,9,temporal-action-state,731,73425,427,15,5,263,19,0,0
72,14/09/2026 11:28,9,temporal-action-state,732,73425,427,15,5,264,20,0,0
73,14/09/2026 11:28,9,temporal-action-state,751,73425,445,15,5,265,19,0,0
74,14/09/2026 11:28,9,temporal-action-state,734,73425,430,14,5,263,20,0,0
75,14/09/2026 11:28,9,temporal-action-state,773,73425,432,19,7,292,22,0,0
76,14/09/2026 11:28,9,temporal-action-state,733,73425,427,15,5,265,19,0,0
77,14/09/2026 11:28,9,temporal-action-state,750,73425,431,14,5,278,19,0,0
78,14/09/2026 11:28,9,temporal-action-state,732,73425,428,15,5,263,19,0,0
79,14/09/2026 11:28,9,temporal-action-state,750,73425,442,16,5,266,19,0,0
80,14/09/2026 11:28,9,temporal-action-state,746,73425,440,15,6,264,20,0,0
81,14/09/2026 11:28,9,temporal-action-state,746,73425,440,15,5,265,19,0,0
82,14/09/2026 11:28,9,temporal-action-state,729,73425,425,14,5,264,19,0,0
83,14/09/2026 11:28,9,temporal-action-state,732,73425,429,14,5,262,19,0,0
84,14/09/2026 11:28,9,temporal-action-state,733,73425,428,14,6,263,19,0,0
85,14/09/2026 11:28,9,temporal-action-state,730,73425,428,15,5,262,19,0,0
86,14/09/2026 11:28,9,temporal-action-state,728,73426,430,14,5,257,19,0,0
87,14/09/2026 11:28,9,temporal-action-state,734,73425,427,14,5,266,20,0,0
88,14/09/2026 11:28,9,temporal-action-state,736,73425,430,15,5,265,20,0,0
89,14/09/2026 11:28,9,temporal-action-state,729,73425,427,14,5,261,19,0,0
90,14/09/2026 11:28,9,temporal-action-state,739,73425,431,14,5,267,19,0,0
91,14/09/2026 11:28,9,temporal-action-state,732,73425,427,14,6,264,19,0,0
92,14/09/2026 11:28,9,temporal-action-state,731,73425,429,15,5,261,19,0,0
93,14/09/2026 11:28,9,temporal-action-state,735,73426,434,14,5,261,19,0,0
94,14/09/2026 11:28,9,temporal-action-state,743,73425,435,14,5,267,19,0,0
95,14/09/2026 11:28,9,temporal-action-state,735,73425,429,15,5,265,19,0,0
96,14/09/2026 11:28,9,temporal-action-state,728,73425,428,14,5,260,19,0,0
97,14/09/2026 11:28,9,temporal-action-state,731,73425,428,14,5,263,19,0,0
98,14/09/2026 11:28,9,temporal-action-state,733,73425,429,14,5,264,19,0,0
99,14/09/2026 11:28,9,temporal-action-state,744,73425,436,14,5,267,20,0,0
100,14/09/2026 11:28,9,temporal-action-state,735,73425,431,15,5,263,19,0,0
101,14/09/2026 11:28,9,temporal-action-state,743,73425,436,15,5,266,19,0,0
102,14/09/2026 11:28,9,temporal-action-state,783,73425,450,18,5,282,26,0,0
103,14/09/2026 11:28,9,temporal-action-state,742,73425,428,15,5,273,19,0,0
104,14/09/2026 11:29,9,temporal-action-state,736,73425,433,15,5,264,18,0,0
105,14/09/2026 11:29,9,temporal-action-state,743,73425,435,15,6,267,19,0,0
106,14/09/2026 11:29,9,temporal-action-state,739,73425,430,15,5,268,19,0,0
107,14/09/2026 11:29,9,temporal-action-state,731,73425,429,14,5,261,19,0,0
108,14/09/2026 11:29,9,temporal-action-state,750,73425,429,14,5,280,20,0,0
109,14/09/2026 11:29,9,temporal-action-state,734,73425,429,14,6,264,19,0,0
110,14/09/2026 11:29,9,temporal-action-state,735,73425,430,14,5,265,19,0,0
111,14/09/2026 11:29,9,temporal-action-state,730,73425,426,15,5,263,19,0,0
112,14/09/2026 11:29,9,temporal-action-state,749,73425,434,14,5,274,19,0,0
113,14/09/2026 11:29,9,temporal-action-state,730,73425,429,15,5,261,19,0,0
114,14/09/2026 11:29,9,temporal-action-state,729,73426,427,14,5,262,19,0,0
115,14/09/2026 11:29,9,temporal-action-state,737,73426,432,15,6,264,19,0,0
116,14/09/2026 11:29,9,temporal-action-state,735,73425,429,14,5,266,20,0,0
117,14/09/2026 11:29,9,temporal-action-state,745,73425,432,15,5,273,18,0,0
118,14/09/2026 11:29,9,temporal-action-state,731,73425,429,15,5,261,19,0,0
119,14/09/2026 11:29,9,temporal-action-state,736,73426,431,14,5,263,20,0,0
120,14/09/2026 11:29,9,temporal-action-state,732,73426,427,14,5,264,19,0,0
121,14/09/2026 11:29,9,temporal-action-state,730,73425,428,14,5,262,19,0,0
122,14/09/2026 11:29,9,temporal-action-state,731,73425,428,15,5,263,19,0,0
123,14/09/2026 11:29,9,temporal-action-state,791,73425,451,22,6,290,20,0,0
124,14/09/2026 11:29,9,temporal-action-state,764,73425,431,15,5,291,20,0,0
125,14/09/2026 11:29,9,temporal-action-state,732,73425,429,14,5,263,19,0,0
126,14/09/2026 11:29,9,temporal-action-state,737,73425,430,15,5,266,19,0,0
127,14/09/2026 11:29,9,temporal-action-state,733,73425,428,14,5,264,19,0,0
128,14/09/2026 11:29,9,temporal-action-state,739,73425,428,15,5,268,21,0,0
129,14/09/2026 11:29,9,temporal-action-state,742,73425,434,15,5,267,18,0,0
130,14/09/2026 11:29,9,temporal-action-state,729,73425,428,13,5,262,19,0,0
131,14/09/2026 11:29,9,temporal-action-state,731,73427,430,14,5,261,19,0,0
132,14/09/2026 11:29,9,temporal-action-state,730,73425,427,15,5,263,19,0,0
133,14/09/2026 11:29,9,temporal-action-state,733,73425,429,14,5,263,19,0,0
134,14/09/2026 11:29,9,temporal-action-state,736,73426,432,15,6,263,19,0,0
135,14/09/2026 11:29,9,temporal-action-state,732,73426,428,14,5,264,19,0,0
136,14/09/2026 11:29,9,temporal-action-state,736,73425,431,14,5,264,19,0,0
137,14/09/2026 11:29,9,temporal-action-state,740,73425,431,14,5,269,19,0,0
138,14/09/2026 11:29,9,temporal-action-state,734,73425,428,15,5,264,19,0,0
139,14/09/2026 11:29,9,temporal-action-state,765,73426,429,27,6,281,19,0,0
140,14/09/2026 11:29,9,temporal-action-state,764,73426,432,17,5,288,20,0,0
141,14/09/2026 11:29,9,temporal-action-state,745,73426,441,14,5,263,19,0,0
142,14/09/2026 11:29,9,temporal-action-state,757,73425,427,15,5,289,20,0,0
143,14/09/2026 11:29,9,temporal-action-state,728,73425,425,15,5,262,19,0,0
144,14/09/2026 11:29,9,temporal-action-state,740,73425,433,15,5,266,19,0,0
145,14/09/2026 11:29,9,temporal-action-state,735,73425,431,15,5,262,20,0,0
146,14/09/2026 11:29,9,temporal-action-state,739,73425,432,15,5,266,19,0,0
147,14/09/2026 11:29,9,temporal-action-state,732,73425,427,14,5,264,19,0,0
148,14/09/2026 11:29,9,temporal-action-state,747,73425,432,15,5,273,20,0,0
149,14/09/2026 11:29,9,temporal-action-state,732,73425,428,14,6,264,19,0,0
150,14/09/2026 11:29,9,temporal-action-state,739,73426,436,15,5,261,19,0,0
151,14/09/2026 11:29,9,temporal-action-state,741,73425,432,15,5,266,20,0,0
152,14/09/2026 11:29,9,temporal-action-state,771,73425,437,17,5,290,21,0,0
153,14/09/2026 11:29,9,temporal-action-state,740,73425,433,16,5,265,19,0,0
154,14/09/2026 11:29,9,temporal-action-state,762,73425,441,18,6,276,19,0,0
155,14/09/2026 11:29,9,temporal-action-state,739,73425,430,17,5,266,19,0,0
156,14/09/2026 11:29,9,temporal-action-state,733,73425,429,15,5,263,19,0,0
157,14/09/2026 11:29,9,temporal-action-state,736,73425,430,14,5,265,19,0,0
158,14/09/2026 11:29,9,temporal-action-state,770,73425,430,15,5,298,20,0,0
159,14/09/2026 11:29,9,temporal-action-state,803,73425,450,20,7,303,21,0,0
160,14/09/2026 11:29,9,temporal-action-state,734,73425,429,14,5,264,20,0,0
161,14/09/2026 11:29,9,temporal-action-state,731,73425,428,15,5,262,20,0,0
162,14/09/2026 11:29,9,temporal-action-state,742,73425,433,15,5,267,21,0,0
163,14/09/2026 11:29,9,temporal-action-state,740,73425,427,13,5,272,20,0,0
164,14/09/2026 11:29,9,temporal-action-state,773,73425,431,15,5,299,20,0,0
165,14/09/2026 11:29,9,temporal-action-state,733,73425,430,15,5,262,20,0,0
166,14/09/2026 11:29,9,temporal-action-state,746,73425,433,15,5,270,21,0,0
167,14/09/2026 11:29,9,temporal-action-state,734,73425,430,14,5,263,19,0,0
168,14/09/2026 11:29,9,temporal-action-state,749,73425,432,14,5,277,19,0,0
169,14/09/2026 11:29,9,temporal-action-state,768,73425,439,16,5,286,19,0,0
170,14/09/2026 11:29,9,temporal-action-state,733,73425,430,15,5,262,19,0,0
171,14/09/2026 11:29,9,temporal-action-state,730,73425,428,15,5,261,18,0,0
172,14/09/2026 11:29,9,temporal-action-state,756,73425,433,15,5,276,26,0,0
173,14/09/2026 11:29,9,temporal-action-state,732,73425,426,15,5,264,19,0,0
174,14/09/2026 11:30,9,temporal-action-state,735,73425,430,14,6,264,19,0,0
175,14/09/2026 11:30,9,temporal-action-state,729,73425,424,15,5,264,18,0,0
176,14/09/2026 11:30,9,temporal-action-state,735,73425,430,15,5,264,19,0,0
177,14/09/2026 11:30,9,temporal-action-state,747,73425,430,15,5,274,20,0,0
178,14/09/2026 11:30,9,temporal-action-state,740,73425,430,15,5,268,19,0,0
179,14/09/2026 11:30,9,temporal-action-state,731,73425,426,15,5,264,19,0,0
180,14/09/2026 11:30,9,temporal-action-state,779,73425,440,17,5,295,19,0,0
181,14/09/2026 11:30,9,temporal-action-state,736,73425,431,14,5,265,19,0,0
182,14/09/2026 11:30,9,temporal-action-state,779,73425,448,20,5,285,20,0,0
183,14/09/2026 11:30,9,temporal-action-state,765,73425,431,15,6,290,22,0,0
184,14/09/2026 11:30,9,temporal-action-state,735,73425,431,14,5,264,18,0,0
185,14/09/2026 11:30,9,temporal-action-state,737,73425,434,14,5,262,20,0,0
186,14/09/2026 11:30,9,temporal-action-state,733,73425,429,14,5,263,20,0,0
187,14/09/2026 11:30,9,temporal-action-state,728,73425,426,15,5,260,19,0,0
188,14/09/2026 11:30,9,temporal-action-state,769,73425,431,16,5,294,19,0,0
189,14/09/2026 11:30,9,temporal-action-state,779,73425,441,16,5,294,20,0,0
190,14/09/2026 11:30,9,temporal-action-state,745,73425,433,15,6,272,19,0,0
191,14/09/2026 11:30,9,temporal-action-state,736,73425,429,14,6,265,20,0,0
192,14/09/2026 11:30,9,temporal-action-state,733,73425,428,15,5,264,19,0,0
193,14/09/2026 11:30,9,temporal-action-state,770,73425,432,15,5,296,20,0,0
194,14/09/2026 11:30,9,temporal-action-state,727,73425,425,15,5,262,19,0,0
195,14/09/2026 11:30,9,temporal-action-state,738,73425,433,15,5,263,19,0,0
196,14/09/2026 11:30,9,temporal-action-state,776,73425,456,17,5,277,20,0,0
197,14/09/2026 11:30,9,temporal-action-state,732,73425,428,15,5,263,19,0,0
198,14/09/2026 11:30,9,temporal-action-state,736,73425,428,14,5,267,20,0,0
199,14/09/2026 11:30,9,temporal-action-state,772,73425,448,16,6,280,20,0,0
200,14/09/2026 11:30,9,temporal-action-state,745,73425,441,14,5,263,20,0,0
1,14/09/2026 11:30,18,temporal-action-state,905,73425,531,40,6,306,19,0,0
2,14/09/2026 11:30,18,temporal-action-state,742,73425,429,22,5,266,19,0,0
3,14/09/2026 11:30,18,temporal-action-state,771,73425,437,26,6,281,19,0,0
4,14/09/2026 11:30,18,temporal-action-state,741,73425,425,22,6,268,19,0,0
5,14/09/2026 11:30,18,temporal-action-state,787,73426,437,24,6,298,20,0,0
6,14/09/2026 11:30,18,temporal-action-state,768,73425,429,26,5,286,19,0,0
7,14/09/2026 11:30,18,temporal-action-state,773,73425,439,23,6,285,19,0,0
8,14/09/2026 11:30,18,temporal-action-state,750,73425,432,23,6,269,19,0,0
9,14/09/2026 11:30,18,temporal-action-state,764,73425,441,23,5,273,20,0,0
10,14/09/2026 11:30,18,temporal-action-state,773,73425,427,21,6,297,20,0,0
11,14/09/2026 11:30,18,temporal-action-state,814,73425,460,24,6,302,19,0,0
12,14/09/2026 11:30,18,temporal-action-state,781,73425,442,25,6,288,19,0,0
13,14/09/2026 11:30,18,temporal-action-state,746,73425,430,22,5,268,19,0,0
14,14/09/2026 11:30,18,temporal-action-state,742,73425,426,22,6,267,19,0,0
15,14/09/2026 11:30,18,temporal-action-state,774,73425,457,23,6,267,19,0,0
16,14/09/2026 11:30,18,temporal-action-state,776,73425,425,22,6,303,18,0,0
17,14/09/2026 11:30,18,temporal-action-state,742,73425,429,21,5,266,19,0,0
18,14/09/2026 11:30,18,temporal-action-state,749,73425,434,21,5,268,19,0,0
19,14/09/2026 11:30,18,temporal-action-state,743,73425,426,22,5,269,18,0,0
20,14/09/2026 11:30,18,temporal-action-state,743,73425,428,22,6,267,19,0,0
21,14/09/2026 11:30,18,temporal-action-state,748,73425,433,22,6,267,19,0,0
22,14/09/2026 11:30,18,temporal-action-state,739,73425,426,22,6,265,19,0,0
23,14/09/2026 11:30,18,temporal-action-state,739,73425,426,22,5,265,18,0,0
24,14/09/2026 11:30,18,temporal-action-state,760,73425,426,22,6,286,19,0,0
25,14/09/2026 11:30,18,temporal-action-state,781,73425,430,24,6,300,19,0,0
26,14/09/2026 11:30,18,temporal-action-state,753,73425,438,22,5,267,18,0,0
27,14/09/2026 11:30,18,temporal-action-state,785,73425,434,23,5,301,19,0,0
28,14/09/2026 11:30,18,temporal-action-state,773,73425,428,22,6,296,20,0,0
29,14/09/2026 11:30,18,temporal-action-state,792,73425,439,28,6,296,20,0,0
30,14/09/2026 11:30,18,temporal-action-state,784,73425,437,25,6,296,19,0,0
31,14/09/2026 11:30,18,temporal-action-state,740,73425,427,22,5,266,18,0,0
32,14/09/2026 11:30,18,temporal-action-state,747,73425,431,22,6,268,19,0,0
33,14/09/2026 11:30,18,temporal-action-state,749,73425,427,22,5,274,19,0,0
34,14/09/2026 11:30,18,temporal-action-state,748,73425,430,23,6,268,19,0,0
35,14/09/2026 11:30,18,temporal-action-state,739,73425,427,21,6,264,19,0,0
36,14/09/2026 11:30,18,temporal-action-state,738,73425,424,23,5,265,19,0,0
37,14/09/2026 11:30,18,temporal-action-state,750,73425,430,23,6,270,19,0,0
38,14/09/2026 11:30,18,temporal-action-state,745,73425,430,22,5,267,19,0,0
39,14/09/2026 11:30,18,temporal-action-state,741,73426,426,22,5,266,19,0,0
40,14/09/2026 11:30,18,temporal-action-state,783,73425,449,24,6,283,19,0,0
41,14/09/2026 11:30,18,temporal-action-state,748,73426,430,21,6,268,20,0,0
42,14/09/2026 11:31,18,temporal-action-state,742,73425,428,22,6,266,19,0,0
43,14/09/2026 11:31,18,temporal-action-state,811,73425,466,30,6,285,23,0,0
44,14/09/2026 11:31,18,temporal-action-state,744,73425,432,21,5,265,19,0,0
45,14/09/2026 11:31,18,temporal-action-state,749,73425,430,23,5,270,19,0,0
46,14/09/2026 11:31,18,temporal-action-state,743,73425,430,22,5,266,19,0,0
47,14/09/2026 11:31,18,temporal-action-state,743,73426,426,22,5,268,19,0,0
48,14/09/2026 11:31,18,temporal-action-state,752,73427,437,22,5,268,18,0,0
49,14/09/2026 11:31,18,temporal-action-state,744,73425,430,22,5,266,19,0,0
50,14/09/2026 11:31,18,temporal-action-state,760,73425,431,23,5,280,19,0,0
51,14/09/2026 11:31,18,temporal-action-state,777,73425,446,26,6,279,19,0,0
52,14/09/2026 11:31,18,temporal-action-state,748,73425,430,22,6,270,18,0,0
53,14/09/2026 11:31,18,temporal-action-state,745,73425,429,22,6,268,19,0,0
54,14/09/2026 11:31,18,temporal-action-state,748,73425,429,22,6,271,19,0,0
55,14/09/2026 11:31,18,temporal-action-state,759,73425,431,22,5,280,19,0,0
56,14/09/2026 11:31,18,temporal-action-state,754,73425,434,23,5,270,19,0,0
57,14/09/2026 11:31,18,temporal-action-state,738,73425,426,22,5,264,19,0,0
58,14/09/2026 11:31,18,temporal-action-state,743,73425,428,22,5,266,19,0,0
59,14/09/2026 11:31,18,temporal-action-state,751,73425,434,22,6,269,19,0,0
60,14/09/2026 11:31,18,temporal-action-state,802,73425,450,30,7,293,20,0,0
61,14/09/2026 11:31,18,temporal-action-state,754,73425,436,21,5,271,19,0,0
62,14/09/2026 11:31,18,temporal-action-state,744,73425,427,22,6,268,19,0,0
63,14/09/2026 11:31,18,temporal-action-state,742,73425,428,23,5,266,18,0,0
64,14/09/2026 11:31,18,temporal-action-state,755,73425,439,23,6,267,18,0,0
65,14/09/2026 11:31,18,temporal-action-state,752,73425,433,23,5,269,19,0,0
66,14/09/2026 11:31,18,temporal-action-state,741,73425,427,21,5,267,19,0,0
67,14/09/2026 11:31,18,temporal-action-state,744,73425,428,22,5,267,19,0,0
68,14/09/2026 11:31,18,temporal-action-state,749,73425,425,21,6,275,20,0,0
69,14/09/2026 11:31,18,temporal-action-state,745,73425,430,22,6,267,19,0,0
70,14/09/2026 11:31,18,temporal-action-state,756,73425,437,23,5,269,20,0,0
71,14/09/2026 11:31,18,temporal-action-state,743,73425,426,21,5,270,18,0,0
72,14/09/2026 11:31,18,temporal-action-state,747,73425,430,22,6,268,19,0,0
73,14/09/2026 11:31,18,temporal-action-state,742,73425,427,21,6,267,19,0,0
74,14/09/2026 11:31,18,temporal-action-state,746,73425,430,22,5,269,18,0,0
75,14/09/2026 11:31,18,temporal-action-state,736,73425,424,21,5,264,19,0,0
76,14/09/2026 11:31,18,temporal-action-state,748,73425,431,23,5,268,19,0,0
77,14/09/2026 11:31,18,temporal-action-state,759,73425,448,21,6,264,18,0,0
78,14/09/2026 11:31,18,temporal-action-state,752,73425,434,23,6,270,19,0,0
79,14/09/2026 11:31,18,temporal-action-state,750,73425,433,23,5,269,19,0,0
80,14/09/2026 11:31,18,temporal-action-state,787,73425,436,30,8,293,19,0,0
81,14/09/2026 11:31,18,temporal-action-state,748,73425,432,22,5,268,19,0,0
82,14/09/2026 11:31,18,temporal-action-state,748,73425,436,21,5,264,19,0,0
83,14/09/2026 11:31,18,temporal-action-state,782,73425,441,25,6,289,20,0,0
84,14/09/2026 11:31,18,temporal-action-state,740,73425,427,21,5,267,18,0,0
85,14/09/2026 11:31,18,temporal-action-state,740,73425,428,21,5,265,18,0,0
86,14/09/2026 11:31,18,temporal-action-state,784,73425,430,26,6,292,28,0,0
87,14/09/2026 11:31,18,temporal-action-state,758,73425,427,25,6,278,19,0,0
88,14/09/2026 11:31,18,temporal-action-state,739,73425,426,22,5,264,18,0,0
89,14/09/2026 11:31,18,temporal-action-state,740,73425,425,22,5,267,19,0,0
90,14/09/2026 11:31,18,temporal-action-state,739,73425,427,22,6,263,18,0,0
91,14/09/2026 11:31,18,temporal-action-state,795,73425,442,32,6,295,19,0,0
92,14/09/2026 11:31,18,temporal-action-state,747,73425,430,22,5,269,19,0,0
93,14/09/2026 11:31,18,temporal-action-state,744,73425,427,22,5,268,19,0,0
94,14/09/2026 11:31,18,temporal-action-state,745,73425,430,22,5,268,18,0,0
95,14/09/2026 11:31,18,temporal-action-state,741,73425,427,23,6,266,19,0,0
96,14/09/2026 11:31,18,temporal-action-state,750,73425,437,22,5,265,19,0,0
97,14/09/2026 11:31,18,temporal-action-state,746,73425,431,21,5,268,19,0,0
98,14/09/2026 11:31,18,temporal-action-state,747,73425,431,22,6,267,19,0,0
99,14/09/2026 11:31,18,temporal-action-state,775,73425,427,22,6,298,20,0,0
100,14/09/2026 11:31,18,temporal-action-state,747,73425,432,22,5,267,19,0,0
101,14/09/2026 11:31,18,temporal-action-state,740,73425,429,21,5,263,19,0,0
102,14/09/2026 11:31,18,temporal-action-state,741,73425,427,21,5,267,19,0,0
103,14/09/2026 11:31,18,temporal-action-state,741,73425,425,22,6,267,19,0,0
104,14/09/2026 11:31,18,temporal-action-state,739,73425,428,22,5,264,19,0,0
105,14/09/2026 11:31,18,temporal-action-state,743,73425,428,22,5,267,19,0,0
106,14/09/2026 11:31,18,temporal-action-state,744,73425,431,21,5,265,19,0,0
107,14/09/2026 11:31,18,temporal-action-state,781,73425,441,22,6,291,19,0,0
108,14/09/2026 11:31,18,temporal-action-state,738,73425,425,21,5,266,19,0,0
109,14/09/2026 11:31,18,temporal-action-state,750,73425,436,23,6,265,19,0,0
110,14/09/2026 11:31,18,temporal-action-state,802,73425,449,25,6,301,19,0,0
111,14/09/2026 11:32,18,temporal-action-state,744,73425,428,22,5,268,18,0,0
112,14/09/2026 11:32,18,temporal-action-state,747,73425,431,21,6,268,19,0,0
113,14/09/2026 11:32,18,temporal-action-state,750,73425,432,22,6,270,19,0,0
114,14/09/2026 11:32,18,temporal-action-state,742,73425,426,22,5,267,20,0,0
115,14/09/2026 11:32,18,temporal-action-state,743,73425,428,23,5,267,19,0,0
116,14/09/2026 11:32,18,temporal-action-state,789,73425,451,26,6,284,20,0,0
117,14/09/2026 11:32,18,temporal-action-state,753,73425,432,23,5,271,19,0,0
118,14/09/2026 11:32,18,temporal-action-state,743,73425,430,22,5,265,19,0,0
119,14/09/2026 11:32,18,temporal-action-state,743,73425,428,22,5,267,19,0,0
120,14/09/2026 11:32,18,temporal-action-state,770,73425,439,22,5,283,18,0,0
121,14/09/2026 11:32,18,temporal-action-state,752,73425,440,21,5,265,18,0,0
122,14/09/2026 11:32,18,temporal-action-state,740,73425,426,22,6,266,18,0,0
123,14/09/2026 11:32,18,temporal-action-state,745,73425,428,22,5,269,19,0,0
124,14/09/2026 11:32,18,temporal-action-state,779,73425,435,23,5,294,20,0,0
125,14/09/2026 11:32,18,temporal-action-state,742,73425,428,22,5,267,18,0,0
126,14/09/2026 11:32,18,temporal-action-state,740,73425,426,21,5,267,18,0,0
127,14/09/2026 11:32,18,temporal-action-state,747,73425,434,22,5,266,18,0,0
128,14/09/2026 11:32,18,temporal-action-state,774,73425,441,22,5,286,18,0,0
129,14/09/2026 11:32,18,temporal-action-state,753,73425,433,23,6,271,19,0,0
130,14/09/2026 11:32,18,temporal-action-state,742,73425,427,22,6,266,19,0,0
131,14/09/2026 11:32,18,temporal-action-state,749,73425,431,22,6,269,19,0,0
132,14/09/2026 11:32,18,temporal-action-state,747,73425,434,22,5,264,19,0,0
133,14/09/2026 11:32,18,temporal-action-state,743,73425,428,21,5,267,19,0,0
134,14/09/2026 11:32,18,temporal-action-state,752,73425,434,22,5,269,19,0,0
135,14/09/2026 11:32,18,temporal-action-state,744,73425,429,22,6,267,19,0,0
136,14/09/2026 11:32,18,temporal-action-state,745,73425,428,22,5,268,19,0,0
137,14/09/2026 11:32,18,temporal-action-state,745,73425,428,23,6,269,19,0,0
138,14/09/2026 11:32,18,temporal-action-state,769,73425,428,22,5,292,20,0,0
139,14/09/2026 11:32,18,temporal-action-state,769,73425,431,21,5,290,19,0,0
140,14/09/2026 11:32,18,temporal-action-state,751,73425,433,22,5,269,19,0,0
141,14/09/2026 11:32,18,temporal-action-state,743,73425,428,22,6,267,18,0,0
142,14/09/2026 11:32,18,temporal-action-state,778,73425,430,22,7,298,19,0,0
143,14/09/2026 11:32,18,temporal-action-state,743,73425,428,22,6,266,19,0,0
144,14/09/2026 11:32,18,temporal-action-state,745,73425,434,25,5,261,18,0,0
145,14/09/2026 11:32,18,temporal-action-state,764,73425,436,24,6,278,19,0,0
146,14/09/2026 11:32,18,temporal-action-state,760,73425,432,23,6,279,19,0,0
147,14/09/2026 11:32,18,temporal-action-state,739,73425,427,21,5,265,19,0,0
148,14/09/2026 11:32,18,temporal-action-state,757,73425,429,21,5,282,19,0,0
149,14/09/2026 11:32,18,temporal-action-state,748,73425,431,22,5,268,19,0,0
150,14/09/2026 11:32,18,temporal-action-state,740,73425,427,22,5,265,18,0,0
151,14/09/2026 11:32,18,temporal-action-state,744,73425,428,23,5,268,18,0,0
152,14/09/2026 11:32,18,temporal-action-state,759,73425,440,23,6,269,19,0,0
153,14/09/2026 11:32,18,temporal-action-state,776,73425,429,22,6,297,19,0,0
154,14/09/2026 11:32,18,temporal-action-state,792,73425,433,34,7,297,20,0,0
155,14/09/2026 11:32,18,temporal-action-state,769,73425,434,23,5,286,19,0,0
156,14/09/2026 11:32,18,temporal-action-state,749,73425,436,21,5,265,18,0,0
157,14/09/2026 11:32,18,temporal-action-state,751,73425,429,21,5,274,19,0,0
158,14/09/2026 11:32,18,temporal-action-state,748,73425,432,23,5,267,18,0,0
159,14/09/2026 11:32,18,temporal-action-state,741,73425,427,22,5,265,19,0,0
160,14/09/2026 11:32,18,temporal-action-state,748,73426,428,22,6,270,19,0,0
161,14/09/2026 11:32,18,temporal-action-state,761,73425,425,26,6,284,19,0,0
162,14/09/2026 11:32,18,temporal-action-state,752,73425,427,22,5,277,19,0,0
163,14/09/2026 11:32,18,temporal-action-state,743,73425,428,22,5,267,19,0,0
164,14/09/2026 11:32,18,temporal-action-state,748,73425,431,23,6,268,19,0,0
165,14/09/2026 11:32,18,temporal-action-state,743,73425,427,23,5,267,19,0,0
166,14/09/2026 11:32,18,temporal-action-state,748,73425,431,22,6,269,19,0,0
167,14/09/2026 11:32,18,temporal-action-state,742,73425,427,22,5,267,19,0,0
168,14/09/2026 11:32,18,temporal-action-state,763,73425,428,34,6,274,19,0,0
169,14/09/2026 11:32,18,temporal-action-state,747,73425,436,21,5,264,19,0,0
170,14/09/2026 11:32,18,temporal-action-state,745,73425,428,22,5,268,19,0,0
171,14/09/2026 11:32,18,temporal-action-state,742,73425,428,21,5,267,19,0,0
172,14/09/2026 11:32,18,temporal-action-state,768,73425,428,24,6,289,19,0,0
173,14/09/2026 11:32,18,temporal-action-state,749,73425,431,22,5,269,19,0,0
174,14/09/2026 11:32,18,temporal-action-state,750,73425,430,23,5,270,19,0,0
175,14/09/2026 11:32,18,temporal-action-state,741,73425,426,22,5,266,19,0,0
176,14/09/2026 11:32,18,temporal-action-state,741,73425,429,22,6,264,19,0,0
177,14/09/2026 11:32,18,temporal-action-state,745,73425,430,23,5,266,19,0,0
178,14/09/2026 11:32,18,temporal-action-state,744,73425,429,22,5,267,19,0,0
179,14/09/2026 11:32,18,temporal-action-state,747,73425,431,22,5,267,20,0,0
180,14/09/2026 11:33,18,temporal-action-state,750,73425,431,22,5,270,19,0,0
181,14/09/2026 11:33,18,temporal-action-state,749,73425,433,22,5,267,19,0,0
182,14/09/2026 11:33,18,temporal-action-state,749,73425,432,22,5,269,19,0,0
183,14/09/2026 11:33,18,temporal-action-state,751,73425,432,23,5,270,19,0,0
184,14/09/2026 11:33,18,temporal-action-state,747,73425,432,22,5,267,19,0,0
185,14/09/2026 11:33,18,temporal-action-state,755,73425,430,21,5,277,19,0,0
186,14/09/2026 11:33,18,temporal-action-state,748,73425,430,22,6,268,20,0,0
187,14/09/2026 11:33,18,temporal-action-state,739,73425,427,21,6,265,19,0,0
188,14/09/2026 11:33,18,temporal-action-state,741,73425,428,22,6,265,19,0,0
189,14/09/2026 11:33,18,temporal-action-state,743,73425,429,21,5,266,19,0,0
190,14/09/2026 11:33,18,temporal-action-state,750,73425,437,21,5,266,19,0,0
191,14/09/2026 11:33,18,temporal-action-state,751,73425,433,22,6,270,19,0,0
192,14/09/2026 11:33,18,temporal-action-state,742,73425,428,21,5,266,19,0,0
193,14/09/2026 11:33,18,temporal-action-state,742,73425,427,22,6,268,18,0,0
194,14/09/2026 11:33,18,temporal-action-state,750,73425,434,23,6,267,19,0,0
195,14/09/2026 11:33,18,temporal-action-state,744,73425,428,22,5,268,19,0,0
196,14/09/2026 11:33,18,temporal-action-state,740,73425,426,22,5,266,19,0,0
197,14/09/2026 11:33,18,temporal-action-state,749,73425,437,21,5,265,19,0,0
198,14/09/2026 11:33,18,temporal-action-state,743,73425,427,23,5,267,19,0,0
199,14/09/2026 11:33,18,temporal-action-state,747,73425,432,21,6,268,18,0,0
200,14/09/2026 11:33,18,temporal-action-state,770,73425,437,23,6,283,18,0,0
1,14/09/2026 11:33,27,temporal-action-state,945,73409,545,75,7,296,20,0,0
2,14/09/2026 11:33,27,temporal-action-state,770,73409,427,30,8,283,20,0,0
3,14/09/2026 11:33,27,temporal-action-state,762,73410,432,29,5,274,20,0,0
4,14/09/2026 11:33,27,temporal-action-state,750,73411,427,28,5,268,20,0,0
5,14/09/2026 11:33,27,temporal-action-state,783,73409,446,37,7,272,20,0,0
6,14/09/2026 11:33,27,temporal-action-state,754,73409,430,27,6,270,19,0,0
7,14/09/2026 11:33,27,temporal-action-state,769,73409,435,29,6,277,20,0,0
8,14/09/2026 11:33,27,temporal-action-state,754,73409,428,28,5,271,19,0,0
9,14/09/2026 11:33,27,temporal-action-state,752,73409,430,27,6,268,20,0,0
10,14/09/2026 11:33,27,temporal-action-state,759,73409,434,26,6,271,20,0,0
11,14/09/2026 11:33,27,temporal-action-state,752,73409,429,28,5,267,20,0,0
12,14/09/2026 11:33,27,temporal-action-state,755,73409,438,27,5,263,19,0,0
13,14/09/2026 11:33,27,temporal-action-state,760,73409,429,29,6,276,20,0,0
14,14/09/2026 11:33,27,temporal-action-state,764,73409,435,27,5,275,20,0,0
15,14/09/2026 11:33,27,temporal-action-state,764,73409,443,29,6,264,20,0,0
16,14/09/2026 11:33,27,temporal-action-state,760,73409,433,27,6,273,20,0,0
17,14/09/2026 11:33,27,temporal-action-state,766,73409,437,28,6,273,20,0,0
18,14/09/2026 11:33,27,temporal-action-state,752,73409,428,28,5,269,19,0,0
19,14/09/2026 11:33,27,temporal-action-state,785,73409,444,31,8,280,20,0,0
20,14/09/2026 11:33,27,temporal-action-state,750,73409,424,29,5,269,20,0,0
21,14/09/2026 11:33,27,temporal-action-state,760,73409,432,28,6,273,20,0,0
22,14/09/2026 11:33,27,temporal-action-state,762,73409,440,26,5,268,20,0,0
23,14/09/2026 11:33,27,temporal-action-state,754,73409,430,27,5,270,20,0,0
24,14/09/2026 11:33,27,temporal-action-state,749,73409,427,27,5,266,20,0,0
25,14/09/2026 11:33,27,temporal-action-state,751,73409,429,26,5,269,19,0,0
26,14/09/2026 11:33,27,temporal-action-state,757,73409,430,28,6,272,20,0,0
27,14/09/2026 11:33,27,temporal-action-state,759,73410,430,28,5,273,20,0,0
28,14/09/2026 11:33,27,temporal-action-state,756,73409,430,28,6,271,20,0,0
29,14/09/2026 11:33,27,temporal-action-state,759,73409,432,28,5,273,20,0,0
30,14/09/2026 11:33,27,temporal-action-state,757,73409,428,28,5,273,20,0,0
31,14/09/2026 11:33,27,temporal-action-state,811,73409,448,35,7,297,21,0,0
32,14/09/2026 11:33,27,temporal-action-state,756,73409,428,28,5,272,20,0,0
33,14/09/2026 11:33,27,temporal-action-state,758,73409,433,28,5,270,20,0,0
34,14/09/2026 11:33,27,temporal-action-state,762,73409,428,26,6,278,22,0,0
35,14/09/2026 11:33,27,temporal-action-state,754,73409,428,28,6,271,20,0,0
36,14/09/2026 11:33,27,temporal-action-state,752,73409,428,28,5,268,20,0,0
37,14/09/2026 11:33,27,temporal-action-state,762,73409,435,29,5,271,19,0,0
38,14/09/2026 11:33,27,temporal-action-state,760,73409,434,29,5,270,20,0,0
39,14/09/2026 11:33,27,temporal-action-state,752,73409,428,27,5,270,20,0,0
40,14/09/2026 11:33,27,temporal-action-state,760,73409,439,26,6,268,20,0,0
41,14/09/2026 11:33,27,temporal-action-state,753,73409,428,27,5,270,20,0,0
42,14/09/2026 11:33,27,temporal-action-state,751,73409,428,28,5,268,19,0,0
43,14/09/2026 11:33,27,temporal-action-state,786,73409,430,29,6,300,20,0,0
44,14/09/2026 11:33,27,temporal-action-state,797,73409,440,32,6,297,20,0,0
45,14/09/2026 11:33,27,temporal-action-state,759,73409,429,29,6,274,20,0,0
46,14/09/2026 11:33,27,temporal-action-state,749,73409,427,28,5,268,20,0,0
47,14/09/2026 11:34,27,temporal-action-state,750,73409,426,28,5,269,19,0,0
48,14/09/2026 11:34,27,temporal-action-state,753,73409,431,27,5,268,20,0,0
49,14/09/2026 11:34,27,temporal-action-state,758,73409,431,28,5,271,20,0,0
50,14/09/2026 11:34,27,temporal-action-state,785,73409,430,27,5,300,20,0,0
51,14/09/2026 11:34,27,temporal-action-state,787,73409,446,29,8,282,20,0,0
52,14/09/2026 11:34,27,temporal-action-state,799,73409,454,31,8,284,20,0,0
53,14/09/2026 11:34,27,temporal-action-state,761,73409,437,27,5,269,20,0,0
54,14/09/2026 11:34,27,temporal-action-state,756,73409,430,27,5,273,20,0,0
55,14/09/2026 11:34,27,temporal-action-state,760,73409,430,28,6,275,20,0,0
56,14/09/2026 11:34,27,temporal-action-state,771,73409,440,29,5,275,20,0,0
57,14/09/2026 11:34,27,temporal-action-state,763,73409,433,28,6,274,20,0,0
58,14/09/2026 11:34,27,temporal-action-state,760,73409,432,29,5,272,20,0,0
59,14/09/2026 11:34,27,temporal-action-state,758,73409,432,27,5,271,20,0,0
60,14/09/2026 11:34,27,temporal-action-state,754,73409,428,28,5,271,20,0,0
61,14/09/2026 11:34,27,temporal-action-state,770,73409,433,27,6,282,21,0,0
62,14/09/2026 11:34,27,temporal-action-state,753,73409,428,28,6,269,20,0,0
63,14/09/2026 11:34,27,temporal-action-state,751,73409,425,29,5,271,19,0,0
64,14/09/2026 11:34,27,temporal-action-state,749,73409,428,28,5,267,20,0,0
65,14/09/2026 11:34,27,temporal-action-state,757,73409,432,28,6,270,19,0,0
66,14/09/2026 11:34,27,temporal-action-state,753,73409,430,28,5,268,19,0,0
67,14/09/2026 11:34,27,temporal-action-state,783,73409,440,30,6,285,20,0,0
68,14/09/2026 11:34,27,temporal-action-state,759,73409,432,27,6,272,20,0,0
69,14/09/2026 11:34,27,temporal-action-state,759,73409,430,28,6,273,20,0,0
70,14/09/2026 11:34,27,temporal-action-state,761,73409,433,28,5,272,20,0,0
71,14/09/2026 11:34,27,temporal-action-state,803,73409,440,38,9,295,20,0,0
72,14/09/2026 11:34,27,temporal-action-state,761,73409,432,28,6,274,20,0,0
73,14/09/2026 11:34,27,temporal-action-state,761,73409,434,28,6,272,20,0,0
74,14/09/2026 11:34,27,temporal-action-state,762,73409,433,29,6,272,20,0,0
75,14/09/2026 11:34,27,temporal-action-state,778,73409,442,31,7,277,20,0,0
76,14/09/2026 11:34,27,temporal-action-state,754,73409,426,28,5,273,19,0,0
77,14/09/2026 11:34,27,temporal-action-state,753,73409,428,28,5,270,20,0,0
78,14/09/2026 11:34,27,temporal-action-state,760,73409,425,29,5,278,20,0,0
79,14/09/2026 11:34,27,temporal-action-state,783,73409,432,32,6,292,20,0,0
80,14/09/2026 11:34,27,temporal-action-state,760,73409,434,28,6,271,20,0,0
81,14/09/2026 11:34,27,temporal-action-state,754,73409,430,27,6,270,20,0,0
82,14/09/2026 11:34,27,temporal-action-state,759,73409,431,27,5,273,20,0,0
83,14/09/2026 11:34,27,temporal-action-state,810,73409,450,31,7,300,20,0,0
84,14/09/2026 11:34,27,temporal-action-state,765,73409,441,28,5,270,20,0,0
85,14/09/2026 11:34,27,temporal-action-state,752,73409,428,27,5,270,20,0,0
86,14/09/2026 11:34,27,temporal-action-state,751,73409,426,27,6,270,20,0,0
87,14/09/2026 11:34,27,temporal-action-state,767,73409,434,29,6,276,20,0,0
88,14/09/2026 11:34,27,temporal-action-state,766,73409,429,27,6,283,20,0,0
89,14/09/2026 11:34,27,temporal-action-state,800,73409,433,37,9,299,20,0,0
90,14/09/2026 11:34,27,temporal-action-state,757,73409,430,28,6,272,19,0,0
91,14/09/2026 11:34,27,temporal-action-state,755,73409,430,28,5,270,20,0,0
92,14/09/2026 11:34,27,temporal-action-state,763,73409,437,27,6,272,19,0,0
93,14/09/2026 11:34,27,temporal-action-state,752,73409,426,29,5,270,20,0,0
94,14/09/2026 11:34,27,temporal-action-state,754,73410,428,28,5,271,20,0,0
95,14/09/2026 11:34,27,temporal-action-state,766,73409,426,27,5,285,20,0,0
96,14/09/2026 11:34,27,temporal-action-state,808,73409,458,34,6,288,20,0,0
97,14/09/2026 11:34,27,temporal-action-state,756,73409,427,28,6,274,20,0,0
98,14/09/2026 11:34,27,temporal-action-state,752,73409,427,28,6,270,20,0,0
99,14/09/2026 11:34,27,temporal-action-state,758,73409,432,29,5,270,20,0,0
100,14/09/2026 11:34,27,temporal-action-state,750,73409,425,28,5,270,20,0,0
101,14/09/2026 11:34,27,temporal-action-state,759,73409,430,29,6,272,20,0,0
102,14/09/2026 11:34,27,temporal-action-state,757,73410,428,30,6,272,19,0,0
103,14/09/2026 11:34,27,temporal-action-state,759,73409,437,28,6,268,19,0,0
104,14/09/2026 11:34,27,temporal-action-state,751,73409,427,28,5,270,19,0,0
105,14/09/2026 11:34,27,temporal-action-state,754,73409,430,29,5,268,20,0,0
106,14/09/2026 11:34,27,temporal-action-state,753,73409,426,28,6,272,20,0,0
107,14/09/2026 11:34,27,temporal-action-state,749,73410,427,27,5,269,19,0,0
108,14/09/2026 11:34,27,temporal-action-state,755,73409,429,28,6,271,20,0,0
109,14/09/2026 11:34,27,temporal-action-state,779,73409,437,34,6,280,20,0,0
110,14/09/2026 11:34,27,temporal-action-state,753,73409,429,28,5,270,19,0,0
111,14/09/2026 11:34,27,temporal-action-state,777,73409,436,38,7,275,20,0,0
112,14/09/2026 11:34,27,temporal-action-state,789,73409,430,28,6,302,21,0,0
113,14/09/2026 11:34,27,temporal-action-state,763,73411,430,28,6,278,19,0,0
114,14/09/2026 11:34,27,temporal-action-state,759,73409,430,27,6,273,20,0,0
115,14/09/2026 11:35,27,temporal-action-state,751,73409,428,28,5,268,20,0,0
116,14/09/2026 11:35,27,temporal-action-state,772,73409,427,27,6,290,20,0,0
117,14/09/2026 11:35,27,temporal-action-state,791,73409,429,29,6,306,20,0,0
118,14/09/2026 11:35,27,temporal-action-state,762,73409,434,28,5,273,19,0,0
119,14/09/2026 11:35,27,temporal-action-state,761,73409,431,29,6,274,20,0,0
120,14/09/2026 11:35,27,temporal-action-state,755,73409,430,28,5,269,20,0,0
121,14/09/2026 11:35,27,temporal-action-state,759,73409,432,29,5,271,20,0,0
122,14/09/2026 11:35,27,temporal-action-state,752,73409,427,28,6,270,20,0,0
123,14/09/2026 11:35,27,temporal-action-state,789,73409,432,28,5,301,20,0,0
124,14/09/2026 11:35,27,temporal-action-state,758,73409,432,30,5,269,20,0,0
125,14/09/2026 11:35,27,temporal-action-state,762,73409,428,28,5,278,19,0,0
126,14/09/2026 11:35,27,temporal-action-state,761,73409,434,28,5,271,20,0,0
127,14/09/2026 11:35,27,temporal-action-state,764,73409,432,28,6,277,20,0,0
128,14/09/2026 11:35,27,temporal-action-state,750,73409,428,27,5,268,20,0,0
129,14/09/2026 11:35,27,temporal-action-state,752,73409,429,28,5,268,20,0,0
130,14/09/2026 11:35,27,temporal-action-state,753,73409,427,27,5,272,20,0,0
131,14/09/2026 11:35,27,temporal-action-state,770,73409,438,30,5,274,20,0,0
132,14/09/2026 11:35,27,temporal-action-state,766,73409,438,29,5,271,21,0,0
133,14/09/2026 11:35,27,temporal-action-state,795,73409,428,28,5,301,30,0,0
134,14/09/2026 11:35,27,temporal-action-state,771,73409,435,34,6,275,20,0,0
135,14/09/2026 11:35,27,temporal-action-state,785,73409,429,31,6,296,20,0,0
136,14/09/2026 11:35,27,temporal-action-state,753,73409,428,27,6,270,20,0,0
137,14/09/2026 11:35,27,temporal-action-state,776,73409,437,33,6,278,20,0,0
138,14/09/2026 11:35,27,temporal-action-state,759,73409,438,27,5,268,20,0,0
139,14/09/2026 11:35,27,temporal-action-state,750,73410,428,27,5,269,19,0,0
140,14/09/2026 11:35,27,temporal-action-state,755,73409,428,28,5,273,19,0,0
141,14/09/2026 11:35,27,temporal-action-state,774,73409,431,28,6,283,24,0,0
142,14/09/2026 11:35,27,temporal-action-state,753,73409,427,28,6,271,19,0,0
143,14/09/2026 11:35,27,temporal-action-state,753,73409,428,27,5,271,20,0,0
144,14/09/2026 11:35,27,temporal-action-state,793,73409,442,29,6,294,21,0,0
145,14/09/2026 11:35,27,temporal-action-state,751,73410,429,28,5,268,19,0,0
146,14/09/2026 11:35,27,temporal-action-state,757,73409,430,27,5,273,19,0,0
147,14/09/2026 11:35,27,temporal-action-state,805,73409,446,38,6,294,20,0,0
148,14/09/2026 11:35,27,temporal-action-state,763,73409,440,28,5,268,20,0,0
149,14/09/2026 11:35,27,temporal-action-state,757,73409,430,29,6,271,19,0,0
150,14/09/2026 11:35,27,temporal-action-state,756,73409,430,27,6,272,20,0,0
151,14/09/2026 11:35,27,temporal-action-state,751,73409,426,28,6,270,19,0,0
152,14/09/2026 11:35,27,temporal-action-state,753,73409,428,28,5,270,19,0,0
153,14/09/2026 11:35,27,temporal-action-state,772,73409,427,26,5,290,20,0,0
154,14/09/2026 11:35,27,temporal-action-state,750,73409,426,29,5,268,19,0,0
155,14/09/2026 11:35,27,temporal-action-state,796,73409,448,36,6,283,20,0,0
156,14/09/2026 11:35,27,temporal-action-state,748,73409,425,27,6,268,19,0,0
157,14/09/2026 11:35,27,temporal-action-state,762,73409,434,28,6,273,20,0,0
158,14/09/2026 11:35,27,temporal-action-state,753,73410,428,27,6,270,20,0,0
159,14/09/2026 11:35,27,temporal-action-state,761,73409,434,28,6,272,20,0,0
160,14/09/2026 11:35,27,temporal-action-state,751,73409,429,27,5,269,20,0,0
161,14/09/2026 11:35,27,temporal-action-state,809,73409,431,29,6,318,24,0,0
162,14/09/2026 11:35,27,temporal-action-state,790,73409,434,33,8,292,20,0,0
163,14/09/2026 11:35,27,temporal-action-state,752,73409,428,27,6,270,19,0,0
164,14/09/2026 11:35,27,temporal-action-state,752,73409,426,29,6,270,20,0,0
165,14/09/2026 11:35,27,temporal-action-state,766,73409,427,28,6,284,20,0,0
166,14/09/2026 11:35,27,temporal-action-state,753,73409,426,29,6,271,20,0,0
167,14/09/2026 11:35,27,temporal-action-state,750,73409,427,28,5,268,19,0,0
168,14/09/2026 11:35,27,temporal-action-state,761,73409,433,28,5,273,20,0,0
169,14/09/2026 11:35,27,temporal-action-state,764,73409,433,28,6,274,20,0,0
170,14/09/2026 11:35,27,temporal-action-state,753,73409,429,27,5,269,19,0,0
171,14/09/2026 11:35,27,temporal-action-state,758,73409,432,27,5,272,20,0,0
172,14/09/2026 11:35,27,temporal-action-state,756,73409,431,28,6,270,20,0,0
173,14/09/2026 11:35,27,temporal-action-state,749,73411,426,28,5,268,19,0,0
174,14/09/2026 11:35,27,temporal-action-state,757,73410,430,28,6,272,20,0,0
175,14/09/2026 11:35,27,temporal-action-state,753,73409,429,28,5,269,19,0,0
176,14/09/2026 11:35,27,temporal-action-state,760,73409,431,29,5,274,20,0,0
177,14/09/2026 11:35,27,temporal-action-state,762,73409,436,28,5,272,20,0,0
178,14/09/2026 11:35,27,temporal-action-state,760,73409,432,28,7,273,20,0,0
179,14/09/2026 11:35,27,temporal-action-state,756,73409,427,28,5,274,20,0,0
180,14/09/2026 11:35,27,temporal-action-state,757,73409,432,28,6,269,19,0,0
181,14/09/2026 11:35,27,temporal-action-state,777,73409,446,31,5,274,20,0,0
182,14/09/2026 11:35,27,temporal-action-state,754,73409,430,28,5,270,20,0,0
183,14/09/2026 11:36,27,temporal-action-state,787,73409,431,28,6,299,20,0,0
184,14/09/2026 11:36,27,temporal-action-state,762,73409,434,31,5,270,19,0,0
185,14/09/2026 11:36,27,temporal-action-state,755,73409,430,28,5,270,19,0,0
186,14/09/2026 11:36,27,temporal-action-state,760,73409,433,27,6,273,20,0,0
187,14/09/2026 11:36,27,temporal-action-state,753,73409,427,28,5,270,19,0,0
188,14/09/2026 11:36,27,temporal-action-state,759,73409,430,29,6,273,20,0,0
189,14/09/2026 11:36,27,temporal-action-state,759,73409,432,28,5,271,20,0,0
190,14/09/2026 11:36,27,temporal-action-state,754,73409,428,27,5,271,20,0,0
191,14/09/2026 11:36,27,temporal-action-state,751,73409,427,28,6,269,20,0,0
192,14/09/2026 11:36,27,temporal-action-state,788,73409,428,34,6,298,20,0,0
193,14/09/2026 11:36,27,temporal-action-state,799,73409,443,30,6,293,25,0,0
194,14/09/2026 11:36,27,temporal-action-state,751,73409,428,27,6,269,20,0,0
195,14/09/2026 11:36,27,temporal-action-state,754,73409,427,29,5,271,20,0,0
196,14/09/2026 11:36,27,temporal-action-state,793,73409,433,28,5,305,20,0,0
197,14/09/2026 11:36,27,temporal-action-state,761,73409,437,28,5,270,19,0,0
198,14/09/2026 11:36,27,temporal-action-state,802,73409,446,30,6,293,25,0,0
199,14/09/2026 11:36,27,temporal-action-state,789,73409,430,32,6,298,20,0,0
200,14/09/2026 11:36,27,temporal-action-state,757,73409,431,28,6,271,19,0,0
1,14/09/2026 11:36,36,temporal-action-state,998,73410,555,81,7,332,21,0,0
2,14/09/2026 11:36,36,temporal-action-state,778,73410,445,34,6,272,20,0,0
3,14/09/2026 11:36,36,temporal-action-state,767,73410,431,35,6,274,20,0,0
4,14/09/2026 11:36,36,temporal-action-state,780,73410,444,36,6,273,20,0,0
5,14/09/2026 11:36,36,temporal-action-state,757,73410,427,33,6,270,20,0,0
6,14/09/2026 11:36,36,temporal-action-state,762,73410,428,34,6,272,20,0,0
7,14/09/2026 11:36,36,temporal-action-state,758,73410,427,34,6,269,20,0,0
8,14/09/2026 11:36,36,temporal-action-state,763,73410,429,33,6,274,20,0,0
9,14/09/2026 11:36,36,temporal-action-state,763,73410,429,32,6,274,20,0,0
10,14/09/2026 11:36,36,temporal-action-state,803,73410,452,34,6,289,20,0,0
11,14/09/2026 11:36,36,temporal-action-state,777,73409,436,31,5,282,20,0,0
12,14/09/2026 11:36,36,temporal-action-state,783,73410,433,45,6,278,20,0,0
13,14/09/2026 11:36,36,temporal-action-state,773,73410,441,32,6,273,20,0,0
14,14/09/2026 11:36,36,temporal-action-state,762,73410,429,34,6,272,20,0,0
15,14/09/2026 11:36,36,temporal-action-state,758,73410,427,31,6,271,20,0,0
16,14/09/2026 11:36,36,temporal-action-state,806,73410,429,38,7,309,21,0,0
17,14/09/2026 11:36,36,temporal-action-state,761,73410,429,34,6,271,20,0,0
18,14/09/2026 11:36,36,temporal-action-state,763,73410,430,34,6,272,20,0,0
19,14/09/2026 11:36,36,temporal-action-state,755,73410,427,32,5,269,20,0,0
20,14/09/2026 11:36,36,temporal-action-state,766,73410,432,33,6,274,20,0,0
21,14/09/2026 11:36,36,temporal-action-state,765,73410,432,33,5,272,20,0,0
22,14/09/2026 11:36,36,temporal-action-state,779,73410,431,33,6,286,21,0,0
23,14/09/2026 11:36,36,temporal-action-state,768,73410,432,34,6,273,20,0,0
24,14/09/2026 11:36,36,temporal-action-state,757,73410,424,34,6,271,19,0,0
25,14/09/2026 11:36,36,temporal-action-state,771,73410,435,32,6,275,21,0,0
26,14/09/2026 11:36,36,temporal-action-state,765,73409,431,33,6,272,20,0,0
27,14/09/2026 11:36,36,temporal-action-state,757,73410,426,32,5,271,20,0,0
28,14/09/2026 11:36,36,temporal-action-state,771,73410,434,34,6,274,20,0,0
29,14/09/2026 11:36,36,temporal-action-state,759,73410,427,34,6,271,20,0,0
30,14/09/2026 11:36,36,temporal-action-state,783,73410,428,32,6,292,24,0,0
31,14/09/2026 11:36,36,temporal-action-state,758,73410,428,32,6,271,20,0,0
32,14/09/2026 11:36,36,temporal-action-state,758,73410,428,32,6,271,20,0,0
33,14/09/2026 11:36,36,temporal-action-state,767,73410,432,35,6,273,20,0,0
34,14/09/2026 11:36,36,temporal-action-state,793,73410,426,41,9,296,20,0,0
35,14/09/2026 11:36,36,temporal-action-state,768,73410,433,33,6,275,20,0,0
36,14/09/2026 11:36,36,temporal-action-state,764,73410,430,33,6,273,20,0,0
37,14/09/2026 11:36,36,temporal-action-state,761,73410,428,33,6,272,20,0,0
38,14/09/2026 11:36,36,temporal-action-state,763,73410,431,33,6,271,20,0,0
39,14/09/2026 11:36,36,temporal-action-state,797,73410,439,42,8,286,20,0,0
40,14/09/2026 11:36,36,temporal-action-state,794,73409,431,33,6,301,22,0,0
41,14/09/2026 11:36,36,temporal-action-state,773,73410,441,33,6,270,20,0,0
42,14/09/2026 11:36,36,temporal-action-state,765,73410,426,37,6,274,20,0,0
43,14/09/2026 11:36,36,temporal-action-state,791,73410,436,35,6,291,20,0,0
44,14/09/2026 11:36,36,temporal-action-state,764,73410,432,31,6,274,20,0,0
45,14/09/2026 11:36,36,temporal-action-state,789,73410,432,32,6,297,20,0,0
46,14/09/2026 11:36,36,temporal-action-state,767,73410,434,33,6,272,20,0,0
47,14/09/2026 11:36,36,temporal-action-state,779,73410,429,33,6,288,20,0,0
48,14/09/2026 11:37,36,temporal-action-state,803,73410,429,41,7,304,20,0,0
49,14/09/2026 11:37,36,temporal-action-state,809,73410,439,38,6,304,20,0,0
50,14/09/2026 11:37,36,temporal-action-state,776,73410,436,36,7,275,20,0,0
51,14/09/2026 11:37,36,temporal-action-state,806,73410,446,48,7,283,20,0,0
52,14/09/2026 11:37,36,temporal-action-state,759,73410,429,33,6,270,20,0,0
53,14/09/2026 11:37,36,temporal-action-state,761,73410,429,33,6,272,20,0,0
54,14/09/2026 11:37,36,temporal-action-state,808,73410,452,39,8,286,20,0,0
55,14/09/2026 11:37,36,temporal-action-state,764,73410,428,33,5,276,20,0,0
56,14/09/2026 11:37,36,temporal-action-state,760,73410,430,34,6,269,20,0,0
57,14/09/2026 11:37,36,temporal-action-state,780,73410,441,35,6,276,20,0,0
58,14/09/2026 11:37,36,temporal-action-state,759,73410,429,35,6,268,20,0,0
59,14/09/2026 11:37,36,temporal-action-state,781,73410,430,34,6,288,20,0,0
60,14/09/2026 11:37,36,temporal-action-state,770,73410,433,34,6,276,20,0,0
61,14/09/2026 11:37,36,temporal-action-state,778,73410,444,33,6,273,20,0,0
62,14/09/2026 11:37,36,temporal-action-state,759,73410,428,32,6,272,20,0,0
63,14/09/2026 11:37,36,temporal-action-state,763,73410,432,33,6,271,20,0,0
64,14/09/2026 11:37,36,temporal-action-state,796,73410,446,38,6,284,20,0,0
65,14/09/2026 11:37,36,temporal-action-state,766,73410,432,32,6,274,20,0,0
66,14/09/2026 11:37,36,temporal-action-state,762,73410,428,32,6,273,20,0,0
67,14/09/2026 11:37,36,temporal-action-state,762,73410,430,31,6,274,20,0,0
68,14/09/2026 11:37,36,temporal-action-state,761,73410,430,33,6,272,20,0,0
69,14/09/2026 11:37,36,temporal-action-state,762,73410,429,33,6,272,19,0,0
70,14/09/2026 11:37,36,temporal-action-state,806,73410,439,41,6,298,20,0,0
71,14/09/2026 11:37,36,temporal-action-state,765,73410,431,34,6,272,20,0,0
72,14/09/2026 11:37,36,temporal-action-state,799,73410,447,39,6,285,20,0,0
73,14/09/2026 11:37,36,temporal-action-state,766,73410,432,33,6,273,20,0,0
74,14/09/2026 11:37,36,temporal-action-state,774,73410,432,36,6,278,20,0,0
75,14/09/2026 11:37,36,temporal-action-state,761,73410,429,34,6,271,20,0,0
76,14/09/2026 11:37,36,temporal-action-state,770,73410,430,34,6,278,20,0,0
77,14/09/2026 11:37,36,temporal-action-state,761,73410,430,33,6,272,20,0,0
78,14/09/2026 11:37,36,temporal-action-state,765,73410,431,33,6,273,20,0,0
79,14/09/2026 11:37,36,temporal-action-state,766,73410,431,34,6,273,20,0,0
80,14/09/2026 11:37,36,temporal-action-state,756,73410,428,32,6,268,20,0,0
81,14/09/2026 11:37,36,temporal-action-state,773,73410,437,34,6,275,20,0,0
82,14/09/2026 11:37,36,temporal-action-state,771,73411,428,33,6,282,20,0,0
83,14/09/2026 11:37,36,temporal-action-state,762,73410,428,33,6,273,20,0,0
84,14/09/2026 11:37,36,temporal-action-state,758,73409,429,32,5,270,20,0,0
85,14/09/2026 11:37,36,temporal-action-state,829,73410,453,40,7,303,25,0,0
86,14/09/2026 11:37,36,temporal-action-state,761,73410,429,33,6,271,20,0,0
87,14/09/2026 11:37,36,temporal-action-state,790,73410,432,32,6,296,22,0,0
88,14/09/2026 11:37,36,temporal-action-state,760,73410,427,35,6,271,20,0,0
89,14/09/2026 11:37,36,temporal-action-state,772,73409,441,34,6,269,20,0,0
90,14/09/2026 11:37,36,temporal-action-state,760,73410,427,32,6,273,20,0,0
91,14/09/2026 11:37,36,temporal-action-state,762,73410,428,34,6,272,20,0,0
92,14/09/2026 11:37,36,temporal-action-state,759,73410,428,32,6,271,20,0,0
93,14/09/2026 11:37,36,temporal-action-state,762,73410,429,33,6,272,20,0,0
94,14/09/2026 11:37,36,temporal-action-state,769,73410,433,34,6,274,20,0,0
95,14/09/2026 11:37,36,temporal-action-state,768,73410,431,35,6,274,20,0,0
96,14/09/2026 11:37,36,temporal-action-state,771,73410,434,34,6,275,20,0,0
97,14/09/2026 11:37,36,temporal-action-state,759,73410,431,32,6,269,20,0,0
98,14/09/2026 11:37,36,temporal-action-state,764,73410,431,32,6,273,20,0,0
99,14/09/2026 11:37,36,temporal-action-state,759,73410,429,33,5,270,20,0,0
100,14/09/2026 11:37,36,temporal-action-state,766,73410,433,32,6,274,20,0,0
101,14/09/2026 11:37,36,temporal-action-state,792,73410,444,42,9,275,20,0,0
102,14/09/2026 11:37,36,temporal-action-state,762,73409,430,33,6,272,20,0,0
103,14/09/2026 11:37,36,temporal-action-state,819,73410,447,40,7,304,20,0,0
104,14/09/2026 11:37,36,temporal-action-state,772,73410,441,32,6,271,20,0,0
105,14/09/2026 11:37,36,temporal-action-state,761,73410,429,32,6,272,20,0,0
106,14/09/2026 11:37,36,temporal-action-state,766,73410,431,33,7,274,20,0,0
107,14/09/2026 11:37,36,temporal-action-state,758,73410,427,32,5,272,20,0,0
108,14/09/2026 11:37,36,temporal-action-state,765,73410,433,33,6,271,20,0,0
109,14/09/2026 11:37,36,temporal-action-state,767,73410,433,33,6,273,20,0,0
110,14/09/2026 11:37,36,temporal-action-state,770,73410,439,34,6,269,20,0,0
111,14/09/2026 11:37,36,temporal-action-state,817,73410,444,38,6,301,25,0,0
112,14/09/2026 11:37,36,temporal-action-state,768,73410,433,33,6,274,20,0,0
113,14/09/2026 11:37,36,temporal-action-state,781,73410,441,42,5,270,20,0,0
114,14/09/2026 11:37,36,temporal-action-state,771,73410,438,32,6,273,20,0,0
115,14/09/2026 11:37,36,temporal-action-state,760,73410,429,32,6,270,20,0,0
116,14/09/2026 11:38,36,temporal-action-state,779,73410,438,35,6,278,20,0,0
117,14/09/2026 11:38,36,temporal-action-state,767,73410,433,32,6,275,20,0,0
118,14/09/2026 11:38,36,temporal-action-state,782,73410,440,40,6,274,20,0,0
119,14/09/2026 11:38,36,temporal-action-state,808,73410,436,40,9,296,26,0,0
120,14/09/2026 11:38,36,temporal-action-state,763,73410,428,33,6,274,20,0,0
121,14/09/2026 11:38,36,temporal-action-state,795,73410,458,32,6,276,20,0,0
122,14/09/2026 11:38,36,temporal-action-state,765,73410,429,32,6,277,20,0,0
123,14/09/2026 11:38,36,temporal-action-state,824,73410,452,45,7,298,20,0,0
124,14/09/2026 11:38,36,temporal-action-state,759,73410,426,34,6,271,20,0,0
125,14/09/2026 11:38,36,temporal-action-state,755,73410,425,32,6,271,20,0,0
126,14/09/2026 11:38,36,temporal-action-state,778,73410,434,33,6,282,21,0,0
127,14/09/2026 11:38,36,temporal-action-state,762,73410,427,33,6,274,21,0,0
128,14/09/2026 11:38,36,temporal-action-state,786,73410,430,32,6,295,20,0,0
129,14/09/2026 11:38,36,temporal-action-state,811,73410,442,38,7,300,22,0,0
130,14/09/2026 11:38,36,temporal-action-state,763,73410,430,33,6,273,19,0,0
131,14/09/2026 11:38,36,temporal-action-state,774,73410,437,33,6,276,21,0,0
132,14/09/2026 11:38,36,temporal-action-state,760,73410,427,34,6,272,20,0,0
133,14/09/2026 11:38,36,temporal-action-state,770,73410,436,34,6,273,19,0,0
134,14/09/2026 11:38,36,temporal-action-state,760,73410,426,33,6,273,20,0,0
135,14/09/2026 11:38,36,temporal-action-state,759,73410,429,31,6,272,20,0,0
136,14/09/2026 11:38,36,temporal-action-state,772,73410,428,33,6,282,20,0,0
137,14/09/2026 11:38,36,temporal-action-state,768,73410,433,33,6,273,20,0,0
138,14/09/2026 11:38,36,temporal-action-state,786,73410,434,34,6,290,21,0,0
139,14/09/2026 11:38,36,temporal-action-state,765,73410,432,32,6,273,20,0,0
140,14/09/2026 11:38,36,temporal-action-state,779,73410,429,45,7,275,20,0,0
141,14/09/2026 11:38,36,temporal-action-state,800,73410,437,38,6,297,20,0,0
142,14/09/2026 11:38,36,temporal-action-state,795,73410,447,41,14,272,20,0,0
143,14/09/2026 11:38,36,temporal-action-state,756,73410,427,32,6,270,20,0,0
144,14/09/2026 11:38,36,temporal-action-state,812,73410,434,34,6,308,28,0,0
145,14/09/2026 11:38,36,temporal-action-state,761,73410,429,33,6,272,20,0,0
146,14/09/2026 11:38,36,temporal-action-state,756,73410,428,32,6,269,20,0,0
147,14/09/2026 11:38,36,temporal-action-state,785,73410,431,33,6,293,20,0,0
148,14/09/2026 11:38,36,temporal-action-state,761,73410,428,31,6,274,20,0,0
149,14/09/2026 11:38,36,temporal-action-state,768,73410,434,32,6,275,19,0,0
150,14/09/2026 11:38,36,temporal-action-state,797,73410,456,40,6,272,20,0,0
151,14/09/2026 11:38,36,temporal-action-state,757,73410,426,33,6,271,20,0,0
152,14/09/2026 11:38,36,temporal-action-state,761,73409,428,33,6,273,20,0,0
153,14/09/2026 11:38,36,temporal-action-state,761,73410,429,33,6,271,20,0,0
154,14/09/2026 11:38,36,temporal-action-state,766,73410,432,32,6,274,20,0,0
155,14/09/2026 11:38,36,temporal-action-state,764,73410,430,33,6,274,20,0,0
156,14/09/2026 11:38,36,temporal-action-state,772,73410,435,35,6,274,20,0,0
157,14/09/2026 11:38,36,temporal-action-state,759,73410,428,33,6,271,20,0,0
158,14/09/2026 11:38,36,temporal-action-state,779,73410,441,33,7,277,20,0,0
159,14/09/2026 11:38,36,temporal-action-state,763,73410,428,34,6,273,20,0,0
160,14/09/2026 11:38,36,temporal-action-state,761,73410,428,34,6,271,20,0,0
161,14/09/2026 11:38,36,temporal-action-state,760,73410,428,32,6,272,20,0,0
162,14/09/2026 11:38,36,temporal-action-state,764,73410,431,33,6,273,20,0,0
163,14/09/2026 11:38,36,temporal-action-state,758,73410,427,34,6,271,20,0,0
164,14/09/2026 11:38,36,temporal-action-state,774,73410,435,33,6,277,21,0,0
165,14/09/2026 11:38,36,temporal-action-state,760,73410,430,33,6,270,20,0,0
166,14/09/2026 11:38,36,temporal-action-state,804,73410,456,41,6,278,20,0,0
167,14/09/2026 11:38,36,temporal-action-state,768,73410,433,33,6,274,20,0,0
168,14/09/2026 11:38,36,temporal-action-state,766,73409,434,32,6,273,20,0,0
169,14/09/2026 11:38,36,temporal-action-state,761,73409,428,33,6,273,20,0,0
170,14/09/2026 11:38,36,temporal-action-state,758,73410,426,32,5,273,20,0,0
171,14/09/2026 11:38,36,temporal-action-state,765,73410,429,34,6,274,20,0,0
172,14/09/2026 11:38,36,temporal-action-state,765,73410,431,33,6,273,20,0,0
173,14/09/2026 11:38,36,temporal-action-state,765,73410,426,34,6,277,20,0,0
174,14/09/2026 11:38,36,temporal-action-state,795,73410,431,38,7,298,20,0,0
175,14/09/2026 11:38,36,temporal-action-state,761,73410,429,32,6,272,20,0,0
176,14/09/2026 11:38,36,temporal-action-state,758,73410,429,32,6,271,20,0,0
177,14/09/2026 11:38,36,temporal-action-state,801,73410,433,42,6,298,20,0,0
178,14/09/2026 11:38,36,temporal-action-state,785,73410,436,41,8,277,20,0,0
179,14/09/2026 11:38,36,temporal-action-state,766,73410,429,34,6,274,20,0,0
180,14/09/2026 11:38,36,temporal-action-state,786,73410,430,34,6,293,21,0,0
181,14/09/2026 11:38,36,temporal-action-state,760,73411,430,32,6,272,20,0,0
182,14/09/2026 11:38,36,temporal-action-state,757,73410,428,32,6,271,20,0,0
183,14/09/2026 11:39,36,temporal-action-state,763,73410,431,32,6,272,20,0,0
184,14/09/2026 11:39,36,temporal-action-state,811,73410,431,38,7,301,33,0,0
185,14/09/2026 11:39,36,temporal-action-state,797,73410,427,49,6,294,20,0,0
186,14/09/2026 11:39,36,temporal-action-state,802,73410,434,34,6,302,25,0,0
187,14/09/2026 11:39,36,temporal-action-state,765,73410,430,33,6,274,20,0,0
188,14/09/2026 11:39,36,temporal-action-state,796,73409,449,40,9,277,20,0,0
189,14/09/2026 11:39,36,temporal-action-state,762,73410,429,33,6,273,20,0,0
190,14/09/2026 11:39,36,temporal-action-state,762,73410,430,33,5,272,20,0,0
191,14/09/2026 11:39,36,temporal-action-state,761,73410,430,32,6,272,20,0,0
192,14/09/2026 11:39,36,temporal-action-state,767,73410,430,33,5,276,20,0,0
193,14/09/2026 11:39,36,temporal-action-state,756,73411,426,33,6,270,20,0,0
194,14/09/2026 11:39,36,temporal-action-state,767,73410,432,33,6,274,20,0,0
195,14/09/2026 11:39,36,temporal-action-state,803,73410,434,42,6,299,20,0,0
196,14/09/2026 11:39,36,temporal-action-state,812,73410,446,38,6,295,25,0,0
197,14/09/2026 11:39,36,temporal-action-state,762,73410,430,33,6,271,20,0,0
198,14/09/2026 11:39,36,temporal-action-state,801,73410,446,36,6,291,20,0,0
199,14/09/2026 11:39,36,temporal-action-state,767,73410,432,33,6,274,20,0,0
200,14/09/2026 11:39,36,temporal-action-state,782,73410,432,33,6,289,21,0,0
1,14/09/2026 11:39,45,temporal-action-state,947,73409,525,89,7,302,21,0,0
2,14/09/2026 11:39,45,temporal-action-state,817,73409,432,41,6,316,20,0,0
3,14/09/2026 11:39,45,temporal-action-state,784,73409,430,39,6,287,20,0,0
4,14/09/2026 11:39,45,temporal-action-state,762,73409,423,38,6,273,20,0,0
5,14/09/2026 11:39,45,temporal-action-state,767,73409,428,37,6,274,20,0,0
6,14/09/2026 11:39,45,temporal-action-state,769,73409,428,38,6,275,20,0,0
7,14/09/2026 11:39,45,temporal-action-state,810,73409,439,41,6,301,21,0,0
8,14/09/2026 11:39,45,temporal-action-state,771,73409,430,38,6,274,20,0,0
9,14/09/2026 11:39,45,temporal-action-state,809,73409,428,43,7,309,20,0,0
10,14/09/2026 11:39,45,temporal-action-state,770,73409,430,38,6,275,20,0,0
11,14/09/2026 11:39,45,temporal-action-state,829,73409,444,48,7,307,21,0,0
12,14/09/2026 11:39,45,temporal-action-state,768,73409,427,38,6,275,20,0,0
13,14/09/2026 11:39,45,temporal-action-state,771,73409,430,38,6,276,20,0,0
14,14/09/2026 11:39,45,temporal-action-state,775,73409,432,39,6,277,20,0,0
15,14/09/2026 11:39,45,temporal-action-state,810,73409,432,37,6,307,26,0,0
16,14/09/2026 11:39,45,temporal-action-state,774,73409,431,38,6,276,20,0,0
17,14/09/2026 11:39,45,temporal-action-state,767,73409,430,36,6,273,20,0,0
18,14/09/2026 11:39,45,temporal-action-state,776,73409,434,38,6,274,21,0,0
19,14/09/2026 11:39,45,temporal-action-state,786,73409,440,37,6,280,20,0,0
20,14/09/2026 11:39,45,temporal-action-state,775,73409,431,38,6,276,22,0,0
21,14/09/2026 11:39,45,temporal-action-state,798,73409,433,36,6,300,21,0,0
22,14/09/2026 11:39,45,temporal-action-state,767,73409,428,37,6,273,20,0,0
23,14/09/2026 11:39,45,temporal-action-state,774,73409,431,39,6,276,20,0,0
24,14/09/2026 11:39,45,temporal-action-state,769,73409,430,37,6,273,20,0,0
25,14/09/2026 11:39,45,temporal-action-state,800,73409,430,37,6,303,22,0,0
26,14/09/2026 11:39,45,temporal-action-state,790,73409,430,38,6,293,21,0,0
27,14/09/2026 11:39,45,temporal-action-state,769,73409,428,38,6,274,20,0,0
28,14/09/2026 11:39,45,temporal-action-state,769,73409,429,38,6,275,20,0,0
29,14/09/2026 11:39,45,temporal-action-state,778,73409,435,39,6,276,20,0,0
30,14/09/2026 11:39,45,temporal-action-state,769,73409,428,38,6,274,20,0,0
31,14/09/2026 11:39,45,temporal-action-state,787,73409,431,39,6,283,25,0,0
32,14/09/2026 11:39,45,temporal-action-state,770,73409,430,39,6,273,21,0,0
33,14/09/2026 11:39,45,temporal-action-state,768,73409,429,38,6,273,20,0,0
34,14/09/2026 11:39,45,temporal-action-state,776,73409,431,37,6,279,20,0,0
35,14/09/2026 11:39,45,temporal-action-state,769,73409,428,38,6,274,20,0,0
36,14/09/2026 11:39,45,temporal-action-state,775,73409,432,37,6,278,20,0,0
37,14/09/2026 11:39,45,temporal-action-state,769,73409,428,39,6,274,20,0,0
38,14/09/2026 11:39,45,temporal-action-state,767,73409,428,38,6,272,20,0,0
39,14/09/2026 11:39,45,temporal-action-state,766,73409,427,38,6,273,20,0,0
40,14/09/2026 11:39,45,temporal-action-state,771,73409,430,37,6,275,21,0,0
41,14/09/2026 11:39,45,temporal-action-state,780,73409,434,37,6,279,22,0,0
42,14/09/2026 11:39,45,temporal-action-state,777,73409,433,39,6,276,20,0,0
43,14/09/2026 11:39,45,temporal-action-state,770,73409,429,39,6,275,20,0,0
44,14/09/2026 11:39,45,temporal-action-state,772,73409,429,39,6,276,20,0,0
45,14/09/2026 11:39,45,temporal-action-state,776,73409,431,38,6,278,20,0,0
46,14/09/2026 11:39,45,temporal-action-state,766,73409,428,36,6,273,20,0,0
47,14/09/2026 11:39,45,temporal-action-state,765,73409,427,37,6,273,20,0,0
48,14/09/2026 11:40,45,temporal-action-state,786,73409,444,37,6,277,21,0,0
49,14/09/2026 11:40,45,temporal-action-state,781,73409,434,42,6,276,20,0,0
50,14/09/2026 11:40,45,temporal-action-state,782,73409,429,37,6,288,21,0,0
51,14/09/2026 11:40,45,temporal-action-state,773,73409,435,38,6,272,20,0,0
52,14/09/2026 11:40,45,temporal-action-state,768,73409,429,37,6,274,20,0,0
53,14/09/2026 11:40,45,temporal-action-state,768,73409,428,37,6,275,20,0,0
54,14/09/2026 11:40,45,temporal-action-state,770,73409,431,37,6,274,20,0,0
55,14/09/2026 11:40,45,temporal-action-state,770,73409,431,38,6,272,21,0,0
56,14/09/2026 11:40,45,temporal-action-state,774,73409,433,37,6,276,20,0,0
57,14/09/2026 11:40,45,temporal-action-state,834,73409,440,49,7,313,23,0,0
58,14/09/2026 11:40,45,temporal-action-state,767,73409,426,37,6,274,20,0,0
59,14/09/2026 11:40,45,temporal-action-state,766,73409,427,37,6,274,20,0,0
60,14/09/2026 11:40,45,temporal-action-state,777,73409,431,37,6,280,21,0,0
61,14/09/2026 11:40,45,temporal-action-state,768,73409,427,38,6,275,20,0,0
62,14/09/2026 11:40,45,temporal-action-state,776,73409,429,36,6,283,20,0,0
63,14/09/2026 11:40,45,temporal-action-state,769,73409,432,37,6,272,20,0,0
64,14/09/2026 11:40,45,temporal-action-state,802,73409,445,47,7,282,20,0,0
65,14/09/2026 11:40,45,temporal-action-state,784,73409,442,38,6,276,20,0,0
66,14/09/2026 11:40,45,temporal-action-state,792,73409,445,45,6,273,21,0,0
67,14/09/2026 11:40,45,temporal-action-state,770,73409,430,37,6,274,20,0,0
68,14/09/2026 11:40,45,temporal-action-state,771,73409,429,38,6,276,21,0,0
69,14/09/2026 11:40,45,temporal-action-state,807,73409,437,37,6,299,26,0,0
70,14/09/2026 11:40,45,temporal-action-state,775,73409,432,37,7,277,20,0,0
71,14/09/2026 11:40,45,temporal-action-state,781,73409,443,37,6,273,20,0,0
72,14/09/2026 11:40,45,temporal-action-state,788,73409,431,38,6,290,21,0,0
73,14/09/2026 11:40,45,temporal-action-state,813,73409,426,52,9,302,21,0,0
74,14/09/2026 11:40,45,temporal-action-state,795,73409,429,37,6,301,20,0,0
75,14/09/2026 11:40,45,temporal-action-state,776,73409,433,38,6,276,20,0,0
76,14/09/2026 11:40,45,temporal-action-state,776,73409,432,38,6,278,20,0,0
77,14/09/2026 11:40,45,temporal-action-state,801,73409,432,48,7,291,20,0,0
78,14/09/2026 11:40,45,temporal-action-state,774,73409,433,37,6,275,20,0,0
79,14/09/2026 11:40,45,temporal-action-state,771,73409,430,38,6,275,20,0,0
80,14/09/2026 11:40,45,temporal-action-state,777,73409,439,37,6,273,20,0,0
81,14/09/2026 11:40,45,temporal-action-state,768,73409,430,37,6,272,20,0,0
82,14/09/2026 11:40,45,temporal-action-state,786,73411,443,38,6,276,20,0,0
83,14/09/2026 11:40,45,temporal-action-state,770,73409,428,38,6,274,21,0,0
84,14/09/2026 11:40,45,temporal-action-state,773,73409,432,38,6,274,21,0,0
85,14/09/2026 11:40,45,temporal-action-state,806,73409,432,38,6,304,24,0,0
86,14/09/2026 11:40,45,temporal-action-state,778,73409,435,39,6,275,21,0,0
87,14/09/2026 11:40,45,temporal-action-state,779,73409,433,38,6,280,20,0,0
88,14/09/2026 11:40,45,temporal-action-state,768,73409,428,37,6,276,20,0,0
89,14/09/2026 11:40,45,temporal-action-state,766,73409,426,38,6,274,20,0,0
90,14/09/2026 11:40,45,temporal-action-state,793,73409,436,49,9,278,20,0,0
91,14/09/2026 11:40,45,temporal-action-state,776,73409,440,36,6,272,20,0,0
92,14/09/2026 11:40,45,temporal-action-state,776,73409,434,39,6,275,20,0,0
93,14/09/2026 11:40,45,temporal-action-state,767,73409,428,37,6,274,20,0,0
94,14/09/2026 11:40,45,temporal-action-state,769,73409,428,38,6,274,20,0,0
95,14/09/2026 11:40,45,temporal-action-state,796,73409,429,38,7,298,22,0,0
96,14/09/2026 11:40,45,temporal-action-state,779,73409,438,38,6,275,20,0,0
97,14/09/2026 11:40,45,temporal-action-state,772,73409,429,40,6,274,20,0,0
98,14/09/2026 11:40,45,temporal-action-state,790,73409,427,38,6,296,21,0,0
99,14/09/2026 11:40,45,temporal-action-state,778,73409,434,39,6,277,20,0,0
100,14/09/2026 11:40,45,temporal-action-state,782,73409,435,37,6,280,21,0,0
101,14/09/2026 11:40,45,temporal-action-state,770,73409,430,36,6,276,20,0,0
102,14/09/2026 11:40,45,temporal-action-state,784,73409,439,38,6,278,21,0,0
103,14/09/2026 11:40,45,temporal-action-state,771,73409,429,39,6,274,20,0,0
104,14/09/2026 11:40,45,temporal-action-state,796,73409,431,38,6,298,21,0,0
105,14/09/2026 11:40,45,temporal-action-state,765,73409,426,38,6,272,20,0,0
106,14/09/2026 11:40,45,temporal-action-state,770,73409,429,40,6,273,20,0,0
107,14/09/2026 11:40,45,temporal-action-state,769,73409,427,37,6,276,20,0,0
108,14/09/2026 11:40,45,temporal-action-state,770,73409,431,37,6,274,21,0,0
109,14/09/2026 11:40,45,temporal-action-state,775,73409,432,38,6,276,20,0,0
110,14/09/2026 11:40,45,temporal-action-state,770,73409,428,38,6,275,20,0,0
111,14/09/2026 11:40,45,temporal-action-state,811,73409,426,55,7,297,25,0,0
112,14/09/2026 11:40,45,temporal-action-state,797,73409,442,37,7,287,22,0,0
113,14/09/2026 11:40,45,temporal-action-state,764,73409,426,38,6,272,20,0,0
114,14/09/2026 11:41,45,temporal-action-state,775,73409,430,38,6,277,20,0,0
115,14/09/2026 11:41,45,temporal-action-state,767,73409,428,38,6,273,20,0,0
116,14/09/2026 11:41,45,temporal-action-state,822,73410,431,42,6,317,23,0,0
117,14/09/2026 11:41,45,temporal-action-state,764,73409,425,37,6,273,20,0,0
118,14/09/2026 11:41,45,temporal-action-state,778,73409,433,38,6,279,20,0,0
119,14/09/2026 11:41,45,temporal-action-state,766,73409,430,36,6,273,20,0,0
120,14/09/2026 11:41,45,temporal-action-state,773,73409,431,38,6,275,20,0,0
121,14/09/2026 11:41,45,temporal-action-state,769,73409,429,38,6,274,20,0,0
122,14/09/2026 11:41,45,temporal-action-state,766,73409,427,37,7,273,20,0,0
123,14/09/2026 11:41,45,temporal-action-state,772,73409,433,37,6,275,20,0,0
124,14/09/2026 11:41,45,temporal-action-state,786,73410,431,42,7,282,21,0,0
125,14/09/2026 11:41,45,temporal-action-state,763,73409,427,38,6,271,20,0,0
126,14/09/2026 11:41,45,temporal-action-state,763,73409,425,38,6,272,20,0,0
127,14/09/2026 11:41,45,temporal-action-state,781,73409,435,38,6,280,20,0,0
128,14/09/2026 11:41,45,temporal-action-state,766,73409,426,38,6,273,21,0,0
129,14/09/2026 11:41,45,temporal-action-state,771,73409,430,38,6,275,20,0,0
130,14/09/2026 11:41,45,temporal-action-state,776,73409,431,38,6,278,20,0,0
131,14/09/2026 11:41,45,temporal-action-state,795,73409,431,37,6,299,20,0,0
132,14/09/2026 11:41,45,temporal-action-state,768,73409,428,38,6,275,20,0,0
133,14/09/2026 11:41,45,temporal-action-state,774,73409,432,38,6,276,20,0,0
134,14/09/2026 11:41,45,temporal-action-state,776,73409,436,40,6,272,20,0,0
135,14/09/2026 11:41,45,temporal-action-state,797,73409,429,39,6,302,20,0,0
136,14/09/2026 11:41,45,temporal-action-state,776,73409,432,39,6,276,20,0,0
137,14/09/2026 11:41,45,temporal-action-state,771,73409,429,38,6,275,20,0,0
138,14/09/2026 11:41,45,temporal-action-state,772,73409,433,36,6,275,20,0,0
139,14/09/2026 11:41,45,temporal-action-state,764,73409,428,38,6,270,20,0,0
140,14/09/2026 11:41,45,temporal-action-state,808,73409,440,46,9,292,20,0,0
141,14/09/2026 11:41,45,temporal-action-state,771,73409,430,38,6,274,20,0,0
142,14/09/2026 11:41,45,temporal-action-state,775,73409,433,39,6,274,20,0,0
143,14/09/2026 11:41,45,temporal-action-state,770,73409,428,38,6,275,20,0,0
144,14/09/2026 11:41,45,temporal-action-state,833,73409,444,45,6,304,31,0,0
145,14/09/2026 11:41,45,temporal-action-state,788,73409,430,37,6,292,21,0,0
146,14/09/2026 11:41,45,temporal-action-state,767,73409,426,39,6,274,20,0,0
147,14/09/2026 11:41,45,temporal-action-state,769,73409,430,37,6,274,21,0,0
148,14/09/2026 11:41,45,temporal-action-state,821,73409,449,41,7,300,22,0,0
149,14/09/2026 11:41,45,temporal-action-state,771,73409,429,38,6,276,20,0,0
150,14/09/2026 11:41,45,temporal-action-state,766,73409,428,37,6,273,20,0,0
151,14/09/2026 11:41,45,temporal-action-state,770,73409,429,38,6,274,20,0,0
152,14/09/2026 11:41,45,temporal-action-state,835,73410,455,41,7,310,21,0,0
153,14/09/2026 11:41,45,temporal-action-state,769,73409,428,38,6,274,20,0,0
154,14/09/2026 11:41,45,temporal-action-state,772,73409,430,38,6,276,20,0,0
155,14/09/2026 11:41,45,temporal-action-state,818,73409,446,41,9,296,26,0,0
156,14/09/2026 11:41,45,temporal-action-state,775,73409,433,37,6,275,21,0,0
157,14/09/2026 11:41,45,temporal-action-state,820,73409,433,46,7,309,23,0,0
158,14/09/2026 11:41,45,temporal-action-state,772,73409,430,38,6,275,20,0,0
159,14/09/2026 11:41,45,temporal-action-state,764,73409,425,36,6,273,21,0,0
160,14/09/2026 11:41,45,temporal-action-state,804,73409,430,38,6,307,22,0,0
161,14/09/2026 11:41,45,temporal-action-state,766,73409,427,38,6,273,20,0,0
162,14/09/2026 11:41,45,temporal-action-state,775,73409,433,38,6,275,20,0,0
163,14/09/2026 11:41,45,temporal-action-state,782,73409,436,42,6,276,20,0,0
164,14/09/2026 11:41,45,temporal-action-state,767,73409,426,37,6,276,20,0,0
165,14/09/2026 11:41,45,temporal-action-state,847,73409,456,49,9,312,20,0,0
166,14/09/2026 11:41,45,temporal-action-state,780,73409,435,39,6,278,20,0,0
167,14/09/2026 11:41,45,temporal-action-state,795,73409,441,44,6,282,20,0,0
168,14/09/2026 11:41,45,temporal-action-state,816,73409,438,51,7,298,20,0,0
169,14/09/2026 11:41,45,temporal-action-state,766,73409,428,37,6,273,20,0,0
170,14/09/2026 11:41,45,temporal-action-state,775,73409,427,36,6,284,20,0,0
171,14/09/2026 11:41,45,temporal-action-state,815,73409,445,43,6,295,23,0,0
172,14/09/2026 11:41,45,temporal-action-state,764,73409,427,37,6,272,20,0,0
173,14/09/2026 11:41,45,temporal-action-state,767,73409,427,39,6,272,20,0,0
174,14/09/2026 11:41,45,temporal-action-state,794,73409,428,38,6,299,22,0,0
175,14/09/2026 11:41,45,temporal-action-state,775,73409,432,38,6,276,21,0,0
176,14/09/2026 11:41,45,temporal-action-state,778,73409,427,39,6,284,20,0,0
177,14/09/2026 11:41,45,temporal-action-state,769,73409,430,37,6,274,20,0,0
178,14/09/2026 11:41,45,temporal-action-state,796,73409,427,39,7,299,22,0,0
179,14/09/2026 11:41,45,temporal-action-state,797,73409,426,38,6,302,22,0,0
180,14/09/2026 11:41,45,temporal-action-state,769,73409,428,39,6,274,20,0,0
181,14/09/2026 11:42,45,temporal-action-state,801,73409,434,40,6,297,21,0,0
182,14/09/2026 11:42,45,temporal-action-state,776,73409,432,37,6,278,21,0,0
183,14/09/2026 11:42,45,temporal-action-state,776,73409,438,36,6,274,20,0,0
184,14/09/2026 11:42,45,temporal-action-state,772,73409,429,39,6,276,20,0,0
185,14/09/2026 11:42,45,temporal-action-state,773,73409,430,38,6,276,21,0,0
186,14/09/2026 11:42,45,temporal-action-state,775,73410,432,39,6,276,20,0,0
187,14/09/2026 11:42,45,temporal-action-state,777,73409,434,39,6,276,20,0,0
188,14/09/2026 11:42,45,temporal-action-state,773,73409,429,39,6,276,21,0,0
189,14/09/2026 11:42,45,temporal-action-state,805,73409,428,37,6,311,20,0,0
190,14/09/2026 11:42,45,temporal-action-state,773,73409,433,39,6,273,20,0,0
191,14/09/2026 11:42,45,temporal-action-state,774,73409,426,36,6,282,21,0,0
192,14/09/2026 11:42,45,temporal-action-state,828,73409,448,42,6,309,20,0,0
193,14/09/2026 11:42,45,temporal-action-state,779,73409,433,38,7,278,21,0,0
194,14/09/2026 11:42,45,temporal-action-state,770,73409,429,38,6,274,21,0,0
195,14/09/2026 11:42,45,temporal-action-state,775,73409,433,37,6,277,20,0,0
196,14/09/2026 11:42,45,temporal-action-state,772,73409,431,38,6,275,20,0,0
197,14/09/2026 11:42,45,temporal-action-state,793,73409,439,44,6,281,20,0,0
198,14/09/2026 11:42,45,temporal-action-state,775,73409,431,39,6,277,21,0,0
199,14/09/2026 11:42,45,temporal-action-state,774,73409,431,39,6,276,20,0,0
200,14/09/2026 11:42,45,temporal-action-state,766,73409,427,37,6,273,20,0,0
1,14/09/2026 11:42,54,temporal-action-state,876,73425,479,75,7,293,20,0,0
2,14/09/2026 11:42,54,temporal-action-state,824,73425,452,46,10,293,20,0,0
3,14/09/2026 11:42,54,temporal-action-state,784,73425,434,42,6,279,20,0,0
4,14/09/2026 11:42,54,temporal-action-state,837,73425,450,47,8,309,21,0,0
5,14/09/2026 11:42,54,temporal-action-state,798,73425,445,43,7,281,20,0,0
6,14/09/2026 11:42,54,temporal-action-state,779,73425,430,41,7,279,20,0,0
7,14/09/2026 11:42,54,temporal-action-state,773,73425,428,40,7,277,20,0,0
8,14/09/2026 11:42,54,temporal-action-state,778,73425,428,42,7,279,20,0,0
9,14/09/2026 11:42,54,temporal-action-state,783,73425,432,43,7,280,20,0,0
10,14/09/2026 11:42,54,temporal-action-state,774,73425,427,41,6,277,20,0,0
11,14/09/2026 11:42,54,temporal-action-state,791,73425,431,39,7,291,20,0,0
12,14/09/2026 11:42,54,temporal-action-state,788,73425,436,42,7,281,20,0,0
13,14/09/2026 11:42,54,temporal-action-state,810,73425,434,39,7,308,21,0,0
14,14/09/2026 11:42,54,temporal-action-state,778,73425,429,41,7,278,20,0,0
15,14/09/2026 11:42,54,temporal-action-state,842,73425,455,48,10,307,20,0,0
16,14/09/2026 11:42,54,temporal-action-state,776,73425,427,42,7,278,20,0,0
17,14/09/2026 11:42,54,temporal-action-state,779,73425,430,42,7,279,20,0,0
18,14/09/2026 11:42,54,temporal-action-state,781,73425,432,41,6,279,21,0,0
19,14/09/2026 11:42,54,temporal-action-state,782,73425,432,42,6,279,20,0,0
20,14/09/2026 11:42,54,temporal-action-state,774,73425,428,41,7,276,20,0,0
21,14/09/2026 11:42,54,temporal-action-state,780,73425,430,42,7,278,20,0,0
22,14/09/2026 11:42,54,temporal-action-state,798,73425,429,41,8,298,20,0,0
23,14/09/2026 11:42,54,temporal-action-state,775,73425,428,41,7,276,20,0,0
24,14/09/2026 11:42,54,temporal-action-state,774,73425,430,41,6,275,20,0,0
25,14/09/2026 11:42,54,temporal-action-state,773,73425,428,40,7,276,20,0,0
26,14/09/2026 11:42,54,temporal-action-state,782,73425,423,41,6,290,20,0,0
27,14/09/2026 11:42,54,temporal-action-state,782,73425,431,41,7,281,20,0,0
28,14/09/2026 11:42,54,temporal-action-state,815,73425,431,42,7,312,22,0,0
29,14/09/2026 11:42,54,temporal-action-state,789,73425,440,42,7,278,20,0,0
30,14/09/2026 11:42,54,temporal-action-state,777,73425,430,40,7,278,20,0,0
31,14/09/2026 11:42,54,temporal-action-state,836,73425,441,51,9,311,22,0,0
32,14/09/2026 11:42,54,temporal-action-state,794,73425,428,41,7,297,20,0,0
33,14/09/2026 11:42,54,temporal-action-state,782,73425,427,41,7,285,20,0,0
34,14/09/2026 11:42,54,temporal-action-state,818,73426,450,47,8,291,20,0,0
35,14/09/2026 11:42,54,temporal-action-state,788,73425,433,43,7,282,21,0,0
36,14/09/2026 11:42,54,temporal-action-state,781,73425,431,41,7,279,21,0,0
37,14/09/2026 11:42,54,temporal-action-state,817,73425,427,52,8,308,20,0,0
38,14/09/2026 11:42,54,temporal-action-state,785,73425,434,42,7,280,20,0,0
39,14/09/2026 11:42,54,temporal-action-state,787,73425,437,41,7,280,20,0,0
40,14/09/2026 11:42,54,temporal-action-state,829,73425,431,51,7,318,21,0,0
41,14/09/2026 11:42,54,temporal-action-state,775,73425,427,42,6,278,20,0,0
42,14/09/2026 11:42,54,temporal-action-state,774,73425,428,42,7,277,20,0,0
43,14/09/2026 11:42,54,temporal-action-state,803,73425,428,41,8,305,20,0,0
44,14/09/2026 11:42,54,temporal-action-state,774,73425,427,42,6,276,20,0,0
45,14/09/2026 11:43,54,temporal-action-state,836,73425,443,44,8,318,20,0,0
46,14/09/2026 11:43,54,temporal-action-state,780,73425,432,42,7,277,20,0,0
47,14/09/2026 11:43,54,temporal-action-state,819,73425,450,48,7,291,21,0,0
48,14/09/2026 11:43,54,temporal-action-state,791,73425,441,42,7,279,21,0,0
49,14/09/2026 11:43,54,temporal-action-state,780,73425,431,42,7,278,20,0,0
50,14/09/2026 11:43,54,temporal-action-state,773,73425,426,41,6,277,20,0,0
51,14/09/2026 11:43,54,temporal-action-state,775,73425,427,41,7,278,20,0,0
52,14/09/2026 11:43,54,temporal-action-state,775,73425,429,41,7,277,20,0,0
53,14/09/2026 11:43,54,temporal-action-state,790,73425,441,42,7,279,20,0,0
54,14/09/2026 11:43,54,temporal-action-state,794,73425,432,48,8,285,20,0,0
55,14/09/2026 11:43,54,temporal-action-state,785,73425,432,42,7,281,20,0,0
56,14/09/2026 11:43,54,temporal-action-state,813,73425,430,40,7,312,21,0,0
57,14/09/2026 11:43,54,temporal-action-state,781,73426,431,41,7,279,21,0,0
58,14/09/2026 11:43,54,temporal-action-state,791,73425,431,40,7,291,20,0,0
59,14/09/2026 11:43,54,temporal-action-state,783,73425,433,42,6,280,20,0,0
60,14/09/2026 11:43,54,temporal-action-state,843,73425,459,54,8,300,20,0,0
61,14/09/2026 11:43,54,temporal-action-state,829,73425,445,48,7,307,21,0,0
62,14/09/2026 11:43,54,temporal-action-state,781,73425,432,42,7,278,20,0,0
63,14/09/2026 11:43,54,temporal-action-state,774,73425,428,41,7,277,20,0,0
64,14/09/2026 11:43,54,temporal-action-state,788,73425,439,40,6,280,20,0,0
65,14/09/2026 11:43,54,temporal-action-state,795,73425,451,40,7,276,20,0,0
66,14/09/2026 11:43,54,temporal-action-state,776,73425,429,41,7,278,20,0,0
67,14/09/2026 11:43,54,temporal-action-state,837,73425,444,54,8,307,22,0,0
68,14/09/2026 11:43,54,temporal-action-state,837,73425,452,49,10,298,26,0,0
69,14/09/2026 11:43,54,temporal-action-state,797,73425,429,42,7,286,31,0,0
70,14/09/2026 11:43,54,temporal-action-state,773,73425,425,41,7,278,20,0,0
71,14/09/2026 11:43,54,temporal-action-state,788,73425,441,42,7,276,21,0,0
72,14/09/2026 11:43,54,temporal-action-state,780,73425,430,42,6,280,20,0,0
73,14/09/2026 11:43,54,temporal-action-state,782,73425,432,42,7,279,20,0,0
74,14/09/2026 11:43,54,temporal-action-state,814,73425,438,42,7,305,20,0,0
75,14/09/2026 11:43,54,temporal-action-state,778,73425,429,43,6,277,20,0,0
76,14/09/2026 11:43,54,temporal-action-state,782,73425,432,42,7,279,20,0,0
77,14/09/2026 11:43,54,temporal-action-state,795,73425,435,44,10,284,20,0,0
78,14/09/2026 11:43,54,temporal-action-state,782,73425,426,41,7,286,20,0,0
79,14/09/2026 11:43,54,temporal-action-state,780,73425,433,42,6,277,20,0,0
80,14/09/2026 11:43,54,temporal-action-state,777,73425,429,41,7,278,20,0,0
81,14/09/2026 11:43,54,temporal-action-state,779,73425,430,41,7,278,20,0,0
82,14/09/2026 11:43,54,temporal-action-state,774,73425,431,40,7,276,20,0,0
83,14/09/2026 11:43,54,temporal-action-state,787,73425,434,43,6,282,20,0,0
84,14/09/2026 11:43,54,temporal-action-state,784,73425,434,42,7,279,20,0,0
85,14/09/2026 11:43,54,temporal-action-state,771,73425,426,41,6,276,20,0,0
86,14/09/2026 11:43,54,temporal-action-state,778,73425,431,41,7,278,20,0,0
87,14/09/2026 11:43,54,temporal-action-state,767,73425,422,41,7,276,20,0,0
88,14/09/2026 11:43,54,temporal-action-state,778,73425,429,41,6,279,20,0,0
89,14/09/2026 11:43,54,temporal-action-state,853,73425,459,56,8,306,22,0,0
90,14/09/2026 11:43,54,temporal-action-state,777,73425,430,40,7,278,21,0,0
91,14/09/2026 11:43,54,temporal-action-state,785,73425,434,44,6,278,20,0,0
92,14/09/2026 11:43,54,temporal-action-state,844,73425,453,53,8,307,20,0,0
93,14/09/2026 11:43,54,temporal-action-state,786,73425,432,42,7,282,21,0,0
94,14/09/2026 11:43,54,temporal-action-state,787,73425,436,41,7,281,20,0,0
95,14/09/2026 11:43,54,temporal-action-state,780,73425,429,43,7,280,20,0,0
96,14/09/2026 11:43,54,temporal-action-state,778,73425,430,43,7,276,20,0,0
97,14/09/2026 11:43,54,temporal-action-state,823,73425,448,53,10,290,20,0,0
98,14/09/2026 11:43,54,temporal-action-state,779,73425,430,41,7,280,20,0,0
99,14/09/2026 11:43,54,temporal-action-state,783,73425,433,42,7,279,20,0,0
100,14/09/2026 11:43,54,temporal-action-state,777,73425,429,41,7,278,20,0,0
101,14/09/2026 11:43,54,temporal-action-state,777,73425,427,42,6,280,20,0,0
102,14/09/2026 11:43,54,temporal-action-state,784,73425,432,42,7,280,20,0,0
103,14/09/2026 11:43,54,temporal-action-state,779,73425,430,41,7,279,20,0,0
104,14/09/2026 11:43,54,temporal-action-state,782,73425,434,41,7,278,20,0,0
105,14/09/2026 11:43,54,temporal-action-state,778,73425,430,42,6,278,20,0,0
106,14/09/2026 11:43,54,temporal-action-state,784,73425,438,42,7,275,20,0,0
107,14/09/2026 11:43,54,temporal-action-state,774,73425,427,40,7,277,20,0,0
108,14/09/2026 11:43,54,temporal-action-state,789,73425,437,42,6,281,20,0,0
109,14/09/2026 11:43,54,temporal-action-state,846,73425,459,55,9,301,20,0,0
110,14/09/2026 11:43,54,temporal-action-state,777,73425,429,43,7,277,20,0,0
111,14/09/2026 11:44,54,temporal-action-state,781,73425,430,41,7,281,20,0,0
112,14/09/2026 11:44,54,temporal-action-state,785,73425,434,43,6,280,20,0,0
113,14/09/2026 11:44,54,temporal-action-state,809,73425,460,43,7,278,20,0,0
114,14/09/2026 11:44,54,temporal-action-state,778,73425,428,41,7,281,20,0,0
115,14/09/2026 11:44,54,temporal-action-state,785,73425,434,42,7,281,20,0,0
116,14/09/2026 11:44,54,temporal-action-state,789,73426,440,42,7,278,20,0,0
117,14/09/2026 11:44,54,temporal-action-state,776,73425,427,41,7,278,20,0,0
118,14/09/2026 11:44,54,temporal-action-state,831,73425,446,49,7,304,21,0,0
119,14/09/2026 11:44,54,temporal-action-state,775,73425,429,41,6,277,20,0,0
120,14/09/2026 11:44,54,temporal-action-state,794,73425,448,41,7,277,20,0,0
121,14/09/2026 11:44,54,temporal-action-state,776,73425,429,42,7,277,20,0,0
122,14/09/2026 11:44,54,temporal-action-state,788,73425,432,44,7,283,20,0,0
123,14/09/2026 11:44,54,temporal-action-state,814,73425,433,49,10,300,21,0,0
124,14/09/2026 11:44,54,temporal-action-state,805,73425,445,52,7,279,20,0,0
125,14/09/2026 11:44,54,temporal-action-state,778,73426,429,41,7,280,20,0,0
126,14/09/2026 11:44,54,temporal-action-state,823,73425,443,53,10,296,20,0,0
127,14/09/2026 11:44,54,temporal-action-state,779,73425,430,42,7,278,20,0,0
128,14/09/2026 11:44,54,temporal-action-state,802,73425,436,40,7,296,20,0,0
129,14/09/2026 11:44,54,temporal-action-state,773,73425,427,40,7,277,20,0,0
130,14/09/2026 11:44,54,temporal-action-state,847,73425,445,54,10,309,27,0,0
131,14/09/2026 11:44,54,temporal-action-state,771,73425,428,41,7,274,19,0,0
132,14/09/2026 11:44,54,temporal-action-state,780,73425,430,42,7,280,20,0,0
133,14/09/2026 11:44,54,temporal-action-state,776,73425,426,41,6,279,21,0,0
134,14/09/2026 11:44,54,temporal-action-state,780,73425,430,42,7,279,20,0,0
135,14/09/2026 11:44,54,temporal-action-state,831,73425,445,47,10,307,20,0,0
136,14/09/2026 11:44,54,temporal-action-state,795,73425,434,43,7,288,20,0,0
137,14/09/2026 11:44,54,temporal-action-state,800,73425,447,45,6,280,20,0,0
138,14/09/2026 11:44,54,temporal-action-state,780,73425,427,41,7,283,20,0,0
139,14/09/2026 11:44,54,temporal-action-state,784,73425,432,42,7,281,20,0,0
140,14/09/2026 11:44,54,temporal-action-state,784,73425,433,42,6,281,20,0,0
141,14/09/2026 11:44,54,temporal-action-state,785,73425,434,40,7,281,20,0,0
142,14/09/2026 11:44,54,temporal-action-state,777,73425,430,41,7,278,20,0,0
143,14/09/2026 11:44,54,temporal-action-state,781,73425,432,42,7,278,20,0,0
144,14/09/2026 11:44,54,temporal-action-state,828,73425,441,52,10,302,20,0,0
145,14/09/2026 11:44,54,temporal-action-state,781,73425,432,42,7,279,20,0,0
146,14/09/2026 11:44,54,temporal-action-state,785,73425,438,40,7,278,20,0,0
147,14/09/2026 11:44,54,temporal-action-state,835,73425,440,51,10,313,20,0,0
148,14/09/2026 11:44,54,temporal-action-state,810,73425,436,48,7,298,20,0,0
149,14/09/2026 11:44,54,temporal-action-state,805,73425,444,55,8,277,20,0,0
150,14/09/2026 11:44,54,temporal-action-state,783,73425,434,42,7,279,20,0,0
151,14/09/2026 11:44,54,temporal-action-state,779,73425,429,42,6,280,20,0,0
152,14/09/2026 11:44,54,temporal-action-state,788,73425,437,42,7,281,20,0,0
153,14/09/2026 11:44,54,temporal-action-state,774,73425,427,42,6,276,20,0,0
154,14/09/2026 11:44,54,temporal-action-state,778,73425,429,42,6,279,20,0,0
155,14/09/2026 11:44,54,temporal-action-state,778,73425,431,42,6,277,20,0,0
156,14/09/2026 11:44,54,temporal-action-state,777,73425,430,41,7,278,20,0,0
157,14/09/2026 11:44,54,temporal-action-state,809,73425,436,42,7,301,20,0,0
158,14/09/2026 11:44,54,temporal-action-state,792,73425,427,41,6,295,21,0,0
159,14/09/2026 11:44,54,temporal-action-state,792,73425,431,52,7,280,20,0,0
160,14/09/2026 11:44,54,temporal-action-state,777,73425,430,40,7,277,20,0,0
161,14/09/2026 11:44,54,temporal-action-state,825,73425,452,46,7,297,21,0,0
162,14/09/2026 11:44,54,temporal-action-state,824,73425,440,49,10,302,21,0,0
163,14/09/2026 11:44,54,temporal-action-state,775,73425,427,42,6,277,20,0,0
164,14/09/2026 11:44,54,temporal-action-state,787,73425,428,41,7,289,20,0,0
165,14/09/2026 11:44,54,temporal-action-state,784,73425,434,40,6,280,20,0,0
166,14/09/2026 11:44,54,temporal-action-state,810,73425,431,42,7,308,21,0,0
167,14/09/2026 11:44,54,temporal-action-state,779,73425,431,41,7,279,20,0,0
168,14/09/2026 11:44,54,temporal-action-state,822,73425,432,48,8,312,21,0,0
169,14/09/2026 11:44,54,temporal-action-state,783,73425,432,43,7,279,21,0,0
170,14/09/2026 11:44,54,temporal-action-state,787,73425,438,42,6,278,20,0,0
171,14/09/2026 11:44,54,temporal-action-state,781,73425,432,40,7,280,20,0,0
172,14/09/2026 11:44,54,temporal-action-state,772,73425,427,41,7,275,21,0,0
173,14/09/2026 11:44,54,temporal-action-state,783,73425,430,41,7,282,20,0,0
174,14/09/2026 11:44,54,temporal-action-state,822,73425,445,49,7,298,21,0,0
175,14/09/2026 11:44,54,temporal-action-state,777,73425,428,42,7,276,22,0,0
176,14/09/2026 11:44,54,temporal-action-state,785,73425,434,41,7,280,20,0,0
177,14/09/2026 11:45,54,temporal-action-state,775,73425,428,40,7,278,20,0,0
178,14/09/2026 11:45,54,temporal-action-state,773,73425,426,41,7,278,20,0,0
179,14/09/2026 11:45,54,temporal-action-state,780,73425,431,43,6,278,20,0,0
180,14/09/2026 11:45,54,temporal-action-state,828,73425,447,46,8,304,21,0,0
181,14/09/2026 11:45,54,temporal-action-state,805,73425,433,40,7,302,21,0,0
182,14/09/2026 11:45,54,temporal-action-state,781,73425,430,41,7,281,20,0,0
183,14/09/2026 11:45,54,temporal-action-state,784,73425,434,41,7,279,21,0,0
184,14/09/2026 11:45,54,temporal-action-state,775,73425,427,41,7,278,20,0,0
185,14/09/2026 11:45,54,temporal-action-state,777,73425,428,42,7,279,20,0,0
186,14/09/2026 11:45,54,temporal-action-state,807,73425,427,41,7,310,20,0,0
187,14/09/2026 11:45,54,temporal-action-state,777,73425,427,43,7,279,20,0,0
188,14/09/2026 11:45,54,temporal-action-state,779,73425,430,42,7,278,21,0,0
189,14/09/2026 11:45,54,temporal-action-state,782,73426,433,42,7,278,20,0,0
190,14/09/2026 11:45,54,temporal-action-state,776,73425,429,41,6,277,20,0,0
191,14/09/2026 11:45,54,temporal-action-state,776,73425,430,41,6,277,20,0,0
192,14/09/2026 11:45,54,temporal-action-state,778,73425,429,41,7,279,20,0,0
193,14/09/2026 11:45,54,temporal-action-state,777,73425,428,41,7,279,20,0,0
194,14/09/2026 11:45,54,temporal-action-state,778,73425,429,43,7,278,20,0,0
195,14/09/2026 11:45,54,temporal-action-state,817,73425,430,45,7,312,21,0,0
196,14/09/2026 11:45,54,temporal-action-state,817,73425,428,48,8,310,21,0,0
197,14/09/2026 11:45,54,temporal-action-state,775,73425,427,41,7,278,20,0,0
198,14/09/2026 11:45,54,temporal-action-state,773,73425,425,42,7,277,20,0,0
199,14/09/2026 11:45,54,temporal-action-state,776,73425,428,41,7,277,21,0,0
200,14/09/2026 11:45,54,temporal-action-state,777,73425,428,42,6,278,20,0,0
1,14/09/2026 11:45,63,temporal-action-state,947,78652,520,103,7,295,20,0,0
2,14/09/2026 11:45,63,temporal-action-state,783,78652,430,44,7,280,20,0,0
3,14/09/2026 11:45,63,temporal-action-state,780,78652,428,43,7,279,20,0,0
4,14/09/2026 11:45,63,temporal-action-state,820,78652,427,46,6,319,20,0,0
5,14/09/2026 11:45,63,temporal-action-state,779,78652,428,45,6,278,20,0,0
6,14/09/2026 11:45,63,temporal-action-state,829,78652,429,49,8,321,20,0,0
7,14/09/2026 11:45,63,temporal-action-state,780,78652,428,45,7,278,20,0,0
8,14/09/2026 11:45,63,temporal-action-state,779,78652,427,46,7,278,19,0,0
9,14/09/2026 11:45,63,temporal-action-state,790,78652,430,43,7,288,20,0,0
10,14/09/2026 11:45,63,temporal-action-state,792,78652,435,44,7,284,21,0,0
11,14/09/2026 11:45,63,temporal-action-state,799,78652,427,45,6,296,23,0,0
12,14/09/2026 11:45,63,temporal-action-state,793,78652,433,46,6,285,20,0,0
13,14/09/2026 11:45,63,temporal-action-state,840,78652,440,59,10,310,20,0,0
14,14/09/2026 11:45,63,temporal-action-state,784,78652,426,46,7,283,20,0,0
15,14/09/2026 11:45,63,temporal-action-state,788,78652,432,46,7,281,20,0,0
16,14/09/2026 11:45,63,temporal-action-state,791,78652,432,46,7,285,20,0,0
17,14/09/2026 11:45,63,temporal-action-state,813,78652,432,44,7,308,21,0,0
18,14/09/2026 11:45,63,temporal-action-state,785,78652,431,45,6,281,20,0,0
19,14/09/2026 11:45,63,temporal-action-state,787,78652,433,45,7,280,20,0,0
20,14/09/2026 11:45,63,temporal-action-state,777,78652,425,44,7,280,20,0,0
21,14/09/2026 11:45,63,temporal-action-state,784,78652,430,44,6,281,20,0,0
22,14/09/2026 11:45,63,temporal-action-state,781,78652,429,46,7,278,19,0,0
23,14/09/2026 11:45,63,temporal-action-state,793,78652,433,46,7,284,21,0,0
24,14/09/2026 11:45,63,temporal-action-state,828,78652,447,56,10,292,20,0,0
25,14/09/2026 11:45,63,temporal-action-state,793,78652,437,44,6,283,21,0,0
26,14/09/2026 11:45,63,temporal-action-state,798,78652,430,46,7,294,20,0,0
27,14/09/2026 11:45,63,temporal-action-state,789,78653,436,43,7,281,20,0,0
28,14/09/2026 11:45,63,temporal-action-state,860,78652,447,60,10,321,20,0,0
29,14/09/2026 11:45,63,temporal-action-state,782,78652,428,44,7,282,20,0,0
30,14/09/2026 11:45,63,temporal-action-state,786,78652,430,45,7,281,20,0,0
31,14/09/2026 11:45,63,temporal-action-state,782,78652,429,46,7,279,20,0,0
32,14/09/2026 11:45,63,temporal-action-state,787,78652,435,46,6,278,20,0,0
33,14/09/2026 11:45,63,temporal-action-state,783,78652,428,45,6,281,20,0,0
34,14/09/2026 11:45,63,temporal-action-state,793,78652,430,47,6,288,20,0,0
35,14/09/2026 11:45,63,temporal-action-state,775,78652,425,44,7,277,20,0,0
36,14/09/2026 11:45,63,temporal-action-state,829,78652,439,45,7,316,20,0,0
37,14/09/2026 11:45,63,temporal-action-state,791,78652,432,47,6,284,21,0,0
38,14/09/2026 11:45,63,temporal-action-state,779,78652,427,46,6,278,20,0,0
39,14/09/2026 11:45,63,temporal-action-state,778,78652,428,45,6,278,19,0,0
40,14/09/2026 11:45,63,temporal-action-state,782,78652,429,45,6,280,20,0,0
41,14/09/2026 11:46,63,temporal-action-state,833,78652,441,51,8,311,21,0,0
42,14/09/2026 11:46,63,temporal-action-state,784,78652,428,46,7,281,20,0,0
43,14/09/2026 11:46,63,temporal-action-state,783,78652,431,45,6,279,20,0,0
44,14/09/2026 11:46,63,temporal-action-state,782,78652,429,45,6,279,21,0,0
45,14/09/2026 11:46,63,temporal-action-state,778,78652,427,45,7,277,20,0,0
46,14/09/2026 11:46,63,temporal-action-state,787,78652,426,44,7,287,21,0,0
47,14/09/2026 11:46,63,temporal-action-state,786,78652,431,45,7,281,20,0,0
48,14/09/2026 11:46,63,temporal-action-state,788,78652,433,45,7,282,20,0,0
49,14/09/2026 11:46,63,temporal-action-state,787,78652,431,44,7,283,20,0,0
50,14/09/2026 11:46,63,temporal-action-state,786,78652,430,46,6,281,20,0,0
51,14/09/2026 11:46,63,temporal-action-state,782,78652,429,45,7,280,20,0,0
52,14/09/2026 11:46,63,temporal-action-state,841,78652,453,60,8,298,20,0,0
53,14/09/2026 11:46,63,temporal-action-state,782,78652,428,45,7,280,21,0,0
54,14/09/2026 11:46,63,temporal-action-state,797,78652,443,44,7,281,20,0,0
55,14/09/2026 11:46,63,temporal-action-state,786,78652,428,45,7,283,21,0,0
56,14/09/2026 11:46,63,temporal-action-state,790,78652,432,47,7,282,21,0,0
57,14/09/2026 11:46,63,temporal-action-state,798,78652,433,50,7,286,20,0,0
58,14/09/2026 11:46,63,temporal-action-state,793,78652,434,48,6,283,20,0,0
59,14/09/2026 11:46,63,temporal-action-state,798,78652,430,44,6,295,21,0,0
60,14/09/2026 11:46,63,temporal-action-state,781,78652,429,44,6,280,20,0,0
61,14/09/2026 11:46,63,temporal-action-state,785,78652,428,46,6,283,20,0,0
62,14/09/2026 11:46,63,temporal-action-state,786,78652,429,46,7,281,21,0,0
63,14/09/2026 11:46,63,temporal-action-state,788,78652,433,44,7,281,20,0,0
64,14/09/2026 11:46,63,temporal-action-state,791,78652,431,46,6,286,20,0,0
65,14/09/2026 11:46,63,temporal-action-state,810,78652,428,65,12,281,20,0,0
66,14/09/2026 11:46,63,temporal-action-state,795,78652,434,45,7,287,20,0,0
67,14/09/2026 11:46,63,temporal-action-state,782,78652,431,45,7,277,20,0,0
68,14/09/2026 11:46,63,temporal-action-state,810,78652,428,44,7,308,21,0,0
69,14/09/2026 11:46,63,temporal-action-state,806,78652,430,43,7,304,20,0,0
70,14/09/2026 11:46,63,temporal-action-state,821,78652,430,53,10,306,20,0,0
71,14/09/2026 11:46,63,temporal-action-state,793,78652,440,44,6,280,20,0,0
72,14/09/2026 11:46,63,temporal-action-state,794,78652,435,47,7,283,20,0,0
73,14/09/2026 11:46,63,temporal-action-state,779,78652,428,45,7,279,20,0,0
74,14/09/2026 11:46,63,temporal-action-state,783,78652,428,45,6,282,20,0,0
75,14/09/2026 11:46,63,temporal-action-state,810,78652,431,47,7,305,20,0,0
76,14/09/2026 11:46,63,temporal-action-state,785,78652,431,48,6,278,20,0,0
77,14/09/2026 11:46,63,temporal-action-state,798,78652,443,44,7,282,20,0,0
78,14/09/2026 11:46,63,temporal-action-state,796,78652,436,46,7,286,20,0,0
79,14/09/2026 11:46,63,temporal-action-state,818,78652,436,45,7,308,20,0,0
80,14/09/2026 11:46,63,temporal-action-state,781,78652,428,46,7,279,20,0,0
81,14/09/2026 11:46,63,temporal-action-state,784,78652,427,46,7,282,21,0,0
82,14/09/2026 11:46,63,temporal-action-state,781,78652,428,46,6,280,20,0,0
83,14/09/2026 11:46,63,temporal-action-state,797,78652,432,46,7,290,20,0,0
84,14/09/2026 11:46,63,temporal-action-state,835,78652,439,50,8,316,20,0,0
85,14/09/2026 11:46,63,temporal-action-state,780,78652,427,44,7,281,20,0,0
86,14/09/2026 11:46,63,temporal-action-state,791,78652,435,45,7,282,20,0,0
87,14/09/2026 11:46,63,temporal-action-state,789,78652,434,45,7,281,20,0,0
88,14/09/2026 11:46,63,temporal-action-state,798,78652,439,46,6,284,20,0,0
89,14/09/2026 11:46,63,temporal-action-state,785,78652,430,45,6,282,20,0,0
90,14/09/2026 11:46,63,temporal-action-state,807,78652,439,57,7,281,21,0,0
91,14/09/2026 11:46,63,temporal-action-state,782,78652,427,46,7,280,20,0,0
92,14/09/2026 11:46,63,temporal-action-state,782,78652,430,45,7,278,20,0,0
93,14/09/2026 11:46,63,temporal-action-state,785,78652,431,46,6,280,20,0,0
94,14/09/2026 11:46,63,temporal-action-state,777,78652,426,43,7,280,20,0,0
95,14/09/2026 11:46,63,temporal-action-state,785,78652,431,46,7,280,20,0,0
96,14/09/2026 11:46,63,temporal-action-state,786,78652,430,47,6,281,19,0,0
97,14/09/2026 11:46,63,temporal-action-state,785,78652,431,48,7,278,20,0,0
98,14/09/2026 11:46,63,temporal-action-state,778,78652,425,45,6,279,20,0,0
99,14/09/2026 11:46,63,temporal-action-state,790,78652,430,46,7,285,20,0,0
100,14/09/2026 11:46,63,temporal-action-state,788,78652,430,45,7,284,20,0,0
101,14/09/2026 11:46,63,temporal-action-state,778,78652,425,46,7,278,20,0,0
102,14/09/2026 11:46,63,temporal-action-state,792,78652,434,46,7,283,20,0,0
103,14/09/2026 11:46,63,temporal-action-state,789,78652,431,44,7,282,23,0,0
104,14/09/2026 11:46,63,temporal-action-state,779,78652,427,45,6,279,20,0,0
105,14/09/2026 11:46,63,temporal-action-state,792,78652,433,48,6,283,20,0,0
106,14/09/2026 11:46,63,temporal-action-state,847,78652,438,65,10,312,20,0,0
107,14/09/2026 11:47,63,temporal-action-state,796,78652,436,46,7,284,21,0,0
108,14/09/2026 11:47,63,temporal-action-state,785,78652,430,46,7,279,20,0,0
109,14/09/2026 11:47,63,temporal-action-state,781,78652,427,45,7,280,20,0,0
110,14/09/2026 11:47,63,temporal-action-state,787,78652,432,47,7,280,19,0,0
111,14/09/2026 11:47,63,temporal-action-state,792,78652,431,47,9,284,20,0,0
112,14/09/2026 11:47,63,temporal-action-state,795,78652,433,47,7,286,20,0,0
113,14/09/2026 11:47,63,temporal-action-state,845,78652,449,52,10,309,22,0,0
114,14/09/2026 11:47,63,temporal-action-state,781,78652,427,47,6,278,20,0,0
115,14/09/2026 11:47,63,temporal-action-state,793,78652,433,45,7,285,20,0,0
116,14/09/2026 11:47,63,temporal-action-state,777,78652,427,44,6,278,20,0,0
117,14/09/2026 11:47,63,temporal-action-state,815,78652,439,46,7,298,22,0,0
118,14/09/2026 11:47,63,temporal-action-state,807,78652,434,47,7,296,22,0,0
119,14/09/2026 11:47,63,temporal-action-state,787,78652,431,45,7,282,20,0,0
120,14/09/2026 11:47,63,temporal-action-state,783,78652,428,46,6,282,20,0,0
121,14/09/2026 11:47,63,temporal-action-state,786,78652,431,46,7,280,21,0,0
122,14/09/2026 11:47,63,temporal-action-state,788,78652,431,46,6,283,20,0,0
123,14/09/2026 11:47,63,temporal-action-state,780,78652,427,45,6,280,20,0,0
124,14/09/2026 11:47,63,temporal-action-state,803,78652,427,60,10,284,20,0,0
125,14/09/2026 11:47,63,temporal-action-state,780,78652,429,45,6,279,20,0,0
126,14/09/2026 11:47,63,temporal-action-state,780,78652,427,43,7,281,20,0,0
127,14/09/2026 11:47,63,temporal-action-state,815,78652,438,60,8,288,20,0,0
128,14/09/2026 11:47,63,temporal-action-state,781,78652,429,45,6,279,20,0,0
129,14/09/2026 11:47,63,temporal-action-state,791,78652,433,45,6,285,20,0,0
130,14/09/2026 11:47,63,temporal-action-state,816,78652,456,52,7,279,20,0,0
131,14/09/2026 11:47,63,temporal-action-state,838,78652,452,57,10,298,19,0,0
132,14/09/2026 11:47,63,temporal-action-state,815,78652,449,51,10,283,20,0,0
133,14/09/2026 11:47,63,temporal-action-state,785,78652,431,46,7,279,20,0,0
134,14/09/2026 11:47,63,temporal-action-state,780,78652,426,46,7,279,20,0,0
135,14/09/2026 11:47,63,temporal-action-state,788,78652,431,44,7,283,20,0,0
136,14/09/2026 11:47,63,temporal-action-state,824,78652,438,55,8,301,20,0,0
137,14/09/2026 11:47,63,temporal-action-state,791,78652,434,47,6,282,20,0,0
138,14/09/2026 11:47,63,temporal-action-state,783,78652,435,44,7,276,20,0,0
139,14/09/2026 11:47,63,temporal-action-state,823,78652,443,52,10,297,20,0,0
140,14/09/2026 11:47,63,temporal-action-state,776,78652,425,43,7,280,20,0,0
141,14/09/2026 11:47,63,temporal-action-state,787,78652,431,45,7,282,21,0,0
142,14/09/2026 11:47,63,temporal-action-state,780,78652,427,43,7,282,20,0,0
143,14/09/2026 11:47,63,temporal-action-state,805,78652,429,45,7,302,20,0,0
144,14/09/2026 11:47,63,temporal-action-state,784,78652,429,46,7,279,20,0,0
145,14/09/2026 11:47,63,temporal-action-state,813,78652,429,46,11,305,20,0,0
146,14/09/2026 11:47,63,temporal-action-state,788,78652,430,45,7,283,21,0,0
147,14/09/2026 11:47,63,temporal-action-state,816,78652,428,50,7,304,25,0,0
148,14/09/2026 11:47,63,temporal-action-state,791,78652,434,46,6,282,20,0,0
149,14/09/2026 11:47,63,temporal-action-state,777,78652,428,44,7,277,20,0,0
150,14/09/2026 11:47,63,temporal-action-state,807,78652,441,57,7,280,20,0,0
151,14/09/2026 11:47,63,temporal-action-state,805,78652,426,46,7,303,21,0,0
152,14/09/2026 11:47,63,temporal-action-state,782,78652,427,44,7,282,21,0,0
153,14/09/2026 11:47,63,temporal-action-state,783,78652,428,45,7,282,20,0,0
154,14/09/2026 11:47,63,temporal-action-state,782,78652,429,46,7,278,21,0,0
155,14/09/2026 11:47,63,temporal-action-state,787,78652,430,45,6,283,20,0,0
156,14/09/2026 11:47,63,temporal-action-state,780,78652,428,46,7,278,20,0,0
157,14/09/2026 11:47,63,temporal-action-state,789,78652,429,48,6,283,20,0,0
158,14/09/2026 11:47,63,temporal-action-state,793,78652,437,44,7,282,21,0,0
159,14/09/2026 11:47,63,temporal-action-state,808,78652,428,43,8,307,20,0,0
160,14/09/2026 11:47,63,temporal-action-state,809,78652,446,52,9,279,21,0,0
161,14/09/2026 11:47,63,temporal-action-state,781,78652,429,44,7,280,20,0,0
162,14/09/2026 11:47,63,temporal-action-state,787,78652,430,46,7,282,20,0,0
163,14/09/2026 11:47,63,temporal-action-state,855,78652,462,58,8,305,20,0,0
164,14/09/2026 11:47,63,temporal-action-state,781,78652,428,46,6,280,20,0,0
165,14/09/2026 11:47,63,temporal-action-state,782,78652,428,45,6,281,20,0,0
166,14/09/2026 11:47,63,temporal-action-state,812,78652,451,49,8,283,20,0,0
167,14/09/2026 11:47,63,temporal-action-state,778,78653,427,43,7,280,20,0,0
168,14/09/2026 11:47,63,temporal-action-state,800,78652,431,45,7,294,20,0,0
169,14/09/2026 11:47,63,temporal-action-state,857,78652,460,54,10,311,21,0,0
170,14/09/2026 11:47,63,temporal-action-state,778,78652,427,45,6,278,20,0,0
171,14/09/2026 11:47,63,temporal-action-state,784,78652,428,46,6,281,20,0,0
172,14/09/2026 11:48,63,temporal-action-state,784,78652,429,47,6,279,20,0,0
173,14/09/2026 11:48,63,temporal-action-state,794,78652,434,47,6,284,20,0,0
174,14/09/2026 11:48,63,temporal-action-state,788,78652,428,46,6,284,21,0,0
175,14/09/2026 11:48,63,temporal-action-state,795,78652,433,47,7,286,20,0,0
176,14/09/2026 11:48,63,temporal-action-state,793,78652,433,45,7,285,21,0,0
177,14/09/2026 11:48,63,temporal-action-state,798,78652,434,55,6,281,20,0,0
178,14/09/2026 11:48,63,temporal-action-state,783,78652,428,45,6,281,21,0,0
179,14/09/2026 11:48,63,temporal-action-state,793,78652,434,46,7,283,21,0,0
180,14/09/2026 11:48,63,temporal-action-state,787,78652,431,45,7,282,20,0,0
181,14/09/2026 11:48,63,temporal-action-state,858,78652,466,60,8,303,20,0,0
182,14/09/2026 11:48,63,temporal-action-state,878,78652,461,60,11,324,20,0,0
183,14/09/2026 11:48,63,temporal-action-state,778,78652,427,43,6,279,20,0,0
184,14/09/2026 11:48,63,temporal-action-state,783,78652,431,44,6,280,19,0,0
185,14/09/2026 11:48,63,temporal-action-state,817,78652,432,46,8,311,20,0,0
186,14/09/2026 11:48,63,temporal-action-state,796,78652,434,47,7,285,20,0,0
187,14/09/2026 11:48,63,temporal-action-state,795,78652,434,48,7,284,20,0,0
188,14/09/2026 11:48,63,temporal-action-state,788,78652,432,46,7,281,20,0,0
189,14/09/2026 11:48,63,temporal-action-state,787,78652,433,46,7,279,20,0,0
190,14/09/2026 11:48,63,temporal-action-state,819,78652,428,57,10,302,21,0,0
191,14/09/2026 11:48,63,temporal-action-state,787,78652,436,43,6,279,20,0,0
192,14/09/2026 11:48,63,temporal-action-state,787,78652,432,46,6,281,20,0,0
193,14/09/2026 11:48,63,temporal-action-state,782,78652,429,44,7,280,20,0,0
194,14/09/2026 11:48,63,temporal-action-state,778,78652,423,45,6,280,20,0,0
195,14/09/2026 11:48,63,temporal-action-state,779,78652,427,45,6,278,20,0,0
196,14/09/2026 11:48,63,temporal-action-state,796,78652,425,45,8,297,20,0,0
197,14/09/2026 11:48,63,temporal-action-state,782,78652,428,45,7,280,20,0,0
198,14/09/2026 11:48,63,temporal-action-state,792,78652,433,47,7,282,20,0,0
199,14/09/2026 11:48,63,temporal-action-state,778,78652,428,44,6,277,20,0,0
200,14/09/2026 11:48,63,temporal-action-state,792,78652,426,50,7,287,20,0,0
1,14/09/2026 11:48,72,temporal-action-state,992,78652,548,105,8,308,20,0,0
2,14/09/2026 11:48,72,temporal-action-state,793,78652,432,48,7,283,20,0,0
3,14/09/2026 11:48,72,temporal-action-state,787,78652,427,48,7,281,21,0,0
4,14/09/2026 11:48,72,temporal-action-state,784,78652,428,47,7,281,20,0,0
5,14/09/2026 11:48,72,temporal-action-state,783,78652,427,47,6,280,20,0,0
6,14/09/2026 11:48,72,temporal-action-state,789,78652,429,49,7,282,20,0,0
7,14/09/2026 11:48,72,temporal-action-state,793,78652,432,49,7,283,21,0,0
8,14/09/2026 11:48,72,temporal-action-state,783,78652,426,46,7,281,20,0,0
9,14/09/2026 11:48,72,temporal-action-state,816,78652,431,55,8,299,20,0,0
10,14/09/2026 11:48,72,temporal-action-state,794,78652,434,48,7,283,20,0,0
11,14/09/2026 11:48,72,temporal-action-state,819,78652,430,48,6,312,21,0,0
12,14/09/2026 11:48,72,temporal-action-state,791,78652,431,49,7,282,20,0,0
13,14/09/2026 11:48,72,temporal-action-state,784,78652,429,46,7,280,20,0,0
14,14/09/2026 11:48,72,temporal-action-state,784,78652,427,49,7,280,20,0,0
15,14/09/2026 11:48,72,temporal-action-state,787,78652,429,49,7,281,20,0,0
16,14/09/2026 11:48,72,temporal-action-state,791,78652,432,48,7,282,20,0,0
17,14/09/2026 11:48,72,temporal-action-state,785,78652,425,49,6,282,20,0,0
18,14/09/2026 11:48,72,temporal-action-state,788,78652,430,48,7,282,20,0,0
19,14/09/2026 11:48,72,temporal-action-state,797,78652,426,50,7,290,23,0,0
20,14/09/2026 11:48,72,temporal-action-state,790,78652,431,48,7,282,20,0,0
21,14/09/2026 11:48,72,temporal-action-state,802,78652,435,50,7,289,20,0,0
22,14/09/2026 11:48,72,temporal-action-state,849,78652,459,55,8,306,20,0,0
23,14/09/2026 11:48,72,temporal-action-state,793,78652,432,49,7,283,20,0,0
24,14/09/2026 11:48,72,temporal-action-state,786,78652,428,49,7,280,20,0,0
25,14/09/2026 11:48,72,temporal-action-state,819,78652,426,49,7,315,20,0,0
26,14/09/2026 11:48,72,temporal-action-state,799,78652,432,50,7,287,21,0,0
27,14/09/2026 11:48,72,temporal-action-state,790,78652,431,48,6,282,20,0,0
28,14/09/2026 11:48,72,temporal-action-state,796,78652,434,50,7,282,20,0,0
29,14/09/2026 11:48,72,temporal-action-state,783,78652,424,49,7,280,21,0,0
30,14/09/2026 11:48,72,temporal-action-state,793,78652,434,46,7,284,20,0,0
31,14/09/2026 11:48,72,temporal-action-state,792,78652,431,49,7,283,20,0,0
32,14/09/2026 11:48,72,temporal-action-state,825,78652,432,50,7,313,21,0,0
33,14/09/2026 11:48,72,temporal-action-state,783,78652,434,48,7,273,20,0,0
34,14/09/2026 11:48,72,temporal-action-state,806,78652,428,52,8,295,20,0,0
35,14/09/2026 11:48,72,temporal-action-state,833,78652,449,57,7,297,20,0,0
36,14/09/2026 11:49,72,temporal-action-state,788,78652,431,49,7,279,20,0,0
37,14/09/2026 11:49,72,temporal-action-state,783,78652,426,49,7,280,20,0,0
38,14/09/2026 11:49,72,temporal-action-state,790,78653,429,49,6,282,21,0,0
39,14/09/2026 11:49,72,temporal-action-state,787,78652,428,48,7,281,21,0,0
40,14/09/2026 11:49,72,temporal-action-state,827,78652,432,53,8,312,21,0,0
41,14/09/2026 11:49,72,temporal-action-state,791,78652,431,49,7,282,21,0,0
42,14/09/2026 11:49,72,temporal-action-state,804,78652,430,49,7,296,20,0,0
43,14/09/2026 11:49,72,temporal-action-state,806,78652,429,52,7,296,21,0,0
44,14/09/2026 11:49,72,temporal-action-state,792,78652,429,50,7,283,22,0,0
45,14/09/2026 11:49,72,temporal-action-state,799,78652,433,51,7,286,21,0,0
46,14/09/2026 11:49,72,temporal-action-state,788,78652,427,48,7,283,21,0,0
47,14/09/2026 11:49,72,temporal-action-state,788,78652,426,50,7,283,20,0,0
48,14/09/2026 11:49,72,temporal-action-state,787,78652,427,50,7,280,20,0,0
49,14/09/2026 11:49,72,temporal-action-state,785,78653,427,48,7,281,20,0,0
50,14/09/2026 11:49,72,temporal-action-state,792,78652,432,49,7,282,20,0,0
51,14/09/2026 11:49,72,temporal-action-state,807,78652,441,52,7,284,20,0,0
52,14/09/2026 11:49,72,temporal-action-state,785,78652,430,46,7,279,20,0,0
53,14/09/2026 11:49,72,temporal-action-state,792,78652,431,50,7,282,20,0,0
54,14/09/2026 11:49,72,temporal-action-state,786,78652,429,47,7,281,20,0,0
55,14/09/2026 11:49,72,temporal-action-state,786,78652,429,48,7,280,20,0,0
56,14/09/2026 11:49,72,temporal-action-state,783,78652,427,47,6,281,20,0,0
57,14/09/2026 11:49,72,temporal-action-state,786,78652,426,49,7,282,20,0,0
58,14/09/2026 11:49,72,temporal-action-state,785,78652,429,47,6,281,20,0,0
59,14/09/2026 11:49,72,temporal-action-state,794,78652,431,50,7,284,20,0,0
60,14/09/2026 11:49,72,temporal-action-state,839,78652,458,62,8,287,21,0,0
61,14/09/2026 11:49,72,temporal-action-state,784,78652,429,48,6,279,20,0,0
62,14/09/2026 11:49,72,temporal-action-state,807,78652,443,49,7,285,20,0,0
63,14/09/2026 11:49,72,temporal-action-state,782,78652,427,48,7,279,20,0,0
64,14/09/2026 11:49,72,temporal-action-state,795,78652,430,53,10,280,20,0,0
65,14/09/2026 11:49,72,temporal-action-state,784,78652,428,46,6,280,21,0,0
66,14/09/2026 11:49,72,temporal-action-state,785,78652,427,48,6,281,20,0,0
67,14/09/2026 11:49,72,temporal-action-state,793,78652,427,48,7,289,21,0,0
68,14/09/2026 11:49,72,temporal-action-state,782,78652,426,48,7,280,20,0,0
69,14/09/2026 11:49,72,temporal-action-state,791,78652,429,50,7,282,20,0,0
70,14/09/2026 11:49,72,temporal-action-state,792,78652,437,49,7,278,20,0,0
71,14/09/2026 11:49,72,temporal-action-state,784,78652,426,47,6,282,20,0,0
72,14/09/2026 11:49,72,temporal-action-state,792,78652,430,51,7,281,21,0,0
73,14/09/2026 11:49,72,temporal-action-state,843,78652,437,63,9,309,23,0,0
74,14/09/2026 11:49,72,temporal-action-state,827,78652,442,49,7,307,21,0,0
75,14/09/2026 11:49,72,temporal-action-state,795,78652,433,49,7,283,21,0,0
76,14/09/2026 11:49,72,temporal-action-state,837,78652,435,60,8,312,20,0,0
77,14/09/2026 11:49,72,temporal-action-state,840,78652,429,65,8,316,20,0,0
78,14/09/2026 11:49,72,temporal-action-state,785,78652,427,49,7,281,20,0,0
79,14/09/2026 11:49,72,temporal-action-state,796,78652,428,48,7,290,21,0,0
80,14/09/2026 11:49,72,temporal-action-state,784,78652,428,48,7,279,20,0,0
81,14/09/2026 11:49,72,temporal-action-state,783,78652,428,48,6,278,20,0,0
82,14/09/2026 11:49,72,temporal-action-state,788,78652,425,50,7,284,21,0,0
83,14/09/2026 11:49,72,temporal-action-state,857,78652,453,65,7,309,21,0,0
84,14/09/2026 11:49,72,temporal-action-state,786,78652,428,48,7,281,20,0,0
85,14/09/2026 11:49,72,temporal-action-state,789,78652,431,47,7,281,20,0,0
86,14/09/2026 11:49,72,temporal-action-state,831,78652,448,59,10,292,20,0,0
87,14/09/2026 11:49,72,temporal-action-state,813,78652,427,49,7,308,20,0,0
88,14/09/2026 11:49,72,temporal-action-state,785,78652,430,48,7,279,20,0,0
89,14/09/2026 11:49,72,temporal-action-state,788,78652,427,49,7,283,21,0,0
90,14/09/2026 11:49,72,temporal-action-state,785,78652,427,49,7,281,20,0,0
91,14/09/2026 11:49,72,temporal-action-state,787,78652,427,50,7,281,20,0,0
92,14/09/2026 11:49,72,temporal-action-state,783,78652,429,47,7,278,20,0,0
93,14/09/2026 11:49,72,temporal-action-state,803,78652,433,62,7,279,20,0,0
94,14/09/2026 11:49,72,temporal-action-state,787,78652,427,50,7,281,21,0,0
95,14/09/2026 11:49,72,temporal-action-state,783,78652,427,48,7,280,20,0,0
96,14/09/2026 11:49,72,temporal-action-state,787,78652,429,48,7,281,20,0,0
97,14/09/2026 11:49,72,temporal-action-state,785,78652,427,47,7,282,21,0,0
98,14/09/2026 11:49,72,temporal-action-state,845,78652,444,56,7,312,24,0,0
99,14/09/2026 11:49,72,temporal-action-state,783,78652,426,48,7,280,21,0,0
100,14/09/2026 11:49,72,temporal-action-state,845,78652,441,64,10,308,21,0,0
101,14/09/2026 11:50,72,temporal-action-state,797,78652,436,48,7,283,21,0,0
102,14/09/2026 11:50,72,temporal-action-state,815,78652,450,54,8,282,20,0,0
103,14/09/2026 11:50,72,temporal-action-state,859,78652,459,61,8,308,21,0,0
104,14/09/2026 11:50,72,temporal-action-state,785,78652,425,49,7,281,21,0,0
105,14/09/2026 11:50,72,temporal-action-state,792,78652,432,48,7,283,21,0,0
106,14/09/2026 11:50,72,temporal-action-state,793,78652,428,48,7,288,20,0,0
107,14/09/2026 11:50,72,temporal-action-state,790,78652,429,49,7,283,20,0,0
108,14/09/2026 11:50,72,temporal-action-state,787,78652,429,49,7,280,20,0,0
109,14/09/2026 11:50,72,temporal-action-state,799,78652,436,49,7,285,20,0,0
110,14/09/2026 11:50,72,temporal-action-state,870,78652,458,56,8,325,20,0,0
111,14/09/2026 11:50,72,temporal-action-state,803,78652,440,50,7,284,20,0,0
112,14/09/2026 11:50,72,temporal-action-state,828,78652,458,53,7,288,20,0,0
113,14/09/2026 11:50,72,temporal-action-state,786,78652,426,50,7,280,20,0,0
114,14/09/2026 11:50,72,temporal-action-state,789,78652,431,48,7,281,20,0,0
115,14/09/2026 11:50,72,temporal-action-state,791,78652,430,49,7,283,20,0,0
116,14/09/2026 11:50,72,temporal-action-state,788,78652,430,49,7,281,20,0,0
117,14/09/2026 11:50,72,temporal-action-state,831,78652,435,65,8,301,20,0,0
118,14/09/2026 11:50,72,temporal-action-state,787,78652,428,47,7,283,21,0,0
119,14/09/2026 11:50,72,temporal-action-state,775,78652,422,47,7,277,21,0,0
120,14/09/2026 11:50,72,temporal-action-state,850,78652,468,62,7,290,20,0,0
121,14/09/2026 11:50,72,temporal-action-state,789,78652,429,50,7,281,20,0,0
122,14/09/2026 11:50,72,temporal-action-state,787,78652,430,48,7,281,20,0,0
123,14/09/2026 11:50,72,temporal-action-state,789,78652,430,48,6,282,21,0,0
124,14/09/2026 11:50,72,temporal-action-state,800,78652,433,57,7,282,20,0,0
125,14/09/2026 11:50,72,temporal-action-state,797,78652,435,47,7,285,20,0,0
126,14/09/2026 11:50,72,temporal-action-state,791,78652,431,49,7,283,20,0,0
127,14/09/2026 11:50,72,temporal-action-state,790,78652,428,48,7,284,20,0,0
128,14/09/2026 11:50,72,temporal-action-state,790,78652,431,49,7,281,20,0,0
129,14/09/2026 11:50,72,temporal-action-state,787,78652,430,48,7,280,20,0,0
130,14/09/2026 11:50,72,temporal-action-state,782,78652,425,49,7,279,20,0,0
131,14/09/2026 11:50,72,temporal-action-state,790,78652,431,49,7,280,20,0,0
132,14/09/2026 11:50,72,temporal-action-state,787,78652,430,48,7,280,20,0,0
133,14/09/2026 11:50,72,temporal-action-state,797,78652,433,50,7,285,21,0,0
134,14/09/2026 11:50,72,temporal-action-state,800,78652,434,48,7,288,21,0,0
135,14/09/2026 11:50,72,temporal-action-state,789,78652,432,48,7,280,20,0,0
136,14/09/2026 11:50,72,temporal-action-state,785,78652,427,48,7,281,20,0,0
137,14/09/2026 11:50,72,temporal-action-state,790,78652,430,49,7,282,21,0,0
138,14/09/2026 11:50,72,temporal-action-state,793,78652,431,50,7,282,21,0,0
139,14/09/2026 11:50,72,temporal-action-state,784,78652,425,50,7,280,20,0,0
140,14/09/2026 11:50,72,temporal-action-state,793,78652,433,49,7,281,21,0,0
141,14/09/2026 11:50,72,temporal-action-state,789,78652,430,48,7,281,21,0,0
142,14/09/2026 11:50,72,temporal-action-state,785,78652,427,48,7,282,20,0,0
143,14/09/2026 11:50,72,temporal-action-state,783,78652,424,48,7,281,20,0,0
144,14/09/2026 11:50,72,temporal-action-state,794,78652,432,49,7,284,21,0,0
145,14/09/2026 11:50,72,temporal-action-state,786,78652,430,47,6,280,20,0,0
146,14/09/2026 11:50,72,temporal-action-state,802,78652,436,50,7,287,20,0,0
147,14/09/2026 11:50,72,temporal-action-state,800,78652,434,50,7,287,21,0,0
148,14/09/2026 11:50,72,temporal-action-state,817,78652,442,56,9,289,20,0,0
149,14/09/2026 11:50,72,temporal-action-state,790,78652,430,49,7,283,20,0,0
150,14/09/2026 11:50,72,temporal-action-state,786,78652,428,48,7,281,20,0,0
151,14/09/2026 11:50,72,temporal-action-state,785,78652,428,49,7,279,20,0,0
152,14/09/2026 11:50,72,temporal-action-state,786,78652,428,50,7,281,20,0,0
153,14/09/2026 11:50,72,temporal-action-state,798,78652,430,49,7,289,21,0,0
154,14/09/2026 11:50,72,temporal-action-state,811,78652,448,53,7,281,20,0,0
155,14/09/2026 11:50,72,temporal-action-state,788,78652,428,49,7,282,20,0,0
156,14/09/2026 11:50,72,temporal-action-state,784,78652,426,48,7,281,20,0,0
157,14/09/2026 11:50,72,temporal-action-state,822,78652,438,62,11,289,20,0,0
158,14/09/2026 11:50,72,temporal-action-state,792,78652,430,50,6,283,21,0,0
159,14/09/2026 11:50,72,temporal-action-state,798,78652,436,48,7,285,21,0,0
160,14/09/2026 11:50,72,temporal-action-state,789,78652,431,48,7,280,20,0,0
161,14/09/2026 11:50,72,temporal-action-state,793,78652,433,49,7,282,20,0,0
162,14/09/2026 11:50,72,temporal-action-state,857,78652,444,64,8,319,20,0,0
163,14/09/2026 11:50,72,temporal-action-state,814,78652,435,49,7,301,20,0,0
164,14/09/2026 11:50,72,temporal-action-state,782,78652,426,49,7,278,20,0,0
165,14/09/2026 11:50,72,temporal-action-state,785,78652,427,48,7,281,20,0,0
166,14/09/2026 11:50,72,temporal-action-state,788,78652,428,49,7,281,20,0,0
167,14/09/2026 11:51,72,temporal-action-state,792,78652,436,47,6,281,20,0,0
168,14/09/2026 11:51,72,temporal-action-state,782,78652,429,46,7,278,20,0,0
169,14/09/2026 11:51,72,temporal-action-state,792,78652,431,49,7,283,20,0,0
170,14/09/2026 11:51,72,temporal-action-state,795,78652,435,49,7,282,20,0,0
171,14/09/2026 11:51,72,temporal-action-state,793,78652,437,49,6,279,20,0,0
172,14/09/2026 11:51,72,temporal-action-state,781,78652,426,48,7,280,20,0,0
173,14/09/2026 11:51,72,temporal-action-state,845,78653,443,57,7,315,20,0,0
174,14/09/2026 11:51,72,temporal-action-state,791,78652,431,48,7,283,20,0,0
175,14/09/2026 11:51,72,temporal-action-state,789,78652,432,49,7,279,20,0,0
176,14/09/2026 11:51,72,temporal-action-state,818,78652,429,48,7,308,24,0,0
177,14/09/2026 11:51,72,temporal-action-state,841,78653,443,63,10,302,20,0,0
178,14/09/2026 11:51,72,temporal-action-state,801,78652,428,47,7,298,20,0,0
179,14/09/2026 11:51,72,temporal-action-state,824,78652,438,58,9,296,20,0,0
180,14/09/2026 11:51,72,temporal-action-state,796,78652,428,48,7,291,21,0,0
181,14/09/2026 11:51,72,temporal-action-state,806,78652,433,49,7,294,21,0,0
182,14/09/2026 11:51,72,temporal-action-state,793,78652,428,54,7,281,20,0,0
183,14/09/2026 11:51,72,temporal-action-state,792,78652,431,49,7,283,20,0,0
184,14/09/2026 11:51,72,temporal-action-state,818,78652,437,67,7,285,20,0,0
185,14/09/2026 11:51,72,temporal-action-state,785,78652,428,48,7,280,21,0,0
186,14/09/2026 11:51,72,temporal-action-state,803,78652,444,50,7,282,20,0,0
187,14/09/2026 11:51,72,temporal-action-state,849,78652,446,57,10,314,20,0,0
188,14/09/2026 11:51,72,temporal-action-state,797,78652,432,48,7,287,21,0,0
189,14/09/2026 11:51,72,temporal-action-state,827,78652,452,65,8,280,20,0,0
190,14/09/2026 11:51,72,temporal-action-state,827,78652,437,64,9,296,21,0,0
191,14/09/2026 11:51,72,temporal-action-state,874,78652,468,63,8,312,21,0,0
192,14/09/2026 11:51,72,temporal-action-state,807,78652,429,50,7,294,26,0,0
193,14/09/2026 11:51,72,temporal-action-state,791,78652,430,48,7,284,20,0,0
194,14/09/2026 11:51,72,temporal-action-state,797,78652,434,49,7,285,20,0,0
195,14/09/2026 11:51,72,temporal-action-state,785,78652,428,48,7,280,21,0,0
196,14/09/2026 11:51,72,temporal-action-state,814,78652,428,48,7,306,22,0,0
197,14/09/2026 11:51,72,temporal-action-state,816,78652,436,62,9,285,22,0,0
198,14/09/2026 11:51,72,temporal-action-state,787,78652,428,49,6,281,20,0,0
199,14/09/2026 11:51,72,temporal-action-state,808,78652,444,49,7,286,21,0,0
200,14/09/2026 11:51,72,temporal-action-state,785,78652,428,47,7,282,20,0,0
1,14/09/2026 11:54,9,event-state,909,73442,545,49,6,290,16,0,0
2,14/09/2026 11:54,9,event-state,727,73441,427,15,5,260,18,0,0
3,14/09/2026 11:54,9,event-state,729,73441,428,14,5,262,17,0,0
4,14/09/2026 11:54,9,event-state,735,73441,431,14,5,265,17,0,0
5,14/09/2026 11:54,9,event-state,742,73442,437,15,5,264,18,0,0
6,14/09/2026 11:54,9,event-state,732,73441,431,15,5,263,17,0,0
7,14/09/2026 11:54,9,event-state,735,73441,427,14,5,270,17,0,0
8,14/09/2026 11:54,9,event-state,737,73441,430,19,6,264,17,0,0
9,14/09/2026 11:54,9,event-state,735,73442,431,15,5,265,17,0,0
10,14/09/2026 11:54,9,event-state,739,73441,433,15,5,267,17,0,0
11,14/09/2026 11:54,9,event-state,749,73441,428,15,5,281,17,0,0
12,14/09/2026 11:54,9,event-state,742,73441,426,14,5,278,18,0,0
13,14/09/2026 11:54,9,event-state,729,73441,426,14,5,264,18,0,0
14,14/09/2026 11:54,9,event-state,737,73441,430,15,5,268,17,0,0
15,14/09/2026 11:54,9,event-state,736,73441,432,15,5,263,18,0,0
16,14/09/2026 11:54,9,event-state,752,73441,431,15,6,281,17,0,0
17,14/09/2026 11:54,9,event-state,732,73442,430,14,5,262,17,0,0
18,14/09/2026 11:54,9,event-state,774,73441,457,16,5,276,17,0,0
19,14/09/2026 11:54,9,event-state,738,73441,432,15,5,266,17,0,0
20,14/09/2026 11:54,9,event-state,732,73441,429,15,5,263,17,0,0
21,14/09/2026 11:54,9,event-state,738,73441,434,15,6,264,17,0,0
22,14/09/2026 11:54,9,event-state,763,73441,432,14,5,292,18,0,0
23,14/09/2026 11:54,9,event-state,732,73441,431,14,5,262,17,0,0
24,14/09/2026 11:54,9,event-state,737,73441,431,15,5,266,18,0,0
25,14/09/2026 11:55,9,event-state,736,73441,430,15,5,266,18,0,0
26,14/09/2026 11:55,9,event-state,733,73441,431,15,5,263,17,0,0
27,14/09/2026 11:55,9,event-state,731,73441,428,14,5,264,18,0,0
28,14/09/2026 11:55,9,event-state,737,73441,436,14,5,262,17,0,0
29,14/09/2026 11:55,9,event-state,725,73441,425,15,5,261,17,0,0
30,14/09/2026 11:55,9,event-state,737,73441,432,15,6,266,17,0,0
31,14/09/2026 11:55,9,event-state,727,73441,428,15,5,261,17,0,0
32,14/09/2026 11:55,9,event-state,768,73441,452,21,5,270,17,0,0
33,14/09/2026 11:55,9,event-state,734,73442,428,14,5,266,18,0,0
34,14/09/2026 11:55,9,event-state,748,73441,430,15,5,279,17,0,0
35,14/09/2026 11:55,9,event-state,741,73441,430,17,5,271,17,0,0
36,14/09/2026 11:55,9,event-state,749,73441,428,15,5,282,17,0,0
37,14/09/2026 11:55,9,event-state,739,73441,434,14,5,266,18,0,0
38,14/09/2026 11:55,9,event-state,731,73441,429,15,5,263,17,0,0
39,14/09/2026 11:55,9,event-state,756,73441,450,15,5,267,17,0,0
40,14/09/2026 11:55,9,event-state,763,73441,432,16,5,286,22,0,0
41,14/09/2026 11:55,9,event-state,738,73441,433,14,6,265,18,0,0
42,14/09/2026 11:55,9,event-state,750,73441,428,14,5,284,17,0,0
43,14/09/2026 11:55,9,event-state,731,73441,430,13,6,262,17,0,0
44,14/09/2026 11:55,9,event-state,747,73441,441,16,5,266,18,0,0
45,14/09/2026 11:55,9,event-state,733,73441,431,15,5,263,17,0,0
46,14/09/2026 11:55,9,event-state,729,73441,427,15,5,263,17,0,0
47,14/09/2026 11:55,9,event-state,740,73441,435,15,5,265,18,0,0
48,14/09/2026 11:55,9,event-state,750,73441,429,19,6,276,18,0,0
49,14/09/2026 11:55,9,event-state,732,73441,429,15,5,264,17,0,0
50,14/09/2026 11:55,9,event-state,732,73441,428,16,6,264,17,0,0
51,14/09/2026 11:55,9,event-state,730,73441,426,14,5,265,17,0,0
52,14/09/2026 11:55,9,event-state,731,73441,427,14,5,265,17,0,0
53,14/09/2026 11:55,9,event-state,730,73442,430,14,5,262,17,0,0
54,14/09/2026 11:55,9,event-state,731,73441,428,14,6,264,17,0,0
55,14/09/2026 11:55,9,event-state,731,73441,427,14,6,264,17,0,0
56,14/09/2026 11:55,9,event-state,768,73442,432,14,5,293,22,0,0
57,14/09/2026 11:55,9,event-state,727,73441,427,14,5,262,17,0,0
58,14/09/2026 11:55,9,event-state,730,73441,427,15,5,263,18,0,0
59,14/09/2026 11:55,9,event-state,738,73441,437,14,5,262,18,0,0
60,14/09/2026 11:55,9,event-state,737,73441,431,15,5,267,18,0,0
61,14/09/2026 11:55,9,event-state,740,73441,439,16,5,261,18,0,0
62,14/09/2026 11:55,9,event-state,753,73441,441,17,6,271,17,0,0
63,14/09/2026 11:55,9,event-state,737,73441,431,14,5,268,17,0,0
64,14/09/2026 11:55,9,event-state,736,73441,435,15,5,262,17,0,0
65,14/09/2026 11:55,9,event-state,732,73441,429,14,5,264,18,0,0
66,14/09/2026 11:55,9,event-state,732,73442,429,15,5,264,17,0,0
67,14/09/2026 11:55,9,event-state,730,73441,426,14,5,265,17,0,0
68,14/09/2026 11:55,9,event-state,738,73441,433,14,5,267,18,0,0
69,14/09/2026 11:55,9,event-state,741,73441,426,15,5,276,17,0,0
70,14/09/2026 11:55,9,event-state,739,73441,434,14,5,265,17,0,0
71,14/09/2026 11:55,9,event-state,738,73441,434,15,6,263,18,0,0
72,14/09/2026 11:55,9,event-state,755,73441,443,14,5,273,17,0,0
73,14/09/2026 11:55,9,event-state,734,73441,431,15,5,264,17,0,0
74,14/09/2026 11:55,9,event-state,731,73441,429,15,5,262,17,0,0
75,14/09/2026 11:55,9,event-state,726,73441,425,14,5,262,17,0,0
76,14/09/2026 11:55,9,event-state,776,73441,441,19,6,291,17,0,0
77,14/09/2026 11:55,9,event-state,733,73441,428,15,5,266,17,0,0
78,14/09/2026 11:55,9,event-state,728,73441,427,14,5,263,17,0,0
79,14/09/2026 11:55,9,event-state,728,73441,428,15,5,261,17,0,0
80,14/09/2026 11:55,9,event-state,732,73441,429,14,5,265,17,0,0
81,14/09/2026 11:55,9,event-state,744,73441,434,15,5,270,18,0,0
82,14/09/2026 11:55,9,event-state,727,73441,427,14,5,261,17,0,0
83,14/09/2026 11:55,9,event-state,739,73441,432,15,5,268,17,0,0
84,14/09/2026 11:55,9,event-state,731,73442,429,15,5,263,17,0,0
85,14/09/2026 11:55,9,event-state,766,73441,460,19,5,262,17,0,0
86,14/09/2026 11:55,9,event-state,742,73441,438,14,5,265,18,0,0
87,14/09/2026 11:55,9,event-state,737,73441,433,14,5,265,18,0,0
88,14/09/2026 11:55,9,event-state,777,73441,444,20,6,288,18,0,0
89,14/09/2026 11:55,9,event-state,729,73441,427,15,5,263,17,0,0
90,14/09/2026 11:55,9,event-state,738,73441,432,15,5,266,18,0,0
91,14/09/2026 11:55,9,event-state,727,73441,425,15,5,263,17,0,0
92,14/09/2026 11:55,9,event-state,729,73441,426,15,5,263,17,0,0
93,14/09/2026 11:55,9,event-state,748,73441,445,17,5,261,17,0,0
94,14/09/2026 11:55,9,event-state,758,73441,430,15,5,289,17,0,0
95,14/09/2026 11:56,9,event-state,729,73441,428,15,5,263,17,0,0
96,14/09/2026 11:56,9,event-state,731,73442,430,14,5,263,17,0,0
97,14/09/2026 11:56,9,event-state,746,73441,440,15,5,267,17,0,0
98,14/09/2026 11:56,9,event-state,754,73441,441,21,6,267,17,0,0
99,14/09/2026 11:56,9,event-state,739,73442,433,15,5,265,18,0,0
100,14/09/2026 11:56,9,event-state,737,73441,434,14,5,265,17,0,0
101,14/09/2026 11:56,9,event-state,730,73441,426,16,5,264,17,0,0
102,14/09/2026 11:56,9,event-state,762,73441,439,19,6,277,18,0,0
103,14/09/2026 11:56,9,event-state,741,73442,428,15,5,273,17,0,0
104,14/09/2026 11:56,9,event-state,730,73441,430,14,5,262,17,0,0
105,14/09/2026 11:56,9,event-state,755,73442,436,15,5,278,19,0,0
106,14/09/2026 11:56,9,event-state,757,73441,452,15,5,265,18,0,0
107,14/09/2026 11:56,9,event-state,760,73442,451,15,5,270,17,0,0
108,14/09/2026 11:56,9,event-state,735,73441,430,14,5,267,17,0,0
109,14/09/2026 11:56,9,event-state,727,73441,424,14,5,263,18,0,0
110,14/09/2026 11:56,9,event-state,729,73441,427,15,5,262,17,0,0
111,14/09/2026 11:56,9,event-state,732,73441,430,15,5,262,18,0,0
112,14/09/2026 11:56,9,event-state,736,73441,427,14,5,270,18,0,0
113,14/09/2026 11:56,9,event-state,757,73441,444,17,6,271,18,0,0
114,14/09/2026 11:56,9,event-state,735,73441,431,16,5,263,17,0,0
115,14/09/2026 11:56,9,event-state,739,73441,427,15,5,272,19,0,0
116,14/09/2026 11:56,9,event-state,736,73441,432,14,5,265,18,0,0
117,14/09/2026 11:56,9,event-state,736,73441,428,15,5,267,18,0,0
118,14/09/2026 11:56,9,event-state,750,73442,432,15,5,277,19,0,0
119,14/09/2026 11:56,9,event-state,761,73441,442,16,5,278,18,0,0
120,14/09/2026 11:56,9,event-state,730,73441,427,15,5,264,18,0,0
121,14/09/2026 11:56,9,event-state,738,73441,438,14,5,262,18,0,0
122,14/09/2026 11:56,9,event-state,729,73441,429,14,5,262,17,0,0
123,14/09/2026 11:56,9,event-state,733,73441,430,14,5,264,18,0,0
124,14/09/2026 11:56,9,event-state,762,73441,432,15,6,288,18,0,0
125,14/09/2026 11:56,9,event-state,771,73441,436,19,6,285,22,0,0
126,14/09/2026 11:56,9,event-state,734,73441,428,14,5,264,21,0,0
127,14/09/2026 11:56,9,event-state,733,73441,431,14,5,264,18,0,0
128,14/09/2026 11:56,9,event-state,735,73442,430,15,6,265,17,0,0
129,14/09/2026 11:56,9,event-state,757,73442,428,17,6,287,17,0,0
130,14/09/2026 11:56,9,event-state,728,73441,426,14,5,264,18,0,0
131,14/09/2026 11:56,9,event-state,777,73441,431,19,6,300,20,0,0
132,14/09/2026 11:56,9,event-state,731,73441,428,14,5,263,19,0,0
133,14/09/2026 11:56,9,event-state,774,73441,447,16,5,288,17,0,0
134,14/09/2026 11:56,9,event-state,731,73441,429,15,5,264,17,0,0
135,14/09/2026 11:56,9,event-state,734,73441,429,15,5,264,18,0,0
136,14/09/2026 11:56,9,event-state,756,73441,445,23,6,263,17,0,0
137,14/09/2026 11:56,9,event-state,745,73441,431,15,5,275,17,0,0
138,14/09/2026 11:56,9,event-state,734,73441,432,14,5,262,18,0,0
139,14/09/2026 11:56,9,event-state,777,73441,427,15,5,310,17,0,0
140,14/09/2026 11:56,9,event-state,743,73441,426,15,5,277,18,0,0
141,14/09/2026 11:56,9,event-state,738,73441,431,15,5,267,18,0,0
142,14/09/2026 11:56,9,event-state,742,73441,437,15,5,266,17,0,0
143,14/09/2026 11:56,9,event-state,739,73441,426,14,5,274,17,0,0
144,14/09/2026 11:56,9,event-state,735,73441,430,15,5,267,17,0,0
145,14/09/2026 11:56,9,event-state,733,73441,429,15,5,264,17,0,0
146,14/09/2026 11:56,9,event-state,733,73441,431,15,5,262,18,0,0
147,14/09/2026 11:56,9,event-state,773,73441,449,17,5,282,18,0,0
148,14/09/2026 11:56,9,event-state,741,73441,436,15,5,266,17,0,0
149,14/09/2026 11:56,9,event-state,727,73441,424,14,5,265,17,0,0
150,14/09/2026 11:56,9,event-state,729,73441,429,14,5,262,17,0,0
151,14/09/2026 11:56,9,event-state,731,73441,429,14,5,263,18,0,0
152,14/09/2026 11:56,9,event-state,732,73441,429,14,5,264,17,0,0
153,14/09/2026 11:56,9,event-state,751,73442,439,17,5,271,17,0,0
154,14/09/2026 11:56,9,event-state,747,73441,432,14,5,276,17,0,0
155,14/09/2026 11:56,9,event-state,730,73441,428,14,5,263,18,0,0
156,14/09/2026 11:56,9,event-state,728,73441,425,15,5,263,17,0,0
157,14/09/2026 11:56,9,event-state,732,73442,428,15,5,265,17,0,0
158,14/09/2026 11:56,9,event-state,742,73441,435,14,5,268,18,0,0
159,14/09/2026 11:56,9,event-state,737,73441,430,15,5,267,17,0,0
160,14/09/2026 11:56,9,event-state,730,73441,428,14,5,263,17,0,0
161,14/09/2026 11:56,9,event-state,772,73441,445,17,5,286,17,0,0
162,14/09/2026 11:56,9,event-state,728,73441,426,15,5,263,17,0,0
163,14/09/2026 11:56,9,event-state,753,73441,433,15,5,281,17,0,0
164,14/09/2026 11:56,9,event-state,729,73441,428,15,5,262,17,0,0
165,14/09/2026 11:56,9,event-state,749,73441,430,14,5,276,21,0,0
166,14/09/2026 11:57,9,event-state,734,73441,430,15,5,266,17,0,0
167,14/09/2026 11:57,9,event-state,738,73441,431,15,5,266,18,0,0
168,14/09/2026 11:57,9,event-state,731,73441,428,15,5,264,17,0,0
169,14/09/2026 11:57,9,event-state,738,73441,434,15,5,264,17,0,0
170,14/09/2026 11:57,9,event-state,731,73441,429,14,5,263,18,0,0
171,14/09/2026 11:57,9,event-state,732,73441,427,15,5,266,17,0,0
172,14/09/2026 11:57,9,event-state,736,73441,431,15,5,265,18,0,0
173,14/09/2026 11:57,9,event-state,742,73441,427,15,5,275,18,0,0
174,14/09/2026 11:57,9,event-state,755,73441,435,17,5,277,18,0,0
175,14/09/2026 11:57,9,event-state,735,73441,429,16,5,266,17,0,0
176,14/09/2026 11:57,9,event-state,727,73441,427,14,5,261,17,0,0
177,14/09/2026 11:57,9,event-state,732,73441,427,16,5,265,17,0,0
178,14/09/2026 11:57,9,event-state,752,73441,431,15,5,272,25,0,0
179,14/09/2026 11:57,9,event-state,730,73441,429,15,5,262,17,0,0
180,14/09/2026 11:57,9,event-state,730,73441,430,14,5,261,18,0,0
181,14/09/2026 11:57,9,event-state,734,73441,430,14,5,266,18,0,0
182,14/09/2026 11:57,9,event-state,766,73441,447,17,5,275,19,0,0
183,14/09/2026 11:57,9,event-state,757,73441,433,14,5,283,19,0,0
184,14/09/2026 11:57,9,event-state,739,73441,432,14,5,269,17,0,0
185,14/09/2026 11:57,9,event-state,732,73441,429,15,5,263,19,0,0
186,14/09/2026 11:57,9,event-state,732,73441,429,14,6,263,18,0,0
187,14/09/2026 11:57,9,event-state,743,73441,442,15,6,261,18,0,0
188,14/09/2026 11:57,9,event-state,735,73441,430,14,5,266,17,0,0
189,14/09/2026 11:57,9,event-state,787,73441,469,17,6,276,17,0,0
190,14/09/2026 11:57,9,event-state,726,73441,426,15,5,260,17,0,0
191,14/09/2026 11:57,9,event-state,748,73441,427,15,5,280,18,0,0
192,14/09/2026 11:57,9,event-state,735,73441,431,15,5,265,17,0,0
193,14/09/2026 11:57,9,event-state,736,73441,431,14,6,265,18,0,0
194,14/09/2026 11:57,9,event-state,730,73441,428,15,5,262,17,0,0
195,14/09/2026 11:57,9,event-state,733,73441,429,15,5,264,17,0,0
196,14/09/2026 11:57,9,event-state,754,73442,433,14,5,278,22,0,0
197,14/09/2026 11:57,9,event-state,746,73442,431,20,6,270,17,0,0
198,14/09/2026 11:57,9,event-state,763,73441,432,15,5,291,18,0,0
199,14/09/2026 11:57,9,event-state,733,73441,431,14,5,263,17,0,0
200,14/09/2026 11:57,9,event-state,740,73441,433,14,5,268,18,0,0
1,14/09/2026 11:57,18,event-state,983,73425,569,68,6,320,18,0,0
2,14/09/2026 11:57,18,event-state,742,73425,427,23,6,267,17,0,0
3,14/09/2026 11:57,18,event-state,782,73425,432,31,6,290,21,0,0
4,14/09/2026 11:57,18,event-state,767,73425,453,22,6,268,17,0,0
5,14/09/2026 11:57,18,event-state,743,73425,431,21,6,266,17,0,0
6,14/09/2026 11:57,18,event-state,743,73425,429,23,6,266,17,0,0
7,14/09/2026 11:57,18,event-state,743,73425,429,23,6,266,17,0,0
8,14/09/2026 11:57,18,event-state,749,73425,431,22,5,271,17,0,0
9,14/09/2026 11:57,18,event-state,746,73425,429,24,5,269,17,0,0
10,14/09/2026 11:57,18,event-state,741,73425,429,21,5,267,17,0,0
11,14/09/2026 11:57,18,event-state,742,73425,430,21,6,266,17,0,0
12,14/09/2026 11:57,18,event-state,749,73426,435,24,5,267,17,0,0
13,14/09/2026 11:57,18,event-state,743,73425,430,23,6,265,17,0,0
14,14/09/2026 11:57,18,event-state,755,73425,428,22,5,280,18,0,0
15,14/09/2026 11:57,18,event-state,786,73425,453,24,5,285,17,0,0
16,14/09/2026 11:57,18,event-state,743,73425,430,22,5,267,17,0,0
17,14/09/2026 11:57,18,event-state,737,73425,428,21,6,264,17,0,0
18,14/09/2026 11:57,18,event-state,740,73425,427,22,5,267,17,0,0
19,14/09/2026 11:57,18,event-state,743,73425,431,22,6,265,17,0,0
20,14/09/2026 11:57,18,event-state,749,73425,433,23,6,269,17,0,0
21,14/09/2026 11:57,18,event-state,746,73425,433,22,5,267,17,0,0
22,14/09/2026 11:57,18,event-state,746,73425,430,22,5,271,17,0,0
23,14/09/2026 11:57,18,event-state,739,73425,427,22,5,267,17,0,0
24,14/09/2026 11:57,18,event-state,744,73425,430,21,6,268,17,0,0
25,14/09/2026 11:57,18,event-state,751,73425,432,22,5,272,18,0,0
26,14/09/2026 11:57,18,event-state,738,73425,429,22,5,263,16,0,0
27,14/09/2026 11:57,18,event-state,736,73425,428,21,5,264,17,0,0
28,14/09/2026 11:57,18,event-state,746,73425,431,23,5,268,17,0,0
29,14/09/2026 11:57,18,event-state,738,73425,429,21,5,265,17,0,0
30,14/09/2026 11:57,18,event-state,739,73425,426,21,5,267,17,0,0
31,14/09/2026 11:57,18,event-state,743,73425,428,22,6,267,17,0,0
32,14/09/2026 11:57,18,event-state,740,73425,427,22,6,267,17,0,0
33,14/09/2026 11:57,18,event-state,753,73425,441,22,5,266,16,0,0
34,14/09/2026 11:57,18,event-state,748,73425,431,22,5,271,17,0,0
35,14/09/2026 11:58,18,event-state,739,73425,426,22,5,267,17,0,0
36,14/09/2026 11:58,18,event-state,751,73425,434,22,5,270,17,0,0
37,14/09/2026 11:58,18,event-state,747,73425,433,22,6,267,17,0,0
38,14/09/2026 11:58,18,event-state,739,73425,427,22,6,266,17,0,0
39,14/09/2026 11:58,18,event-state,741,73425,428,21,5,267,17,0,0
40,14/09/2026 11:58,18,event-state,756,73425,438,26,5,268,17,0,0
41,14/09/2026 11:58,18,event-state,766,73425,428,22,5,293,17,0,0
42,14/09/2026 11:58,18,event-state,772,73425,456,22,5,269,17,0,0
43,14/09/2026 11:58,18,event-state,752,73425,436,22,6,270,16,0,0
44,14/09/2026 11:58,18,event-state,743,73425,429,21,5,268,17,0,0
45,14/09/2026 11:58,18,event-state,748,73425,432,23,5,268,17,0,0
46,14/09/2026 11:58,18,event-state,782,73425,433,22,6,301,17,0,0
47,14/09/2026 11:58,18,event-state,744,73425,428,22,6,270,18,0,0
48,14/09/2026 11:58,18,event-state,740,73425,427,22,5,266,17,0,0
49,14/09/2026 11:58,18,event-state,750,73425,439,21,5,266,17,0,0
50,14/09/2026 11:58,18,event-state,745,73425,429,23,6,268,17,0,0
51,14/09/2026 11:58,18,event-state,740,73425,428,22,6,266,16,0,0
52,14/09/2026 11:58,18,event-state,739,73425,426,21,5,268,17,0,0
53,14/09/2026 11:58,18,event-state,739,73425,428,22,6,265,16,0,0
54,14/09/2026 11:58,18,event-state,747,73425,432,21,6,269,17,0,0
55,14/09/2026 11:58,18,event-state,753,73425,439,23,6,266,16,0,0
56,14/09/2026 11:58,18,event-state,741,73425,427,24,6,266,17,0,0
57,14/09/2026 11:58,18,event-state,741,73425,426,23,5,268,17,0,0
58,14/09/2026 11:58,18,event-state,739,73425,427,21,6,267,17,0,0
59,14/09/2026 11:58,18,event-state,749,73425,433,23,5,269,17,0,0
60,14/09/2026 11:58,18,event-state,744,73425,430,22,5,267,17,0,0
61,14/09/2026 11:58,18,event-state,747,73425,431,22,6,268,17,0,0
62,14/09/2026 11:58,18,event-state,760,73425,430,22,5,283,18,0,0
63,14/09/2026 11:58,18,event-state,797,73425,448,22,6,303,17,0,0
64,14/09/2026 11:58,18,event-state,749,73425,432,22,5,270,17,0,0
65,14/09/2026 11:58,18,event-state,746,73425,431,22,5,269,17,0,0
66,14/09/2026 11:58,18,event-state,794,73425,456,23,6,290,17,0,0
67,14/09/2026 11:58,18,event-state,741,73425,428,22,6,266,17,0,0
68,14/09/2026 11:58,18,event-state,795,73425,444,30,6,297,17,0,0
69,14/09/2026 11:58,18,event-state,762,73425,436,25,6,276,17,0,0
70,14/09/2026 11:58,18,event-state,745,73425,427,23,6,271,16,0,0
71,14/09/2026 11:58,18,event-state,740,73425,425,24,6,266,17,0,0
72,14/09/2026 11:58,18,event-state,746,73425,432,23,5,266,17,0,0
73,14/09/2026 11:58,18,event-state,755,73425,433,24,6,273,17,0,0
74,14/09/2026 11:58,18,event-state,741,73425,428,22,5,266,18,0,0
75,14/09/2026 11:58,18,event-state,738,73426,427,22,5,265,17,0,0
76,14/09/2026 11:58,18,event-state,751,73425,434,22,5,270,17,0,0
77,14/09/2026 11:58,18,event-state,741,73425,429,22,6,267,16,0,0
78,14/09/2026 11:58,18,event-state,780,73425,441,23,6,291,17,0,0
79,14/09/2026 11:58,18,event-state,742,73425,427,22,5,269,17,0,0
80,14/09/2026 11:58,18,event-state,772,73425,427,21,5,298,18,0,0
81,14/09/2026 11:58,18,event-state,750,73425,438,22,5,266,17,0,0
82,14/09/2026 11:58,18,event-state,743,73425,432,22,5,264,17,0,0
83,14/09/2026 11:58,18,event-state,766,73425,432,23,5,286,17,0,0
84,14/09/2026 11:58,18,event-state,742,73425,427,22,5,269,17,0,0
85,14/09/2026 11:58,18,event-state,751,73425,432,24,5,270,16,0,0
86,14/09/2026 11:58,18,event-state,790,73425,440,26,6,299,17,0,0
87,14/09/2026 11:58,18,event-state,772,73425,440,23,6,284,17,0,0
88,14/09/2026 11:58,18,event-state,741,73425,426,22,5,268,18,0,0
89,14/09/2026 11:58,18,event-state,749,73425,437,22,5,267,16,0,0
90,14/09/2026 11:58,18,event-state,755,73425,429,23,5,279,17,0,0
91,14/09/2026 11:58,18,event-state,758,73425,427,22,5,284,17,0,0
92,14/09/2026 11:58,18,event-state,767,73425,432,23,6,282,22,0,0
93,14/09/2026 11:58,18,event-state,745,73425,430,22,5,268,17,0,0
94,14/09/2026 11:58,18,event-state,742,73425,429,22,5,267,17,0,0
95,14/09/2026 11:58,18,event-state,745,73425,429,22,5,269,17,0,0
96,14/09/2026 11:58,18,event-state,779,73425,430,23,6,301,17,0,0
97,14/09/2026 11:58,18,event-state,749,73425,432,21,6,270,18,0,0
98,14/09/2026 11:58,18,event-state,739,73425,428,21,5,266,17,0,0
99,14/09/2026 11:58,18,event-state,738,73425,427,22,6,265,17,0,0
100,14/09/2026 11:58,18,event-state,747,73425,434,22,6,267,17,0,0
101,14/09/2026 11:58,18,event-state,745,73425,430,22,6,269,17,0,0
102,14/09/2026 11:58,18,event-state,741,73425,428,22,6,267,17,0,0
103,14/09/2026 11:58,18,event-state,740,73425,429,22,5,265,17,0,0
104,14/09/2026 11:59,18,event-state,740,73425,428,22,5,266,17,0,0
105,14/09/2026 11:59,18,event-state,797,73425,452,28,6,292,17,0,0
106,14/09/2026 11:59,18,event-state,745,73425,429,22,6,270,17,0,0
107,14/09/2026 11:59,18,event-state,742,73425,430,22,6,266,16,0,0
108,14/09/2026 11:59,18,event-state,778,73425,435,21,6,288,26,0,0
109,14/09/2026 11:59,18,event-state,741,73425,427,23,5,266,17,0,0
110,14/09/2026 11:59,18,event-state,760,73425,428,21,5,280,23,0,0
111,14/09/2026 11:59,18,event-state,744,73425,430,22,5,268,17,0,0
112,14/09/2026 11:59,18,event-state,744,73425,430,21,5,268,17,0,0
113,14/09/2026 11:59,18,event-state,746,73425,431,23,5,268,17,0,0
114,14/09/2026 11:59,18,event-state,763,73425,449,21,5,269,17,0,0
115,14/09/2026 11:59,18,event-state,744,73425,431,22,5,266,17,0,0
116,14/09/2026 11:59,18,event-state,786,73425,444,34,6,282,17,0,0
117,14/09/2026 11:59,18,event-state,743,73425,431,22,5,266,17,0,0
118,14/09/2026 11:59,18,event-state,767,73425,428,22,6,292,17,0,0
119,14/09/2026 11:59,18,event-state,740,73425,428,22,5,267,17,0,0
120,14/09/2026 11:59,18,event-state,750,73425,434,23,6,269,17,0,0
121,14/09/2026 11:59,18,event-state,741,73425,427,23,6,267,17,0,0
122,14/09/2026 11:59,18,event-state,756,73425,432,33,5,267,16,0,0
123,14/09/2026 11:59,18,event-state,776,73425,433,23,5,295,18,0,0
124,14/09/2026 11:59,18,event-state,745,73425,431,22,6,267,17,0,0
125,14/09/2026 11:59,18,event-state,744,73425,430,22,5,270,16,0,0
126,14/09/2026 11:59,18,event-state,740,73425,428,21,5,267,17,0,0
127,14/09/2026 11:59,18,event-state,750,73425,433,22,6,271,17,0,0
128,14/09/2026 11:59,18,event-state,734,73425,426,21,5,263,17,0,0
129,14/09/2026 11:59,18,event-state,740,73425,427,21,6,268,17,0,0
130,14/09/2026 11:59,18,event-state,761,73425,426,21,5,289,17,0,0
131,14/09/2026 11:59,18,event-state,739,73425,427,22,5,266,17,0,0
132,14/09/2026 11:59,18,event-state,741,73425,428,22,6,267,17,0,0
133,14/09/2026 11:59,18,event-state,751,73425,439,21,5,267,17,0,0
134,14/09/2026 11:59,18,event-state,763,73425,433,25,6,280,16,0,0
135,14/09/2026 11:59,18,event-state,788,73425,449,23,5,292,17,0,0
136,14/09/2026 11:59,18,event-state,738,73425,427,22,5,264,17,0,0
137,14/09/2026 11:59,18,event-state,737,73425,427,21,6,264,17,0,0
138,14/09/2026 11:59,18,event-state,754,73425,425,22,5,282,18,0,0
139,14/09/2026 11:59,18,event-state,737,73425,425,22,5,266,17,0,0
140,14/09/2026 11:59,18,event-state,739,73425,429,21,5,265,17,0,0
141,14/09/2026 11:59,18,event-state,739,73425,427,21,5,266,17,0,0
142,14/09/2026 11:59,18,event-state,748,73425,432,21,6,269,17,0,0
143,14/09/2026 11:59,18,event-state,791,73425,458,21,6,282,23,0,0
144,14/09/2026 11:59,18,event-state,786,73425,452,24,5,286,17,0,0
145,14/09/2026 11:59,18,event-state,768,73425,431,22,5,291,17,0,0
146,14/09/2026 11:59,18,event-state,749,73425,435,22,6,268,17,0,0
147,14/09/2026 11:59,18,event-state,748,73425,429,27,5,268,17,0,0
148,14/09/2026 11:59,18,event-state,759,73425,431,22,6,281,17,0,0
149,14/09/2026 11:59,18,event-state,749,73425,431,22,6,270,17,0,0
150,14/09/2026 11:59,18,event-state,762,73425,434,22,6,281,18,0,0
151,14/09/2026 11:59,18,event-state,750,73425,434,22,5,269,17,0,0
152,14/09/2026 11:59,18,event-state,742,73425,428,22,5,268,17,0,0
153,14/09/2026 11:59,18,event-state,746,73425,430,23,6,268,17,0,0
154,14/09/2026 11:59,18,event-state,739,73425,426,22,6,267,16,0,0
155,14/09/2026 11:59,18,event-state,739,73425,426,23,6,266,17,0,0
156,14/09/2026 11:59,18,event-state,745,73425,430,22,5,269,17,0,0
157,14/09/2026 11:59,18,event-state,760,73425,445,23,6,268,17,0,0
158,14/09/2026 11:59,18,event-state,743,73425,429,22,6,267,17,0,0
159,14/09/2026 11:59,18,event-state,764,73425,427,22,5,290,17,0,0
160,14/09/2026 11:59,18,event-state,750,73425,431,23,5,272,17,0,0
161,14/09/2026 11:59,18,event-state,741,73425,427,22,6,267,17,0,0
162,14/09/2026 11:59,18,event-state,744,73425,431,21,5,268,17,0,0
163,14/09/2026 11:59,18,event-state,751,73425,435,22,5,269,17,0,0
164,14/09/2026 11:59,18,event-state,742,73425,426,22,6,269,17,0,0
165,14/09/2026 11:59,18,event-state,739,73425,427,23,5,265,17,0,0
166,14/09/2026 11:59,18,event-state,741,73425,427,21,5,268,17,0,0
167,14/09/2026 11:59,18,event-state,741,73425,427,21,6,267,17,0,0
168,14/09/2026 11:59,18,event-state,754,73425,437,22,5,270,17,0,0
169,14/09/2026 11:59,18,event-state,744,73425,431,22,5,267,18,0,0
170,14/09/2026 11:59,18,event-state,749,73425,433,23,5,269,17,0,0
171,14/09/2026 11:59,18,event-state,740,73425,428,22,5,266,17,0,0
172,14/09/2026 11:59,18,event-state,745,73425,431,21,6,268,17,0,0
173,14/09/2026 12:00,18,event-state,742,73425,430,20,6,267,17,0,0
174,14/09/2026 12:00,18,event-state,743,73425,428,22,5,268,17,0,0
175,14/09/2026 12:00,18,event-state,742,73425,430,20,5,268,16,0,0
176,14/09/2026 12:00,18,event-state,745,73425,429,22,5,268,17,0,0
177,14/09/2026 12:00,18,event-state,746,73425,433,22,6,266,17,0,0
178,14/09/2026 12:00,18,event-state,778,73425,444,24,6,286,16,0,0
179,14/09/2026 12:00,18,event-state,751,73425,436,21,5,269,17,0,0
180,14/09/2026 12:00,18,event-state,746,73425,435,22,6,265,17,0,0
181,14/09/2026 12:00,18,event-state,743,73425,428,23,5,268,17,0,0
182,14/09/2026 12:00,18,event-state,743,73425,429,22,5,268,17,0,0
183,14/09/2026 12:00,18,event-state,733,73425,424,22,5,262,17,0,0
184,14/09/2026 12:00,18,event-state,778,73425,452,30,6,272,17,0,0
185,14/09/2026 12:00,18,event-state,759,73425,440,23,6,271,17,0,0
186,14/09/2026 12:00,18,event-state,741,73425,429,22,5,267,17,0,0
187,14/09/2026 12:00,18,event-state,741,73425,429,22,5,266,17,0,0
188,14/09/2026 12:00,18,event-state,749,73425,437,23,6,265,17,0,0
189,14/09/2026 12:00,18,event-state,739,73425,427,21,5,267,16,0,0
190,14/09/2026 12:00,18,event-state,744,73425,431,21,5,267,17,0,0
191,14/09/2026 12:00,18,event-state,754,73425,434,26,6,270,17,0,0
192,14/09/2026 12:00,18,event-state,738,73425,425,22,5,266,17,0,0
193,14/09/2026 12:00,18,event-state,738,73425,429,22,5,263,17,0,0
194,14/09/2026 12:00,18,event-state,740,73425,427,22,6,267,17,0,0
195,14/09/2026 12:00,18,event-state,757,73425,434,22,6,276,17,0,0
196,14/09/2026 12:00,18,event-state,739,73425,427,22,5,266,17,0,0
197,14/09/2026 12:00,18,event-state,748,73425,431,23,6,269,16,0,0
198,14/09/2026 12:00,18,event-state,748,73425,433,22,5,268,17,0,0
199,14/09/2026 12:00,18,event-state,743,73425,428,23,6,267,17,0,0
200,14/09/2026 12:00,18,event-state,740,73425,427,22,5,266,17,0,0
1,14/09/2026 12:00,27,event-state,1045,73409,592,95,8,331,18,0,0
2,14/09/2026 12:00,27,event-state,749,73409,427,28,5,270,17,0,0
3,14/09/2026 12:00,27,event-state,757,73409,431,28,6,272,18,0,0
4,14/09/2026 12:00,27,event-state,780,73409,437,32,6,286,18,0,0
5,14/09/2026 12:00,27,event-state,749,73409,428,27,6,269,18,0,0
6,14/09/2026 12:00,27,event-state,763,73409,434,28,6,275,18,0,0
7,14/09/2026 12:00,27,event-state,762,73409,432,29,6,276,17,0,0
8,14/09/2026 12:00,27,event-state,750,73409,426,29,6,269,17,0,0
9,14/09/2026 12:00,27,event-state,758,73409,433,27,5,273,17,0,0
10,14/09/2026 12:00,27,event-state,791,73409,447,29,6,289,18,0,0
11,14/09/2026 12:00,27,event-state,815,73409,447,31,6,307,22,0,0
12,14/09/2026 12:00,27,event-state,748,73409,426,27,6,270,17,0,0
13,14/09/2026 12:00,27,event-state,789,73409,436,35,6,293,17,0,0
14,14/09/2026 12:00,27,event-state,749,73409,428,28,5,268,18,0,0
15,14/09/2026 12:00,27,event-state,752,73411,429,28,5,270,18,0,0
16,14/09/2026 12:00,27,event-state,754,73409,430,27,5,272,17,0,0
17,14/09/2026 12:00,27,event-state,752,73409,428,29,5,270,17,0,0
18,14/09/2026 12:00,27,event-state,753,73409,429,29,5,270,18,0,0
19,14/09/2026 12:00,27,event-state,758,73409,430,27,6,275,18,0,0
20,14/09/2026 12:00,27,event-state,762,73409,435,29,6,273,17,0,0
21,14/09/2026 12:00,27,event-state,757,73409,433,28,5,272,17,0,0
22,14/09/2026 12:00,27,event-state,764,73409,437,27,6,275,17,0,0
23,14/09/2026 12:00,27,event-state,757,73409,431,29,5,272,18,0,0
24,14/09/2026 12:00,27,event-state,747,73409,426,27,5,270,17,0,0
25,14/09/2026 12:00,27,event-state,750,73409,426,29,5,270,18,0,0
26,14/09/2026 12:00,27,event-state,752,73409,429,28,5,271,17,0,0
27,14/09/2026 12:00,27,event-state,753,73409,427,28,5,272,18,0,0
28,14/09/2026 12:00,27,event-state,749,73410,428,28,5,269,17,0,0
29,14/09/2026 12:00,27,event-state,750,73409,429,28,5,268,18,0,0
30,14/09/2026 12:00,27,event-state,750,73409,426,27,6,272,17,0,0
31,14/09/2026 12:00,27,event-state,779,73409,443,33,6,277,18,0,0
32,14/09/2026 12:00,27,event-state,751,73409,429,26,5,270,18,0,0
33,14/09/2026 12:00,27,event-state,792,73409,434,35,6,298,18,0,0
34,14/09/2026 12:00,27,event-state,750,73409,431,28,6,265,18,0,0
35,14/09/2026 12:00,27,event-state,752,73409,430,27,5,270,18,0,0
36,14/09/2026 12:00,27,event-state,751,73409,430,28,6,269,17,0,0
37,14/09/2026 12:00,27,event-state,759,73409,430,27,6,277,17,0,0
38,14/09/2026 12:00,27,event-state,749,73409,426,28,6,269,17,0,0
39,14/09/2026 12:00,27,event-state,758,73409,434,27,6,271,18,0,0
40,14/09/2026 12:00,27,event-state,759,73409,429,26,6,277,18,0,0
41,14/09/2026 12:01,27,event-state,775,73409,443,30,6,276,18,0,0
42,14/09/2026 12:01,27,event-state,750,73409,429,27,5,269,17,0,0
43,14/09/2026 12:01,27,event-state,751,73409,428,27,5,271,18,0,0
44,14/09/2026 12:01,27,event-state,785,73409,443,31,8,284,17,0,0
45,14/09/2026 12:01,27,event-state,762,73409,436,28,5,273,17,0,0
46,14/09/2026 12:01,27,event-state,750,73409,426,28,5,271,17,0,0
47,14/09/2026 12:01,27,event-state,788,73409,433,29,6,299,19,0,0
48,14/09/2026 12:01,27,event-state,760,73409,432,30,5,273,17,0,0
49,14/09/2026 12:01,27,event-state,748,73409,427,28,5,268,17,0,0
50,14/09/2026 12:01,27,event-state,748,73410,428,28,5,267,18,0,0
51,14/09/2026 12:01,27,event-state,757,73409,430,28,6,274,18,0,0
52,14/09/2026 12:01,27,event-state,750,73409,427,28,5,271,18,0,0
53,14/09/2026 12:01,27,event-state,774,73409,430,28,6,290,19,0,0
54,14/09/2026 12:01,27,event-state,806,73409,428,31,5,322,18,0,0
55,14/09/2026 12:01,27,event-state,755,73409,427,29,6,273,18,0,0
56,14/09/2026 12:01,27,event-state,757,73409,431,27,5,273,18,0,0
57,14/09/2026 12:01,27,event-state,763,73409,431,27,5,280,18,0,0
58,14/09/2026 12:01,27,event-state,754,73409,432,28,5,269,17,0,0
59,14/09/2026 12:01,27,event-state,747,73409,426,27,5,269,17,0,0
60,14/09/2026 12:01,27,event-state,758,73409,429,27,6,276,18,0,0
61,14/09/2026 12:01,27,event-state,761,73409,440,27,5,269,17,0,0
62,14/09/2026 12:01,27,event-state,751,73409,427,29,5,270,17,0,0
63,14/09/2026 12:01,27,event-state,758,73409,437,27,6,269,18,0,0
64,14/09/2026 12:01,27,event-state,781,73409,428,28,5,299,19,0,0
65,14/09/2026 12:01,27,event-state,750,73409,428,27,5,270,18,0,0
66,14/09/2026 12:01,27,event-state,753,73409,431,28,5,270,18,0,0
67,14/09/2026 12:01,27,event-state,754,73409,430,27,6,270,19,0,0
68,14/09/2026 12:01,27,event-state,759,73409,431,29,5,273,18,0,0
69,14/09/2026 12:01,27,event-state,760,73409,427,28,5,280,18,0,0
70,14/09/2026 12:01,27,event-state,750,73409,429,27,5,268,17,0,0
71,14/09/2026 12:01,27,event-state,757,73409,432,28,5,272,18,0,0
72,14/09/2026 12:01,27,event-state,757,73409,431,29,6,272,18,0,0
73,14/09/2026 12:01,27,event-state,760,73409,432,34,6,269,17,0,0
74,14/09/2026 12:01,27,event-state,756,73409,432,28,6,271,18,0,0
75,14/09/2026 12:01,27,event-state,750,73409,428,27,6,269,17,0,0
76,14/09/2026 12:01,27,event-state,752,73409,429,28,5,271,17,0,0
77,14/09/2026 12:01,27,event-state,760,73409,435,28,5,272,18,0,0
78,14/09/2026 12:01,27,event-state,752,73409,429,29,5,269,17,0,0
79,14/09/2026 12:01,27,event-state,758,73409,432,29,5,272,17,0,0
80,14/09/2026 12:01,27,event-state,762,73409,428,29,5,281,17,0,0
81,14/09/2026 12:01,27,event-state,829,73410,442,32,8,328,18,0,0
82,14/09/2026 12:01,27,event-state,767,73409,436,30,6,275,17,0,0
83,14/09/2026 12:01,27,event-state,769,73409,425,28,5,292,18,0,0
84,14/09/2026 12:01,27,event-state,753,73409,428,29,6,270,17,0,0
85,14/09/2026 12:01,27,event-state,757,73409,430,29,6,272,18,0,0
86,14/09/2026 12:01,27,event-state,751,73409,428,29,6,269,17,0,0
87,14/09/2026 12:01,27,event-state,759,73409,434,27,6,272,18,0,0
88,14/09/2026 12:01,27,event-state,757,73409,428,28,6,275,17,0,0
89,14/09/2026 12:01,27,event-state,754,73409,429,30,5,270,17,0,0
90,14/09/2026 12:01,27,event-state,765,73409,432,29,6,278,18,0,0
91,14/09/2026 12:01,27,event-state,746,73409,425,27,5,269,17,0,0
92,14/09/2026 12:01,27,event-state,785,73409,429,27,6,303,18,0,0
93,14/09/2026 12:01,27,event-state,748,73409,429,26,6,269,17,0,0
94,14/09/2026 12:01,27,event-state,751,73409,428,28,6,270,17,0,0
95,14/09/2026 12:01,27,event-state,761,73409,432,29,6,274,18,0,0
96,14/09/2026 12:01,27,event-state,751,73409,429,28,5,268,18,0,0
97,14/09/2026 12:01,27,event-state,753,73409,429,29,5,271,17,0,0
98,14/09/2026 12:01,27,event-state,746,73409,426,27,5,269,17,0,0
99,14/09/2026 12:01,27,event-state,797,73409,450,32,8,287,18,0,0
100,14/09/2026 12:01,27,event-state,752,73409,429,27,5,272,17,0,0
101,14/09/2026 12:01,27,event-state,749,73409,427,27,6,270,18,0,0
102,14/09/2026 12:01,27,event-state,753,73409,431,27,5,271,18,0,0
103,14/09/2026 12:01,27,event-state,803,73409,440,34,6,303,18,0,0
104,14/09/2026 12:01,27,event-state,766,73409,431,28,6,281,19,0,0
105,14/09/2026 12:01,27,event-state,752,73409,430,28,5,270,17,0,0
106,14/09/2026 12:01,27,event-state,751,73409,428,28,5,269,18,0,0
107,14/09/2026 12:01,27,event-state,778,73409,428,28,6,296,17,0,0
108,14/09/2026 12:01,27,event-state,760,73409,431,28,6,276,18,0,0
109,14/09/2026 12:02,27,event-state,751,73409,428,28,6,269,18,0,0
110,14/09/2026 12:02,27,event-state,777,73409,436,28,6,289,17,0,0
111,14/09/2026 12:02,27,event-state,755,73409,431,27,6,272,18,0,0
112,14/09/2026 12:02,27,event-state,753,73409,430,27,6,271,17,0,0
113,14/09/2026 12:02,27,event-state,751,73409,428,28,6,270,17,0,0
114,14/09/2026 12:02,27,event-state,753,73409,429,29,5,271,17,0,0
115,14/09/2026 12:02,27,event-state,750,73409,427,28,6,270,17,0,0
116,14/09/2026 12:02,27,event-state,754,73409,430,28,5,271,19,0,0
117,14/09/2026 12:02,27,event-state,751,73409,428,28,5,269,18,0,0
118,14/09/2026 12:02,27,event-state,758,73409,431,28,5,273,18,0,0
119,14/09/2026 12:02,27,event-state,750,73409,428,28,5,270,18,0,0
120,14/09/2026 12:02,27,event-state,758,73410,434,28,5,271,18,0,0
121,14/09/2026 12:02,27,event-state,756,73409,430,28,5,272,18,0,0
122,14/09/2026 12:02,27,event-state,748,73409,426,27,5,270,18,0,0
123,14/09/2026 12:02,27,event-state,749,73409,429,26,5,268,18,0,0
124,14/09/2026 12:02,27,event-state,756,73409,431,29,6,271,18,0,0
125,14/09/2026 12:02,27,event-state,775,73409,436,29,8,282,17,0,0
126,14/09/2026 12:02,27,event-state,753,73409,429,28,6,271,18,0,0
127,14/09/2026 12:02,27,event-state,759,73409,433,27,6,273,18,0,0
128,14/09/2026 12:02,27,event-state,785,73409,443,29,6,287,18,0,0
129,14/09/2026 12:02,27,event-state,748,73409,426,27,5,269,18,0,0
130,14/09/2026 12:02,27,event-state,794,73409,433,35,9,298,18,0,0
131,14/09/2026 12:02,27,event-state,776,73409,431,28,5,291,18,0,0
132,14/09/2026 12:02,27,event-state,750,73409,426,29,6,270,17,0,0
133,14/09/2026 12:02,27,event-state,792,73409,429,31,6,306,18,0,0
134,14/09/2026 12:02,27,event-state,788,73409,433,29,6,302,18,0,0
135,14/09/2026 12:02,27,event-state,769,73409,431,28,5,285,18,0,0
136,14/09/2026 12:02,27,event-state,750,73409,426,27,5,271,18,0,0
137,14/09/2026 12:02,27,event-state,760,73409,433,29,5,273,18,0,0
138,14/09/2026 12:02,27,event-state,812,73409,447,37,6,301,18,0,0
139,14/09/2026 12:02,27,event-state,763,73409,442,29,5,267,17,0,0
140,14/09/2026 12:02,27,event-state,753,73409,429,29,5,271,18,0,0
141,14/09/2026 12:02,27,event-state,747,73409,427,26,6,269,17,0,0
142,14/09/2026 12:02,27,event-state,756,73409,432,28,6,271,18,0,0
143,14/09/2026 12:02,27,event-state,827,73409,452,35,8,313,18,0,0
144,14/09/2026 12:02,27,event-state,759,73409,432,28,5,275,17,0,0
145,14/09/2026 12:02,27,event-state,751,73409,428,28,6,270,18,0,0
146,14/09/2026 12:02,27,event-state,754,73409,429,28,6,271,17,0,0
147,14/09/2026 12:02,27,event-state,751,73409,429,28,6,269,18,0,0
148,14/09/2026 12:02,27,event-state,761,73409,432,30,6,275,18,0,0
149,14/09/2026 12:02,27,event-state,753,73409,431,27,6,271,17,0,0
150,14/09/2026 12:02,27,event-state,751,73409,428,29,5,270,17,0,0
151,14/09/2026 12:02,27,event-state,750,73409,429,28,6,269,17,0,0
152,14/09/2026 12:02,27,event-state,751,73409,428,27,6,271,17,0,0
153,14/09/2026 12:02,27,event-state,794,73409,432,28,5,309,17,0,0
154,14/09/2026 12:02,27,event-state,749,73409,427,28,5,269,17,0,0
155,14/09/2026 12:02,27,event-state,771,73409,448,30,5,268,18,0,0
156,14/09/2026 12:02,27,event-state,802,73409,433,32,6,305,25,0,0
157,14/09/2026 12:02,27,event-state,813,73409,460,31,6,296,18,0,0
158,14/09/2026 12:02,27,event-state,752,73409,430,28,6,269,17,0,0
159,14/09/2026 12:02,27,event-state,748,73409,425,28,6,270,17,0,0
160,14/09/2026 12:02,27,event-state,750,73409,428,27,5,271,18,0,0
161,14/09/2026 12:02,27,event-state,752,73409,428,28,6,271,18,0,0
162,14/09/2026 12:02,27,event-state,765,73409,440,28,6,272,18,0,0
163,14/09/2026 12:02,27,event-state,755,73409,430,28,6,272,17,0,0
164,14/09/2026 12:02,27,event-state,750,73409,429,27,6,269,17,0,0
165,14/09/2026 12:02,27,event-state,751,73409,428,28,6,271,17,0,0
166,14/09/2026 12:02,27,event-state,748,73409,424,29,5,270,17,0,0
167,14/09/2026 12:02,27,event-state,777,73409,428,28,6,294,19,0,0
168,14/09/2026 12:02,27,event-state,754,73409,427,28,6,274,18,0,0
169,14/09/2026 12:02,27,event-state,771,73409,432,27,6,285,19,0,0
170,14/09/2026 12:02,27,event-state,747,73409,426,27,5,270,17,0,0
171,14/09/2026 12:02,27,event-state,759,73409,432,29,6,272,18,0,0
172,14/09/2026 12:02,27,event-state,749,73409,428,28,5,269,17,0,0
173,14/09/2026 12:02,27,event-state,760,73409,433,29,5,274,17,0,0
174,14/09/2026 12:02,27,event-state,750,73409,430,28,5,266,17,0,0
175,14/09/2026 12:02,27,event-state,755,73409,430,29,5,272,18,0,0
176,14/09/2026 12:02,27,event-state,777,73409,440,28,6,284,18,0,0
177,14/09/2026 12:03,27,event-state,749,73409,425,29,5,271,17,0,0
178,14/09/2026 12:03,27,event-state,751,73409,430,27,6,269,17,0,0
179,14/09/2026 12:03,27,event-state,753,73409,422,28,6,278,18,0,0
180,14/09/2026 12:03,27,event-state,744,73409,426,27,5,267,17,0,0
181,14/09/2026 12:03,27,event-state,765,73409,434,30,6,276,18,0,0
182,14/09/2026 12:03,27,event-state,758,73409,431,29,5,273,18,0,0
183,14/09/2026 12:03,27,event-state,818,73409,448,35,7,308,18,0,0
184,14/09/2026 12:03,27,event-state,749,73409,428,27,5,269,17,0,0
185,14/09/2026 12:03,27,event-state,756,73409,429,28,6,273,18,0,0
186,14/09/2026 12:03,27,event-state,750,73409,429,27,5,269,18,0,0
187,14/09/2026 12:03,27,event-state,812,73409,449,32,6,300,23,0,0
188,14/09/2026 12:03,27,event-state,749,73409,427,28,6,269,18,0,0
189,14/09/2026 12:03,27,event-state,763,73409,431,35,5,272,18,0,0
190,14/09/2026 12:03,27,event-state,771,73409,428,29,6,289,18,0,0
191,14/09/2026 12:03,27,event-state,783,73409,431,27,6,300,18,0,0
192,14/09/2026 12:03,27,event-state,804,73409,442,31,6,306,18,0,0
193,14/09/2026 12:03,27,event-state,759,73409,429,27,5,279,17,0,0
194,14/09/2026 12:03,27,event-state,758,73409,428,27,5,273,22,0,0
195,14/09/2026 12:03,27,event-state,750,73409,427,28,5,270,17,0,0
196,14/09/2026 12:03,27,event-state,790,73409,435,31,6,299,18,0,0
197,14/09/2026 12:03,27,event-state,759,73409,432,29,5,273,18,0,0
198,14/09/2026 12:03,27,event-state,748,73409,429,28,5,266,17,0,0
199,14/09/2026 12:03,27,event-state,821,73409,458,32,6,301,22,0,0
200,14/09/2026 12:03,27,event-state,785,73409,450,42,6,267,17,0,0
1,14/09/2026 12:03,36,event-state,1222,73410,760,81,7,355,18,0,0
2,14/09/2026 12:03,36,event-state,753,73410,425,33,6,271,18,0,0
3,14/09/2026 12:03,36,event-state,782,73410,442,39,6,276,17,0,0
4,14/09/2026 12:03,36,event-state,876,73410,476,45,8,326,20,0,0
5,14/09/2026 12:03,36,event-state,761,73410,428,34,6,274,18,0,0
6,14/09/2026 12:03,36,event-state,791,73410,434,37,7,294,18,0,0
7,14/09/2026 12:03,36,event-state,780,73410,428,33,6,294,17,0,0
8,14/09/2026 12:03,36,event-state,768,73410,435,34,6,273,18,0,0
9,14/09/2026 12:03,36,event-state,768,73410,434,33,6,275,17,0,0
10,14/09/2026 12:03,36,event-state,763,73410,433,33,6,272,18,0,0
11,14/09/2026 12:03,36,event-state,800,73410,430,32,6,307,23,0,0
12,14/09/2026 12:03,36,event-state,813,73410,440,41,7,304,18,0,0
13,14/09/2026 12:03,36,event-state,789,73410,447,39,6,278,18,0,0
14,14/09/2026 12:03,36,event-state,762,73410,432,32,6,272,18,0,0
15,14/09/2026 12:03,36,event-state,761,73410,435,32,5,269,18,0,0
16,14/09/2026 12:03,36,event-state,763,73410,432,33,6,272,18,0,0
17,14/09/2026 12:03,36,event-state,755,73410,426,34,5,270,18,0,0
18,14/09/2026 12:03,36,event-state,757,73410,426,33,6,272,18,0,0
19,14/09/2026 12:03,36,event-state,772,73410,434,33,6,278,18,0,0
20,14/09/2026 12:03,36,event-state,752,73411,427,32,6,268,18,0,0
21,14/09/2026 12:03,36,event-state,769,73410,435,33,6,276,18,0,0
22,14/09/2026 12:03,36,event-state,825,73410,464,39,6,296,18,0,0
23,14/09/2026 12:03,36,event-state,757,73410,428,33,6,270,18,0,0
24,14/09/2026 12:03,36,event-state,790,73409,445,44,6,275,18,0,0
25,14/09/2026 12:03,36,event-state,755,73410,427,32,6,272,18,0,0
26,14/09/2026 12:03,36,event-state,801,73410,429,45,7,300,18,0,0
27,14/09/2026 12:03,36,event-state,756,73410,427,33,6,270,18,0,0
28,14/09/2026 12:03,36,event-state,770,73410,432,33,6,280,18,0,0
29,14/09/2026 12:03,36,event-state,765,73410,429,35,6,276,18,0,0
30,14/09/2026 12:03,36,event-state,757,73410,429,32,6,270,18,0,0
31,14/09/2026 12:03,36,event-state,763,73410,432,32,6,274,18,0,0
32,14/09/2026 12:03,36,event-state,819,73410,451,45,6,297,18,0,0
33,14/09/2026 12:03,36,event-state,754,73410,425,34,6,270,18,0,0
34,14/09/2026 12:03,36,event-state,757,73410,430,31,6,270,18,0,0
35,14/09/2026 12:03,36,event-state,767,73410,436,34,6,272,17,0,0
36,14/09/2026 12:03,36,event-state,818,73410,444,38,6,301,28,0,0
37,14/09/2026 12:03,36,event-state,760,73410,426,33,5,276,17,0,0
38,14/09/2026 12:03,36,event-state,795,73410,438,39,8,290,18,0,0
39,14/09/2026 12:03,36,event-state,763,73410,432,33,5,273,18,0,0
40,14/09/2026 12:03,36,event-state,761,73409,431,30,6,273,18,0,0
41,14/09/2026 12:03,36,event-state,804,73410,456,43,7,279,17,0,0
42,14/09/2026 12:04,36,event-state,757,73410,428,34,6,269,18,0,0
43,14/09/2026 12:04,36,event-state,755,73410,428,32,6,270,18,0,0
44,14/09/2026 12:04,36,event-state,755,73410,426,33,6,271,18,0,0
45,14/09/2026 12:04,36,event-state,754,73410,427,33,6,269,18,0,0
46,14/09/2026 12:04,36,event-state,762,73410,432,32,6,274,18,0,0
47,14/09/2026 12:04,36,event-state,780,73410,428,33,6,291,19,0,0
48,14/09/2026 12:04,36,event-state,757,73410,429,32,6,270,18,0,0
49,14/09/2026 12:04,36,event-state,756,73410,428,31,5,271,18,0,0
50,14/09/2026 12:04,36,event-state,754,73410,427,32,6,269,18,0,0
51,14/09/2026 12:04,36,event-state,756,73410,427,33,6,271,18,0,0
52,14/09/2026 12:04,36,event-state,762,73410,430,33,5,273,18,0,0
53,14/09/2026 12:04,36,event-state,779,73425,430,48,7,275,17,0,0
54,14/09/2026 12:04,36,event-state,760,73410,429,33,6,273,18,0,0
55,14/09/2026 12:04,36,event-state,761,73410,429,34,6,272,18,0,0
56,14/09/2026 12:04,36,event-state,753,73410,425,32,6,271,17,0,0
57,14/09/2026 12:04,36,event-state,755,73410,427,33,6,270,18,0,0
58,14/09/2026 12:04,36,event-state,758,73410,426,34,6,273,18,0,0
59,14/09/2026 12:04,36,event-state,760,73410,430,34,6,271,18,0,0
60,14/09/2026 12:04,36,event-state,765,73410,430,33,6,276,18,0,0
61,14/09/2026 12:04,36,event-state,765,73410,432,34,6,273,17,0,0
62,14/09/2026 12:04,36,event-state,811,73410,450,44,6,291,18,0,0
63,14/09/2026 12:04,36,event-state,759,73410,429,32,6,272,18,0,0
64,14/09/2026 12:04,36,event-state,791,73410,426,43,6,295,18,0,0
65,14/09/2026 12:04,36,event-state,757,73410,427,33,6,272,18,0,0
66,14/09/2026 12:04,36,event-state,784,73410,427,33,6,299,18,0,0
67,14/09/2026 12:04,36,event-state,822,73410,446,45,7,304,18,0,0
68,14/09/2026 12:04,36,event-state,786,73410,428,34,6,295,21,0,0
69,14/09/2026 12:04,36,event-state,767,73410,434,34,6,274,18,0,0
70,14/09/2026 12:04,36,event-state,757,73410,427,34,6,270,18,0,0
71,14/09/2026 12:04,36,event-state,827,73410,450,43,7,306,19,0,0
72,14/09/2026 12:04,36,event-state,759,73410,429,33,6,272,18,0,0
73,14/09/2026 12:04,36,event-state,755,73409,428,32,6,270,18,0,0
74,14/09/2026 12:04,36,event-state,767,73410,432,33,6,277,18,0,0
75,14/09/2026 12:04,36,event-state,764,73410,433,33,6,272,18,0,0
76,14/09/2026 12:04,36,event-state,761,73410,427,33,6,276,18,0,0
77,14/09/2026 12:04,36,event-state,768,73410,434,35,6,274,18,0,0
78,14/09/2026 12:04,36,event-state,763,73410,431,34,6,273,18,0,0
79,14/09/2026 12:04,36,event-state,756,73410,427,33,6,270,18,0,0
80,14/09/2026 12:04,36,event-state,755,73410,428,32,6,270,17,0,0
81,14/09/2026 12:04,36,event-state,756,73410,427,33,6,270,18,0,0
82,14/09/2026 12:04,36,event-state,752,73410,426,32,6,269,18,0,0
83,14/09/2026 12:04,36,event-state,757,73410,428,33,6,271,18,0,0
84,14/09/2026 12:04,36,event-state,766,73410,428,39,6,274,18,0,0
85,14/09/2026 12:04,36,event-state,769,73410,439,31,6,273,18,0,0
86,14/09/2026 12:04,36,event-state,771,73425,441,33,6,271,18,0,0
87,14/09/2026 12:04,36,event-state,758,73410,429,32,6,272,17,0,0
88,14/09/2026 12:04,36,event-state,773,73410,432,39,5,277,18,0,0
89,14/09/2026 12:04,36,event-state,760,73410,428,33,6,274,17,0,0
90,14/09/2026 12:04,36,event-state,757,73411,430,32,6,269,18,0,0
91,14/09/2026 12:04,36,event-state,764,73410,435,34,6,269,18,0,0
92,14/09/2026 12:04,36,event-state,823,73410,446,43,9,307,18,0,0
93,14/09/2026 12:04,36,event-state,777,73410,433,33,6,286,18,0,0
94,14/09/2026 12:04,36,event-state,792,73410,428,34,7,294,27,0,0
95,14/09/2026 12:04,36,event-state,792,73410,437,33,6,297,18,0,0
96,14/09/2026 12:04,36,event-state,767,73410,434,33,6,275,18,0,0
97,14/09/2026 12:04,36,event-state,784,73410,424,36,7,297,18,0,0
98,14/09/2026 12:04,36,event-state,758,73410,426,34,6,273,17,0,0
99,14/09/2026 12:04,36,event-state,754,73410,425,33,6,270,18,0,0
100,14/09/2026 12:04,36,event-state,771,73410,426,35,6,284,18,0,0
101,14/09/2026 12:04,36,event-state,796,73410,435,33,6,301,19,0,0
102,14/09/2026 12:04,36,event-state,754,73410,427,31,6,270,18,0,0
103,14/09/2026 12:04,36,event-state,770,73411,425,33,6,287,18,0,0
104,14/09/2026 12:04,36,event-state,766,73410,437,31,6,273,18,0,0
105,14/09/2026 12:04,36,event-state,765,73410,437,32,6,271,17,0,0
106,14/09/2026 12:04,36,event-state,752,73410,426,32,6,268,17,0,0
107,14/09/2026 12:04,36,event-state,755,73410,429,32,5,269,17,0,0
108,14/09/2026 12:04,36,event-state,759,73410,428,33,6,272,18,0,0
109,14/09/2026 12:05,36,event-state,758,73409,428,31,6,273,18,0,0
110,14/09/2026 12:05,36,event-state,771,73410,434,35,6,278,18,0,0
111,14/09/2026 12:05,36,event-state,757,73410,429,32,5,270,18,0,0
112,14/09/2026 12:05,36,event-state,758,73410,431,32,6,270,18,0,0
113,14/09/2026 12:05,36,event-state,763,73410,431,34,6,272,18,0,0
114,14/09/2026 12:05,36,event-state,788,73410,430,35,6,297,19,0,0
115,14/09/2026 12:05,36,event-state,755,73410,427,33,6,271,18,0,0
116,14/09/2026 12:05,36,event-state,759,73410,429,33,6,272,17,0,0
117,14/09/2026 12:05,36,event-state,769,73410,437,33,6,273,18,0,0
118,14/09/2026 12:05,36,event-state,781,73410,426,34,6,295,18,0,0
119,14/09/2026 12:05,36,event-state,808,73409,441,45,6,296,18,0,0
120,14/09/2026 12:05,36,event-state,760,73409,429,33,6,273,18,0,0
121,14/09/2026 12:05,36,event-state,766,73409,432,34,6,274,18,0,0
122,14/09/2026 12:05,36,event-state,761,73410,432,33,6,270,18,0,0
123,14/09/2026 12:05,36,event-state,758,73410,428,33,6,271,18,0,0
124,14/09/2026 12:05,36,event-state,765,73410,433,33,6,274,18,0,0
125,14/09/2026 12:05,36,event-state,749,73410,427,31,6,266,17,0,0
126,14/09/2026 12:05,36,event-state,759,73410,428,34,6,271,17,0,0
127,14/09/2026 12:05,36,event-state,752,73410,424,34,6,269,18,0,0
128,14/09/2026 12:05,36,event-state,801,73410,454,37,6,284,18,0,0
129,14/09/2026 12:05,36,event-state,753,73410,425,32,6,270,18,0,0
130,14/09/2026 12:05,36,event-state,773,73409,428,32,5,287,18,0,0
131,14/09/2026 12:05,36,event-state,764,73410,431,35,6,273,18,0,0
132,14/09/2026 12:05,36,event-state,764,73410,432,34,6,273,18,0,0
133,14/09/2026 12:05,36,event-state,755,73410,427,33,6,270,18,0,0
134,14/09/2026 12:05,36,event-state,757,73409,427,32,6,273,18,0,0
135,14/09/2026 12:05,36,event-state,764,73410,429,34,6,275,18,0,0
136,14/09/2026 12:05,36,event-state,760,73410,429,33,6,272,18,0,0
137,14/09/2026 12:05,36,event-state,750,73410,425,34,5,267,17,0,0
138,14/09/2026 12:05,36,event-state,767,73410,436,33,6,273,18,0,0
139,14/09/2026 12:05,36,event-state,756,73409,428,33,6,269,18,0,0
140,14/09/2026 12:05,36,event-state,811,73410,448,44,7,291,18,0,0
141,14/09/2026 12:05,36,event-state,797,73410,431,37,6,304,18,0,0
142,14/09/2026 12:05,36,event-state,754,73410,427,32,6,270,18,0,0
143,14/09/2026 12:05,36,event-state,753,73410,427,33,6,268,18,0,0
144,14/09/2026 12:05,36,event-state,789,73410,437,35,6,290,19,0,0
145,14/09/2026 12:05,36,event-state,758,73410,427,31,6,274,18,0,0
146,14/09/2026 12:05,36,event-state,762,73410,434,34,6,269,18,0,0
147,14/09/2026 12:05,36,event-state,772,73410,426,33,6,287,18,0,0
148,14/09/2026 12:05,36,event-state,763,73410,431,33,6,274,18,0,0
149,14/09/2026 12:05,36,event-state,793,73410,432,33,6,302,18,0,0
150,14/09/2026 12:05,36,event-state,766,73410,435,33,6,272,18,0,0
151,14/09/2026 12:05,36,event-state,757,73410,428,32,6,272,18,0,0
152,14/09/2026 12:05,36,event-state,756,73409,428,32,6,271,18,0,0
153,14/09/2026 12:05,36,event-state,767,73410,434,36,6,272,18,0,0
154,14/09/2026 12:05,36,event-state,753,73410,425,33,6,270,17,0,0
155,14/09/2026 12:05,36,event-state,753,73410,428,31,6,269,17,0,0
156,14/09/2026 12:05,36,event-state,788,73410,451,37,6,275,18,0,0
157,14/09/2026 12:05,36,event-state,756,73410,427,32,6,270,18,0,0
158,14/09/2026 12:05,36,event-state,756,73410,428,33,6,270,17,0,0
159,14/09/2026 12:05,36,event-state,776,73410,435,33,6,281,18,0,0
160,14/09/2026 12:05,36,event-state,753,73410,425,33,6,270,18,0,0
161,14/09/2026 12:05,36,event-state,753,73410,424,33,6,272,17,0,0
162,14/09/2026 12:05,36,event-state,753,73410,427,31,5,270,17,0,0
163,14/09/2026 12:05,36,event-state,762,73410,430,34,6,272,18,0,0
164,14/09/2026 12:05,36,event-state,761,73410,432,33,6,271,18,0,0
165,14/09/2026 12:05,36,event-state,751,73410,423,33,6,269,18,0,0
166,14/09/2026 12:05,36,event-state,753,73410,426,32,6,269,18,0,0
167,14/09/2026 12:05,36,event-state,757,73410,427,33,6,271,18,0,0
168,14/09/2026 12:05,36,event-state,798,73410,431,32,6,308,18,0,0
169,14/09/2026 12:05,36,event-state,775,73410,432,33,6,284,18,0,0
170,14/09/2026 12:05,36,event-state,817,73410,440,40,8,308,18,0,0
171,14/09/2026 12:05,36,event-state,791,73410,428,39,6,297,19,0,0
172,14/09/2026 12:05,36,event-state,791,73410,432,41,6,291,18,0,0
173,14/09/2026 12:05,36,event-state,808,73410,447,39,8,294,18,0,0
174,14/09/2026 12:05,36,event-state,764,73410,432,33,6,274,17,0,0
175,14/09/2026 12:05,36,event-state,759,73410,427,33,6,273,18,0,0
176,14/09/2026 12:05,36,event-state,755,73410,427,33,6,270,18,0,0
177,14/09/2026 12:06,36,event-state,753,73410,425,33,6,271,17,0,0
178,14/09/2026 12:06,36,event-state,765,73410,434,33,6,272,18,0,0
179,14/09/2026 12:06,36,event-state,769,73410,443,33,6,269,18,0,0
180,14/09/2026 12:06,36,event-state,756,73410,428,33,6,270,17,0,0
181,14/09/2026 12:06,36,event-state,793,73410,435,32,6,301,18,0,0
182,14/09/2026 12:06,36,event-state,768,73410,440,32,6,270,18,0,0
183,14/09/2026 12:06,36,event-state,753,73410,426,31,5,271,17,0,0
184,14/09/2026 12:06,36,event-state,782,73410,431,33,6,291,19,0,0
185,14/09/2026 12:06,36,event-state,818,73410,448,45,7,298,18,0,0
186,14/09/2026 12:06,36,event-state,760,73410,429,33,6,272,17,0,0
187,14/09/2026 12:06,36,event-state,783,73410,440,38,7,279,18,0,0
188,14/09/2026 12:06,36,event-state,783,73410,433,32,6,290,21,0,0
189,14/09/2026 12:06,36,event-state,769,73410,432,33,6,278,18,0,0
190,14/09/2026 12:06,36,event-state,760,73410,430,32,6,273,17,0,0
191,14/09/2026 12:06,36,event-state,762,73410,433,33,6,270,18,0,0
192,14/09/2026 12:06,36,event-state,759,73409,429,32,6,272,18,0,0
193,14/09/2026 12:06,36,event-state,758,73410,428,33,6,272,18,0,0
194,14/09/2026 12:06,36,event-state,766,73410,438,32,6,272,17,0,0
195,14/09/2026 12:06,36,event-state,753,73410,425,33,6,270,18,0,0
196,14/09/2026 12:06,36,event-state,765,73410,431,34,7,273,18,0,0
197,14/09/2026 12:06,36,event-state,762,73410,432,32,6,272,18,0,0
198,14/09/2026 12:06,36,event-state,756,73409,425,33,6,272,18,0,0
199,14/09/2026 12:06,36,event-state,756,73410,426,33,6,271,18,0,0
200,14/09/2026 12:06,36,event-state,803,73409,438,39,6,299,19,0,0
1,14/09/2026 12:06,45,event-state,977,73409,557,90,10,300,18,0,0
2,14/09/2026 12:06,45,event-state,763,73409,428,38,6,272,18,0,0
3,14/09/2026 12:06,45,event-state,765,73409,428,36,6,275,18,0,0
4,14/09/2026 12:06,45,event-state,787,73409,429,37,6,294,19,0,0
5,14/09/2026 12:06,45,event-state,793,73409,427,38,7,301,18,0,0
6,14/09/2026 12:06,45,event-state,826,73409,432,37,6,323,26,0,0
7,14/09/2026 12:06,45,event-state,773,73409,438,36,6,273,18,0,0
8,14/09/2026 12:06,45,event-state,774,73409,433,38,6,277,18,0,0
9,14/09/2026 12:06,45,event-state,763,73409,427,38,6,273,18,0,0
10,14/09/2026 12:06,45,event-state,804,73409,430,37,6,310,19,0,0
11,14/09/2026 12:06,45,event-state,784,73409,441,37,6,280,18,0,0
12,14/09/2026 12:06,45,event-state,764,73409,426,38,6,274,18,0,0
13,14/09/2026 12:06,45,event-state,769,73409,432,37,6,274,18,0,0
14,14/09/2026 12:06,45,event-state,767,73409,428,38,6,275,18,0,0
15,14/09/2026 12:06,45,event-state,774,73409,430,40,6,278,18,0,0
16,14/09/2026 12:06,45,event-state,802,73409,434,45,7,291,23,0,0
17,14/09/2026 12:06,45,event-state,810,73409,433,39,6,308,22,0,0
18,14/09/2026 12:06,45,event-state,766,73409,430,37,6,273,17,0,0
19,14/09/2026 12:06,45,event-state,771,73409,427,45,6,273,18,0,0
20,14/09/2026 12:06,45,event-state,776,73409,429,37,6,284,18,0,0
21,14/09/2026 12:06,45,event-state,828,73409,444,47,9,307,18,0,0
22,14/09/2026 12:06,45,event-state,781,73409,434,37,6,284,18,0,0
23,14/09/2026 12:06,45,event-state,783,73409,438,39,6,281,17,0,0
24,14/09/2026 12:06,45,event-state,815,73409,450,45,7,294,18,0,0
25,14/09/2026 12:06,45,event-state,784,73409,442,38,6,278,18,0,0
26,14/09/2026 12:06,45,event-state,784,73409,435,37,6,284,19,0,0
27,14/09/2026 12:06,45,event-state,773,73409,432,39,6,275,18,0,0
28,14/09/2026 12:06,45,event-state,767,73409,428,37,6,274,19,0,0
29,14/09/2026 12:06,45,event-state,840,73409,444,59,7,310,18,0,0
30,14/09/2026 12:06,45,event-state,765,73409,427,38,6,273,18,0,0
31,14/09/2026 12:06,45,event-state,782,73409,429,48,7,277,18,0,0
32,14/09/2026 12:06,45,event-state,790,73409,430,38,6,294,19,0,0
33,14/09/2026 12:06,45,event-state,769,73409,430,39,6,274,18,0,0
34,14/09/2026 12:06,45,event-state,766,73409,428,38,6,273,18,0,0
35,14/09/2026 12:06,45,event-state,764,73409,426,39,6,273,18,0,0
36,14/09/2026 12:06,45,event-state,768,73409,429,37,6,276,18,0,0
37,14/09/2026 12:06,45,event-state,765,73409,428,37,6,274,18,0,0
38,14/09/2026 12:06,45,event-state,768,73409,431,37,6,274,18,0,0
39,14/09/2026 12:06,45,event-state,766,73409,426,39,6,275,18,0,0
40,14/09/2026 12:06,45,event-state,765,73409,428,38,6,274,18,0,0
41,14/09/2026 12:06,45,event-state,769,73409,431,38,6,275,18,0,0
42,14/09/2026 12:07,45,event-state,764,73409,429,37,6,272,18,0,0
43,14/09/2026 12:07,45,event-state,807,73409,429,42,6,308,19,0,0
44,14/09/2026 12:07,45,event-state,814,73409,434,48,9,303,18,0,0
45,14/09/2026 12:07,45,event-state,765,73409,430,38,6,272,18,0,0
46,14/09/2026 12:07,45,event-state,786,73409,449,38,6,272,18,0,0
47,14/09/2026 12:07,45,event-state,768,73409,429,40,6,273,18,0,0
48,14/09/2026 12:07,45,event-state,809,73409,443,46,7,293,18,0,0
49,14/09/2026 12:07,45,event-state,765,73409,427,36,6,276,18,0,0
50,14/09/2026 12:07,45,event-state,803,73409,445,39,7,291,18,0,0
51,14/09/2026 12:07,45,event-state,798,73409,432,57,14,275,18,0,0
52,14/09/2026 12:07,45,event-state,811,73409,435,38,6,310,19,0,0
53,14/09/2026 12:07,45,event-state,783,73409,442,39,6,276,18,0,0
54,14/09/2026 12:07,45,event-state,785,73409,435,38,7,286,18,0,0
55,14/09/2026 12:07,45,event-state,775,73409,425,38,6,286,18,0,0
56,14/09/2026 12:07,45,event-state,785,73409,432,39,6,287,18,0,0
57,14/09/2026 12:07,45,event-state,785,73409,448,39,6,272,18,0,0
58,14/09/2026 12:07,45,event-state,776,73409,431,38,6,280,18,0,0
59,14/09/2026 12:07,45,event-state,779,73409,428,39,6,286,18,0,0
60,14/09/2026 12:07,45,event-state,763,73409,427,38,6,272,18,0,0
61,14/09/2026 12:07,45,event-state,785,73409,431,47,9,277,18,0,0
62,14/09/2026 12:07,45,event-state,809,73410,445,44,7,293,18,0,0
63,14/09/2026 12:07,45,event-state,772,73410,431,38,6,276,18,0,0
64,14/09/2026 12:07,45,event-state,763,73409,427,36,6,274,18,0,0
65,14/09/2026 12:07,45,event-state,809,73409,442,52,9,285,18,0,0
66,14/09/2026 12:07,45,event-state,773,73409,432,39,6,275,19,0,0
67,14/09/2026 12:07,45,event-state,764,73409,427,36,6,275,18,0,0
68,14/09/2026 12:07,45,event-state,804,73409,433,40,6,302,22,0,0
69,14/09/2026 12:07,45,event-state,763,73409,428,37,6,272,17,0,0
70,14/09/2026 12:07,45,event-state,819,73409,432,40,6,309,30,0,0
71,14/09/2026 12:07,45,event-state,771,73409,430,38,6,275,19,0,0
72,14/09/2026 12:07,45,event-state,813,73409,438,42,7,304,20,0,0
73,14/09/2026 12:07,45,event-state,834,73409,449,47,9,309,18,0,0
74,14/09/2026 12:07,45,event-state,766,73409,428,38,6,274,18,0,0
75,14/09/2026 12:07,45,event-state,769,73409,431,38,6,274,18,0,0
76,14/09/2026 12:07,45,event-state,774,73409,432,38,6,278,18,0,0
77,14/09/2026 12:07,45,event-state,773,73409,433,37,6,277,18,0,0
78,14/09/2026 12:07,45,event-state,768,73409,432,36,6,273,18,0,0
79,14/09/2026 12:07,45,event-state,762,73410,431,38,6,267,17,0,0
80,14/09/2026 12:07,45,event-state,770,73409,432,39,6,274,18,0,0
81,14/09/2026 12:07,45,event-state,762,73409,427,37,6,272,18,0,0
82,14/09/2026 12:07,45,event-state,777,73409,438,38,6,275,18,0,0
83,14/09/2026 12:07,45,event-state,768,73409,428,38,6,275,17,0,0
84,14/09/2026 12:07,45,event-state,799,73409,453,38,6,283,18,0,0
85,14/09/2026 12:07,45,event-state,766,73409,427,37,6,276,18,0,0
86,14/09/2026 12:07,45,event-state,776,73409,428,37,6,286,18,0,0
87,14/09/2026 12:07,45,event-state,801,73409,440,42,7,291,18,0,0
88,14/09/2026 12:07,45,event-state,798,73409,434,39,6,299,18,0,0
89,14/09/2026 12:07,45,event-state,771,73409,431,38,6,275,18,0,0
90,14/09/2026 12:07,45,event-state,856,73409,449,48,9,329,20,0,0
91,14/09/2026 12:07,45,event-state,817,73409,463,48,7,278,18,0,0
92,14/09/2026 12:07,45,event-state,781,73409,440,39,6,276,18,0,0
93,14/09/2026 12:07,45,event-state,766,73409,428,37,6,275,18,0,0
94,14/09/2026 12:07,45,event-state,798,73409,430,40,6,302,18,0,0
95,14/09/2026 12:07,45,event-state,763,73409,427,39,6,272,18,0,0
96,14/09/2026 12:07,45,event-state,770,73409,432,38,6,274,18,0,0
97,14/09/2026 12:07,45,event-state,770,73409,431,38,6,274,18,0,0
98,14/09/2026 12:07,45,event-state,833,73409,447,51,7,306,20,0,0
99,14/09/2026 12:07,45,event-state,767,73409,429,38,6,273,18,0,0
100,14/09/2026 12:07,45,event-state,766,73409,431,36,6,272,18,0,0
101,14/09/2026 12:07,45,event-state,761,73409,426,37,6,272,17,0,0
102,14/09/2026 12:07,45,event-state,789,73409,426,38,6,297,21,0,0
103,14/09/2026 12:07,45,event-state,765,73409,427,37,6,274,18,0,0
104,14/09/2026 12:07,45,event-state,771,73409,432,38,6,275,18,0,0
105,14/09/2026 12:07,45,event-state,773,73409,431,39,6,277,18,0,0
106,14/09/2026 12:07,45,event-state,775,73409,433,39,6,277,18,0,0
107,14/09/2026 12:07,45,event-state,763,73409,427,37,6,274,18,0,0
108,14/09/2026 12:08,45,event-state,774,73409,431,39,6,278,18,0,0
109,14/09/2026 12:08,45,event-state,773,73409,434,39,6,273,18,0,0
110,14/09/2026 12:08,45,event-state,774,73409,433,39,6,276,18,0,0
111,14/09/2026 12:08,45,event-state,766,73409,427,40,6,273,18,0,0
112,14/09/2026 12:08,45,event-state,766,73409,428,38,6,274,18,0,0
113,14/09/2026 12:08,45,event-state,816,73409,447,42,6,301,18,0,0
114,14/09/2026 12:08,45,event-state,776,73409,432,39,6,279,18,0,0
115,14/09/2026 12:08,45,event-state,795,73409,440,51,7,278,18,0,0
116,14/09/2026 12:08,45,event-state,766,73409,426,40,6,273,18,0,0
117,14/09/2026 12:08,45,event-state,805,73409,443,47,9,286,18,0,0
118,14/09/2026 12:08,45,event-state,775,73409,435,38,6,276,18,0,0
119,14/09/2026 12:08,45,event-state,797,73409,425,38,6,306,19,0,0
120,14/09/2026 12:08,45,event-state,802,73409,428,38,6,305,23,0,0
121,14/09/2026 12:08,45,event-state,761,73409,425,38,6,272,18,0,0
122,14/09/2026 12:08,45,event-state,804,73409,442,48,8,286,18,0,0
123,14/09/2026 12:08,45,event-state,776,73409,431,40,6,278,18,0,0
124,14/09/2026 12:08,45,event-state,766,73409,429,38,6,274,18,0,0
125,14/09/2026 12:08,45,event-state,772,73409,428,39,6,279,18,0,0
126,14/09/2026 12:08,45,event-state,766,73409,430,37,6,273,18,0,0
127,14/09/2026 12:08,45,event-state,765,73409,428,38,6,273,18,0,0
128,14/09/2026 12:08,45,event-state,774,73409,438,37,6,272,18,0,0
129,14/09/2026 12:08,45,event-state,799,73409,428,38,6,305,19,0,0
130,14/09/2026 12:08,45,event-state,804,73409,428,37,6,313,18,0,0
131,14/09/2026 12:08,45,event-state,768,73409,431,37,6,275,18,0,0
132,14/09/2026 12:08,45,event-state,770,73409,430,39,6,275,18,0,0
133,14/09/2026 12:08,45,event-state,793,73409,428,36,6,301,19,0,0
134,14/09/2026 12:08,45,event-state,764,73409,429,37,6,272,18,0,0
135,14/09/2026 12:08,45,event-state,765,73409,428,37,6,274,18,0,0
136,14/09/2026 12:08,45,event-state,769,73409,430,39,6,275,18,0,0
137,14/09/2026 12:08,45,event-state,766,73409,430,37,6,273,18,0,0
138,14/09/2026 12:08,45,event-state,769,73409,426,45,7,272,18,0,0
139,14/09/2026 12:08,45,event-state,762,73409,426,39,6,272,18,0,0
140,14/09/2026 12:08,45,event-state,766,73409,426,39,6,275,18,0,0
141,14/09/2026 12:08,45,event-state,768,73409,430,37,6,275,18,0,0
142,14/09/2026 12:08,45,event-state,776,73409,430,40,6,279,19,0,0
143,14/09/2026 12:08,45,event-state,770,73409,431,36,6,276,18,0,0
144,14/09/2026 12:08,45,event-state,760,73409,425,37,6,271,18,0,0
145,14/09/2026 12:08,45,event-state,773,73409,438,37,6,273,18,0,0
146,14/09/2026 12:08,45,event-state,794,73409,427,37,6,303,18,0,0
147,14/09/2026 12:08,45,event-state,765,73409,431,36,6,273,18,0,0
148,14/09/2026 12:08,45,event-state,782,73409,440,37,6,278,19,0,0
149,14/09/2026 12:08,45,event-state,766,73409,428,39,6,273,18,0,0
150,14/09/2026 12:08,45,event-state,765,73409,429,37,6,272,18,0,0
151,14/09/2026 12:08,45,event-state,773,73409,433,38,6,275,19,0,0
152,14/09/2026 12:08,45,event-state,762,73409,425,38,6,273,18,0,0
153,14/09/2026 12:08,45,event-state,779,73409,441,38,6,275,18,0,0
154,14/09/2026 12:08,45,event-state,787,73409,428,37,7,290,23,0,0
155,14/09/2026 12:08,45,event-state,776,73409,438,37,6,275,18,0,0
156,14/09/2026 12:08,45,event-state,769,73409,429,39,6,276,18,0,0
157,14/09/2026 12:08,45,event-state,817,73409,445,48,9,294,18,0,0
158,14/09/2026 12:08,45,event-state,788,73409,435,37,6,290,18,0,0
159,14/09/2026 12:08,45,event-state,778,73409,439,39,6,274,18,0,0
160,14/09/2026 12:08,45,event-state,769,73409,431,37,6,275,18,0,0
161,14/09/2026 12:08,45,event-state,768,73409,431,37,6,273,18,0,0
162,14/09/2026 12:08,45,event-state,769,73409,429,37,6,277,18,0,0
163,14/09/2026 12:08,45,event-state,763,73409,428,38,6,273,18,0,0
164,14/09/2026 12:08,45,event-state,766,73409,429,38,6,273,18,0,0
165,14/09/2026 12:08,45,event-state,765,73409,428,38,6,273,18,0,0
166,14/09/2026 12:08,45,event-state,771,73409,426,38,6,281,18,0,0
167,14/09/2026 12:08,45,event-state,772,73409,426,38,6,282,18,0,0
168,14/09/2026 12:08,45,event-state,788,73409,428,38,6,296,18,0,0
169,14/09/2026 12:08,45,event-state,764,73409,430,37,6,272,18,0,0
170,14/09/2026 12:08,45,event-state,805,73409,445,47,9,284,18,0,0
171,14/09/2026 12:08,45,event-state,782,73409,427,37,6,290,19,0,0
172,14/09/2026 12:08,45,event-state,781,73409,441,38,6,276,18,0,0
173,14/09/2026 12:08,45,event-state,771,73409,433,38,6,274,18,0,0
174,14/09/2026 12:09,45,event-state,768,73409,430,38,6,274,18,0,0
175,14/09/2026 12:09,45,event-state,776,73409,438,38,6,274,18,0,0
176,14/09/2026 12:09,45,event-state,837,73409,450,49,6,310,19,0,0
177,14/09/2026 12:09,45,event-state,775,73409,428,38,6,283,18,0,0
178,14/09/2026 12:09,45,event-state,769,73409,432,37,6,274,18,0,0
179,14/09/2026 12:09,45,event-state,775,73409,438,37,6,274,18,0,0
180,14/09/2026 12:09,45,event-state,826,73409,462,48,7,289,18,0,0
181,14/09/2026 12:09,45,event-state,763,73409,427,36,6,275,18,0,0
182,14/09/2026 12:09,45,event-state,764,73409,425,40,6,273,18,0,0
183,14/09/2026 12:09,45,event-state,785,73409,433,38,6,287,19,0,0
184,14/09/2026 12:09,45,event-state,839,73409,442,48,7,319,22,0,0
185,14/09/2026 12:09,45,event-state,815,73409,437,48,7,302,19,0,0
186,14/09/2026 12:09,45,event-state,809,73409,434,49,7,299,18,0,0
187,14/09/2026 12:09,45,event-state,772,73409,431,38,6,277,18,0,0
188,14/09/2026 12:09,45,event-state,765,73409,429,38,6,272,18,0,0
189,14/09/2026 12:09,45,event-state,763,73409,427,38,6,272,18,0,0
190,14/09/2026 12:09,45,event-state,815,73409,454,45,9,287,19,0,0
191,14/09/2026 12:09,45,event-state,770,73409,431,38,6,275,18,0,0
192,14/09/2026 12:09,45,event-state,765,73409,428,36,6,274,18,0,0
193,14/09/2026 12:09,45,event-state,766,73409,430,38,6,272,18,0,0
194,14/09/2026 12:09,45,event-state,767,73409,427,38,6,275,18,0,0
195,14/09/2026 12:09,45,event-state,769,73409,431,37,6,275,18,0,0
196,14/09/2026 12:09,45,event-state,772,73409,430,39,6,277,18,0,0
197,14/09/2026 12:09,45,event-state,763,73409,429,37,6,272,18,0,0
198,14/09/2026 12:09,45,event-state,797,73409,432,41,7,297,18,0,0
199,14/09/2026 12:09,45,event-state,765,73409,428,38,6,274,18,0,0
200,14/09/2026 12:09,45,event-state,796,73409,428,38,6,303,19,0,0
1,14/09/2026 12:09,54,event-state,869,73425,503,51,7,288,17,0,0
2,14/09/2026 12:09,54,event-state,782,73425,433,43,7,279,18,0,0
3,14/09/2026 12:09,54,event-state,807,73425,426,42,7,309,22,0,0
4,14/09/2026 12:09,54,event-state,781,73425,430,43,7,280,18,0,0
5,14/09/2026 12:09,54,event-state,780,73425,435,42,7,277,18,0,0
6,14/09/2026 12:09,54,event-state,777,73425,428,43,6,280,18,0,0
7,14/09/2026 12:09,54,event-state,770,73425,427,41,7,275,18,0,0
8,14/09/2026 12:09,54,event-state,776,73425,429,43,7,277,18,0,0
9,14/09/2026 12:09,54,event-state,777,73425,430,42,7,279,18,0,0
10,14/09/2026 12:09,54,event-state,775,73426,430,40,6,278,18,0,0
11,14/09/2026 12:09,54,event-state,779,73425,433,41,6,278,17,0,0
12,14/09/2026 12:09,54,event-state,797,73425,449,48,7,274,17,0,0
13,14/09/2026 12:09,54,event-state,771,73425,428,42,6,276,18,0,0
14,14/09/2026 12:09,54,event-state,778,73425,432,42,6,278,18,0,0
15,14/09/2026 12:09,54,event-state,778,73425,431,42,7,279,18,0,0
16,14/09/2026 12:09,54,event-state,785,73425,438,43,7,278,18,0,0
17,14/09/2026 12:09,54,event-state,770,73425,427,40,7,276,17,0,0
18,14/09/2026 12:09,54,event-state,775,73425,431,42,6,276,17,0,0
19,14/09/2026 12:09,54,event-state,774,73425,428,42,7,278,17,0,0
20,14/09/2026 12:09,54,event-state,786,73425,428,40,7,291,18,0,0
21,14/09/2026 12:09,54,event-state,770,73425,427,42,7,275,17,0,0
22,14/09/2026 12:09,54,event-state,765,73425,427,42,7,270,18,0,0
23,14/09/2026 12:09,54,event-state,771,73425,428,42,6,275,17,0,0
24,14/09/2026 12:09,54,event-state,784,73425,435,42,7,280,18,0,0
25,14/09/2026 12:09,54,event-state,783,73425,430,51,7,275,17,0,0
26,14/09/2026 12:09,54,event-state,773,73425,432,40,7,275,18,0,0
27,14/09/2026 12:09,54,event-state,770,73425,428,40,7,275,17,0,0
28,14/09/2026 12:09,54,event-state,826,73425,439,46,7,310,22,0,0
29,14/09/2026 12:09,54,event-state,776,73425,430,41,7,278,18,0,0
30,14/09/2026 12:09,54,event-state,773,73425,430,40,7,277,18,0,0
31,14/09/2026 12:09,54,event-state,773,73425,430,39,7,277,19,0,0
32,14/09/2026 12:09,54,event-state,820,73425,435,48,11,307,18,0,0
33,14/09/2026 12:09,54,event-state,805,73425,428,52,10,296,17,0,0
34,14/09/2026 12:09,54,event-state,787,73425,433,43,6,285,18,0,0
35,14/09/2026 12:09,54,event-state,774,73425,429,42,7,276,17,0,0
36,14/09/2026 12:09,54,event-state,781,73425,429,41,7,284,18,0,0
37,14/09/2026 12:09,54,event-state,768,73425,426,41,7,276,17,0,0
38,14/09/2026 12:09,54,event-state,812,73425,432,51,10,300,18,0,0
39,14/09/2026 12:09,54,event-state,810,73425,433,47,8,303,18,0,0
40,14/09/2026 12:10,54,event-state,774,73425,431,40,7,277,18,0,0
41,14/09/2026 12:10,54,event-state,808,73425,438,43,7,299,18,0,0
42,14/09/2026 12:10,54,event-state,843,73425,459,56,8,299,18,0,0
43,14/09/2026 12:10,54,event-state,785,73426,438,41,6,279,18,0,0
44,14/09/2026 12:10,54,event-state,785,73425,434,42,6,283,18,0,0
45,14/09/2026 12:10,54,event-state,783,73425,436,43,6,278,18,0,0
46,14/09/2026 12:10,54,event-state,771,73425,426,42,7,277,17,0,0
47,14/09/2026 12:10,54,event-state,773,73425,429,40,7,278,18,0,0
48,14/09/2026 12:10,54,event-state,780,73425,432,42,7,279,18,0,0
49,14/09/2026 12:10,54,event-state,772,73425,428,41,7,276,17,0,0
50,14/09/2026 12:10,54,event-state,775,73425,429,41,7,277,18,0,0
51,14/09/2026 12:10,54,event-state,793,73425,433,43,7,290,17,0,0
52,14/09/2026 12:10,54,event-state,770,73425,427,42,7,276,17,0,0
53,14/09/2026 12:10,54,event-state,768,73425,425,41,7,277,17,0,0
54,14/09/2026 12:10,54,event-state,811,73425,446,55,10,281,17,0,0
55,14/09/2026 12:10,54,event-state,800,73425,451,42,6,281,18,0,0
56,14/09/2026 12:10,54,event-state,832,73425,454,53,10,296,17,0,0
57,14/09/2026 12:10,54,event-state,789,73425,433,41,6,289,18,0,0
58,14/09/2026 12:10,54,event-state,783,73425,441,41,7,275,18,0,0
59,14/09/2026 12:10,54,event-state,805,73425,449,44,8,284,18,0,0
60,14/09/2026 12:10,54,event-state,772,73425,428,41,7,277,18,0,0
61,14/09/2026 12:10,54,event-state,775,73425,431,41,7,277,18,0,0
62,14/09/2026 12:10,54,event-state,782,73425,437,43,7,276,18,0,0
63,14/09/2026 12:10,54,event-state,769,73425,426,41,6,276,17,0,0
64,14/09/2026 12:10,54,event-state,816,73425,446,49,9,292,18,0,0
65,14/09/2026 12:10,54,event-state,812,73425,450,52,10,280,18,0,0
66,14/09/2026 12:10,54,event-state,777,73425,432,40,7,278,18,0,0
67,14/09/2026 12:10,54,event-state,777,73425,427,43,6,281,17,0,0
68,14/09/2026 12:10,54,event-state,800,73425,434,43,7,296,18,0,0
69,14/09/2026 12:10,54,event-state,770,73425,427,43,6,273,18,0,0
70,14/09/2026 12:10,54,event-state,773,73425,427,42,6,277,17,0,0
71,14/09/2026 12:10,54,event-state,773,73425,429,40,7,278,17,0,0
72,14/09/2026 12:10,54,event-state,774,73425,429,41,7,277,18,0,0
73,14/09/2026 12:10,54,event-state,800,73425,431,43,6,298,18,0,0
74,14/09/2026 12:10,54,event-state,772,73425,428,42,6,276,18,0,0
75,14/09/2026 12:10,54,event-state,809,73425,433,42,7,306,19,0,0
76,14/09/2026 12:10,54,event-state,774,73425,431,40,6,278,18,0,0
77,14/09/2026 12:10,54,event-state,773,73425,429,41,6,277,17,0,0
78,14/09/2026 12:10,54,event-state,794,73425,434,54,9,277,17,0,0
79,14/09/2026 12:10,54,event-state,767,73425,424,42,7,275,18,0,0
80,14/09/2026 12:10,54,event-state,775,73425,431,41,7,276,18,0,0
81,14/09/2026 12:10,54,event-state,787,73425,430,46,10,282,18,0,0
82,14/09/2026 12:10,54,event-state,791,73425,437,41,7,281,22,0,0
83,14/09/2026 12:10,54,event-state,773,73425,429,42,6,277,18,0,0
84,14/09/2026 12:10,54,event-state,770,73425,426,41,6,277,17,0,0
85,14/09/2026 12:10,54,event-state,775,73425,431,40,7,277,18,0,0
86,14/09/2026 12:10,54,event-state,772,73425,427,40,7,278,18,0,0
87,14/09/2026 12:10,54,event-state,776,73425,427,43,6,280,18,0,0
88,14/09/2026 12:10,54,event-state,785,73425,436,42,7,282,18,0,0
89,14/09/2026 12:10,54,event-state,800,73425,430,43,7,296,22,0,0
90,14/09/2026 12:10,54,event-state,778,73425,433,41,7,277,18,0,0
91,14/09/2026 12:10,54,event-state,774,73425,428,41,7,278,18,0,0
92,14/09/2026 12:10,54,event-state,832,73425,439,46,7,319,19,0,0
93,14/09/2026 12:10,54,event-state,788,73425,436,42,7,282,18,0,0
94,14/09/2026 12:10,54,event-state,807,73425,442,42,6,296,19,0,0
95,14/09/2026 12:10,54,event-state,770,73425,424,42,6,279,18,0,0
96,14/09/2026 12:10,54,event-state,774,73425,430,40,7,277,18,0,0
97,14/09/2026 12:10,54,event-state,794,73425,448,41,6,279,18,0,0
98,14/09/2026 12:10,54,event-state,778,73425,432,42,7,278,18,0,0
99,14/09/2026 12:10,54,event-state,786,73425,434,44,7,281,18,0,0
100,14/09/2026 12:10,54,event-state,782,73425,434,41,7,280,18,0,0
101,14/09/2026 12:10,54,event-state,774,73425,430,40,7,277,17,0,0
102,14/09/2026 12:10,54,event-state,774,73425,431,40,6,277,17,0,0
103,14/09/2026 12:10,54,event-state,774,73425,428,41,7,278,17,0,0
104,14/09/2026 12:10,54,event-state,772,73425,428,41,7,277,17,0,0
105,14/09/2026 12:10,54,event-state,795,73425,434,55,9,277,17,0,0
106,14/09/2026 12:11,54,event-state,795,73425,428,40,7,301,18,0,0
107,14/09/2026 12:11,54,event-state,773,73425,427,42,7,277,17,0,0
108,14/09/2026 12:11,54,event-state,785,73425,430,41,7,288,17,0,0
109,14/09/2026 12:11,54,event-state,779,73425,431,41,7,280,17,0,0
110,14/09/2026 12:11,54,event-state,790,73425,439,43,7,282,18,0,0
111,14/09/2026 12:11,54,event-state,781,73425,429,41,7,285,18,0,0
112,14/09/2026 12:11,54,event-state,770,73425,428,39,6,277,17,0,0
113,14/09/2026 12:11,54,event-state,799,73425,429,41,7,302,18,0,0
114,14/09/2026 12:11,54,event-state,783,73425,433,42,7,280,18,0,0
115,14/09/2026 12:11,54,event-state,771,73426,427,40,7,277,18,0,0
116,14/09/2026 12:11,54,event-state,773,73425,429,40,7,277,18,0,0
117,14/09/2026 12:11,54,event-state,784,73425,436,41,6,282,18,0,0
118,14/09/2026 12:11,54,event-state,848,73425,456,55,9,308,18,0,0
119,14/09/2026 12:11,54,event-state,777,73425,437,40,7,273,17,0,0
120,14/09/2026 12:11,54,event-state,833,73425,446,44,8,308,25,0,0
121,14/09/2026 12:11,54,event-state,775,73425,429,42,7,277,18,0,0
122,14/09/2026 12:11,54,event-state,773,73425,427,43,7,277,17,0,0
123,14/09/2026 12:11,54,event-state,778,73425,433,41,7,278,18,0,0
124,14/09/2026 12:11,54,event-state,770,73425,428,41,7,275,18,0,0
125,14/09/2026 12:11,54,event-state,771,73425,426,41,7,277,18,0,0
126,14/09/2026 12:11,54,event-state,841,73425,453,51,10,306,18,0,0
127,14/09/2026 12:11,54,event-state,825,73425,446,52,7,301,18,0,0
128,14/09/2026 12:11,54,event-state,773,73425,429,42,7,276,17,0,0
129,14/09/2026 12:11,54,event-state,779,73425,433,43,7,277,18,0,0
130,14/09/2026 12:11,54,event-state,776,73425,431,43,7,276,17,0,0
131,14/09/2026 12:11,54,event-state,769,73425,425,42,7,276,17,0,0
132,14/09/2026 12:11,54,event-state,790,73425,431,43,6,290,18,0,0
133,14/09/2026 12:11,54,event-state,825,73425,449,47,10,298,18,0,0
134,14/09/2026 12:11,54,event-state,782,73425,432,41,7,282,18,0,0
135,14/09/2026 12:11,54,event-state,809,73425,432,42,6,308,18,0,0
136,14/09/2026 12:11,54,event-state,771,73425,426,40,7,278,18,0,0
137,14/09/2026 12:11,54,event-state,817,73425,431,41,7,317,19,0,0
138,14/09/2026 12:11,54,event-state,770,73425,426,41,7,277,17,0,0
139,14/09/2026 12:11,54,event-state,768,73425,427,40,7,275,18,0,0
140,14/09/2026 12:11,54,event-state,786,73425,438,40,7,281,18,0,0
141,14/09/2026 12:11,54,event-state,804,73425,427,50,10,296,18,0,0
142,14/09/2026 12:11,54,event-state,805,73425,430,42,7,307,18,0,0
143,14/09/2026 12:11,54,event-state,773,73425,427,41,7,279,17,0,0
144,14/09/2026 12:11,54,event-state,806,73425,442,57,8,280,18,0,0
145,14/09/2026 12:11,54,event-state,790,73425,433,40,7,291,18,0,0
146,14/09/2026 12:11,54,event-state,824,73425,444,46,8,305,18,0,0
147,14/09/2026 12:11,54,event-state,776,73425,430,42,7,277,17,0,0
148,14/09/2026 12:11,54,event-state,779,73425,436,39,7,278,18,0,0
149,14/09/2026 12:11,54,event-state,769,73425,427,40,6,276,17,0,0
150,14/09/2026 12:11,54,event-state,769,73425,428,40,6,275,18,0,0
151,14/09/2026 12:11,54,event-state,783,73425,428,40,7,289,18,0,0
152,14/09/2026 12:11,54,event-state,775,73425,430,40,7,278,17,0,0
153,14/09/2026 12:11,54,event-state,782,73425,438,41,7,277,18,0,0
154,14/09/2026 12:11,54,event-state,836,73425,450,52,8,305,18,0,0
155,14/09/2026 12:11,54,event-state,779,73425,432,41,7,280,18,0,0
156,14/09/2026 12:11,54,event-state,770,73425,425,40,7,278,18,0,0
157,14/09/2026 12:11,54,event-state,773,73425,427,42,6,278,18,0,0
158,14/09/2026 12:11,54,event-state,776,73425,427,42,9,279,18,0,0
159,14/09/2026 12:11,54,event-state,780,73425,438,40,6,276,18,0,0
160,14/09/2026 12:11,54,event-state,784,73425,429,43,6,286,18,0,0
161,14/09/2026 12:11,54,event-state,777,73425,430,41,7,279,18,0,0
162,14/09/2026 12:11,54,event-state,771,73425,426,42,6,277,17,0,0
163,14/09/2026 12:11,54,event-state,775,73425,429,45,6,275,18,0,0
164,14/09/2026 12:11,54,event-state,773,73425,427,41,6,279,18,0,0
165,14/09/2026 12:11,54,event-state,776,73425,432,41,7,277,18,0,0
166,14/09/2026 12:11,54,event-state,775,73425,428,42,6,279,18,0,0
167,14/09/2026 12:11,54,event-state,770,73425,428,41,6,276,17,0,0
168,14/09/2026 12:11,54,event-state,773,73425,429,41,7,276,18,0,0
169,14/09/2026 12:11,54,event-state,830,73425,429,48,8,325,18,0,0
170,14/09/2026 12:11,54,event-state,800,73425,442,40,7,291,18,0,0
171,14/09/2026 12:11,54,event-state,768,73425,426,39,7,276,17,0,0
172,14/09/2026 12:12,54,event-state,781,73425,427,42,8,285,18,0,0
173,14/09/2026 12:12,54,event-state,778,73425,430,43,7,279,18,0,0
174,14/09/2026 12:12,54,event-state,799,73425,442,49,7,281,18,0,0
175,14/09/2026 12:12,54,event-state,769,73425,431,40,6,271,18,0,0
176,14/09/2026 12:12,54,event-state,783,73425,432,43,7,281,18,0,0
177,14/09/2026 12:12,54,event-state,779,73425,438,41,7,274,18,0,0
178,14/09/2026 12:12,54,event-state,780,73425,432,42,7,280,18,0,0
179,14/09/2026 12:12,54,event-state,786,73425,439,41,7,278,18,0,0
180,14/09/2026 12:12,54,event-state,774,73425,429,42,7,277,17,0,0
181,14/09/2026 12:12,54,event-state,810,73425,431,41,7,309,19,0,0
182,14/09/2026 12:12,54,event-state,836,73425,448,52,9,308,18,0,0
183,14/09/2026 12:12,54,event-state,785,73425,436,42,6,280,18,0,0
184,14/09/2026 12:12,54,event-state,782,73425,434,42,6,281,17,0,0
185,14/09/2026 12:12,54,event-state,835,73425,455,44,10,304,21,0,0
186,14/09/2026 12:12,54,event-state,784,73425,436,43,7,279,18,0,0
187,14/09/2026 12:12,54,event-state,775,73425,425,43,7,281,17,0,0
188,14/09/2026 12:12,54,event-state,801,73425,430,42,7,303,18,0,0
189,14/09/2026 12:12,54,event-state,773,73425,429,42,7,276,18,0,0
190,14/09/2026 12:12,54,event-state,773,73425,428,42,7,276,18,0,0
191,14/09/2026 12:12,54,event-state,814,73425,440,48,8,298,18,0,0
192,14/09/2026 12:12,54,event-state,768,73425,426,41,7,274,18,0,0
193,14/09/2026 12:12,54,event-state,778,73425,432,41,7,279,18,0,0
194,14/09/2026 12:12,54,event-state,773,73425,426,42,7,279,18,0,0
195,14/09/2026 12:12,54,event-state,771,73425,428,39,7,278,17,0,0
196,14/09/2026 12:12,54,event-state,782,73425,430,43,7,281,18,0,0
197,14/09/2026 12:12,54,event-state,771,73425,426,41,6,278,17,0,0
198,14/09/2026 12:12,54,event-state,785,73425,437,41,7,281,17,0,0
199,14/09/2026 12:12,54,event-state,779,73425,433,40,7,279,18,0,0
200,14/09/2026 12:12,54,event-state,771,73425,427,43,6,276,18,0,0
1,14/09/2026 12:12,63,event-state,958,78653,511,119,7,302,17,0,0
2,14/09/2026 12:12,63,event-state,776,78653,428,45,7,277,18,0,0
3,14/09/2026 12:12,63,event-state,776,78653,426,45,6,279,17,0,0
4,14/09/2026 12:12,63,event-state,776,78652,425,46,6,279,17,0,0
5,14/09/2026 12:12,63,event-state,784,78653,430,45,6,283,17,0,0
6,14/09/2026 12:12,63,event-state,779,78653,426,46,6,281,17,0,0
7,14/09/2026 12:12,63,event-state,782,78653,428,45,7,283,18,0,0
8,14/09/2026 12:12,63,event-state,785,78654,431,46,7,281,18,0,0
9,14/09/2026 12:12,63,event-state,782,78653,428,45,6,282,18,0,0
10,14/09/2026 12:12,63,event-state,778,78653,427,46,6,279,18,0,0
11,14/09/2026 12:12,63,event-state,785,78653,424,45,7,289,18,0,0
12,14/09/2026 12:12,63,event-state,821,78654,442,45,6,308,18,0,0
13,14/09/2026 12:12,63,event-state,775,78653,426,43,7,280,18,0,0
14,14/09/2026 12:12,63,event-state,794,78653,442,45,7,280,18,0,0
15,14/09/2026 12:12,63,event-state,790,78653,430,45,7,288,18,0,0
16,14/09/2026 12:12,63,event-state,784,78654,431,47,6,280,18,0,0
17,14/09/2026 12:12,63,event-state,780,78653,430,45,6,280,18,0,0
18,14/09/2026 12:12,63,event-state,834,78653,447,57,6,304,18,0,0
19,14/09/2026 12:12,63,event-state,788,78654,435,46,7,281,18,0,0
20,14/09/2026 12:12,63,event-state,784,78654,433,44,7,282,17,0,0
21,14/09/2026 12:12,63,event-state,780,78653,430,43,7,280,18,0,0
22,14/09/2026 12:12,63,event-state,792,78656,440,44,6,282,18,0,0
23,14/09/2026 12:12,63,event-state,783,78653,430,46,7,281,18,0,0
24,14/09/2026 12:12,63,event-state,793,78653,437,46,6,284,18,0,0
25,14/09/2026 12:12,63,event-state,800,78654,430,46,6,299,18,0,0
26,14/09/2026 12:12,63,event-state,781,78653,431,45,7,279,17,0,0
27,14/09/2026 12:12,63,event-state,818,78653,431,45,6,316,17,0,0
28,14/09/2026 12:12,63,event-state,778,78653,428,46,6,278,17,0,0
29,14/09/2026 12:12,63,event-state,800,78653,435,58,9,278,18,0,0
30,14/09/2026 12:12,63,event-state,782,78653,431,46,6,281,17,0,0
31,14/09/2026 12:12,63,event-state,779,78654,427,45,7,281,18,0,0
32,14/09/2026 12:12,63,event-state,785,78653,429,43,7,287,18,0,0
33,14/09/2026 12:12,63,event-state,783,78653,428,47,7,282,17,0,0
34,14/09/2026 12:12,63,event-state,779,78654,429,46,6,278,18,0,0
35,14/09/2026 12:12,63,event-state,780,78653,430,46,6,279,18,0,0
36,14/09/2026 12:12,63,event-state,798,78653,425,46,6,302,18,0,0
37,14/09/2026 12:13,63,event-state,778,78653,429,45,6,278,18,0,0
38,14/09/2026 12:13,63,event-state,784,78653,432,45,7,281,17,0,0
39,14/09/2026 12:13,63,event-state,787,78653,432,46,7,282,18,0,0
40,14/09/2026 12:13,63,event-state,803,78653,450,43,7,283,18,0,0
41,14/09/2026 12:13,63,event-state,786,78653,431,46,7,282,18,0,0
42,14/09/2026 12:13,63,event-state,779,78654,427,47,7,280,18,0,0
43,14/09/2026 12:13,63,event-state,793,78653,439,45,7,283,17,0,0
44,14/09/2026 12:13,63,event-state,785,78652,430,46,6,282,18,0,0
45,14/09/2026 12:13,63,event-state,782,78652,427,47,7,281,18,0,0
46,14/09/2026 12:13,63,event-state,781,78653,431,44,7,280,17,0,0
47,14/09/2026 12:13,63,event-state,787,78653,432,45,7,284,18,0,0
48,14/09/2026 12:13,63,event-state,777,78653,426,45,7,279,17,0,0
49,14/09/2026 12:13,63,event-state,813,78653,435,57,10,291,18,0,0
50,14/09/2026 12:13,63,event-state,772,78653,422,45,7,279,17,0,0
51,14/09/2026 12:13,63,event-state,859,78652,469,59,8,304,17,0,0
52,14/09/2026 12:13,63,event-state,787,78653,432,47,8,280,17,0,0
53,14/09/2026 12:13,63,event-state,784,78653,433,44,7,281,18,0,0
54,14/09/2026 12:13,63,event-state,835,78653,449,70,10,286,18,0,0
55,14/09/2026 12:13,63,event-state,782,78653,428,45,6,283,18,0,0
56,14/09/2026 12:13,63,event-state,778,78652,426,45,6,281,18,0,0
57,14/09/2026 12:13,63,event-state,779,78654,428,45,7,280,17,0,0
58,14/09/2026 12:13,63,event-state,777,78654,426,44,7,279,18,0,0
59,14/09/2026 12:13,63,event-state,787,78654,433,45,7,283,18,0,0
60,14/09/2026 12:13,63,event-state,862,78654,469,57,8,308,18,0,0
61,14/09/2026 12:13,63,event-state,780,78653,429,44,6,281,18,0,0
62,14/09/2026 12:13,63,event-state,785,78654,429,45,7,284,18,0,0
63,14/09/2026 12:13,63,event-state,777,78654,425,45,6,281,17,0,0
64,14/09/2026 12:13,63,event-state,775,78653,428,44,7,277,17,0,0
65,14/09/2026 12:13,63,event-state,783,78654,424,51,7,281,17,0,0
66,14/09/2026 12:13,63,event-state,789,78654,435,45,6,283,18,0,0
67,14/09/2026 12:13,63,event-state,787,78652,428,53,7,281,17,0,0
68,14/09/2026 12:13,63,event-state,793,78653,443,46,6,279,17,0,0
69,14/09/2026 12:13,63,event-state,801,78652,430,51,7,294,17,0,0
70,14/09/2026 12:13,63,event-state,831,78653,442,56,8,304,18,0,0
71,14/09/2026 12:13,63,event-state,802,78653,429,45,7,302,18,0,0
72,14/09/2026 12:13,63,event-state,782,78653,429,45,6,282,18,0,0
73,14/09/2026 12:13,63,event-state,789,78653,434,46,6,283,18,0,0
74,14/09/2026 12:13,63,event-state,787,78653,431,48,7,283,18,0,0
75,14/09/2026 12:13,63,event-state,850,78652,466,58,9,297,18,0,0
76,14/09/2026 12:13,63,event-state,789,78654,431,46,7,285,18,0,0
77,14/09/2026 12:13,63,event-state,788,78653,430,47,6,284,18,0,0
78,14/09/2026 12:13,63,event-state,785,78654,430,46,7,282,17,0,0
79,14/09/2026 12:13,63,event-state,835,78654,446,60,7,302,18,0,0
80,14/09/2026 12:13,63,event-state,776,78653,426,45,7,278,18,0,0
81,14/09/2026 12:13,63,event-state,802,78653,439,56,7,281,18,0,0
82,14/09/2026 12:13,63,event-state,783,78653,429,46,7,282,18,0,0
83,14/09/2026 12:13,63,event-state,793,78654,428,44,7,295,18,0,0
84,14/09/2026 12:13,63,event-state,782,78653,430,44,6,281,18,0,0
85,14/09/2026 12:13,63,event-state,779,78653,428,47,6,278,17,0,0
86,14/09/2026 12:13,63,event-state,798,78653,433,50,8,288,17,0,0
87,14/09/2026 12:13,63,event-state,782,78653,430,44,6,282,18,0,0
88,14/09/2026 12:13,63,event-state,781,78653,430,46,6,279,18,0,0
89,14/09/2026 12:13,63,event-state,779,78653,427,46,7,281,18,0,0
90,14/09/2026 12:13,63,event-state,789,78654,427,44,6,283,26,0,0
91,14/09/2026 12:13,63,event-state,848,78653,452,53,10,315,18,0,0
92,14/09/2026 12:13,63,event-state,847,78653,455,59,8,307,17,0,0
93,14/09/2026 12:13,63,event-state,792,78654,434,48,6,283,18,0,0
94,14/09/2026 12:13,63,event-state,781,78653,429,45,7,280,18,0,0
95,14/09/2026 12:13,63,event-state,787,78653,435,45,7,281,18,0,0
96,14/09/2026 12:13,63,event-state,778,78653,428,46,7,279,17,0,0
97,14/09/2026 12:13,63,event-state,777,78653,426,45,7,279,17,0,0
98,14/09/2026 12:13,63,event-state,774,78653,426,46,7,276,17,0,0
99,14/09/2026 12:13,63,event-state,781,78654,430,46,6,279,17,0,0
100,14/09/2026 12:13,63,event-state,847,78654,440,52,8,314,32,0,0
101,14/09/2026 12:13,63,event-state,788,78654,432,47,6,282,19,0,0
102,14/09/2026 12:14,63,event-state,790,78653,433,46,7,285,18,0,0
103,14/09/2026 12:14,63,event-state,778,78654,427,45,6,280,17,0,0
104,14/09/2026 12:14,63,event-state,766,78654,422,42,6,275,19,0,0
105,14/09/2026 12:14,63,event-state,774,78654,425,45,6,279,17,0,0
106,14/09/2026 12:14,63,event-state,777,78652,429,45,7,277,17,0,0
107,14/09/2026 12:14,63,event-state,781,78654,428,44,6,281,19,0,0
108,14/09/2026 12:14,63,event-state,803,78654,433,46,6,299,17,0,0
109,14/09/2026 12:14,63,event-state,790,78653,441,43,7,280,17,0,0
110,14/09/2026 12:14,63,event-state,781,78653,425,48,7,281,18,0,0
111,14/09/2026 12:14,63,event-state,782,78653,430,47,6,280,18,0,0
112,14/09/2026 12:14,63,event-state,776,78653,426,46,6,279,17,0,0
113,14/09/2026 12:14,63,event-state,792,78654,434,44,6,287,18,0,0
114,14/09/2026 12:14,63,event-state,784,78652,425,46,7,288,17,0,0
115,14/09/2026 12:14,63,event-state,782,78653,426,46,6,283,18,0,0
116,14/09/2026 12:14,63,event-state,822,78653,435,58,8,301,18,0,0
117,14/09/2026 12:14,63,event-state,790,78652,425,45,7,294,17,0,0
118,14/09/2026 12:14,63,event-state,773,78654,426,45,6,277,17,0,0
119,14/09/2026 12:14,63,event-state,792,78654,428,45,6,293,17,0,0
120,14/09/2026 12:14,63,event-state,779,78653,428,46,6,279,17,0,0
121,14/09/2026 12:14,63,event-state,780,78653,427,44,6,282,17,0,0
122,14/09/2026 12:14,63,event-state,788,78653,430,48,6,284,18,0,0
123,14/09/2026 12:14,63,event-state,807,78654,427,46,7,307,17,0,0
124,14/09/2026 12:14,63,event-state,775,78653,428,44,7,277,17,0,0
125,14/09/2026 12:14,63,event-state,777,78653,427,45,7,278,17,0,0
126,14/09/2026 12:14,63,event-state,776,78654,425,46,6,279,18,0,0
127,14/09/2026 12:14,63,event-state,854,78654,432,59,8,336,18,0,0
128,14/09/2026 12:14,63,event-state,818,78654,425,54,7,312,18,0,0
129,14/09/2026 12:14,63,event-state,817,78652,429,54,9,305,17,0,0
130,14/09/2026 12:14,63,event-state,773,78654,425,47,6,276,17,0,0
131,14/09/2026 12:14,63,event-state,780,78653,427,46,7,281,18,0,0
132,14/09/2026 12:14,63,event-state,834,78653,433,51,10,317,22,0,0
133,14/09/2026 12:14,63,event-state,783,78653,430,46,7,281,17,0,0
134,14/09/2026 12:14,63,event-state,787,78653,432,45,7,284,18,0,0
135,14/09/2026 12:14,63,event-state,807,78654,430,45,6,302,22,0,0
136,14/09/2026 12:14,63,event-state,819,78654,433,59,8,301,17,0,0
137,14/09/2026 12:14,63,event-state,829,78654,447,49,8,305,17,0,0
138,14/09/2026 12:14,63,event-state,780,78653,430,46,6,279,17,0,0
139,14/09/2026 12:14,63,event-state,798,78653,427,46,7,299,18,0,0
140,14/09/2026 12:14,63,event-state,802,78654,430,45,6,296,23,0,0
141,14/09/2026 12:14,63,event-state,796,78653,426,48,10,291,18,0,0
142,14/09/2026 12:14,63,event-state,789,78652,438,46,7,278,18,0,0
143,14/09/2026 12:14,63,event-state,805,78653,428,45,7,305,18,0,0
144,14/09/2026 12:14,63,event-state,797,78652,429,43,7,299,18,0,0
145,14/09/2026 12:14,63,event-state,804,78653,433,45,6,300,18,0,0
146,14/09/2026 12:14,63,event-state,785,78653,436,45,6,278,18,0,0
147,14/09/2026 12:14,63,event-state,788,78654,433,46,7,283,17,0,0
148,14/09/2026 12:14,63,event-state,780,78653,429,43,7,282,18,0,0
149,14/09/2026 12:14,63,event-state,789,78653,425,53,8,283,18,0,0
150,14/09/2026 12:14,63,event-state,775,78653,426,45,7,278,17,0,0
151,14/09/2026 12:14,63,event-state,781,78653,428,46,6,280,18,0,0
152,14/09/2026 12:14,63,event-state,835,78653,441,59,8,307,17,0,0
153,14/09/2026 12:14,63,event-state,833,78653,437,59,8,309,18,0,0
154,14/09/2026 12:14,63,event-state,779,78652,429,45,7,279,18,0,0
155,14/09/2026 12:14,63,event-state,829,78654,430,57,9,312,19,0,0
156,14/09/2026 12:14,63,event-state,832,78653,443,52,8,311,17,0,0
157,14/09/2026 12:14,63,event-state,775,78653,427,45,7,277,17,0,0
158,14/09/2026 12:14,63,event-state,797,78653,444,46,7,280,19,0,0
159,14/09/2026 12:14,63,event-state,816,78653,448,57,10,281,18,0,0
160,14/09/2026 12:14,63,event-state,779,78654,428,46,7,280,17,0,0
161,14/09/2026 12:14,63,event-state,779,78654,429,45,7,279,17,0,0
162,14/09/2026 12:14,63,event-state,788,78653,439,45,7,277,18,0,0
163,14/09/2026 12:14,63,event-state,783,78654,431,46,7,280,18,0,0
164,14/09/2026 12:14,63,event-state,810,78653,449,50,7,284,18,0,0
165,14/09/2026 12:14,63,event-state,810,78654,433,55,7,295,17,0,0
166,14/09/2026 12:14,63,event-state,784,78653,433,45,6,280,18,0,0
167,14/09/2026 12:15,63,event-state,778,78654,429,45,6,279,17,0,0
168,14/09/2026 12:15,63,event-state,774,78653,428,43,6,277,17,0,0
169,14/09/2026 12:15,63,event-state,800,78653,431,45,6,297,19,0,0
170,14/09/2026 12:15,63,event-state,790,78654,435,47,6,282,18,0,0
171,14/09/2026 12:15,63,event-state,791,78654,434,45,7,284,18,0,0
172,14/09/2026 12:15,63,event-state,779,78653,428,44,7,281,17,0,0
173,14/09/2026 12:15,63,event-state,786,78654,429,48,6,283,18,0,0
174,14/09/2026 12:15,63,event-state,845,78653,435,60,10,319,18,0,0
175,14/09/2026 12:15,63,event-state,835,78654,439,53,10,313,18,0,0
176,14/09/2026 12:15,63,event-state,821,78652,444,64,8,284,18,0,0
177,14/09/2026 12:15,63,event-state,800,78653,437,59,7,278,18,0,0
178,14/09/2026 12:15,63,event-state,776,78654,427,45,7,278,17,0,0
179,14/09/2026 12:15,63,event-state,778,78654,426,45,7,281,17,0,0
180,14/09/2026 12:15,63,event-state,793,78652,434,53,7,280,18,0,0
181,14/09/2026 12:15,63,event-state,790,78654,440,44,6,279,18,0,0
182,14/09/2026 12:15,63,event-state,781,78653,429,46,6,279,18,0,0
183,14/09/2026 12:15,63,event-state,778,78653,430,45,7,277,18,0,0
184,14/09/2026 12:15,63,event-state,782,78654,428,45,7,282,17,0,0
185,14/09/2026 12:15,63,event-state,791,78653,434,45,6,285,18,0,0
186,14/09/2026 12:15,63,event-state,794,78653,438,46,7,284,17,0,0
187,14/09/2026 12:15,63,event-state,776,78653,429,43,7,277,18,0,0
188,14/09/2026 12:15,63,event-state,812,78653,441,53,8,291,18,0,0
189,14/09/2026 12:15,63,event-state,785,78653,434,46,7,279,18,0,0
190,14/09/2026 12:15,63,event-state,778,78654,425,48,6,280,17,0,0
191,14/09/2026 12:15,63,event-state,819,78653,429,49,10,312,18,0,0
192,14/09/2026 12:15,63,event-state,782,78653,428,46,6,282,18,0,0
193,14/09/2026 12:15,63,event-state,782,78654,430,43,7,282,18,0,0
194,14/09/2026 12:15,63,event-state,788,78653,428,43,6,291,18,0,0
195,14/09/2026 12:15,63,event-state,773,78653,425,46,7,276,18,0,0
196,14/09/2026 12:15,63,event-state,779,78653,429,46,7,277,17,0,0
197,14/09/2026 12:15,63,event-state,811,78653,460,46,7,279,18,0,0
198,14/09/2026 12:15,63,event-state,805,78653,431,56,10,287,18,0,0
199,14/09/2026 12:15,63,event-state,781,78653,429,45,7,280,18,0,0
200,14/09/2026 12:15,63,event-state,778,78654,428,46,7,279,17,0,0
1,14/09/2026 12:15,72,event-state,946,78652,519,100,7,300,18,0,0
2,14/09/2026 12:15,72,event-state,806,78652,432,62,13,279,18,0,0
3,14/09/2026 12:15,72,event-state,785,78652,429,49,7,281,18,0,0
4,14/09/2026 12:15,72,event-state,793,78652,432,50,7,284,18,0,0
5,14/09/2026 12:15,72,event-state,790,78652,428,49,7,286,18,0,0
6,14/09/2026 12:15,72,event-state,789,78652,431,51,7,282,17,0,0
7,14/09/2026 12:15,72,event-state,781,78652,425,49,6,280,17,0,0
8,14/09/2026 12:15,72,event-state,781,78652,427,49,7,280,18,0,0
9,14/09/2026 12:15,72,event-state,828,78652,432,57,9,308,20,0,0
10,14/09/2026 12:15,72,event-state,791,78652,432,50,7,283,17,0,0
11,14/09/2026 12:15,72,event-state,796,78652,438,48,7,284,18,0,0
12,14/09/2026 12:15,72,event-state,779,78652,424,48,7,280,17,0,0
13,14/09/2026 12:15,72,event-state,819,78652,441,62,13,284,18,0,0
14,14/09/2026 12:15,72,event-state,818,78652,427,50,7,313,19,0,0
15,14/09/2026 12:15,72,event-state,784,78652,428,49,7,280,18,0,0
16,14/09/2026 12:15,72,event-state,782,78652,427,48,7,280,17,0,0
17,14/09/2026 12:15,72,event-state,870,78652,452,65,11,323,18,0,0
18,14/09/2026 12:15,72,event-state,797,78652,428,49,6,292,20,0,0
19,14/09/2026 12:15,72,event-state,784,78652,428,49,6,280,18,0,0
20,14/09/2026 12:15,72,event-state,782,78652,428,48,6,279,18,0,0
21,14/09/2026 12:15,72,event-state,796,78652,435,50,7,282,20,0,0
22,14/09/2026 12:15,72,event-state,861,78652,456,56,7,321,18,0,0
23,14/09/2026 12:15,72,event-state,800,78653,426,49,7,298,17,0,0
24,14/09/2026 12:15,72,event-state,791,78652,433,48,7,283,17,0,0
25,14/09/2026 12:15,72,event-state,789,78652,434,48,7,281,18,0,0
26,14/09/2026 12:15,72,event-state,792,78652,431,50,7,284,18,0,0
27,14/09/2026 12:15,72,event-state,833,78652,440,60,10,303,18,0,0
28,14/09/2026 12:15,72,event-state,789,78652,431,49,7,282,18,0,0
29,14/09/2026 12:15,72,event-state,782,78652,424,50,7,282,17,0,0
30,14/09/2026 12:15,72,event-state,782,78652,426,50,7,280,18,0,0
31,14/09/2026 12:15,72,event-state,779,78652,425,48,7,280,18,0,0
32,14/09/2026 12:16,72,event-state,783,78652,428,49,7,279,18,0,0
33,14/09/2026 12:16,72,event-state,821,78652,440,62,10,290,18,0,0
34,14/09/2026 12:16,72,event-state,783,78652,427,49,7,280,17,0,0
35,14/09/2026 12:16,72,event-state,796,78652,433,52,7,284,18,0,0
36,14/09/2026 12:16,72,event-state,789,78652,430,49,7,283,18,0,0
37,14/09/2026 12:16,72,event-state,791,78652,432,49,7,283,18,0,0
38,14/09/2026 12:16,72,event-state,817,78652,443,64,9,281,18,0,0
39,14/09/2026 12:16,72,event-state,824,78652,444,66,10,284,18,0,0
40,14/09/2026 12:16,72,event-state,836,78652,448,54,7,306,20,0,0
41,14/09/2026 12:16,72,event-state,783,78652,429,48,6,280,18,0,0
42,14/09/2026 12:16,72,event-state,812,78652,433,54,7,298,18,0,0
43,14/09/2026 12:16,72,event-state,792,78652,433,48,7,284,18,0,0
44,14/09/2026 12:16,72,event-state,827,78652,430,50,7,320,18,0,0
45,14/09/2026 12:16,72,event-state,783,78652,429,47,7,280,18,0,0
46,14/09/2026 12:16,72,event-state,791,78652,434,49,7,282,18,0,0
47,14/09/2026 12:16,72,event-state,789,78652,431,49,7,282,18,0,0
48,14/09/2026 12:16,72,event-state,799,78652,442,49,7,281,18,0,0
49,14/09/2026 12:16,72,event-state,782,78652,428,47,7,280,18,0,0
50,14/09/2026 12:16,72,event-state,833,78652,433,61,10,309,18,0,0
51,14/09/2026 12:16,72,event-state,828,78652,438,63,10,297,18,0,0
52,14/09/2026 12:16,72,event-state,817,78652,440,62,8,286,18,0,0
53,14/09/2026 12:16,72,event-state,833,78652,447,55,8,303,18,0,0
54,14/09/2026 12:16,72,event-state,789,78652,429,50,7,284,18,0,0
55,14/09/2026 12:16,72,event-state,784,78652,428,48,7,282,18,0,0
56,14/09/2026 12:16,72,event-state,798,78652,436,49,7,286,18,0,0
57,14/09/2026 12:16,72,event-state,817,78652,429,49,7,312,19,0,0
58,14/09/2026 12:16,72,event-state,784,78652,429,50,7,279,18,0,0
59,14/09/2026 12:16,72,event-state,783,78652,428,49,7,280,18,0,0
60,14/09/2026 12:16,72,event-state,786,78652,426,51,7,282,18,0,0
61,14/09/2026 12:16,72,event-state,883,78652,443,56,7,357,18,0,0
62,14/09/2026 12:16,72,event-state,785,78652,427,48,7,283,18,0,0
63,14/09/2026 12:16,72,event-state,784,78652,427,49,7,281,19,0,0
64,14/09/2026 12:16,72,event-state,817,78652,434,48,7,307,20,0,0
65,14/09/2026 12:16,72,event-state,820,78652,440,50,10,298,20,0,0
66,14/09/2026 12:16,72,event-state,792,78652,433,49,7,283,18,0,0
67,14/09/2026 12:16,72,event-state,794,78652,439,48,7,281,18,0,0
68,14/09/2026 12:16,72,event-state,813,78652,426,52,7,309,18,0,0
69,14/09/2026 12:16,72,event-state,788,78652,427,50,7,283,18,0,0
70,14/09/2026 12:16,72,event-state,845,78652,430,67,9,319,19,0,0
71,14/09/2026 12:16,72,event-state,869,78652,452,62,10,326,18,0,0
72,14/09/2026 12:16,72,event-state,790,78652,431,50,7,282,18,0,0
73,14/09/2026 12:16,72,event-state,795,78652,426,49,7,293,18,0,0
74,14/09/2026 12:16,72,event-state,782,78652,427,49,7,280,17,0,0
75,14/09/2026 12:16,72,event-state,811,78652,438,49,7,297,19,0,0
76,14/09/2026 12:16,72,event-state,839,78652,439,66,8,306,18,0,0
77,14/09/2026 12:16,72,event-state,788,78652,430,49,6,282,18,0,0
78,14/09/2026 12:16,72,event-state,785,78652,428,48,6,283,18,0,0
79,14/09/2026 12:16,72,event-state,784,78652,426,50,7,282,18,0,0
80,14/09/2026 12:16,72,event-state,785,78652,430,48,7,280,18,0,0
81,14/09/2026 12:16,72,event-state,786,78652,428,49,7,281,18,0,0
82,14/09/2026 12:16,72,event-state,791,78652,437,49,7,278,18,0,0
83,14/09/2026 12:16,72,event-state,791,78652,433,48,7,283,18,0,0
84,14/09/2026 12:16,72,event-state,782,78652,429,48,7,280,17,0,0
85,14/09/2026 12:16,72,event-state,787,78652,430,48,7,282,18,0,0
86,14/09/2026 12:16,72,event-state,790,78652,430,50,7,283,18,0,0
87,14/09/2026 12:16,72,event-state,821,78652,430,49,7,316,18,0,0
88,14/09/2026 12:16,72,event-state,807,78652,448,50,7,283,18,0,0
89,14/09/2026 12:16,72,event-state,831,78652,448,63,11,290,18,0,0
90,14/09/2026 12:16,72,event-state,784,78652,427,50,7,281,18,0,0
91,14/09/2026 12:16,72,event-state,787,78652,430,49,7,281,17,0,0
92,14/09/2026 12:16,72,event-state,792,78652,439,47,7,280,18,0,0
93,14/09/2026 12:16,72,event-state,783,78652,428,49,7,279,17,0,0
94,14/09/2026 12:16,72,event-state,785,78652,428,48,7,282,18,0,0
95,14/09/2026 12:16,72,event-state,810,78652,429,50,7,303,18,0,0
96,14/09/2026 12:16,72,event-state,797,78652,434,49,7,288,18,0,0
97,14/09/2026 12:17,72,event-state,782,78652,428,48,7,280,18,0,0
98,14/09/2026 12:17,72,event-state,822,78652,445,58,8,291,18,0,0
99,14/09/2026 12:17,72,event-state,781,78652,429,47,7,279,18,0,0
100,14/09/2026 12:17,72,event-state,788,78652,433,46,7,282,18,0,0
101,14/09/2026 12:17,72,event-state,781,78652,428,47,6,279,18,0,0
102,14/09/2026 12:17,72,event-state,770,78652,418,47,6,279,17,0,0
103,14/09/2026 12:17,72,event-state,789,78652,431,50,7,281,18,0,0
104,14/09/2026 12:17,72,event-state,780,78652,425,49,6,279,18,0,0
105,14/09/2026 12:17,72,event-state,860,78652,444,65,11,320,19,0,0
106,14/09/2026 12:17,72,event-state,791,78652,431,52,7,282,18,0,0
107,14/09/2026 12:17,72,event-state,785,78652,431,47,6,281,17,0,0
108,14/09/2026 12:17,72,event-state,789,78652,427,50,7,286,18,0,0
109,14/09/2026 12:17,72,event-state,828,78652,446,58,8,297,18,0,0
110,14/09/2026 12:17,72,event-state,794,78652,430,48,7,286,22,0,0
111,14/09/2026 12:17,72,event-state,785,78652,434,48,7,278,17,0,0
112,14/09/2026 12:17,72,event-state,814,78652,431,49,7,299,27,0,0
113,14/09/2026 12:17,72,event-state,803,78652,430,49,7,298,18,0,0
114,14/09/2026 12:17,72,event-state,795,78652,432,57,7,279,18,0,0
115,14/09/2026 12:17,72,event-state,786,78652,429,48,7,282,18,0,0
116,14/09/2026 12:17,72,event-state,798,78652,429,50,7,288,22,0,0
117,14/09/2026 12:17,72,event-state,783,78652,429,47,7,281,17,0,0
118,14/09/2026 12:17,72,event-state,831,78652,434,49,7,322,18,0,0
119,14/09/2026 12:17,72,event-state,793,78652,427,47,6,292,18,0,0
120,14/09/2026 12:17,72,event-state,825,78652,433,52,7,313,17,0,0
121,14/09/2026 12:17,72,event-state,798,78652,435,51,7,285,18,0,0
122,14/09/2026 12:17,72,event-state,804,78652,430,49,6,297,20,0,0
123,14/09/2026 12:17,72,event-state,785,78652,428,48,6,282,18,0,0
124,14/09/2026 12:17,72,event-state,784,78652,425,49,7,283,18,0,0
125,14/09/2026 12:17,72,event-state,803,78652,450,48,7,278,17,0,0
126,14/09/2026 12:17,72,event-state,783,78652,428,49,6,280,18,0,0
127,14/09/2026 12:17,72,event-state,810,78652,431,47,7,304,18,0,0
128,14/09/2026 12:17,72,event-state,778,78652,426,47,7,279,18,0,0
129,14/09/2026 12:17,72,event-state,786,78652,429,49,7,282,17,0,0
130,14/09/2026 12:17,72,event-state,848,78652,448,61,8,311,18,0,0
131,14/09/2026 12:17,72,event-state,784,78652,428,49,7,280,18,0,0
132,14/09/2026 12:17,72,event-state,785,78652,428,49,7,281,18,0,0
133,14/09/2026 12:17,72,event-state,813,78652,427,49,7,310,18,0,0
134,14/09/2026 12:17,72,event-state,828,78652,430,50,7,321,18,0,0
135,14/09/2026 12:17,72,event-state,790,78652,430,49,7,284,18,0,0
136,14/09/2026 12:17,72,event-state,792,78652,434,49,7,282,18,0,0
137,14/09/2026 12:17,72,event-state,809,78652,429,48,7,305,18,0,0
138,14/09/2026 12:17,72,event-state,814,78652,447,58,10,281,18,0,0
139,14/09/2026 12:17,72,event-state,791,78652,438,47,7,279,17,0,0
140,14/09/2026 12:17,72,event-state,831,78652,436,49,7,320,18,0,0
141,14/09/2026 12:17,72,event-state,786,78652,430,47,7,283,18,0,0
142,14/09/2026 12:17,72,event-state,782,78652,428,45,7,282,17,0,0
143,14/09/2026 12:17,72,event-state,788,78652,435,46,7,281,17,0,0
144,14/09/2026 12:17,72,event-state,843,78652,444,58,8,310,21,0,0
145,14/09/2026 12:17,72,event-state,782,78652,426,49,7,280,18,0,0
146,14/09/2026 12:17,72,event-state,816,78652,431,49,7,307,19,0,0
147,14/09/2026 12:17,72,event-state,786,78652,429,51,7,279,18,0,0
148,14/09/2026 12:17,72,event-state,799,78652,442,48,7,283,18,0,0
149,14/09/2026 12:17,72,event-state,833,78652,445,53,7,299,27,0,0
150,14/09/2026 12:17,72,event-state,786,78652,430,50,7,281,18,0,0
151,14/09/2026 12:17,72,event-state,818,78652,432,48,7,312,18,0,0
152,14/09/2026 12:17,72,event-state,806,78652,448,48,7,283,18,0,0
153,14/09/2026 12:17,72,event-state,792,78652,427,50,7,290,17,0,0
154,14/09/2026 12:17,72,event-state,818,78652,428,51,8,311,17,0,0
155,14/09/2026 12:17,72,event-state,784,78652,429,49,7,280,17,0,0
156,14/09/2026 12:17,72,event-state,838,78652,464,64,8,282,17,0,0
157,14/09/2026 12:17,72,event-state,783,78652,426,49,7,281,18,0,0
158,14/09/2026 12:17,72,event-state,785,78652,427,51,6,281,18,0,0
159,14/09/2026 12:17,72,event-state,782,78652,427,47,7,281,18,0,0
160,14/09/2026 12:17,72,event-state,790,78652,435,50,6,280,18,0,0
161,14/09/2026 12:17,72,event-state,807,78653,426,49,7,304,19,0,0
162,14/09/2026 12:18,72,event-state,782,78652,427,50,7,279,18,0,0
163,14/09/2026 12:18,72,event-state,796,78652,430,51,7,288,18,0,0
164,14/09/2026 12:18,72,event-state,784,78652,428,49,7,280,18,0,0
165,14/09/2026 12:18,72,event-state,799,78652,441,48,7,283,18,0,0
166,14/09/2026 12:18,72,event-state,787,78652,430,49,7,282,18,0,0
167,14/09/2026 12:18,72,event-state,784,78652,428,49,7,281,18,0,0
168,14/09/2026 12:18,72,event-state,781,78652,425,49,6,281,18,0,0
169,14/09/2026 12:18,72,event-state,780,78652,428,46,7,279,18,0,0
170,14/09/2026 12:18,72,event-state,789,78652,431,50,7,282,18,0,0
171,14/09/2026 12:18,72,event-state,854,78652,449,62,8,315,19,0,0
172,14/09/2026 12:18,72,event-state,795,78652,431,48,7,289,18,0,0
173,14/09/2026 12:18,72,event-state,823,78652,429,49,7,319,18,0,0
174,14/09/2026 12:18,72,event-state,798,78652,425,50,7,296,18,0,0
175,14/09/2026 12:18,72,event-state,786,78652,429,48,7,282,18,0,0
176,14/09/2026 12:18,72,event-state,804,78652,443,49,7,284,19,0,0
177,14/09/2026 12:18,72,event-state,784,78652,429,48,7,280,18,0,0
178,14/09/2026 12:18,72,event-state,790,78652,430,50,7,284,18,0,0
179,14/09/2026 12:18,72,event-state,824,78652,448,54,8,294,18,0,0
180,14/09/2026 12:18,72,event-state,786,78652,430,47,7,283,17,0,0
181,14/09/2026 12:18,72,event-state,792,78652,435,47,7,282,18,0,0
182,14/09/2026 12:18,72,event-state,786,78652,430,48,7,281,18,0,0
183,14/09/2026 12:18,72,event-state,788,78652,430,49,7,282,18,0,0
184,14/09/2026 12:18,72,event-state,801,78652,433,48,7,294,18,0,0
185,14/09/2026 12:18,72,event-state,814,78652,429,50,6,308,18,0,0
186,14/09/2026 12:18,72,event-state,781,78652,427,47,7,281,18,0,0
187,14/09/2026 12:18,72,event-state,780,78652,425,49,7,279,18,0,0
188,14/09/2026 12:18,72,event-state,785,78652,430,49,7,280,18,0,0
189,14/09/2026 12:18,72,event-state,790,78652,432,49,7,282,18,0,0
190,14/09/2026 12:18,72,event-state,821,78652,438,65,15,284,18,0,0
191,14/09/2026 12:18,72,event-state,789,78652,431,49,7,283,18,0,0
192,14/09/2026 12:18,72,event-state,786,78652,428,49,7,283,18,0,0
193,14/09/2026 12:18,72,event-state,788,78652,434,48,7,281,18,0,0
194,14/09/2026 12:18,72,event-state,817,78652,435,63,12,288,18,0,0
195,14/09/2026 12:18,72,event-state,787,78652,430,49,7,282,17,0,0
196,14/09/2026 12:18,72,event-state,778,78652,426,47,7,280,17,0,0
197,14/09/2026 12:18,72,event-state,794,78653,426,50,7,291,17,0,0
198,14/09/2026 12:18,72,event-state,788,78652,428,50,7,283,18,0,0
199,14/09/2026 12:18,72,event-state,784,78652,428,48,7,282,18,0,0
200,14/09/2026 12:18,72,event-state,784,78652,430,47,7,281,17,0,0
1,14/09/2026 12:21,9,entity,858,68182,488,52,6,293,18,0,0
2,14/09/2026 12:21,9,entity,738,68182,439,14,5,260,17,0,0
3,14/09/2026 12:21,9,entity,730,68182,426,15,6,264,17,0,0
4,14/09/2026 12:21,9,entity,739,68182,432,15,6,267,17,0,0
5,14/09/2026 12:21,9,entity,768,68182,435,20,5,280,26,0,0
6,14/09/2026 12:21,9,entity,740,68182,437,15,5,264,17,0,0
7,14/09/2026 12:21,9,entity,777,68182,456,17,5,279,18,0,0
8,14/09/2026 12:21,9,entity,730,68183,428,15,5,262,17,0,0
9,14/09/2026 12:21,9,entity,770,68182,442,17,5,287,17,0,0
10,14/09/2026 12:21,9,entity,797,68182,463,22,5,287,18,0,0
11,14/09/2026 12:21,9,entity,750,68182,444,15,5,266,17,0,0
12,14/09/2026 12:21,9,entity,743,68182,439,16,5,264,18,0,0
13,14/09/2026 12:21,9,entity,745,68182,428,14,5,275,21,0,0
14,14/09/2026 12:21,9,entity,742,68182,428,15,5,274,17,0,0
15,14/09/2026 12:21,9,entity,728,68183,429,14,5,261,16,0,0
16,14/09/2026 12:21,9,entity,729,68182,427,14,5,263,17,0,0
17,14/09/2026 12:21,9,entity,764,68182,444,18,5,278,17,0,0
18,14/09/2026 12:21,9,entity,737,68182,432,15,5,265,17,0,0
19,14/09/2026 12:21,9,entity,735,68182,431,15,5,264,17,0,0
20,14/09/2026 12:22,9,entity,734,68182,431,15,5,265,17,0,0
21,14/09/2026 12:22,9,entity,736,68182,432,15,5,265,17,0,0
22,14/09/2026 12:22,9,entity,731,68182,429,14,5,262,18,0,0
23,14/09/2026 12:22,9,entity,731,68182,429,14,5,264,17,0,0
24,14/09/2026 12:22,9,entity,750,68182,428,14,5,283,18,0,0
25,14/09/2026 12:22,9,entity,749,68182,431,15,5,278,18,0,0
26,14/09/2026 12:22,9,entity,733,68182,429,15,5,264,18,0,0
27,14/09/2026 12:22,9,entity,740,68182,436,14,5,266,17,0,0
28,14/09/2026 12:22,9,entity,730,68182,427,15,5,265,17,0,0
29,14/09/2026 12:22,9,entity,748,68182,442,14,5,267,18,0,0
30,14/09/2026 12:22,9,entity,768,68182,443,17,5,283,18,0,0
31,14/09/2026 12:22,9,entity,746,68182,435,14,5,273,17,0,0
32,14/09/2026 12:22,9,entity,767,68182,455,21,6,266,17,0,0
33,14/09/2026 12:22,9,entity,760,68182,442,14,5,275,22,0,0
34,14/09/2026 12:22,9,entity,744,68182,430,14,5,276,17,0,0
35,14/09/2026 12:22,9,entity,771,68182,431,21,5,286,26,0,0
36,14/09/2026 12:22,9,entity,733,68182,430,15,6,264,17,0,0
37,14/09/2026 12:22,9,entity,730,68182,429,14,5,261,19,0,0
38,14/09/2026 12:22,9,entity,746,68182,433,14,5,274,17,0,0
39,14/09/2026 12:22,9,entity,740,68182,428,14,5,273,18,0,0
40,14/09/2026 12:22,9,entity,732,68182,429,15,5,265,17,0,0
41,14/09/2026 12:22,9,entity,742,68183,434,15,5,267,18,0,0
42,14/09/2026 12:22,9,entity,740,68183,435,15,5,266,18,0,0
43,14/09/2026 12:22,9,entity,731,68182,428,14,5,265,17,0,0
44,14/09/2026 12:22,9,entity,733,68182,429,15,5,264,18,0,0
45,14/09/2026 12:22,9,entity,729,68182,428,14,5,263,17,0,0
46,14/09/2026 12:22,9,entity,760,68182,448,16,6,271,17,0,0
47,14/09/2026 12:22,9,entity,786,68182,447,19,5,296,17,0,0
48,14/09/2026 12:22,9,entity,743,68182,441,14,6,263,17,0,0
49,14/09/2026 12:22,9,entity,727,68182,427,14,5,261,17,0,0
50,14/09/2026 12:22,9,entity,729,68182,429,14,5,262,17,0,0
51,14/09/2026 12:22,9,entity,751,68182,435,17,5,274,17,0,0
52,14/09/2026 12:22,9,entity,763,68182,433,14,5,290,18,0,0
53,14/09/2026 12:22,9,entity,735,68182,431,15,6,264,17,0,0
54,14/09/2026 12:22,9,entity,731,68182,428,15,5,263,18,0,0
55,14/09/2026 12:22,9,entity,735,68182,431,14,6,265,17,0,0
56,14/09/2026 12:22,9,entity,733,68182,430,15,5,265,17,0,0
57,14/09/2026 12:22,9,entity,762,68182,431,15,5,284,25,0,0
58,14/09/2026 12:22,9,entity,749,68182,440,19,6,265,17,0,0
59,14/09/2026 12:22,9,entity,729,68182,427,14,5,263,17,0,0
60,14/09/2026 12:22,9,entity,785,68182,448,21,6,290,19,0,0
61,14/09/2026 12:22,9,entity,737,68182,433,16,5,264,17,0,0
62,14/09/2026 12:22,9,entity,742,68182,439,14,5,265,17,0,0
63,14/09/2026 12:22,9,entity,767,68183,433,18,6,291,18,0,0
64,14/09/2026 12:22,9,entity,740,68182,433,15,5,268,17,0,0
65,14/09/2026 12:22,9,entity,735,68182,430,14,5,267,17,0,0
66,14/09/2026 12:22,9,entity,737,68182,431,15,5,267,17,0,0
67,14/09/2026 12:22,9,entity,737,68182,434,14,5,264,17,0,0
68,14/09/2026 12:22,9,entity,738,68182,436,14,5,263,17,0,0
69,14/09/2026 12:22,9,entity,789,68182,457,18,6,287,18,0,0
70,14/09/2026 12:22,9,entity,730,68182,425,16,5,265,17,0,0
71,14/09/2026 12:22,9,entity,772,68182,441,21,6,284,18,0,0
72,14/09/2026 12:22,9,entity,733,68182,429,15,5,264,18,0,0
73,14/09/2026 12:22,9,entity,740,68182,433,15,5,267,17,0,0
74,14/09/2026 12:22,9,entity,738,68182,432,16,5,264,18,0,0
75,14/09/2026 12:22,9,entity,729,68182,427,14,5,264,17,0,0
76,14/09/2026 12:22,9,entity,735,68182,432,15,5,264,17,0,0
77,14/09/2026 12:22,9,entity,739,68182,439,14,5,262,17,0,0
78,14/09/2026 12:22,9,entity,739,68182,436,15,5,263,18,0,0
79,14/09/2026 12:22,9,entity,736,68182,430,15,6,267,17,0,0
80,14/09/2026 12:22,9,entity,760,68182,441,16,5,279,17,0,0
81,14/09/2026 12:22,9,entity,731,68182,430,14,5,262,17,0,0
82,14/09/2026 12:22,9,entity,738,68182,432,15,5,266,18,0,0
83,14/09/2026 12:22,9,entity,754,68182,455,14,5,261,17,0,0
84,14/09/2026 12:22,9,entity,751,68182,429,16,6,280,18,0,0
85,14/09/2026 12:22,9,entity,730,68182,429,14,5,262,17,0,0
86,14/09/2026 12:22,9,entity,729,68182,427,14,5,263,18,0,0
87,14/09/2026 12:22,9,entity,727,68182,425,14,5,263,18,0,0
88,14/09/2026 12:22,9,entity,743,68182,428,14,5,269,24,0,0
89,14/09/2026 12:22,9,entity,738,68182,432,15,5,265,17,0,0
90,14/09/2026 12:23,9,entity,760,68182,431,14,5,289,19,0,0
91,14/09/2026 12:23,9,entity,784,68182,456,17,6,281,23,0,0
92,14/09/2026 12:23,9,entity,731,68183,429,14,6,263,17,0,0
93,14/09/2026 12:23,9,entity,741,68182,433,15,5,268,17,0,0
94,14/09/2026 12:23,9,entity,728,68182,428,14,5,262,17,0,0
95,14/09/2026 12:23,9,entity,730,68182,429,14,5,262,18,0,0
96,14/09/2026 12:23,9,entity,737,68182,434,14,5,264,17,0,0
97,14/09/2026 12:23,9,entity,736,68182,426,15,5,270,18,0,0
98,14/09/2026 12:23,9,entity,739,68183,431,16,5,268,17,0,0
99,14/09/2026 12:23,9,entity,769,68182,440,18,5,286,17,0,0
100,14/09/2026 12:23,9,entity,733,68182,430,15,5,263,17,0,0
101,14/09/2026 12:23,9,entity,729,68182,428,14,5,263,18,0,0
102,14/09/2026 12:23,9,entity,728,68182,429,14,5,261,17,0,0
103,14/09/2026 12:23,9,entity,746,68182,432,15,13,266,17,0,0
104,14/09/2026 12:23,9,entity,729,68182,426,14,5,264,17,0,0
105,14/09/2026 12:23,9,entity,749,68182,425,16,5,283,18,0,0
106,14/09/2026 12:23,9,entity,728,68182,426,15,5,262,17,0,0
107,14/09/2026 12:23,9,entity,732,68182,431,14,5,263,17,0,0
108,14/09/2026 12:23,9,entity,729,68182,428,14,5,263,17,0,0
109,14/09/2026 12:23,9,entity,742,68182,441,14,5,263,17,0,0
110,14/09/2026 12:23,9,entity,729,68182,427,15,5,263,17,0,0
111,14/09/2026 12:23,9,entity,727,68182,427,14,5,262,17,0,0
112,14/09/2026 12:23,9,entity,734,68182,431,15,5,265,17,0,0
113,14/09/2026 12:23,9,entity,739,68182,433,15,5,266,17,0,0
114,14/09/2026 12:23,9,entity,743,68182,429,14,5,276,17,0,0
115,14/09/2026 12:23,9,entity,731,68182,429,15,5,263,17,0,0
116,14/09/2026 12:23,9,entity,743,68182,439,15,5,264,18,0,0
117,14/09/2026 12:23,9,entity,763,68182,448,17,5,272,18,0,0
118,14/09/2026 12:23,9,entity,733,68182,431,15,5,264,17,0,0
119,14/09/2026 12:23,9,entity,736,68182,432,14,5,266,17,0,0
120,14/09/2026 12:23,9,entity,737,68182,432,15,5,265,18,0,0
121,14/09/2026 12:23,9,entity,762,68182,429,14,5,294,17,0,0
122,14/09/2026 12:23,9,entity,786,68182,446,17,5,295,21,0,0
123,14/09/2026 12:23,9,entity,728,68183,427,14,5,263,17,0,0
124,14/09/2026 12:23,9,entity,759,68182,438,17,5,279,18,0,0
125,14/09/2026 12:23,9,entity,739,68182,438,14,5,263,17,0,0
126,14/09/2026 12:23,9,entity,754,68182,441,18,5,271,17,0,0
127,14/09/2026 12:23,9,entity,732,68182,430,14,5,264,17,0,0
128,14/09/2026 12:23,9,entity,775,68182,443,17,5,291,17,0,0
129,14/09/2026 12:23,9,entity,761,68182,428,15,5,292,19,0,0
130,14/09/2026 12:23,9,entity,729,68182,429,15,5,261,17,0,0
131,14/09/2026 12:23,9,entity,728,68182,426,14,6,263,17,0,0
132,14/09/2026 12:23,9,entity,732,68183,428,15,5,265,17,0,0
133,14/09/2026 12:23,9,entity,732,68182,430,15,5,264,17,0,0
134,14/09/2026 12:23,9,entity,728,68182,427,15,6,261,18,0,0
135,14/09/2026 12:23,9,entity,745,68182,428,15,5,278,18,0,0
136,14/09/2026 12:23,9,entity,730,68182,428,14,5,264,17,0,0
137,14/09/2026 12:23,9,entity,734,68182,431,14,6,264,17,0,0
138,14/09/2026 12:23,9,entity,778,68182,449,18,6,284,19,0,0
139,14/09/2026 12:23,9,entity,776,68182,446,17,7,286,17,0,0
140,14/09/2026 12:23,9,entity,769,68182,440,17,5,284,22,0,0
141,14/09/2026 12:23,9,entity,789,68182,463,21,6,279,18,0,0
142,14/09/2026 12:23,9,entity,762,68182,444,18,5,276,17,0,0
143,14/09/2026 12:23,9,entity,740,68182,436,14,6,266,17,0,0
144,14/09/2026 12:23,9,entity,745,68182,432,15,5,274,17,0,0
145,14/09/2026 12:23,9,entity,729,68182,427,15,5,263,17,0,0
146,14/09/2026 12:23,9,entity,735,68184,430,15,5,265,18,0,0
147,14/09/2026 12:23,9,entity,760,68183,429,14,5,292,17,0,0
148,14/09/2026 12:23,9,entity,730,68182,430,15,5,261,18,0,0
149,14/09/2026 12:23,9,entity,740,68182,428,15,5,273,18,0,0
150,14/09/2026 12:23,9,entity,738,68182,426,15,5,273,17,0,0
151,14/09/2026 12:23,9,entity,741,68182,437,14,6,265,17,0,0
152,14/09/2026 12:23,9,entity,773,68182,438,18,5,285,25,0,0
153,14/09/2026 12:23,9,entity,726,68182,426,14,5,262,17,0,0
154,14/09/2026 12:23,9,entity,725,68182,424,15,5,262,17,0,0
155,14/09/2026 12:23,9,entity,729,68182,428,14,5,263,17,0,0
156,14/09/2026 12:23,9,entity,732,68182,428,15,5,265,17,0,0
157,14/09/2026 12:23,9,entity,730,68183,428,15,5,263,17,0,0
158,14/09/2026 12:23,9,entity,726,68182,425,15,6,261,18,0,0
159,14/09/2026 12:23,9,entity,735,68182,431,14,5,265,18,0,0
160,14/09/2026 12:24,9,entity,730,68182,428,14,5,263,17,0,0
161,14/09/2026 12:24,9,entity,731,68183,429,14,5,264,17,0,0
162,14/09/2026 12:24,9,entity,730,68183,428,15,5,263,17,0,0
163,14/09/2026 12:24,9,entity,739,68182,435,14,5,266,17,0,0
164,14/09/2026 12:24,9,entity,733,68182,430,14,5,264,17,0,0
165,14/09/2026 12:24,9,entity,725,68182,425,14,5,261,17,0,0
166,14/09/2026 12:24,9,entity,727,68182,427,15,5,261,17,0,0
167,14/09/2026 12:24,9,entity,767,68182,447,17,5,278,17,0,0
168,14/09/2026 12:24,9,entity,766,68182,442,18,5,277,22,0,0
169,14/09/2026 12:24,9,entity,730,68182,429,14,5,262,17,0,0
170,14/09/2026 12:24,9,entity,740,68182,433,14,5,268,18,0,0
171,14/09/2026 12:24,9,entity,729,68182,430,14,5,261,18,0,0
172,14/09/2026 12:24,9,entity,775,68182,453,17,5,280,17,0,0
173,14/09/2026 12:24,9,entity,730,68182,428,15,5,263,17,0,0
174,14/09/2026 12:24,9,entity,740,68182,433,15,5,268,17,0,0
175,14/09/2026 12:24,9,entity,736,68182,431,15,5,265,17,0,0
176,14/09/2026 12:24,9,entity,755,68183,433,20,6,278,17,0,0
177,14/09/2026 12:24,9,entity,727,68182,426,15,5,263,17,0,0
178,14/09/2026 12:24,9,entity,771,68182,447,17,5,278,22,0,0
179,14/09/2026 12:24,9,entity,728,68182,428,14,5,261,17,0,0
180,14/09/2026 12:24,9,entity,737,68182,433,15,5,266,17,0,0
181,14/09/2026 12:24,9,entity,730,68182,428,15,5,262,18,0,0
182,14/09/2026 12:24,9,entity,751,68182,433,15,5,278,18,0,0
183,14/09/2026 12:24,9,entity,746,68182,434,14,5,273,17,0,0
184,14/09/2026 12:24,9,entity,738,68183,426,14,5,273,17,0,0
185,14/09/2026 12:24,9,entity,735,68182,428,15,6,267,17,0,0
186,14/09/2026 12:24,9,entity,719,68183,422,14,5,259,17,0,0
187,14/09/2026 12:24,9,entity,731,68182,428,15,5,265,17,0,0
188,14/09/2026 12:24,9,entity,728,68182,429,14,5,261,17,0,0
189,14/09/2026 12:24,9,entity,728,68182,427,15,5,262,18,0,0
190,14/09/2026 12:24,9,entity,735,68182,430,16,5,264,18,0,0
191,14/09/2026 12:24,9,entity,733,68182,429,15,5,264,17,0,0
192,14/09/2026 12:24,9,entity,728,68182,426,14,5,263,18,0,0
193,14/09/2026 12:24,9,entity,738,68182,432,15,5,267,17,0,0
194,14/09/2026 12:24,9,entity,758,68182,438,21,7,269,21,0,0
195,14/09/2026 12:24,9,entity,763,68182,427,15,5,296,19,0,0
196,14/09/2026 12:24,9,entity,789,68182,455,20,5,286,22,0,0
197,14/09/2026 12:24,9,entity,736,68182,432,15,5,264,18,0,0
198,14/09/2026 12:24,9,entity,749,68182,429,17,5,278,18,0,0
199,14/09/2026 12:24,9,entity,775,68182,451,17,6,282,17,0,0
200,14/09/2026 12:24,9,entity,734,68182,430,14,5,264,17,0,0
1,14/09/2026 12:24,18,entity,937,73425,538,81,6,294,17,0,0
2,14/09/2026 12:24,18,entity,757,73425,441,23,5,268,17,0,0
3,14/09/2026 12:24,18,entity,748,73425,432,22,6,269,17,0,0
4,14/09/2026 12:24,18,entity,743,73425,430,22,6,266,17,0,0
5,14/09/2026 12:24,18,entity,749,73425,431,22,5,272,17,0,0
6,14/09/2026 12:24,18,entity,750,73425,434,21,6,270,17,0,0
7,14/09/2026 12:24,18,entity,744,73425,429,22,5,269,17,0,0
8,14/09/2026 12:24,18,entity,760,73425,440,22,5,274,16,0,0
9,14/09/2026 12:24,18,entity,767,73425,430,22,5,290,18,0,0
10,14/09/2026 12:24,18,entity,737,73425,427,21,5,264,17,0,0
11,14/09/2026 12:24,18,entity,780,73425,451,28,6,276,17,0,0
12,14/09/2026 12:24,18,entity,761,73426,448,21,5,268,17,0,0
13,14/09/2026 12:24,18,entity,737,73425,426,21,5,266,17,0,0
14,14/09/2026 12:24,18,entity,764,73425,435,24,6,280,17,0,0
15,14/09/2026 12:24,18,entity,738,73426,427,21,5,265,17,0,0
16,14/09/2026 12:24,18,entity,773,73425,441,22,5,285,17,0,0
17,14/09/2026 12:24,18,entity,742,73425,428,22,6,267,17,0,0
18,14/09/2026 12:24,18,entity,763,73425,428,22,5,288,17,0,0
19,14/09/2026 12:24,18,entity,742,73425,429,22,5,267,16,0,0
20,14/09/2026 12:24,18,entity,746,73425,431,22,5,269,17,0,0
21,14/09/2026 12:24,18,entity,739,73425,427,22,5,267,17,0,0
22,14/09/2026 12:24,18,entity,748,73425,431,23,6,270,16,0,0
23,14/09/2026 12:24,18,entity,751,73425,429,23,6,275,17,0,0
24,14/09/2026 12:24,18,entity,758,73425,434,22,5,277,17,0,0
25,14/09/2026 12:24,18,entity,774,73425,428,37,5,284,17,0,0
26,14/09/2026 12:24,18,entity,739,73425,427,21,5,267,17,0,0
27,14/09/2026 12:24,18,entity,752,73425,432,23,6,272,17,0,0
28,14/09/2026 12:24,18,entity,779,73425,442,24,6,288,17,0,0
29,14/09/2026 12:25,18,entity,747,73425,433,21,5,269,16,0,0
30,14/09/2026 12:25,18,entity,750,73426,430,23,6,273,17,0,0
31,14/09/2026 12:25,18,entity,741,73425,427,22,6,268,17,0,0
32,14/09/2026 12:25,18,entity,743,73425,427,22,5,269,17,0,0
33,14/09/2026 12:25,18,entity,740,73425,427,21,6,267,17,0,0
34,14/09/2026 12:25,18,entity,752,73425,434,22,6,272,17,0,0
35,14/09/2026 12:25,18,entity,741,73425,428,23,5,267,16,0,0
36,14/09/2026 12:25,18,entity,739,73425,427,22,5,266,17,0,0
37,14/09/2026 12:25,18,entity,739,73425,426,21,6,267,17,0,0
38,14/09/2026 12:25,18,entity,768,73425,432,23,5,289,17,0,0
39,14/09/2026 12:25,18,entity,777,73425,428,21,6,303,17,0,0
40,14/09/2026 12:25,18,entity,739,73425,426,22,6,267,17,0,0
41,14/09/2026 12:25,18,entity,745,73425,428,24,5,268,18,0,0
42,14/09/2026 12:25,18,entity,738,73425,427,23,6,264,17,0,0
43,14/09/2026 12:25,18,entity,739,73425,429,21,5,265,17,0,0
44,14/09/2026 12:25,18,entity,775,73425,434,24,6,291,18,0,0
45,14/09/2026 12:25,18,entity,738,73425,425,22,5,266,17,0,0
46,14/09/2026 12:25,18,entity,746,73425,429,24,6,269,17,0,0
47,14/09/2026 12:25,18,entity,764,73426,431,22,6,287,17,0,0
48,14/09/2026 12:25,18,entity,742,73425,428,22,6,267,17,0,0
49,14/09/2026 12:25,18,entity,739,73425,429,21,5,265,17,0,0
50,14/09/2026 12:25,18,entity,791,73425,449,25,6,292,17,0,0
51,14/09/2026 12:25,18,entity,744,73425,431,21,5,268,17,0,0
52,14/09/2026 12:25,18,entity,785,73425,441,24,6,291,21,0,0
53,14/09/2026 12:25,18,entity,738,73425,426,23,5,266,17,0,0
54,14/09/2026 12:25,18,entity,764,73425,431,22,5,283,22,0,0
55,14/09/2026 12:25,18,entity,738,73425,428,22,5,265,17,0,0
56,14/09/2026 12:25,18,entity,740,73425,428,22,5,266,17,0,0
57,14/09/2026 12:25,18,entity,748,73425,429,21,5,273,17,0,0
58,14/09/2026 12:25,18,entity,744,73425,430,22,5,268,17,0,0
59,14/09/2026 12:25,18,entity,744,73425,429,22,5,269,17,0,0
60,14/09/2026 12:25,18,entity,748,73425,432,22,6,270,17,0,0
61,14/09/2026 12:25,18,entity,740,73425,429,22,5,265,17,0,0
62,14/09/2026 12:25,18,entity,746,73425,431,22,5,268,17,0,0
63,14/09/2026 12:25,18,entity,734,73425,424,21,5,266,16,0,0
64,14/09/2026 12:25,18,entity,740,73425,428,21,5,266,16,0,0
65,14/09/2026 12:25,18,entity,740,73425,427,21,5,267,17,0,0
66,14/09/2026 12:25,18,entity,743,73425,435,22,6,263,16,0,0
67,14/09/2026 12:25,18,entity,771,73425,453,23,5,271,17,0,0
68,14/09/2026 12:25,18,entity,744,73425,431,22,6,267,17,0,0
69,14/09/2026 12:25,18,entity,743,73425,429,22,6,268,17,0,0
70,14/09/2026 12:25,18,entity,760,73425,434,22,5,278,18,0,0
71,14/09/2026 12:25,18,entity,739,73425,427,22,5,266,17,0,0
72,14/09/2026 12:25,18,entity,738,73425,427,22,5,265,16,0,0
73,14/09/2026 12:25,18,entity,739,73425,430,21,5,264,17,0,0
74,14/09/2026 12:25,18,entity,761,73425,429,22,5,285,17,0,0
75,14/09/2026 12:25,18,entity,739,73425,426,22,5,266,17,0,0
76,14/09/2026 12:25,18,entity,751,73425,439,21,6,266,17,0,0
77,14/09/2026 12:25,18,entity,750,73426,433,22,5,270,17,0,0
78,14/09/2026 12:25,18,entity,739,73425,427,21,5,267,16,0,0
79,14/09/2026 12:25,18,entity,754,73425,440,23,5,267,17,0,0
80,14/09/2026 12:25,18,entity,767,73425,452,23,6,267,17,0,0
81,14/09/2026 12:25,18,entity,796,73425,454,25,6,292,17,0,0
82,14/09/2026 12:25,18,entity,752,73425,435,22,6,270,17,0,0
83,14/09/2026 12:25,18,entity,742,73425,429,22,6,266,17,0,0
84,14/09/2026 12:25,18,entity,754,73425,442,22,5,266,17,0,0
85,14/09/2026 12:25,18,entity,744,73425,431,22,6,267,17,0,0
86,14/09/2026 12:25,18,entity,741,73425,426,22,6,268,16,0,0
87,14/09/2026 12:25,18,entity,754,73425,440,23,5,268,16,0,0
88,14/09/2026 12:25,18,entity,742,73425,428,22,6,267,17,0,0
89,14/09/2026 12:25,18,entity,740,73425,429,21,5,266,17,0,0
90,14/09/2026 12:25,18,entity,745,73425,429,21,6,269,17,0,0
91,14/09/2026 12:25,18,entity,746,73425,428,22,5,271,17,0,0
92,14/09/2026 12:25,18,entity,751,73425,437,22,5,268,17,0,0
93,14/09/2026 12:25,18,entity,740,73425,427,22,6,267,17,0,0
94,14/09/2026 12:25,18,entity,781,73425,447,24,6,285,17,0,0
95,14/09/2026 12:25,18,entity,738,73425,424,23,5,267,17,0,0
96,14/09/2026 12:25,18,entity,751,73425,436,22,5,269,17,0,0
97,14/09/2026 12:25,18,entity,784,73425,439,29,7,290,18,0,0
98,14/09/2026 12:26,18,entity,752,73425,436,22,6,269,17,0,0
99,14/09/2026 12:26,18,entity,752,73425,438,21,5,268,18,0,0
100,14/09/2026 12:26,18,entity,756,73425,441,22,6,268,17,0,0
101,14/09/2026 12:26,18,entity,739,73425,426,21,5,268,17,0,0
102,14/09/2026 12:26,18,entity,740,73425,427,22,5,266,17,0,0
103,14/09/2026 12:26,18,entity,747,73425,426,21,5,275,17,0,0
104,14/09/2026 12:26,18,entity,747,73425,431,22,5,270,17,0,0
105,14/09/2026 12:26,18,entity,746,73425,429,22,6,268,19,0,0
106,14/09/2026 12:26,18,entity,746,73425,431,23,6,267,17,0,0
107,14/09/2026 12:26,18,entity,746,73425,433,23,5,266,17,0,0
108,14/09/2026 12:26,18,entity,741,73425,426,23,6,266,17,0,0
109,14/09/2026 12:26,18,entity,745,73425,431,23,5,268,17,0,0
110,14/09/2026 12:26,18,entity,745,73425,431,22,6,268,17,0,0
111,14/09/2026 12:26,18,entity,763,73425,438,24,5,278,16,0,0
112,14/09/2026 12:26,18,entity,770,73425,434,25,5,286,18,0,0
113,14/09/2026 12:26,18,entity,738,73425,428,21,6,265,16,0,0
114,14/09/2026 12:26,18,entity,753,73425,435,23,6,271,17,0,0
115,14/09/2026 12:26,18,entity,747,73425,431,22,5,269,17,0,0
116,14/09/2026 12:26,18,entity,745,73425,432,22,5,267,16,0,0
117,14/09/2026 12:26,18,entity,751,73425,441,21,6,264,17,0,0
118,14/09/2026 12:26,18,entity,737,73425,426,21,6,266,17,0,0
119,14/09/2026 12:26,18,entity,746,73425,431,22,6,269,16,0,0
120,14/09/2026 12:26,18,entity,779,73425,441,24,6,285,22,0,0
121,14/09/2026 12:26,18,entity,740,73425,427,22,6,266,17,0,0
122,14/09/2026 12:26,18,entity,741,73425,428,22,6,267,17,0,0
123,14/09/2026 12:26,18,entity,810,73425,464,32,6,289,17,0,0
124,14/09/2026 12:26,18,entity,743,73425,429,22,5,267,17,0,0
125,14/09/2026 12:26,18,entity,747,73425,432,22,6,269,17,0,0
126,14/09/2026 12:26,18,entity,738,73425,426,22,5,267,17,0,0
127,14/09/2026 12:26,18,entity,777,73425,448,27,6,278,17,0,0
128,14/09/2026 12:26,18,entity,794,73425,452,23,6,294,17,0,0
129,14/09/2026 12:26,18,entity,741,73425,430,21,5,266,17,0,0
130,14/09/2026 12:26,18,entity,739,73425,427,21,6,266,17,0,0
131,14/09/2026 12:26,18,entity,744,73425,430,23,5,267,17,0,0
132,14/09/2026 12:26,18,entity,777,73425,434,26,5,293,17,0,0
133,14/09/2026 12:26,18,entity,765,73425,453,22,5,266,17,0,0
134,14/09/2026 12:26,18,entity,740,73425,426,23,5,267,17,0,0
135,14/09/2026 12:26,18,entity,749,73425,439,21,5,265,17,0,0
136,14/09/2026 12:26,18,entity,749,73425,426,22,6,277,17,0,0
137,14/09/2026 12:26,18,entity,744,73425,432,23,5,265,17,0,0
138,14/09/2026 12:26,18,entity,749,73425,433,23,5,268,17,0,0
139,14/09/2026 12:26,18,entity,746,73425,432,23,5,267,16,0,0
140,14/09/2026 12:26,18,entity,750,73425,437,22,6,267,17,0,0
141,14/09/2026 12:26,18,entity,747,73425,431,23,6,269,16,0,0
142,14/09/2026 12:26,18,entity,749,73425,426,21,5,277,17,0,0
143,14/09/2026 12:26,18,entity,754,73425,436,22,6,271,17,0,0
144,14/09/2026 12:26,18,entity,742,73425,431,21,5,266,17,0,0
145,14/09/2026 12:26,18,entity,750,73425,436,22,5,268,17,0,0
146,14/09/2026 12:26,18,entity,774,73425,425,22,5,302,18,0,0
147,14/09/2026 12:26,18,entity,749,73425,432,22,6,270,18,0,0
148,14/09/2026 12:26,18,entity,748,73425,436,22,5,266,17,0,0
149,14/09/2026 12:26,18,entity,752,73425,425,22,5,281,17,0,0
150,14/09/2026 12:26,18,entity,785,73425,434,22,6,304,17,0,0
151,14/09/2026 12:26,18,entity,740,73425,426,22,5,267,17,0,0
152,14/09/2026 12:26,18,entity,743,73425,429,22,6,268,17,0,0
153,14/09/2026 12:26,18,entity,748,73425,429,22,6,272,17,0,0
154,14/09/2026 12:26,18,entity,743,73425,432,21,6,266,17,0,0
155,14/09/2026 12:26,18,entity,741,73425,429,21,5,267,16,0,0
156,14/09/2026 12:26,18,entity,751,73425,432,22,6,271,17,0,0
157,14/09/2026 12:26,18,entity,745,73425,432,21,5,268,17,0,0
158,14/09/2026 12:26,18,entity,769,73425,450,29,6,265,17,0,0
159,14/09/2026 12:26,18,entity,743,73425,429,22,5,267,17,0,0
160,14/09/2026 12:26,18,entity,754,73425,432,22,5,276,17,0,0
161,14/09/2026 12:26,18,entity,740,73425,429,22,5,266,17,0,0
162,14/09/2026 12:26,18,entity,748,73425,431,22,5,271,17,0,0
163,14/09/2026 12:26,18,entity,735,73425,425,22,6,263,17,0,0
164,14/09/2026 12:26,18,entity,759,73425,442,23,6,271,17,0,0
165,14/09/2026 12:26,18,entity,743,73425,431,22,6,266,17,0,0
166,14/09/2026 12:26,18,entity,738,73425,427,22,5,265,17,0,0
167,14/09/2026 12:26,18,entity,787,73426,442,24,6,297,16,0,0
168,14/09/2026 12:27,18,entity,749,73425,430,23,5,272,17,0,0
169,14/09/2026 12:27,18,entity,760,73425,432,23,5,277,21,0,0
170,14/09/2026 12:27,18,entity,737,73425,425,22,5,266,17,0,0
171,14/09/2026 12:27,18,entity,754,73425,438,21,6,270,17,0,0
172,14/09/2026 12:27,18,entity,751,73425,438,21,5,266,17,0,0
173,14/09/2026 12:27,18,entity,739,73425,428,22,6,265,17,0,0
174,14/09/2026 12:27,18,entity,741,73425,427,23,5,267,17,0,0
175,14/09/2026 12:27,18,entity,740,73425,428,22,5,266,17,0,0
176,14/09/2026 12:27,18,entity,740,73425,429,21,5,264,18,0,0
177,14/09/2026 12:27,18,entity,746,73425,432,22,7,267,17,0,0
178,14/09/2026 12:27,18,entity,746,73425,433,22,5,267,16,0,0
179,14/09/2026 12:27,18,entity,743,73425,430,22,6,266,17,0,0
180,14/09/2026 12:27,18,entity,779,73425,455,24,6,274,18,0,0
181,14/09/2026 12:27,18,entity,737,73425,428,21,5,264,17,0,0
182,14/09/2026 12:27,18,entity,744,73425,428,23,6,268,16,0,0
183,14/09/2026 12:27,18,entity,744,73425,428,24,6,268,17,0,0
184,14/09/2026 12:27,18,entity,765,73425,443,23,5,274,17,0,0
185,14/09/2026 12:27,18,entity,751,73425,434,23,6,270,16,0,0
186,14/09/2026 12:27,18,entity,763,73425,429,22,5,288,17,0,0
187,14/09/2026 12:27,18,entity,738,73425,427,21,6,265,17,0,0
188,14/09/2026 12:27,18,entity,744,73425,430,22,6,268,16,0,0
189,14/09/2026 12:27,18,entity,757,73425,428,22,5,282,17,0,0
190,14/09/2026 12:27,18,entity,746,73425,432,22,5,268,17,0,0
191,14/09/2026 12:27,18,entity,743,73425,429,22,6,267,17,0,0
192,14/09/2026 12:27,18,entity,744,73425,430,21,6,269,17,0,0
193,14/09/2026 12:27,18,entity,740,73425,427,22,6,267,17,0,0
194,14/09/2026 12:27,18,entity,744,73425,431,21,5,267,17,0,0
195,14/09/2026 12:27,18,entity,775,73425,437,25,6,288,17,0,0
196,14/09/2026 12:27,18,entity,738,73425,426,22,5,266,17,0,0
197,14/09/2026 12:27,18,entity,740,73425,427,22,6,267,17,0,0
198,14/09/2026 12:27,18,entity,751,73425,432,22,5,272,18,0,0
199,14/09/2026 12:27,18,entity,750,73425,435,23,6,269,17,0,0
200,14/09/2026 12:27,18,entity,745,73425,429,22,5,270,17,0,0
1,14/09/2026 12:27,27,entity,950,73409,547,79,8,296,18,0,0
2,14/09/2026 12:27,27,entity,757,73409,433,29,6,272,17,0,0
3,14/09/2026 12:27,27,entity,793,73409,444,34,6,289,17,0,0
4,14/09/2026 12:27,27,entity,781,73409,432,30,7,292,18,0,0
5,14/09/2026 12:27,27,entity,751,73411,430,28,5,268,17,0,0
6,14/09/2026 12:27,27,entity,777,73409,443,28,6,280,18,0,0
7,14/09/2026 12:27,27,entity,752,73409,430,28,5,268,17,0,0
8,14/09/2026 12:27,27,entity,748,73409,428,26,6,268,17,0,0
9,14/09/2026 12:27,27,entity,752,73409,429,29,6,269,17,0,0
10,14/09/2026 12:27,27,entity,755,73409,431,28,6,271,18,0,0
11,14/09/2026 12:27,27,entity,783,73409,441,32,6,284,18,0,0
12,14/09/2026 12:27,27,entity,768,73409,442,29,5,272,18,0,0
13,14/09/2026 12:27,27,entity,775,73409,427,28,6,296,18,0,0
14,14/09/2026 12:27,27,entity,749,73409,429,27,5,268,17,0,0
15,14/09/2026 12:27,27,entity,768,73409,426,29,6,288,18,0,0
16,14/09/2026 12:27,27,entity,751,73409,428,28,5,270,18,0,0
17,14/09/2026 12:27,27,entity,755,73409,432,28,5,270,17,0,0
18,14/09/2026 12:27,27,entity,751,73409,428,29,5,269,17,0,0
19,14/09/2026 12:27,27,entity,762,73409,436,27,6,273,18,0,0
20,14/09/2026 12:27,27,entity,750,73409,426,28,5,271,18,0,0
21,14/09/2026 12:27,27,entity,749,73409,428,28,6,268,18,0,0
22,14/09/2026 12:27,27,entity,754,73409,428,29,6,271,17,0,0
23,14/09/2026 12:27,27,entity,762,73409,428,28,6,281,18,0,0
24,14/09/2026 12:27,27,entity,751,73409,429,27,6,269,17,0,0
25,14/09/2026 12:27,27,entity,753,73409,430,27,6,270,17,0,0
26,14/09/2026 12:27,27,entity,801,73409,431,44,8,299,17,0,0
27,14/09/2026 12:27,27,entity,748,73409,425,29,6,269,17,0,0
28,14/09/2026 12:27,27,entity,750,73409,429,27,6,268,17,0,0
29,14/09/2026 12:27,27,entity,749,73409,427,27,6,270,18,0,0
30,14/09/2026 12:27,27,entity,757,73409,432,28,6,271,17,0,0
31,14/09/2026 12:27,27,entity,751,73409,430,27,5,269,18,0,0
32,14/09/2026 12:27,27,entity,772,73409,431,28,5,289,18,0,0
33,14/09/2026 12:27,27,entity,755,73409,430,28,6,272,17,0,0
34,14/09/2026 12:27,27,entity,777,73409,432,28,6,291,18,0,0
35,14/09/2026 12:28,27,entity,758,73409,434,29,5,271,18,0,0
36,14/09/2026 12:28,27,entity,754,73409,428,28,6,273,17,0,0
37,14/09/2026 12:28,27,entity,758,73409,426,32,8,272,17,0,0
38,14/09/2026 12:28,27,entity,797,73409,425,38,6,304,22,0,0
39,14/09/2026 12:28,27,entity,753,73409,430,27,5,271,18,0,0
40,14/09/2026 12:28,27,entity,748,73409,425,28,5,270,18,0,0
41,14/09/2026 12:28,27,entity,751,73409,427,28,5,270,18,0,0
42,14/09/2026 12:28,27,entity,751,73409,428,29,6,268,18,0,0
43,14/09/2026 12:28,27,entity,756,73409,436,27,5,268,17,0,0
44,14/09/2026 12:28,27,entity,759,73409,433,28,5,272,18,0,0
45,14/09/2026 12:28,27,entity,747,73409,426,28,5,268,17,0,0
46,14/09/2026 12:28,27,entity,754,73409,428,27,5,273,18,0,0
47,14/09/2026 12:28,27,entity,765,73409,434,28,6,278,18,0,0
48,14/09/2026 12:28,27,entity,766,73409,431,28,6,281,18,0,0
49,14/09/2026 12:28,27,entity,757,73409,432,29,5,273,17,0,0
50,14/09/2026 12:28,27,entity,748,73409,426,27,6,270,17,0,0
51,14/09/2026 12:28,27,entity,748,73409,426,27,6,270,18,0,0
52,14/09/2026 12:28,27,entity,754,73409,429,30,5,270,17,0,0
53,14/09/2026 12:28,27,entity,755,73409,433,27,5,270,18,0,0
54,14/09/2026 12:28,27,entity,749,73409,425,28,6,270,17,0,0
55,14/09/2026 12:28,27,entity,771,73409,433,29,6,284,17,0,0
56,14/09/2026 12:28,27,entity,747,73409,426,28,6,268,17,0,0
57,14/09/2026 12:28,27,entity,767,73409,442,28,5,272,17,0,0
58,14/09/2026 12:28,27,entity,750,73410,428,28,5,269,17,0,0
59,14/09/2026 12:28,27,entity,760,73409,438,29,5,268,17,0,0
60,14/09/2026 12:28,27,entity,811,73409,451,33,8,299,18,0,0
61,14/09/2026 12:28,27,entity,759,73409,432,29,6,272,18,0,0
62,14/09/2026 12:28,27,entity,801,73409,454,31,6,290,19,0,0
63,14/09/2026 12:28,27,entity,752,73409,430,27,6,270,18,0,0
64,14/09/2026 12:28,27,entity,784,73409,427,34,8,296,17,0,0
65,14/09/2026 12:28,27,entity,791,73409,435,32,6,299,17,0,0
66,14/09/2026 12:28,27,entity,758,73409,433,27,5,273,18,0,0
67,14/09/2026 12:28,27,entity,753,73410,430,28,5,269,18,0,0
68,14/09/2026 12:28,27,entity,786,73409,430,33,6,297,18,0,0
69,14/09/2026 12:28,27,entity,750,73409,427,27,5,270,17,0,0
70,14/09/2026 12:28,27,entity,808,73409,449,36,6,292,23,0,0
71,14/09/2026 12:28,27,entity,759,73409,431,28,6,274,17,0,0
72,14/09/2026 12:28,27,entity,753,73409,429,29,6,270,17,0,0
73,14/09/2026 12:28,27,entity,742,73409,420,29,5,268,17,0,0
74,14/09/2026 12:28,27,entity,776,73409,428,31,6,290,18,0,0
75,14/09/2026 12:28,27,entity,757,73409,430,28,5,274,18,0,0
76,14/09/2026 12:28,27,entity,747,73409,428,27,5,268,18,0,0
77,14/09/2026 12:28,27,entity,752,73409,428,29,5,269,18,0,0
78,14/09/2026 12:28,27,entity,763,73409,433,30,6,276,18,0,0
79,14/09/2026 12:28,27,entity,763,73409,433,29,6,275,19,0,0
80,14/09/2026 12:28,27,entity,752,73409,427,28,5,273,17,0,0
81,14/09/2026 12:28,27,entity,761,73409,433,29,6,274,18,0,0
82,14/09/2026 12:28,27,entity,756,73409,430,30,6,271,18,0,0
83,14/09/2026 12:28,27,entity,760,73410,432,29,6,275,18,0,0
84,14/09/2026 12:28,27,entity,753,73409,430,28,5,269,17,0,0
85,14/09/2026 12:28,27,entity,823,73409,434,28,6,335,18,0,0
86,14/09/2026 12:28,27,entity,760,73409,434,28,5,274,18,0,0
87,14/09/2026 12:28,27,entity,768,73409,431,28,6,282,19,0,0
88,14/09/2026 12:28,27,entity,788,73409,441,29,6,292,18,0,0
89,14/09/2026 12:28,27,entity,758,73409,433,30,6,270,18,0,0
90,14/09/2026 12:28,27,entity,750,73409,427,28,5,270,17,0,0
91,14/09/2026 12:28,27,entity,757,73409,432,27,5,273,17,0,0
92,14/09/2026 12:28,27,entity,803,73411,438,31,6,307,19,0,0
93,14/09/2026 12:28,27,entity,812,73409,446,33,8,306,17,0,0
94,14/09/2026 12:28,27,entity,747,73409,425,28,5,269,17,0,0
95,14/09/2026 12:28,27,entity,750,73409,427,29,5,270,17,0,0
96,14/09/2026 12:28,27,entity,789,73409,433,28,6,303,18,0,0
97,14/09/2026 12:28,27,entity,759,73410,432,29,5,274,18,0,0
98,14/09/2026 12:28,27,entity,753,73409,431,27,5,270,18,0,0
99,14/09/2026 12:28,27,entity,750,73409,426,29,5,270,17,0,0
100,14/09/2026 12:28,27,entity,797,73409,444,33,6,289,23,0,0
101,14/09/2026 12:28,27,entity,748,73409,426,28,5,269,18,0,0
102,14/09/2026 12:28,27,entity,756,73409,431,28,6,272,18,0,0
103,14/09/2026 12:29,27,entity,750,73409,428,27,6,269,18,0,0
104,14/09/2026 12:29,27,entity,769,73409,439,34,5,271,17,0,0
105,14/09/2026 12:29,27,entity,791,73409,454,32,6,279,18,0,0
106,14/09/2026 12:29,27,entity,764,73409,441,28,6,270,17,0,0
107,14/09/2026 12:29,27,entity,757,73409,432,29,6,271,17,0,0
108,14/09/2026 12:29,27,entity,764,73410,441,28,5,271,17,0,0
109,14/09/2026 12:29,27,entity,749,73409,431,28,6,264,17,0,0
110,14/09/2026 12:29,27,entity,752,73409,428,29,5,271,17,0,0
111,14/09/2026 12:29,27,entity,779,73409,458,27,6,268,17,0,0
112,14/09/2026 12:29,27,entity,752,73409,431,27,6,270,17,0,0
113,14/09/2026 12:29,27,entity,756,73410,430,30,6,272,17,0,0
114,14/09/2026 12:29,27,entity,777,73409,448,36,5,269,17,0,0
115,14/09/2026 12:29,27,entity,749,73409,428,28,5,268,17,0,0
116,14/09/2026 12:29,27,entity,754,73409,428,28,6,273,18,0,0
117,14/09/2026 12:29,27,entity,750,73410,430,27,5,268,17,0,0
118,14/09/2026 12:29,27,entity,757,73409,432,28,6,272,18,0,0
119,14/09/2026 12:29,27,entity,749,73409,428,28,5,268,18,0,0
120,14/09/2026 12:29,27,entity,760,73409,433,28,5,273,19,0,0
121,14/09/2026 12:29,27,entity,749,73409,428,27,5,269,17,0,0
122,14/09/2026 12:29,27,entity,750,73409,429,27,5,270,17,0,0
123,14/09/2026 12:29,27,entity,749,73409,427,28,5,269,18,0,0
124,14/09/2026 12:29,27,entity,751,73409,427,28,5,270,18,0,0
125,14/09/2026 12:29,27,entity,753,73409,430,27,5,271,18,0,0
126,14/09/2026 12:29,27,entity,774,73409,434,28,6,286,18,0,0
127,14/09/2026 12:29,27,entity,769,73409,429,29,6,279,25,0,0
128,14/09/2026 12:29,27,entity,747,73410,427,28,6,267,17,0,0
129,14/09/2026 12:29,27,entity,751,73409,428,28,6,270,17,0,0
130,14/09/2026 12:29,27,entity,751,73409,428,29,5,270,17,0,0
131,14/09/2026 12:29,27,entity,753,73409,428,29,5,271,17,0,0
132,14/09/2026 12:29,27,entity,750,73409,428,27,6,270,18,0,0
133,14/09/2026 12:29,27,entity,754,73409,427,28,5,273,18,0,0
134,14/09/2026 12:29,27,entity,762,73409,431,30,6,276,17,0,0
135,14/09/2026 12:29,27,entity,758,73409,425,28,5,280,18,0,0
136,14/09/2026 12:29,27,entity,757,73409,431,28,5,272,18,0,0
137,14/09/2026 12:29,27,entity,765,73409,442,28,5,271,18,0,0
138,14/09/2026 12:29,27,entity,798,73409,447,29,6,298,17,0,0
139,14/09/2026 12:29,27,entity,760,73409,433,27,6,275,17,0,0
140,14/09/2026 12:29,27,entity,804,73411,450,34,6,294,18,0,0
141,14/09/2026 12:29,27,entity,761,73409,428,28,5,278,19,0,0
142,14/09/2026 12:29,27,entity,751,73411,429,28,6,269,17,0,0
143,14/09/2026 12:29,27,entity,757,73409,432,28,5,272,18,0,0
144,14/09/2026 12:29,27,entity,757,73409,433,27,5,272,17,0,0
145,14/09/2026 12:29,27,entity,750,73409,428,27,6,270,18,0,0
146,14/09/2026 12:29,27,entity,792,73410,435,28,6,298,23,0,0
147,14/09/2026 12:29,27,entity,773,73409,447,28,5,273,18,0,0
148,14/09/2026 12:29,27,entity,831,73409,464,36,6,303,19,0,0
149,14/09/2026 12:29,27,entity,747,73409,426,28,5,268,17,0,0
150,14/09/2026 12:29,27,entity,752,73409,429,28,5,269,18,0,0
151,14/09/2026 12:29,27,entity,752,73409,426,28,6,273,18,0,0
152,14/09/2026 12:29,27,entity,797,73409,446,34,6,292,18,0,0
153,14/09/2026 12:29,27,entity,756,73409,431,27,5,272,18,0,0
154,14/09/2026 12:29,27,entity,760,73409,433,29,6,272,18,0,0
155,14/09/2026 12:29,27,entity,748,73409,429,28,5,267,17,0,0
156,14/09/2026 12:29,27,entity,811,73409,451,31,6,303,18,0,0
157,14/09/2026 12:29,27,entity,757,73409,431,29,5,272,18,0,0
158,14/09/2026 12:29,27,entity,793,73409,447,32,8,286,18,0,0
159,14/09/2026 12:29,27,entity,760,73411,428,27,5,280,18,0,0
160,14/09/2026 12:29,27,entity,755,73409,429,28,5,273,18,0,0
161,14/09/2026 12:29,27,entity,767,73409,434,31,6,276,17,0,0
162,14/09/2026 12:29,27,entity,758,73409,435,27,5,271,17,0,0
163,14/09/2026 12:29,27,entity,752,73409,426,28,6,272,18,0,0
164,14/09/2026 12:29,27,entity,747,73409,426,27,5,269,17,0,0
165,14/09/2026 12:29,27,entity,763,73409,438,29,5,271,18,0,0
166,14/09/2026 12:29,27,entity,761,73409,433,28,6,275,18,0,0
167,14/09/2026 12:29,27,entity,779,73409,437,29,6,287,18,0,0
168,14/09/2026 12:29,27,entity,753,73410,432,27,5,270,17,0,0
169,14/09/2026 12:29,27,entity,755,73409,433,28,6,269,18,0,0
170,14/09/2026 12:29,27,entity,750,73409,428,27,5,271,17,0,0
171,14/09/2026 12:30,27,entity,767,73409,431,29,5,282,17,0,0
172,14/09/2026 12:30,27,entity,748,73409,427,27,6,269,17,0,0
173,14/09/2026 12:30,27,entity,763,73409,435,29,5,273,18,0,0
174,14/09/2026 12:30,27,entity,755,73409,429,28,5,274,17,0,0
175,14/09/2026 12:30,27,entity,756,73409,432,27,6,271,18,0,0
176,14/09/2026 12:30,27,entity,755,73409,431,28,5,272,18,0,0
177,14/09/2026 12:30,27,entity,752,73411,429,27,6,270,18,0,0
178,14/09/2026 12:30,27,entity,760,73409,434,30,6,271,17,0,0
179,14/09/2026 12:30,27,entity,817,73409,452,34,12,298,20,0,0
180,14/09/2026 12:30,27,entity,751,73409,428,27,5,272,17,0,0
181,14/09/2026 12:30,27,entity,750,73409,429,26,5,270,18,0,0
182,14/09/2026 12:30,27,entity,774,73409,426,27,5,296,18,0,0
183,14/09/2026 12:30,27,entity,759,73410,429,28,5,278,17,0,0
184,14/09/2026 12:30,27,entity,760,73409,437,27,6,271,17,0,0
185,14/09/2026 12:30,27,entity,750,73410,428,27,5,270,17,0,0
186,14/09/2026 12:30,27,entity,759,73409,432,28,6,274,17,0,0
187,14/09/2026 12:30,27,entity,748,73410,427,27,6,268,17,0,0
188,14/09/2026 12:30,27,entity,797,73409,443,32,6,294,19,0,0
189,14/09/2026 12:30,27,entity,753,73409,429,27,5,272,18,0,0
190,14/09/2026 12:30,27,entity,748,73409,427,28,5,268,17,0,0
191,14/09/2026 12:30,27,entity,757,73409,434,28,5,271,17,0,0
192,14/09/2026 12:30,27,entity,750,73409,428,28,5,269,18,0,0
193,14/09/2026 12:30,27,entity,789,73409,427,38,6,299,17,0,0
194,14/09/2026 12:30,27,entity,782,73409,438,33,6,285,18,0,0
195,14/09/2026 12:30,27,entity,794,73409,465,35,6,269,17,0,0
196,14/09/2026 12:30,27,entity,803,73409,446,32,6,299,18,0,0
197,14/09/2026 12:30,27,entity,801,73409,430,35,6,310,18,0,0
198,14/09/2026 12:30,27,entity,748,73409,428,26,5,269,17,0,0
199,14/09/2026 12:30,27,entity,748,73410,426,28,5,269,17,0,0
200,14/09/2026 12:30,27,entity,758,73409,431,28,6,274,18,0,0
1,14/09/2026 12:30,36,entity,956,73409,521,82,6,327,18,0,0
2,14/09/2026 12:30,36,entity,764,73410,432,33,6,273,19,0,0
3,14/09/2026 12:30,36,entity,772,73409,428,32,5,278,27,0,0
4,14/09/2026 12:30,36,entity,800,73409,448,36,7,290,18,0,0
5,14/09/2026 12:30,36,entity,769,73410,439,34,6,271,18,0,0
6,14/09/2026 12:30,36,entity,766,73410,433,34,6,274,18,0,0
7,14/09/2026 12:30,36,entity,785,73409,434,36,6,290,18,0,0
8,14/09/2026 12:30,36,entity,800,73410,446,36,6,291,18,0,0
9,14/09/2026 12:30,36,entity,757,73410,427,33,6,271,17,0,0
10,14/09/2026 12:30,36,entity,756,73410,428,33,6,270,18,0,0
11,14/09/2026 12:30,36,entity,758,73409,429,32,6,272,17,0,0
12,14/09/2026 12:30,36,entity,759,73410,430,32,6,271,18,0,0
13,14/09/2026 12:30,36,entity,762,73410,431,33,6,273,18,0,0
14,14/09/2026 12:30,36,entity,760,73409,429,34,5,272,18,0,0
15,14/09/2026 12:30,36,entity,754,73409,427,32,6,270,18,0,0
16,14/09/2026 12:30,36,entity,753,73409,429,32,6,267,18,0,0
17,14/09/2026 12:30,36,entity,799,73409,441,37,6,296,18,0,0
18,14/09/2026 12:30,36,entity,760,73410,430,34,6,270,18,0,0
19,14/09/2026 12:30,36,entity,765,73409,437,32,6,271,17,0,0
20,14/09/2026 12:30,36,entity,756,73409,428,32,6,270,18,0,0
21,14/09/2026 12:30,36,entity,758,73410,429,32,6,271,18,0,0
22,14/09/2026 12:30,36,entity,756,73409,430,31,6,269,18,0,0
23,14/09/2026 12:30,36,entity,766,73410,438,33,6,269,18,0,0
24,14/09/2026 12:30,36,entity,761,73409,434,32,5,270,18,0,0
25,14/09/2026 12:30,36,entity,781,73410,431,32,6,292,18,0,0
26,14/09/2026 12:30,36,entity,762,73410,433,32,6,271,17,0,0
27,14/09/2026 12:30,36,entity,788,73409,447,37,6,278,18,0,0
28,14/09/2026 12:30,36,entity,781,73410,442,37,6,275,18,0,0
29,14/09/2026 12:30,36,entity,757,73409,429,32,6,271,17,0,0
30,14/09/2026 12:30,36,entity,807,73410,446,36,6,298,19,0,0
31,14/09/2026 12:30,36,entity,775,73409,437,33,6,275,23,0,0
32,14/09/2026 12:30,36,entity,764,73410,439,31,6,270,17,0,0
33,14/09/2026 12:30,36,entity,756,73409,427,33,6,271,18,0,0
34,14/09/2026 12:30,36,entity,767,73409,440,31,6,271,17,0,0
35,14/09/2026 12:30,36,entity,755,73410,426,32,6,272,18,0,0
36,14/09/2026 12:30,36,entity,761,73410,430,33,6,273,18,0,0
37,14/09/2026 12:31,36,entity,760,73410,430,33,6,271,18,0,0
38,14/09/2026 12:31,36,entity,803,73409,444,37,8,294,19,0,0
39,14/09/2026 12:31,36,entity,752,73409,428,31,6,268,18,0,0
40,14/09/2026 12:31,36,entity,787,73409,429,33,6,294,23,0,0
41,14/09/2026 12:31,36,entity,756,73410,426,33,6,272,17,0,0
42,14/09/2026 12:31,36,entity,756,73409,429,32,6,269,18,0,0
43,14/09/2026 12:31,36,entity,764,73409,428,33,6,277,18,0,0
44,14/09/2026 12:31,36,entity,760,73410,429,33,6,272,17,0,0
45,14/09/2026 12:31,36,entity,764,73409,431,32,6,275,18,0,0
46,14/09/2026 12:31,36,entity,759,73409,424,35,6,274,18,0,0
47,14/09/2026 12:31,36,entity,758,73410,425,32,6,274,19,0,0
48,14/09/2026 12:31,36,entity,755,73410,426,33,6,270,18,0,0
49,14/09/2026 12:31,36,entity,764,73410,436,33,6,270,18,0,0
50,14/09/2026 12:31,36,entity,754,73410,428,32,6,270,18,0,0
51,14/09/2026 12:31,36,entity,756,73410,428,33,6,270,17,0,0
52,14/09/2026 12:31,36,entity,769,73410,437,32,6,275,18,0,0
53,14/09/2026 12:31,36,entity,755,73409,427,32,6,270,17,0,0
54,14/09/2026 12:31,36,entity,766,73410,431,33,6,276,18,0,0
55,14/09/2026 12:31,36,entity,758,73410,428,33,6,272,18,0,0
56,14/09/2026 12:31,36,entity,788,73410,430,31,6,301,18,0,0
57,14/09/2026 12:31,36,entity,758,73409,428,33,6,271,18,0,0
58,14/09/2026 12:31,36,entity,791,73410,429,32,5,305,18,0,0
59,14/09/2026 12:31,36,entity,754,73409,426,33,6,270,17,0,0
60,14/09/2026 12:31,36,entity,759,73410,430,32,5,272,18,0,0
61,14/09/2026 12:31,36,entity,837,73410,429,38,8,342,18,0,0
62,14/09/2026 12:31,36,entity,771,73409,440,33,6,272,18,0,0
63,14/09/2026 12:31,36,entity,776,73409,432,36,6,283,18,0,0
64,14/09/2026 12:31,36,entity,767,73409,438,32,6,271,18,0,0
65,14/09/2026 12:31,36,entity,754,73409,426,32,6,270,18,0,0
66,14/09/2026 12:31,36,entity,792,73409,430,37,6,299,18,0,0
67,14/09/2026 12:31,36,entity,768,73409,435,34,6,274,18,0,0
68,14/09/2026 12:31,36,entity,759,73409,429,32,6,272,17,0,0
69,14/09/2026 12:31,36,entity,755,73409,427,33,6,270,17,0,0
70,14/09/2026 12:31,36,entity,756,73410,428,33,6,270,18,0,0
71,14/09/2026 12:31,36,entity,756,73409,428,33,6,270,17,0,0
72,14/09/2026 12:31,36,entity,756,73409,428,32,6,271,18,0,0
73,14/09/2026 12:31,36,entity,762,73410,431,33,6,273,18,0,0
74,14/09/2026 12:31,36,entity,755,73409,429,32,6,269,18,0,0
75,14/09/2026 12:31,36,entity,754,73409,427,34,6,268,18,0,0
76,14/09/2026 12:31,36,entity,765,73409,432,34,6,273,18,0,0
77,14/09/2026 12:31,36,entity,763,73409,431,32,6,275,18,0,0
78,14/09/2026 12:31,36,entity,763,73410,430,33,6,274,18,0,0
79,14/09/2026 12:31,36,entity,772,73410,441,33,6,273,18,0,0
80,14/09/2026 12:31,36,entity,762,73410,432,31,6,273,18,0,0
81,14/09/2026 12:31,36,entity,792,73410,428,35,6,302,18,0,0
82,14/09/2026 12:31,36,entity,767,73410,437,33,6,272,18,0,0
83,14/09/2026 12:31,36,entity,760,73410,429,36,6,271,17,0,0
84,14/09/2026 12:31,36,entity,761,73410,430,33,6,272,18,0,0
85,14/09/2026 12:31,36,entity,766,73410,433,35,6,273,18,0,0
86,14/09/2026 12:31,36,entity,758,73409,428,31,6,273,18,0,0
87,14/09/2026 12:31,36,entity,772,73409,428,33,6,285,18,0,0
88,14/09/2026 12:31,36,entity,768,73410,428,32,6,283,18,0,0
89,14/09/2026 12:31,36,entity,756,73409,427,32,6,272,18,0,0
90,14/09/2026 12:31,36,entity,774,73410,421,31,5,295,20,0,0
91,14/09/2026 12:31,36,entity,766,73409,438,31,6,271,18,0,0
92,14/09/2026 12:31,36,entity,759,73409,430,33,6,271,17,0,0
93,14/09/2026 12:31,36,entity,758,73410,429,32,6,271,17,0,0
94,14/09/2026 12:31,36,entity,757,73410,427,34,6,270,18,0,0
95,14/09/2026 12:31,36,entity,781,73409,431,33,6,293,18,0,0
96,14/09/2026 12:31,36,entity,821,73410,455,41,6,298,18,0,0
97,14/09/2026 12:31,36,entity,764,73410,429,35,6,274,18,0,0
98,14/09/2026 12:31,36,entity,771,73410,441,33,6,273,18,0,0
99,14/09/2026 12:31,36,entity,761,73410,431,33,6,272,18,0,0
100,14/09/2026 12:31,36,entity,782,73410,425,33,6,298,18,0,0
101,14/09/2026 12:31,36,entity,768,73410,428,33,6,281,17,0,0
102,14/09/2026 12:31,36,entity,757,73410,427,33,6,271,18,0,0
103,14/09/2026 12:31,36,entity,787,73409,432,32,5,289,26,0,0
104,14/09/2026 12:32,36,entity,808,73409,433,39,6,309,19,0,0
105,14/09/2026 12:32,36,entity,764,73409,432,33,6,274,18,0,0
106,14/09/2026 12:32,36,entity,765,73410,433,32,6,275,18,0,0
107,14/09/2026 12:32,36,entity,766,73409,438,32,6,270,18,0,0
108,14/09/2026 12:32,36,entity,768,73410,431,34,6,277,18,0,0
109,14/09/2026 12:32,36,entity,803,73409,453,40,9,281,18,0,0
110,14/09/2026 12:32,36,entity,765,73409,433,33,6,273,18,0,0
111,14/09/2026 12:32,36,entity,768,73409,438,34,6,271,17,0,0
112,14/09/2026 12:32,36,entity,755,73409,426,33,6,271,18,0,0
113,14/09/2026 12:32,36,entity,772,73409,439,33,6,275,18,0,0
114,14/09/2026 12:32,36,entity,765,73410,436,34,6,271,17,0,0
115,14/09/2026 12:32,36,entity,754,73410,427,33,6,270,18,0,0
116,14/09/2026 12:32,36,entity,778,73410,428,32,6,287,23,0,0
117,14/09/2026 12:32,36,entity,761,73409,428,34,6,273,17,0,0
118,14/09/2026 12:32,36,entity,756,73409,426,32,6,272,18,0,0
119,14/09/2026 12:32,36,entity,764,73410,432,35,6,272,18,0,0
120,14/09/2026 12:32,36,entity,761,73409,429,34,6,272,18,0,0
121,14/09/2026 12:32,36,entity,756,73410,426,33,6,272,18,0,0
122,14/09/2026 12:32,36,entity,763,73409,436,33,6,269,17,0,0
123,14/09/2026 12:32,36,entity,757,73410,428,32,6,271,18,0,0
124,14/09/2026 12:32,36,entity,760,73409,430,33,6,272,18,0,0
125,14/09/2026 12:32,36,entity,759,73410,430,32,5,272,18,0,0
126,14/09/2026 12:32,36,entity,806,73410,436,42,7,301,18,0,0
127,14/09/2026 12:32,36,entity,753,73409,425,33,5,270,17,0,0
128,14/09/2026 12:32,36,entity,769,73411,440,32,6,272,18,0,0
129,14/09/2026 12:32,36,entity,765,73409,432,35,6,273,18,0,0
130,14/09/2026 12:32,36,entity,757,73409,428,32,5,271,18,0,0
131,14/09/2026 12:32,36,entity,757,73409,428,32,6,271,18,0,0
132,14/09/2026 12:32,36,entity,757,73410,428,31,6,272,18,0,0
133,14/09/2026 12:32,36,entity,754,73410,427,33,6,269,18,0,0
134,14/09/2026 12:32,36,entity,764,73409,430,34,6,274,18,0,0
135,14/09/2026 12:32,36,entity,755,73410,427,32,6,270,18,0,0
136,14/09/2026 12:32,36,entity,759,73410,428,34,5,272,18,0,0
137,14/09/2026 12:32,36,entity,817,73410,447,43,6,301,19,0,0
138,14/09/2026 12:32,36,entity,760,73410,430,32,6,272,18,0,0
139,14/09/2026 12:32,36,entity,797,73410,441,36,6,294,18,0,0
140,14/09/2026 12:32,36,entity,823,73409,455,41,7,295,23,0,0
141,14/09/2026 12:32,36,entity,802,73409,435,37,6,302,19,0,0
142,14/09/2026 12:32,36,entity,808,73410,457,39,9,284,18,0,0
143,14/09/2026 12:32,36,entity,758,73410,428,32,6,272,18,0,0
144,14/09/2026 12:32,36,entity,756,73409,428,33,6,269,18,0,0
145,14/09/2026 12:32,36,entity,757,73409,428,32,6,271,18,0,0
146,14/09/2026 12:32,36,entity,769,73410,439,33,6,272,17,0,0
147,14/09/2026 12:32,36,entity,763,73409,433,32,6,272,18,0,0
148,14/09/2026 12:32,36,entity,773,73410,442,33,6,273,18,0,0
149,14/09/2026 12:32,36,entity,770,73410,434,35,6,276,18,0,0
150,14/09/2026 12:32,36,entity,814,73409,434,49,6,304,18,0,0
151,14/09/2026 12:32,36,entity,776,73410,435,32,6,283,18,0,0
152,14/09/2026 12:32,36,entity,797,73409,432,34,6,306,18,0,0
153,14/09/2026 12:32,36,entity,760,73410,431,33,6,271,18,0,0
154,14/09/2026 12:32,36,entity,768,73409,425,34,6,283,18,0,0
155,14/09/2026 12:32,36,entity,759,73410,429,33,6,272,18,0,0
156,14/09/2026 12:32,36,entity,752,73409,426,32,6,270,17,0,0
157,14/09/2026 12:32,36,entity,803,73409,441,37,6,298,18,0,0
158,14/09/2026 12:32,36,entity,763,73410,431,33,6,273,18,0,0
159,14/09/2026 12:32,36,entity,772,73409,440,33,6,273,18,0,0
160,14/09/2026 12:32,36,entity,759,73410,431,32,5,270,18,0,0
161,14/09/2026 12:32,36,entity,764,73410,433,33,6,273,17,0,0
162,14/09/2026 12:32,36,entity,757,73410,428,34,6,270,17,0,0
163,14/09/2026 12:32,36,entity,765,73410,431,34,6,274,18,0,0
164,14/09/2026 12:32,36,entity,759,73409,429,32,6,272,18,0,0
165,14/09/2026 12:32,36,entity,753,73409,425,32,6,271,18,0,0
166,14/09/2026 12:32,36,entity,759,73409,428,33,6,273,18,0,0
167,14/09/2026 12:32,36,entity,757,73410,431,32,6,269,18,0,0
168,14/09/2026 12:32,36,entity,767,73410,436,33,6,271,17,0,0
169,14/09/2026 12:32,36,entity,759,73409,430,32,6,272,18,0,0
170,14/09/2026 12:32,36,entity,783,73409,431,32,6,290,23,0,0
171,14/09/2026 12:32,36,entity,764,73410,431,32,6,276,18,0,0
172,14/09/2026 12:33,36,entity,760,73410,430,34,6,271,17,0,0
173,14/09/2026 12:33,36,entity,785,73409,442,45,6,272,17,0,0
174,14/09/2026 12:33,36,entity,769,73410,438,32,6,274,18,0,0
175,14/09/2026 12:33,36,entity,796,73410,444,35,6,291,19,0,0
176,14/09/2026 12:33,36,entity,763,73410,429,33,6,275,18,0,0
177,14/09/2026 12:33,36,entity,761,73410,430,33,6,271,18,0,0
178,14/09/2026 12:33,36,entity,760,73410,430,33,6,272,18,0,0
179,14/09/2026 12:33,36,entity,757,73410,428,33,6,271,18,0,0
180,14/09/2026 12:33,36,entity,815,73410,433,38,9,315,19,0,0
181,14/09/2026 12:33,36,entity,764,73409,432,34,6,273,18,0,0
182,14/09/2026 12:33,36,entity,780,73410,432,34,6,288,18,0,0
183,14/09/2026 12:33,36,entity,763,73409,433,32,6,272,18,0,0
184,14/09/2026 12:33,36,entity,759,73409,430,33,6,271,18,0,0
185,14/09/2026 12:33,36,entity,759,73409,430,32,6,271,18,0,0
186,14/09/2026 12:33,36,entity,756,73410,429,32,5,270,18,0,0
187,14/09/2026 12:33,36,entity,803,73410,430,39,9,305,19,0,0
188,14/09/2026 12:33,36,entity,753,73410,427,34,6,267,18,0,0
189,14/09/2026 12:33,36,entity,760,73410,430,32,6,273,18,0,0
190,14/09/2026 12:33,36,entity,758,73409,425,34,6,272,18,0,0
191,14/09/2026 12:33,36,entity,755,73410,428,33,6,268,17,0,0
192,14/09/2026 12:33,36,entity,805,73410,444,33,6,303,18,0,0
193,14/09/2026 12:33,36,entity,784,73410,428,33,6,297,18,0,0
194,14/09/2026 12:33,36,entity,762,73409,432,32,6,273,19,0,0
195,14/09/2026 12:33,36,entity,759,73410,428,34,6,272,17,0,0
196,14/09/2026 12:33,36,entity,805,73410,436,36,6,302,23,0,0
197,14/09/2026 12:33,36,entity,762,73410,432,32,6,273,18,0,0
198,14/09/2026 12:33,36,entity,755,73410,428,32,6,270,18,0,0
199,14/09/2026 12:33,36,entity,764,73409,434,33,6,272,18,0,0
200,14/09/2026 12:33,36,entity,783,73410,457,32,6,269,18,0,0
1,14/09/2026 12:33,45,entity,962,73409,540,104,6,292,18,0,0
2,14/09/2026 12:33,45,entity,821,73410,460,46,9,286,18,0,0
3,14/09/2026 12:33,45,entity,773,73409,433,37,7,277,18,0,0
4,14/09/2026 12:33,45,entity,782,73409,441,39,6,276,18,0,0
5,14/09/2026 12:33,45,entity,768,73409,430,37,6,275,18,0,0
6,14/09/2026 12:33,45,entity,779,73411,440,37,6,276,18,0,0
7,14/09/2026 12:33,45,entity,767,73410,429,38,6,274,18,0,0
8,14/09/2026 12:33,45,entity,797,73409,426,37,6,306,20,0,0
9,14/09/2026 12:33,45,entity,818,73409,431,44,6,316,18,0,0
10,14/09/2026 12:33,45,entity,788,73409,430,38,6,294,18,0,0
11,14/09/2026 12:33,45,entity,765,73409,427,37,6,274,18,0,0
12,14/09/2026 12:33,45,entity,769,73409,428,36,6,274,23,0,0
13,14/09/2026 12:33,45,entity,771,73410,431,39,6,276,18,0,0
14,14/09/2026 12:33,45,entity,771,73409,432,38,6,274,18,0,0
15,14/09/2026 12:33,45,entity,764,73409,425,37,6,275,18,0,0
16,14/09/2026 12:33,45,entity,774,73409,438,38,6,272,18,0,0
17,14/09/2026 12:33,45,entity,765,73409,428,38,6,273,18,0,0
18,14/09/2026 12:33,45,entity,771,73409,429,37,6,278,19,0,0
19,14/09/2026 12:33,45,entity,765,73409,428,37,6,273,18,0,0
20,14/09/2026 12:33,45,entity,764,73409,427,41,6,271,18,0,0
21,14/09/2026 12:33,45,entity,766,73409,430,37,6,272,18,0,0
22,14/09/2026 12:33,45,entity,820,73409,452,43,6,296,20,0,0
23,14/09/2026 12:33,45,entity,799,73409,453,44,8,273,18,0,0
24,14/09/2026 12:33,45,entity,804,73409,443,48,9,284,18,0,0
25,14/09/2026 12:33,45,entity,768,73410,431,38,6,273,18,0,0
26,14/09/2026 12:33,45,entity,762,73409,425,37,6,274,18,0,0
27,14/09/2026 12:33,45,entity,763,73409,427,38,6,273,18,0,0
28,14/09/2026 12:33,45,entity,765,73409,429,37,6,273,18,0,0
29,14/09/2026 12:33,45,entity,790,73409,432,39,6,292,18,0,0
30,14/09/2026 12:33,45,entity,770,73409,430,37,6,277,18,0,0
31,14/09/2026 12:33,45,entity,762,73409,425,38,6,273,18,0,0
32,14/09/2026 12:33,45,entity,780,73409,430,39,6,285,18,0,0
33,14/09/2026 12:33,45,entity,776,73409,434,39,6,277,18,0,0
34,14/09/2026 12:33,45,entity,764,73409,427,38,6,272,18,0,0
35,14/09/2026 12:33,45,entity,765,73409,427,38,7,272,18,0,0
36,14/09/2026 12:33,45,entity,795,73409,428,38,6,300,21,0,0
37,14/09/2026 12:34,45,entity,771,73409,433,38,6,275,18,0,0
38,14/09/2026 12:34,45,entity,773,73409,433,39,6,275,18,0,0
39,14/09/2026 12:34,45,entity,789,73409,430,39,6,293,18,0,0
40,14/09/2026 12:34,45,entity,766,73409,425,40,6,275,18,0,0
41,14/09/2026 12:34,45,entity,771,73409,432,36,6,277,18,0,0
42,14/09/2026 12:34,45,entity,781,73409,427,39,7,289,18,0,0
43,14/09/2026 12:34,45,entity,768,73409,425,46,6,271,18,0,0
44,14/09/2026 12:34,45,entity,770,73409,432,38,6,275,18,0,0
45,14/09/2026 12:34,45,entity,776,73409,434,39,7,277,18,0,0
46,14/09/2026 12:34,45,entity,769,73409,428,38,6,277,18,0,0
47,14/09/2026 12:34,45,entity,774,73409,437,36,6,274,18,0,0
48,14/09/2026 12:34,45,entity,766,73409,429,38,6,274,18,0,0
49,14/09/2026 12:34,45,entity,772,73409,425,37,6,284,18,0,0
50,14/09/2026 12:34,45,entity,775,73409,431,40,7,278,18,0,0
51,14/09/2026 12:34,45,entity,826,73409,450,50,7,299,18,0,0
52,14/09/2026 12:34,45,entity,763,73409,426,38,6,273,17,0,0
53,14/09/2026 12:34,45,entity,755,73409,419,38,6,272,18,0,0
54,14/09/2026 12:34,45,entity,826,73409,449,41,7,309,18,0,0
55,14/09/2026 12:34,45,entity,773,73409,431,37,6,278,18,0,0
56,14/09/2026 12:34,45,entity,800,73409,446,43,7,284,18,0,0
57,14/09/2026 12:34,45,entity,806,73409,429,50,8,299,18,0,0
58,14/09/2026 12:34,45,entity,769,73409,430,40,6,273,18,0,0
59,14/09/2026 12:34,45,entity,792,73409,439,54,8,272,18,0,0
60,14/09/2026 12:34,45,entity,771,73409,426,37,6,281,18,0,0
61,14/09/2026 12:34,45,entity,811,73409,447,41,7,295,19,0,0
62,14/09/2026 12:34,45,entity,799,73409,438,45,7,289,18,0,0
63,14/09/2026 12:34,45,entity,789,73409,429,37,6,296,18,0,0
64,14/09/2026 12:34,45,entity,769,73409,431,38,6,274,18,0,0
65,14/09/2026 12:34,45,entity,763,73409,425,39,6,273,18,0,0
66,14/09/2026 12:34,45,entity,829,73409,448,44,7,310,18,0,0
67,14/09/2026 12:34,45,entity,761,73409,426,38,6,271,18,0,0
68,14/09/2026 12:34,45,entity,765,73409,426,39,6,273,18,0,0
69,14/09/2026 12:34,45,entity,767,73409,430,36,6,275,18,0,0
70,14/09/2026 12:34,45,entity,763,73409,428,36,6,273,18,0,0
71,14/09/2026 12:34,45,entity,766,73409,428,39,6,274,18,0,0
72,14/09/2026 12:34,45,entity,770,73409,431,39,6,274,18,0,0
73,14/09/2026 12:34,45,entity,789,73409,452,37,6,273,18,0,0
74,14/09/2026 12:34,45,entity,771,73409,431,37,6,277,18,0,0
75,14/09/2026 12:34,45,entity,791,73409,445,43,6,277,18,0,0
76,14/09/2026 12:34,45,entity,786,73410,433,37,6,290,18,0,0
77,14/09/2026 12:34,45,entity,769,73409,430,38,6,275,18,0,0
78,14/09/2026 12:34,45,entity,806,73409,430,48,7,300,18,0,0
79,14/09/2026 12:34,45,entity,764,73409,428,38,6,272,18,0,0
80,14/09/2026 12:34,45,entity,763,73409,425,38,6,274,18,0,0
81,14/09/2026 12:34,45,entity,764,73409,429,36,6,273,18,0,0
82,14/09/2026 12:34,45,entity,764,73409,427,37,6,274,18,0,0
83,14/09/2026 12:34,45,entity,763,73409,429,36,6,273,18,0,0
84,14/09/2026 12:34,45,entity,764,73409,428,37,6,272,18,0,0
85,14/09/2026 12:34,45,entity,788,73409,436,40,6,286,18,0,0
86,14/09/2026 12:34,45,entity,819,73409,438,49,7,305,18,0,0
87,14/09/2026 12:34,45,entity,789,73409,439,43,7,280,18,0,0
88,14/09/2026 12:34,45,entity,765,73409,430,37,6,273,18,0,0
89,14/09/2026 12:34,45,entity,770,73409,429,39,6,276,18,0,0
90,14/09/2026 12:34,45,entity,772,73409,431,39,6,275,18,0,0
91,14/09/2026 12:34,45,entity,772,73409,427,37,6,277,23,0,0
92,14/09/2026 12:34,45,entity,774,73409,432,37,6,278,18,0,0
93,14/09/2026 12:34,45,entity,763,73409,427,37,6,273,18,0,0
94,14/09/2026 12:34,45,entity,829,73409,449,46,7,307,18,0,0
95,14/09/2026 12:34,45,entity,774,73409,436,38,6,274,18,0,0
96,14/09/2026 12:34,45,entity,811,73409,441,50,7,293,18,0,0
97,14/09/2026 12:34,45,entity,782,73409,441,38,6,277,18,0,0
98,14/09/2026 12:34,45,entity,763,73409,428,38,6,271,18,0,0
99,14/09/2026 12:34,45,entity,765,73409,428,40,6,271,18,0,0
100,14/09/2026 12:34,45,entity,766,73409,427,37,6,276,18,0,0
101,14/09/2026 12:34,45,entity,768,73409,430,38,6,274,18,0,0
102,14/09/2026 12:34,45,entity,767,73409,428,37,6,276,18,0,0
103,14/09/2026 12:34,45,entity,765,73409,429,36,6,274,18,0,0
104,14/09/2026 12:35,45,entity,774,73409,434,39,6,275,18,0,0
105,14/09/2026 12:35,45,entity,815,73409,435,44,6,307,20,0,0
106,14/09/2026 12:35,45,entity,767,73409,429,38,7,274,18,0,0
107,14/09/2026 12:35,45,entity,778,73409,432,37,6,280,20,0,0
108,14/09/2026 12:35,45,entity,765,73409,428,38,6,273,18,0,0
109,14/09/2026 12:35,45,entity,770,73409,429,38,6,277,18,0,0
110,14/09/2026 12:35,45,entity,785,73409,446,41,6,273,18,0,0
111,14/09/2026 12:35,45,entity,799,73409,428,35,6,306,21,0,0
112,14/09/2026 12:35,45,entity,762,73409,425,38,6,273,18,0,0
113,14/09/2026 12:35,45,entity,767,73409,429,38,6,274,18,0,0
114,14/09/2026 12:35,45,entity,770,73409,432,37,6,275,18,0,0
115,14/09/2026 12:35,45,entity,805,73409,452,44,8,281,18,0,0
116,14/09/2026 12:35,45,entity,770,73409,432,38,6,274,18,0,0
117,14/09/2026 12:35,45,entity,763,73409,427,38,6,273,18,0,0
118,14/09/2026 12:35,45,entity,767,73409,429,38,6,273,18,0,0
119,14/09/2026 12:35,45,entity,767,73409,430,38,6,273,18,0,0
120,14/09/2026 12:35,45,entity,820,73409,440,42,7,307,22,0,0
121,14/09/2026 12:35,45,entity,780,73409,439,37,6,278,19,0,0
122,14/09/2026 12:35,45,entity,789,73409,442,43,7,277,18,0,0
123,14/09/2026 12:35,45,entity,782,73409,437,47,6,273,18,0,0
124,14/09/2026 12:35,45,entity,765,73409,426,39,6,274,18,0,0
125,14/09/2026 12:35,45,entity,763,73409,426,38,6,272,18,0,0
126,14/09/2026 12:35,45,entity,769,73409,429,38,6,276,18,0,0
127,14/09/2026 12:35,45,entity,768,73409,430,38,6,274,18,0,0
128,14/09/2026 12:35,45,entity,770,73409,435,37,6,272,18,0,0
129,14/09/2026 12:35,45,entity,765,73409,428,36,6,275,18,0,0
130,14/09/2026 12:35,45,entity,778,73409,427,38,6,286,18,0,0
131,14/09/2026 12:35,45,entity,761,73409,426,37,6,272,18,0,0
132,14/09/2026 12:35,45,entity,773,73409,426,37,6,280,22,0,0
133,14/09/2026 12:35,45,entity,840,73409,447,43,8,321,19,0,0
134,14/09/2026 12:35,45,entity,766,73410,429,40,6,271,18,0,0
135,14/09/2026 12:35,45,entity,825,73409,446,42,6,308,20,0,0
136,14/09/2026 12:35,45,entity,775,73409,433,38,6,277,18,0,0
137,14/09/2026 12:35,45,entity,764,73409,426,37,6,275,19,0,0
138,14/09/2026 12:35,45,entity,807,73409,441,39,6,296,23,0,0
139,14/09/2026 12:35,45,entity,770,73409,432,37,6,275,18,0,0
140,14/09/2026 12:35,45,entity,773,73409,431,38,6,277,18,0,0
141,14/09/2026 12:35,45,entity,805,73409,430,37,6,309,21,0,0
142,14/09/2026 12:35,45,entity,789,73409,438,42,7,281,18,0,0
143,14/09/2026 12:35,45,entity,777,73409,434,39,6,278,18,0,0
144,14/09/2026 12:35,45,entity,764,73409,429,38,6,271,18,0,0
145,14/09/2026 12:35,45,entity,765,73409,428,39,6,272,18,0,0
146,14/09/2026 12:35,45,entity,762,73409,426,38,6,273,18,0,0
147,14/09/2026 12:35,45,entity,772,73409,432,38,6,276,18,0,0
148,14/09/2026 12:35,45,entity,806,73409,428,45,6,299,25,0,0
149,14/09/2026 12:35,45,entity,765,73409,428,38,6,273,18,0,0
150,14/09/2026 12:35,45,entity,763,73409,428,37,6,273,18,0,0
151,14/09/2026 12:35,45,entity,835,73409,451,49,9,305,19,0,0
152,14/09/2026 12:35,45,entity,814,73409,443,46,9,295,18,0,0
153,14/09/2026 12:35,45,entity,822,73409,445,41,6,306,21,0,0
154,14/09/2026 12:35,45,entity,768,73409,431,37,6,275,18,0,0
155,14/09/2026 12:35,45,entity,769,73409,428,39,6,276,18,0,0
156,14/09/2026 12:35,45,entity,770,73409,431,38,6,274,18,0,0
157,14/09/2026 12:35,45,entity,776,73409,434,39,6,277,18,0,0
158,14/09/2026 12:35,45,entity,772,73409,430,39,6,276,18,0,0
159,14/09/2026 12:35,45,entity,764,73409,428,37,6,272,18,0,0
160,14/09/2026 12:35,45,entity,761,73409,425,38,6,272,18,0,0
161,14/09/2026 12:35,45,entity,772,73409,433,38,6,275,18,0,0
162,14/09/2026 12:35,45,entity,807,73409,449,47,9,281,18,0,0
163,14/09/2026 12:35,45,entity,767,73409,429,37,6,274,18,0,0
164,14/09/2026 12:35,45,entity,765,73409,428,37,6,273,18,0,0
165,14/09/2026 12:35,45,entity,765,73409,429,37,6,273,18,0,0
166,14/09/2026 12:35,45,entity,764,73409,426,38,6,274,18,0,0
167,14/09/2026 12:35,45,entity,775,73409,435,37,6,277,18,0,0
168,14/09/2026 12:35,45,entity,813,73409,476,39,6,272,18,0,0
169,14/09/2026 12:35,45,entity,770,73409,431,39,6,274,18,0,0
170,14/09/2026 12:36,45,entity,774,73409,436,40,6,272,18,0,0
171,14/09/2026 12:36,45,entity,825,73409,441,48,7,307,19,0,0
172,14/09/2026 12:36,45,entity,765,73409,426,37,6,276,18,0,0
173,14/09/2026 12:36,45,entity,769,73409,431,37,6,275,18,0,0
174,14/09/2026 12:36,45,entity,793,73409,428,47,7,291,18,0,0
175,14/09/2026 12:36,45,entity,779,73409,428,41,6,284,18,0,0
176,14/09/2026 12:36,45,entity,766,73409,430,37,6,273,18,0,0
177,14/09/2026 12:36,45,entity,768,73409,429,38,6,275,18,0,0
178,14/09/2026 12:36,45,entity,802,73409,433,38,6,298,24,0,0
179,14/09/2026 12:36,45,entity,759,73409,426,36,6,271,18,0,0
180,14/09/2026 12:36,45,entity,767,73409,428,40,6,273,18,0,0
181,14/09/2026 12:36,45,entity,769,73409,430,38,6,275,18,0,0
182,14/09/2026 12:36,45,entity,776,73409,434,38,6,278,18,0,0
183,14/09/2026 12:36,45,entity,778,73409,437,38,6,276,18,0,0
184,14/09/2026 12:36,45,entity,766,73409,431,37,6,272,18,0,0
185,14/09/2026 12:36,45,entity,761,73409,427,37,6,272,18,0,0
186,14/09/2026 12:36,45,entity,803,73409,446,44,9,285,18,0,0
187,14/09/2026 12:36,45,entity,799,73409,432,38,6,303,18,0,0
188,14/09/2026 12:36,45,entity,764,73409,427,39,6,272,18,0,0
189,14/09/2026 12:36,45,entity,842,73409,464,48,7,302,19,0,0
190,14/09/2026 12:36,45,entity,784,73409,445,38,6,274,18,0,0
191,14/09/2026 12:36,45,entity,764,73409,428,37,6,273,18,0,0
192,14/09/2026 12:36,45,entity,773,73409,432,38,6,276,19,0,0
193,14/09/2026 12:36,45,entity,771,73409,431,37,6,276,19,0,0
194,14/09/2026 12:36,45,entity,790,73409,442,38,6,284,18,0,0
195,14/09/2026 12:36,45,entity,766,73409,431,36,6,273,18,0,0
196,14/09/2026 12:36,45,entity,773,73409,433,38,6,276,18,0,0
197,14/09/2026 12:36,45,entity,771,73409,432,37,6,276,18,0,0
198,14/09/2026 12:36,45,entity,775,73409,433,38,6,277,18,0,0
199,14/09/2026 12:36,45,entity,772,73409,434,37,6,274,18,0,0
200,14/09/2026 12:36,45,entity,760,73409,426,36,6,272,18,0,0
1,14/09/2026 12:36,54,entity,919,73425,528,48,7,317,17,0,0
2,14/09/2026 12:36,54,entity,778,73425,431,42,7,278,18,0,0
3,14/09/2026 12:36,54,entity,787,73425,427,42,6,291,19,0,0
4,14/09/2026 12:36,54,entity,787,73425,438,41,7,283,18,0,0
5,14/09/2026 12:36,54,entity,781,73425,432,41,7,281,18,0,0
6,14/09/2026 12:36,54,entity,780,73425,429,47,7,278,18,0,0
7,14/09/2026 12:36,54,entity,773,73425,429,40,7,277,18,0,0
8,14/09/2026 12:36,54,entity,779,73425,431,43,7,278,17,0,0
9,14/09/2026 12:36,54,entity,796,73425,430,41,7,298,18,0,0
10,14/09/2026 12:36,54,entity,771,73425,424,42,7,277,18,0,0
11,14/09/2026 12:36,54,entity,781,73425,431,43,7,276,23,0,0
12,14/09/2026 12:36,54,entity,786,73425,440,40,7,278,18,0,0
13,14/09/2026 12:36,54,entity,821,73425,429,42,6,318,24,0,0
14,14/09/2026 12:36,54,entity,781,73425,434,41,7,279,18,0,0
15,14/09/2026 12:36,54,entity,812,73425,435,42,6,310,17,0,0
16,14/09/2026 12:36,54,entity,774,73425,431,40,7,276,18,0,0
17,14/09/2026 12:36,54,entity,770,73425,428,39,7,276,17,0,0
18,14/09/2026 12:36,54,entity,778,73425,432,41,7,279,18,0,0
19,14/09/2026 12:36,54,entity,775,73425,427,43,6,278,18,0,0
20,14/09/2026 12:36,54,entity,820,73425,452,52,8,289,18,0,0
21,14/09/2026 12:36,54,entity,770,73425,427,41,6,276,18,0,0
22,14/09/2026 12:36,54,entity,825,73425,437,49,7,312,18,0,0
23,14/09/2026 12:36,54,entity,815,73425,453,56,8,278,18,0,0
24,14/09/2026 12:36,54,entity,775,73425,429,42,7,278,18,0,0
25,14/09/2026 12:36,54,entity,772,73425,429,41,7,276,17,0,0
26,14/09/2026 12:36,54,entity,792,73425,432,42,6,291,18,0,0
27,14/09/2026 12:36,54,entity,814,73425,454,45,8,287,18,0,0
28,14/09/2026 12:36,54,entity,828,73425,444,49,7,307,19,0,0
29,14/09/2026 12:36,54,entity,769,73425,427,40,7,276,17,0,0
30,14/09/2026 12:36,54,entity,771,73425,429,40,7,276,17,0,0
31,14/09/2026 12:36,54,entity,789,73425,435,47,7,279,18,0,0
32,14/09/2026 12:36,54,entity,772,73425,427,41,7,277,17,0,0
33,14/09/2026 12:36,54,entity,778,73425,431,41,7,279,18,0,0
34,14/09/2026 12:36,54,entity,773,73425,427,40,7,280,17,0,0
35,14/09/2026 12:37,54,entity,798,73425,437,42,7,293,17,0,0
36,14/09/2026 12:37,54,entity,811,73425,450,50,10,281,18,0,0
37,14/09/2026 12:37,54,entity,777,73425,431,43,7,277,18,0,0
38,14/09/2026 12:37,54,entity,776,73425,429,41,7,280,17,0,0
39,14/09/2026 12:37,54,entity,779,73425,432,42,7,279,18,0,0
40,14/09/2026 12:37,54,entity,786,73425,434,42,7,278,24,0,0
41,14/09/2026 12:37,54,entity,794,73425,429,40,7,299,18,0,0
42,14/09/2026 12:37,54,entity,773,73425,428,43,7,276,17,0,0
43,14/09/2026 12:37,54,entity,808,73425,431,42,7,305,22,0,0
44,14/09/2026 12:37,54,entity,774,73425,429,42,6,278,18,0,0
45,14/09/2026 12:37,54,entity,770,73425,427,41,6,276,17,0,0
46,14/09/2026 12:37,54,entity,806,73425,439,49,8,290,18,0,0
47,14/09/2026 12:37,54,entity,770,73425,428,40,7,276,18,0,0
48,14/09/2026 12:37,54,entity,797,73425,435,43,7,292,19,0,0
49,14/09/2026 12:37,54,entity,773,73425,428,41,6,278,17,0,0
50,14/09/2026 12:37,54,entity,825,73425,441,51,8,305,18,0,0
51,14/09/2026 12:37,54,entity,837,73425,455,45,7,309,18,0,0
52,14/09/2026 12:37,54,entity,771,73425,429,40,7,275,17,0,0
53,14/09/2026 12:37,54,entity,771,73425,425,43,6,277,18,0,0
54,14/09/2026 12:37,54,entity,780,73425,431,42,7,280,18,0,0
55,14/09/2026 12:37,54,entity,826,73425,444,52,10,300,18,0,0
56,14/09/2026 12:37,54,entity,770,73425,428,40,6,277,18,0,0
57,14/09/2026 12:37,54,entity,772,73425,428,41,7,276,18,0,0
58,14/09/2026 12:37,54,entity,833,73425,448,51,7,303,21,0,0
59,14/09/2026 12:37,54,entity,778,73425,431,42,6,280,18,0,0
60,14/09/2026 12:37,54,entity,826,73425,444,52,10,301,17,0,0
61,14/09/2026 12:37,54,entity,783,73425,431,41,7,280,22,0,0
62,14/09/2026 12:37,54,entity,776,73425,433,41,7,275,19,0,0
63,14/09/2026 12:37,54,entity,779,73425,432,41,7,278,18,0,0
64,14/09/2026 12:37,54,entity,772,73425,426,42,7,277,18,0,0
65,14/09/2026 12:37,54,entity,766,73425,422,42,7,276,17,0,0
66,14/09/2026 12:37,54,entity,806,73425,434,45,10,297,18,0,0
67,14/09/2026 12:37,54,entity,781,73425,436,42,6,277,18,0,0
68,14/09/2026 12:37,54,entity,779,73425,435,42,6,276,17,0,0
69,14/09/2026 12:37,54,entity,775,73425,428,42,7,279,18,0,0
70,14/09/2026 12:37,54,entity,816,73425,446,52,10,288,18,0,0
71,14/09/2026 12:37,54,entity,797,73425,427,41,6,302,18,0,0
72,14/09/2026 12:37,54,entity,785,73425,440,41,7,279,18,0,0
73,14/09/2026 12:37,54,entity,776,73425,426,43,7,280,18,0,0
74,14/09/2026 12:37,54,entity,826,73425,435,56,10,305,18,0,0
75,14/09/2026 12:37,54,entity,775,73425,427,42,6,279,18,0,0
76,14/09/2026 12:37,54,entity,771,73425,427,41,7,276,18,0,0
77,14/09/2026 12:37,54,entity,793,73425,430,42,7,295,18,0,0
78,14/09/2026 12:37,54,entity,776,73425,429,42,6,279,18,0,0
79,14/09/2026 12:37,54,entity,777,73425,432,41,7,278,18,0,0
80,14/09/2026 12:37,54,entity,781,73425,437,41,6,277,18,0,0
81,14/09/2026 12:37,54,entity,778,73425,431,41,7,279,18,0,0
82,14/09/2026 12:37,54,entity,784,73425,440,41,7,277,18,0,0
83,14/09/2026 12:37,54,entity,767,73426,424,41,7,275,18,0,0
84,14/09/2026 12:37,54,entity,787,73425,441,41,6,279,18,0,0
85,14/09/2026 12:37,54,entity,772,73425,430,39,7,276,18,0,0
86,14/09/2026 12:37,54,entity,773,73425,428,42,7,277,18,0,0
87,14/09/2026 12:37,54,entity,786,73425,429,43,7,287,18,0,0
88,14/09/2026 12:37,54,entity,769,73425,429,40,6,274,17,0,0
89,14/09/2026 12:37,54,entity,771,73425,428,42,6,276,18,0,0
90,14/09/2026 12:37,54,entity,774,73425,427,43,7,278,17,0,0
91,14/09/2026 12:37,54,entity,788,73425,441,43,7,279,17,0,0
92,14/09/2026 12:37,54,entity,805,73425,431,42,7,304,18,0,0
93,14/09/2026 12:37,54,entity,774,73425,430,41,6,278,17,0,0
94,14/09/2026 12:37,54,entity,786,73425,437,43,6,280,18,0,0
95,14/09/2026 12:37,54,entity,771,73425,425,42,6,277,18,0,0
96,14/09/2026 12:37,54,entity,772,73425,428,41,7,277,17,0,0
97,14/09/2026 12:37,54,entity,779,73425,430,42,6,281,18,0,0
98,14/09/2026 12:37,54,entity,839,73425,440,61,8,310,18,0,0
99,14/09/2026 12:37,54,entity,822,73425,438,54,8,302,18,0,0
100,14/09/2026 12:37,54,entity,778,73425,432,41,7,279,18,0,0
101,14/09/2026 12:38,54,entity,773,73425,430,42,6,276,18,0,0
102,14/09/2026 12:38,54,entity,787,73425,434,42,7,284,18,0,0
103,14/09/2026 12:38,54,entity,773,73425,430,41,7,275,18,0,0
104,14/09/2026 12:38,54,entity,781,73425,432,42,7,280,17,0,0
105,14/09/2026 12:38,54,entity,771,73425,428,42,6,275,18,0,0
106,14/09/2026 12:38,54,entity,773,73425,427,42,7,277,18,0,0
107,14/09/2026 12:38,54,entity,789,73425,441,42,7,280,18,0,0
108,14/09/2026 12:38,54,entity,787,73425,435,42,7,282,18,0,0
109,14/09/2026 12:38,54,entity,817,73425,435,44,8,309,19,0,0
110,14/09/2026 12:38,54,entity,778,73425,434,41,7,277,18,0,0
111,14/09/2026 12:38,54,entity,772,73425,427,41,6,278,18,0,0
112,14/09/2026 12:38,54,entity,768,73425,425,40,7,277,17,0,0
113,14/09/2026 12:38,54,entity,780,73425,433,41,7,279,17,0,0
114,14/09/2026 12:38,54,entity,774,73425,429,42,7,276,18,0,0
115,14/09/2026 12:38,54,entity,771,73426,428,40,7,276,18,0,0
116,14/09/2026 12:38,54,entity,781,73425,429,41,7,285,18,0,0
117,14/09/2026 12:38,54,entity,771,73425,429,40,7,276,18,0,0
118,14/09/2026 12:38,54,entity,787,73425,430,43,7,287,18,0,0
119,14/09/2026 12:38,54,entity,772,73425,426,43,7,278,17,0,0
120,14/09/2026 12:38,54,entity,774,73425,429,41,7,277,18,0,0
121,14/09/2026 12:38,54,entity,821,73425,431,49,11,309,19,0,0
122,14/09/2026 12:38,54,entity,778,73425,432,41,7,278,18,0,0
123,14/09/2026 12:38,54,entity,775,73425,428,41,6,280,18,0,0
124,14/09/2026 12:38,54,entity,791,73425,429,42,6,292,19,0,0
125,14/09/2026 12:38,54,entity,785,73425,437,42,7,280,18,0,0
126,14/09/2026 12:38,54,entity,776,73425,429,42,7,278,17,0,0
127,14/09/2026 12:38,54,entity,777,73425,431,41,7,278,18,0,0
128,14/09/2026 12:38,54,entity,775,73425,430,40,7,278,18,0,0
129,14/09/2026 12:38,54,entity,770,73425,427,40,7,276,18,0,0
130,14/09/2026 12:38,54,entity,771,73425,426,42,7,276,18,0,0
131,14/09/2026 12:38,54,entity,774,73425,428,40,7,279,18,0,0
132,14/09/2026 12:38,54,entity,773,73425,428,42,7,277,18,0,0
133,14/09/2026 12:38,54,entity,857,73425,463,59,8,307,19,0,0
134,14/09/2026 12:38,54,entity,775,73425,430,42,7,276,18,0,0
135,14/09/2026 12:38,54,entity,826,73425,445,49,8,303,19,0,0
136,14/09/2026 12:38,54,entity,771,73425,430,40,7,275,17,0,0
137,14/09/2026 12:38,54,entity,799,73425,429,41,7,301,19,0,0
138,14/09/2026 12:38,54,entity,774,73425,429,42,7,278,18,0,0
139,14/09/2026 12:38,54,entity,770,73425,426,42,7,274,18,0,0
140,14/09/2026 12:38,54,entity,773,73425,429,42,7,277,18,0,0
141,14/09/2026 12:38,54,entity,801,73425,434,43,6,298,18,0,0
142,14/09/2026 12:38,54,entity,785,73425,426,41,7,286,22,0,0
143,14/09/2026 12:38,54,entity,778,73425,431,42,6,279,18,0,0
144,14/09/2026 12:38,54,entity,771,73425,426,41,6,278,17,0,0
145,14/09/2026 12:38,54,entity,800,73425,453,43,7,278,17,0,0
146,14/09/2026 12:38,54,entity,836,73425,464,43,7,302,18,0,0
147,14/09/2026 12:38,54,entity,783,73425,432,43,7,282,18,0,0
148,14/09/2026 12:38,54,entity,777,73425,433,40,7,278,18,0,0
149,14/09/2026 12:38,54,entity,840,73425,447,58,9,305,18,0,0
150,14/09/2026 12:38,54,entity,782,73425,433,42,7,279,18,0,0
151,14/09/2026 12:38,54,entity,780,73425,428,42,7,283,17,0,0
152,14/09/2026 12:38,54,entity,772,73425,426,41,7,278,18,0,0
153,14/09/2026 12:38,54,entity,765,73425,423,40,6,277,17,0,0
154,14/09/2026 12:38,54,entity,782,73425,432,41,7,281,19,0,0
155,14/09/2026 12:38,54,entity,775,73425,429,42,7,278,18,0,0
156,14/09/2026 12:38,54,entity,788,73425,440,43,7,278,18,0,0
157,14/09/2026 12:38,54,entity,774,73425,426,43,7,278,18,0,0
158,14/09/2026 12:38,54,entity,854,73425,464,56,8,305,18,0,0
159,14/09/2026 12:38,54,entity,784,73425,434,42,7,281,18,0,0
160,14/09/2026 12:38,54,entity,770,73425,427,41,7,275,17,0,0
161,14/09/2026 12:38,54,entity,827,73425,441,48,8,305,23,0,0
162,14/09/2026 12:38,54,entity,770,73427,428,41,7,275,18,0,0
163,14/09/2026 12:38,54,entity,773,73425,430,40,6,278,18,0,0
164,14/09/2026 12:38,54,entity,776,73425,428,43,7,279,17,0,0
165,14/09/2026 12:38,54,entity,832,73425,449,47,7,309,18,0,0
166,14/09/2026 12:38,54,entity,777,73425,429,40,7,278,20,0,0
167,14/09/2026 12:39,54,entity,771,73425,428,43,7,273,18,0,0
168,14/09/2026 12:39,54,entity,788,73425,437,43,7,282,18,0,0
169,14/09/2026 12:39,54,entity,783,73425,434,42,7,281,18,0,0
170,14/09/2026 12:39,54,entity,771,73425,427,41,7,276,18,0,0
171,14/09/2026 12:39,54,entity,772,73425,427,42,7,277,18,0,0
172,14/09/2026 12:39,54,entity,792,73425,443,43,7,280,18,0,0
173,14/09/2026 12:39,54,entity,779,73425,432,41,7,279,18,0,0
174,14/09/2026 12:39,54,entity,772,73425,430,40,7,276,18,0,0
175,14/09/2026 12:39,54,entity,774,73425,429,42,7,276,18,0,0
176,14/09/2026 12:39,54,entity,798,73425,442,52,7,277,18,0,0
177,14/09/2026 12:39,54,entity,776,73425,434,40,7,276,18,0,0
178,14/09/2026 12:39,54,entity,774,73425,428,41,7,278,18,0,0
179,14/09/2026 12:39,54,entity,780,73425,431,43,7,279,18,0,0
180,14/09/2026 12:39,54,entity,797,73425,434,43,6,294,18,0,0
181,14/09/2026 12:39,54,entity,781,73425,426,41,7,287,18,0,0
182,14/09/2026 12:39,54,entity,774,73425,430,41,7,276,18,0,0
183,14/09/2026 12:39,54,entity,782,73425,434,41,7,279,18,0,0
184,14/09/2026 12:39,54,entity,803,73425,434,48,10,292,18,0,0
185,14/09/2026 12:39,54,entity,832,73425,437,52,8,315,18,0,0
186,14/09/2026 12:39,54,entity,792,73425,444,46,7,275,18,0,0
187,14/09/2026 12:39,54,entity,773,73427,429,40,7,278,18,0,0
188,14/09/2026 12:39,54,entity,777,73425,429,42,6,279,18,0,0
189,14/09/2026 12:39,54,entity,770,73425,428,41,7,275,18,0,0
190,14/09/2026 12:39,54,entity,823,73425,450,52,9,293,18,0,0
191,14/09/2026 12:39,54,entity,772,73425,427,40,7,278,18,0,0
192,14/09/2026 12:39,54,entity,770,73425,429,39,7,275,18,0,0
193,14/09/2026 12:39,54,entity,772,73425,429,41,7,275,17,0,0
194,14/09/2026 12:39,54,entity,774,73425,430,42,6,276,18,0,0
195,14/09/2026 12:39,54,entity,771,73425,427,40,6,278,17,0,0
196,14/09/2026 12:39,54,entity,779,73425,432,41,7,279,18,0,0
197,14/09/2026 12:39,54,entity,773,73425,429,43,7,275,18,0,0
198,14/09/2026 12:39,54,entity,768,73425,427,41,7,274,18,0,0
199,14/09/2026 12:39,54,entity,771,73425,426,43,7,275,17,0,0
200,14/09/2026 12:39,54,entity,773,73425,429,40,6,277,18,0,0
1,14/09/2026 12:39,63,entity,926,78652,495,99,7,305,18,0,0
2,14/09/2026 12:39,63,entity,837,78652,442,52,10,314,17,0,0
3,14/09/2026 12:39,63,entity,781,78652,429,45,6,281,18,0,0
4,14/09/2026 12:39,63,entity,802,78652,441,57,8,277,18,0,0
5,14/09/2026 12:39,63,entity,855,78652,470,58,8,299,17,0,0
6,14/09/2026 12:39,63,entity,803,78653,435,55,10,284,17,0,0
7,14/09/2026 12:39,63,entity,783,78652,429,46,7,282,18,0,0
8,14/09/2026 12:39,63,entity,810,78652,433,45,6,307,17,0,0
9,14/09/2026 12:39,63,entity,804,78652,432,47,7,299,17,0,0
10,14/09/2026 12:39,63,entity,775,78652,428,44,6,276,18,0,0
11,14/09/2026 12:39,63,entity,855,78652,461,59,9,306,19,0,0
12,14/09/2026 12:39,63,entity,832,78652,447,51,7,308,18,0,0
13,14/09/2026 12:39,63,entity,778,78652,428,44,6,280,17,0,0
14,14/09/2026 12:39,63,entity,827,78652,448,52,7,300,19,0,0
15,14/09/2026 12:39,63,entity,845,78652,456,59,8,302,18,0,0
16,14/09/2026 12:39,63,entity,794,78652,429,45,7,293,18,0,0
17,14/09/2026 12:39,63,entity,779,78652,429,45,7,278,18,0,0
18,14/09/2026 12:39,63,entity,789,78652,434,46,7,283,18,0,0
19,14/09/2026 12:39,63,entity,782,78652,430,45,6,281,18,0,0
20,14/09/2026 12:39,63,entity,780,78652,429,46,6,280,18,0,0
21,14/09/2026 12:39,63,entity,816,78652,428,53,10,306,17,0,0
22,14/09/2026 12:39,63,entity,795,78652,429,47,7,287,24,0,0
23,14/09/2026 12:39,63,entity,782,78652,430,44,7,281,18,0,0
24,14/09/2026 12:39,63,entity,779,78652,425,46,6,281,18,0,0
25,14/09/2026 12:39,63,entity,780,78652,431,44,7,278,17,0,0
26,14/09/2026 12:39,63,entity,793,78652,429,44,7,294,18,0,0
27,14/09/2026 12:39,63,entity,780,78652,430,45,6,280,18,0,0
28,14/09/2026 12:39,63,entity,779,78652,427,45,6,281,18,0,0
29,14/09/2026 12:39,63,entity,795,78652,431,46,7,292,18,0,0
30,14/09/2026 12:39,63,entity,814,78652,431,45,6,312,17,0,0
31,14/09/2026 12:39,63,entity,843,78652,451,54,10,308,18,0,0
32,14/09/2026 12:40,63,entity,780,78652,433,45,6,276,18,0,0
33,14/09/2026 12:40,63,entity,845,78652,449,53,7,317,18,0,0
34,14/09/2026 12:40,63,entity,780,78652,427,46,7,281,18,0,0
35,14/09/2026 12:40,63,entity,839,78652,442,53,10,315,18,0,0
36,14/09/2026 12:40,63,entity,776,78652,426,45,6,279,18,0,0
37,14/09/2026 12:40,63,entity,780,78652,428,46,6,280,18,0,0
38,14/09/2026 12:40,63,entity,781,78652,427,45,7,281,18,0,0
39,14/09/2026 12:40,63,entity,794,78652,433,51,7,283,17,0,0
40,14/09/2026 12:40,63,entity,779,78652,428,46,7,279,18,0,0
41,14/09/2026 12:40,63,entity,778,78652,427,45,7,279,18,0,0
42,14/09/2026 12:40,63,entity,777,78652,428,45,6,278,17,0,0
43,14/09/2026 12:40,63,entity,823,78652,433,47,6,315,19,0,0
44,14/09/2026 12:40,63,entity,782,78652,431,45,6,280,18,0,0
45,14/09/2026 12:40,63,entity,836,78652,443,52,8,313,18,0,0
46,14/09/2026 12:40,63,entity,790,78652,439,45,7,280,17,0,0
47,14/09/2026 12:40,63,entity,829,78652,449,62,8,290,19,0,0
48,14/09/2026 12:40,63,entity,780,78652,428,44,6,281,18,0,0
49,14/09/2026 12:40,63,entity,783,78652,430,43,7,283,18,0,0
50,14/09/2026 12:40,63,entity,778,78652,427,45,7,279,18,0,0
51,14/09/2026 12:40,63,entity,780,78652,427,45,7,282,18,0,0
52,14/09/2026 12:40,63,entity,812,78652,433,46,7,307,17,0,0
53,14/09/2026 12:40,63,entity,812,78652,440,45,6,300,19,0,0
54,14/09/2026 12:40,63,entity,793,78652,428,44,6,295,17,0,0
55,14/09/2026 12:40,63,entity,778,78652,429,45,6,278,17,0,0
56,14/09/2026 12:40,63,entity,776,78652,427,44,7,278,18,0,0
57,14/09/2026 12:40,63,entity,778,78652,429,45,6,279,17,0,0
58,14/09/2026 12:40,63,entity,825,78652,430,59,10,307,17,0,0
59,14/09/2026 12:40,63,entity,779,78652,428,45,6,279,18,0,0
60,14/09/2026 12:40,63,entity,788,78652,432,46,7,283,18,0,0
61,14/09/2026 12:40,63,entity,775,78652,425,46,6,279,18,0,0
62,14/09/2026 12:40,63,entity,787,78652,431,48,7,282,17,0,0
63,14/09/2026 12:40,63,entity,791,78652,435,47,7,283,19,0,0
64,14/09/2026 12:40,63,entity,840,78652,439,54,7,316,22,0,0
65,14/09/2026 12:40,63,entity,782,78652,429,47,7,280,18,0,0
66,14/09/2026 12:40,63,entity,779,78652,429,46,7,278,18,0,0
67,14/09/2026 12:40,63,entity,781,78652,429,44,6,281,18,0,0
68,14/09/2026 12:40,63,entity,781,78652,430,46,6,279,18,0,0
69,14/09/2026 12:40,63,entity,794,78652,439,47,7,282,18,0,0
70,14/09/2026 12:40,63,entity,813,78652,442,52,7,292,18,0,0
71,14/09/2026 12:40,63,entity,780,78652,428,46,7,279,18,0,0
72,14/09/2026 12:40,63,entity,792,78652,437,45,7,284,17,0,0
73,14/09/2026 12:40,63,entity,795,78652,427,47,6,294,19,0,0
74,14/09/2026 12:40,63,entity,783,78652,428,47,7,281,18,0,0
75,14/09/2026 12:40,63,entity,778,78652,426,45,7,280,17,0,0
76,14/09/2026 12:40,63,entity,780,78652,426,45,6,282,18,0,0
77,14/09/2026 12:40,63,entity,787,78652,432,46,7,282,18,0,0
78,14/09/2026 12:40,63,entity,776,78652,426,44,7,280,17,0,0
79,14/09/2026 12:40,63,entity,784,78652,431,46,6,281,18,0,0
80,14/09/2026 12:40,63,entity,779,78652,431,45,6,278,18,0,0
81,14/09/2026 12:40,63,entity,789,78652,431,48,7,284,18,0,0
82,14/09/2026 12:40,63,entity,776,78652,429,44,7,277,18,0,0
83,14/09/2026 12:40,63,entity,776,78652,428,46,6,276,18,0,0
84,14/09/2026 12:40,63,entity,777,78652,428,46,7,277,17,0,0
85,14/09/2026 12:40,63,entity,809,78652,425,43,7,313,19,0,0
86,14/09/2026 12:40,63,entity,776,78652,427,45,6,278,18,0,0
87,14/09/2026 12:40,63,entity,800,78652,425,45,7,291,30,0,0
88,14/09/2026 12:40,63,entity,784,78652,431,48,6,280,18,0,0
89,14/09/2026 12:40,63,entity,780,78652,428,45,6,280,18,0,0
90,14/09/2026 12:40,63,entity,783,78652,430,45,6,282,18,0,0
91,14/09/2026 12:40,63,entity,777,78652,426,45,6,280,17,0,0
92,14/09/2026 12:40,63,entity,784,78652,429,44,7,283,18,0,0
93,14/09/2026 12:40,63,entity,841,78652,443,48,7,322,18,0,0
94,14/09/2026 12:40,63,entity,783,78652,428,48,7,281,18,0,0
95,14/09/2026 12:40,63,entity,779,78652,430,46,7,277,18,0,0
96,14/09/2026 12:40,63,entity,806,78652,433,46,7,301,18,0,0
97,14/09/2026 12:40,63,entity,781,78652,428,45,7,282,18,0,0
98,14/09/2026 12:41,63,entity,781,78652,427,47,7,281,17,0,0
99,14/09/2026 12:41,63,entity,859,78652,436,53,10,331,27,0,0
100,14/09/2026 12:41,63,entity,777,78652,425,46,6,280,18,0,0
101,14/09/2026 12:41,63,entity,780,78652,429,44,7,280,18,0,0
102,14/09/2026 12:41,63,entity,789,78652,430,46,7,285,18,0,0
103,14/09/2026 12:41,63,entity,777,78652,425,45,7,280,18,0,0
104,14/09/2026 12:41,63,entity,779,78652,427,46,6,280,18,0,0
105,14/09/2026 12:41,63,entity,780,78652,429,45,6,280,18,0,0
106,14/09/2026 12:41,63,entity,781,78652,429,45,7,280,18,0,0
107,14/09/2026 12:41,63,entity,776,78652,427,46,6,279,17,0,0
108,14/09/2026 12:41,63,entity,792,78652,439,47,6,280,18,0,0
109,14/09/2026 12:41,63,entity,807,78652,430,45,6,306,17,0,0
110,14/09/2026 12:41,63,entity,778,78652,427,45,6,280,18,0,0
111,14/09/2026 12:41,63,entity,782,78652,429,47,6,280,18,0,0
112,14/09/2026 12:41,63,entity,798,78652,444,46,7,282,18,0,0
113,14/09/2026 12:41,63,entity,812,78652,428,51,7,306,17,0,0
114,14/09/2026 12:41,63,entity,810,78652,433,44,7,306,18,0,0
115,14/09/2026 12:41,63,entity,780,78652,428,44,7,282,18,0,0
116,14/09/2026 12:41,63,entity,777,78652,427,45,6,280,17,0,0
117,14/09/2026 12:41,63,entity,782,78652,427,48,7,281,18,0,0
118,14/09/2026 12:41,63,entity,822,78652,431,54,10,308,18,0,0
119,14/09/2026 12:41,63,entity,779,78652,429,45,6,279,18,0,0
120,14/09/2026 12:41,63,entity,785,78652,431,45,7,283,18,0,0
121,14/09/2026 12:41,63,entity,781,78652,431,45,6,279,18,0,0
122,14/09/2026 12:41,63,entity,843,78652,453,55,10,305,18,0,0
123,14/09/2026 12:41,63,entity,775,78652,424,46,7,278,18,0,0
124,14/09/2026 12:41,63,entity,779,78652,427,45,6,280,18,0,0
125,14/09/2026 12:41,63,entity,786,78652,432,47,7,280,18,0,0
126,14/09/2026 12:41,63,entity,840,78652,449,54,10,308,17,0,0
127,14/09/2026 12:41,63,entity,801,78652,426,46,7,298,22,0,0
128,14/09/2026 12:41,63,entity,777,78652,426,45,6,280,18,0,0
129,14/09/2026 12:41,63,entity,787,78652,432,44,7,285,18,0,0
130,14/09/2026 12:41,63,entity,785,78652,432,45,7,281,18,0,0
131,14/09/2026 12:41,63,entity,779,78652,430,45,7,279,17,0,0
132,14/09/2026 12:41,63,entity,782,78652,430,45,6,281,18,0,0
133,14/09/2026 12:41,63,entity,783,78652,432,44,7,281,18,0,0
134,14/09/2026 12:41,63,entity,851,78652,464,63,8,296,18,0,0
135,14/09/2026 12:41,63,entity,778,78652,427,46,7,280,17,0,0
136,14/09/2026 12:41,63,entity,795,78652,431,45,7,293,18,0,0
137,14/09/2026 12:41,63,entity,846,78652,453,53,7,313,18,0,0
138,14/09/2026 12:41,63,entity,778,78652,425,46,6,281,18,0,0
139,14/09/2026 12:41,63,entity,858,78652,428,63,10,338,17,0,0
140,14/09/2026 12:41,63,entity,836,78652,434,60,8,313,18,0,0
141,14/09/2026 12:41,63,entity,779,78652,429,44,6,281,17,0,0
142,14/09/2026 12:41,63,entity,823,78652,442,50,6,305,17,0,0
143,14/09/2026 12:41,63,entity,794,78652,434,45,6,287,18,0,0
144,14/09/2026 12:41,63,entity,789,78652,432,46,7,284,18,0,0
145,14/09/2026 12:41,63,entity,787,78652,434,47,7,279,18,0,0
146,14/09/2026 12:41,63,entity,818,78652,432,46,7,313,18,0,0
147,14/09/2026 12:41,63,entity,820,78652,469,45,7,280,18,0,0
148,14/09/2026 12:41,63,entity,779,78652,426,48,6,280,18,0,0
149,14/09/2026 12:41,63,entity,789,78652,432,46,7,285,18,0,0
150,14/09/2026 12:41,63,entity,774,78652,427,45,6,276,18,0,0
151,14/09/2026 12:41,63,entity,788,78652,434,46,6,283,18,0,0
152,14/09/2026 12:41,63,entity,783,78652,429,46,7,281,18,0,0
153,14/09/2026 12:41,63,entity,803,78652,433,46,7,298,17,0,0
154,14/09/2026 12:41,63,entity,793,78653,442,45,7,280,18,0,0
155,14/09/2026 12:41,63,entity,779,78652,428,45,7,280,18,0,0
156,14/09/2026 12:41,63,entity,777,78652,428,43,6,280,18,0,0
157,14/09/2026 12:41,63,entity,790,78652,429,56,7,279,18,0,0
158,14/09/2026 12:41,63,entity,780,78652,428,44,6,282,18,0,0
159,14/09/2026 12:41,63,entity,775,78652,427,43,7,279,17,0,0
160,14/09/2026 12:41,63,entity,803,78652,430,46,7,300,18,0,0
161,14/09/2026 12:41,63,entity,800,78652,428,43,7,298,22,0,0
162,14/09/2026 12:41,63,entity,797,78652,440,48,7,283,18,0,0
163,14/09/2026 12:42,63,entity,811,78652,440,47,7,296,18,0,0
164,14/09/2026 12:42,63,entity,808,78652,446,49,8,285,18,0,0
165,14/09/2026 12:42,63,entity,785,78652,431,45,7,282,17,0,0
166,14/09/2026 12:42,63,entity,796,78652,427,46,7,296,18,0,0
167,14/09/2026 12:42,63,entity,829,78652,443,52,10,304,18,0,0
168,14/09/2026 12:42,63,entity,776,78652,427,44,7,279,17,0,0
169,14/09/2026 12:42,63,entity,795,78652,445,45,6,279,18,0,0
170,14/09/2026 12:42,63,entity,774,78652,423,48,6,277,17,0,0
171,14/09/2026 12:42,63,entity,803,78652,429,46,7,301,19,0,0
172,14/09/2026 12:42,63,entity,814,78652,433,46,7,308,18,0,0
173,14/09/2026 12:42,63,entity,814,78652,430,53,10,302,17,0,0
174,14/09/2026 12:42,63,entity,832,78652,465,57,8,282,18,0,0
175,14/09/2026 12:42,63,entity,773,78652,425,45,6,277,18,0,0
176,14/09/2026 12:42,63,entity,782,78652,428,47,7,280,18,0,0
177,14/09/2026 12:42,63,entity,784,78652,430,45,7,283,18,0,0
178,14/09/2026 12:42,63,entity,831,78652,430,56,13,313,18,0,0
179,14/09/2026 12:42,63,entity,805,78652,432,46,7,301,18,0,0
180,14/09/2026 12:42,63,entity,811,78652,438,57,8,290,17,0,0
181,14/09/2026 12:42,63,entity,780,78652,429,46,7,280,17,0,0
182,14/09/2026 12:42,63,entity,780,78652,428,45,6,281,18,0,0
183,14/09/2026 12:42,63,entity,776,78652,426,44,6,280,18,0,0
184,14/09/2026 12:42,63,entity,782,78652,428,46,7,282,18,0,0
185,14/09/2026 12:42,63,entity,792,78652,432,46,6,287,18,0,0
186,14/09/2026 12:42,63,entity,777,78652,429,44,7,277,17,0,0
187,14/09/2026 12:42,63,entity,781,78652,427,48,6,281,18,0,0
188,14/09/2026 12:42,63,entity,784,78652,430,47,7,280,18,0,0
189,14/09/2026 12:42,63,entity,787,78652,431,45,7,285,18,0,0
190,14/09/2026 12:42,63,entity,834,78652,445,54,10,305,17,0,0
191,14/09/2026 12:42,63,entity,776,78652,428,42,7,279,17,0,0
192,14/09/2026 12:42,63,entity,785,78652,432,45,7,281,18,0,0
193,14/09/2026 12:42,63,entity,816,78652,451,53,7,285,18,0,0
194,14/09/2026 12:42,63,entity,783,78652,431,44,7,282,18,0,0
195,14/09/2026 12:42,63,entity,786,78652,429,46,6,284,18,0,0
196,14/09/2026 12:42,63,entity,777,78652,428,46,6,277,17,0,0
197,14/09/2026 12:42,63,entity,778,78652,427,45,7,280,18,0,0
198,14/09/2026 12:42,63,entity,779,78652,427,45,7,281,17,0,0
199,14/09/2026 12:42,63,entity,835,78652,440,61,7,306,18,0,0
200,14/09/2026 12:42,63,entity,775,78652,426,45,7,278,18,0,0
1,14/09/2026 12:42,72,entity,957,78652,534,99,7,297,18,0,0
2,14/09/2026 12:42,72,entity,822,78652,430,48,7,308,27,0,0
3,14/09/2026 12:42,72,entity,788,78652,430,48,7,283,18,0,0
4,14/09/2026 12:42,72,entity,792,78652,433,49,7,283,18,0,0
5,14/09/2026 12:42,72,entity,804,78652,428,46,7,301,20,0,0
6,14/09/2026 12:42,72,entity,791,78652,431,49,7,284,18,0,0
7,14/09/2026 12:42,72,entity,791,78652,433,50,6,282,18,0,0
8,14/09/2026 12:42,72,entity,783,78652,429,47,6,280,18,0,0
9,14/09/2026 12:42,72,entity,803,78652,434,49,7,293,18,0,0
10,14/09/2026 12:42,72,entity,786,78653,430,48,7,283,18,0,0
11,14/09/2026 12:42,72,entity,786,78652,427,49,7,283,18,0,0
12,14/09/2026 12:42,72,entity,780,78652,426,48,6,280,18,0,0
13,14/09/2026 12:42,72,entity,857,78652,439,75,10,314,18,0,0
14,14/09/2026 12:42,72,entity,827,78652,443,54,7,304,18,0,0
15,14/09/2026 12:42,72,entity,786,78652,429,46,7,284,18,0,0
16,14/09/2026 12:42,72,entity,786,78652,428,49,7,282,18,0,0
17,14/09/2026 12:42,72,entity,783,78652,428,49,6,280,18,0,0
18,14/09/2026 12:42,72,entity,823,78652,456,59,7,281,18,0,0
19,14/09/2026 12:42,72,entity,824,78652,437,53,11,304,18,0,0
20,14/09/2026 12:42,72,entity,783,78652,428,48,6,282,17,0,0
21,14/09/2026 12:42,72,entity,801,78652,446,48,7,280,18,0,0
22,14/09/2026 12:42,72,entity,798,78652,436,49,7,285,18,0,0
23,14/09/2026 12:42,72,entity,779,78652,425,47,7,281,18,0,0
24,14/09/2026 12:42,72,entity,794,78652,439,48,7,280,18,0,0
25,14/09/2026 12:42,72,entity,796,78652,428,58,7,284,17,0,0
26,14/09/2026 12:42,72,entity,784,78652,429,47,7,282,18,0,0
27,14/09/2026 12:43,72,entity,799,78652,440,49,7,282,18,0,0
28,14/09/2026 12:43,72,entity,779,78652,425,49,7,279,18,0,0
29,14/09/2026 12:43,72,entity,785,78652,427,47,7,283,18,0,0
30,14/09/2026 12:43,72,entity,782,78652,426,48,7,281,18,0,0
31,14/09/2026 12:43,72,entity,789,78653,429,50,7,282,18,0,0
32,14/09/2026 12:43,72,entity,852,78652,451,66,9,307,18,0,0
33,14/09/2026 12:43,72,entity,862,78652,461,56,8,317,18,0,0
34,14/09/2026 12:43,72,entity,784,78652,429,47,7,282,18,0,0
35,14/09/2026 12:43,72,entity,800,78652,433,49,7,291,18,0,0
36,14/09/2026 12:43,72,entity,793,78652,440,48,7,279,18,0,0
37,14/09/2026 12:43,72,entity,842,78652,444,55,8,308,24,0,0
38,14/09/2026 12:43,72,entity,792,78652,431,50,6,285,18,0,0
39,14/09/2026 12:43,72,entity,810,78652,430,57,7,297,18,0,0
40,14/09/2026 12:43,72,entity,792,78652,432,48,7,282,20,0,0
41,14/09/2026 12:43,72,entity,819,78652,450,59,7,282,18,0,0
42,14/09/2026 12:43,72,entity,789,78652,430,49,7,284,17,0,0
43,14/09/2026 12:43,72,entity,841,78652,443,61,7,310,18,0,0
44,14/09/2026 12:43,72,entity,794,78652,434,50,7,283,18,0,0
45,14/09/2026 12:43,72,entity,783,78652,429,48,7,279,18,0,0
46,14/09/2026 12:43,72,entity,785,78652,427,49,7,282,18,0,0
47,14/09/2026 12:43,72,entity,795,78652,434,49,7,285,18,0,0
48,14/09/2026 12:43,72,entity,786,78652,427,50,6,282,19,0,0
49,14/09/2026 12:43,72,entity,809,78652,439,58,11,282,18,0,0
50,14/09/2026 12:43,72,entity,780,78652,427,49,6,279,18,0,0
51,14/09/2026 12:43,72,entity,781,78652,426,49,7,280,17,0,0
52,14/09/2026 12:43,72,entity,785,78652,428,48,7,282,18,0,0
53,14/09/2026 12:43,72,entity,794,78652,433,50,7,283,17,0,0
54,14/09/2026 12:43,72,entity,780,78652,427,48,6,279,18,0,0
55,14/09/2026 12:43,72,entity,788,78652,432,46,7,283,18,0,0
56,14/09/2026 12:43,72,entity,784,78652,428,48,7,282,18,0,0
57,14/09/2026 12:43,72,entity,793,78652,426,57,7,284,18,0,0
58,14/09/2026 12:43,72,entity,790,78652,431,47,7,285,19,0,0
59,14/09/2026 12:43,72,entity,793,78652,439,48,7,280,18,0,0
60,14/09/2026 12:43,72,entity,806,78652,431,53,8,294,18,0,0
61,14/09/2026 12:43,72,entity,784,78652,429,49,7,281,18,0,0
62,14/09/2026 12:43,72,entity,785,78652,428,49,7,282,17,0,0
63,14/09/2026 12:43,72,entity,783,78652,427,48,7,282,18,0,0
64,14/09/2026 12:43,72,entity,793,78652,430,50,8,285,18,0,0
65,14/09/2026 12:43,72,entity,791,78652,431,48,7,286,18,0,0
66,14/09/2026 12:43,72,entity,818,78652,430,47,7,312,20,0,0
67,14/09/2026 12:43,72,entity,798,78652,440,47,7,284,18,0,0
68,14/09/2026 12:43,72,entity,849,78652,449,59,9,310,20,0,0
69,14/09/2026 12:43,72,entity,814,78652,429,51,8,306,18,0,0
70,14/09/2026 12:43,72,entity,791,78652,431,48,7,285,18,0,0
71,14/09/2026 12:43,72,entity,785,78652,428,49,7,280,18,0,0
72,14/09/2026 12:43,72,entity,782,78652,427,48,6,280,18,0,0
73,14/09/2026 12:43,72,entity,810,78652,428,47,7,306,21,0,0
74,14/09/2026 12:43,72,entity,783,78652,430,48,6,279,18,0,0
75,14/09/2026 12:43,72,entity,782,78652,429,46,7,281,18,0,0
76,14/09/2026 12:43,72,entity,785,78652,430,47,7,280,18,0,0
77,14/09/2026 12:43,72,entity,831,78652,455,58,10,289,18,0,0
78,14/09/2026 12:43,72,entity,812,78652,428,49,10,304,18,0,0
79,14/09/2026 12:43,72,entity,788,78652,432,48,7,281,18,0,0
80,14/09/2026 12:43,72,entity,777,78652,426,48,7,277,18,0,0
81,14/09/2026 12:43,72,entity,782,78652,426,50,6,280,17,0,0
82,14/09/2026 12:43,72,entity,784,78652,428,50,7,280,18,0,0
83,14/09/2026 12:43,72,entity,868,78652,427,69,10,342,18,0,0
84,14/09/2026 12:43,72,entity,781,78652,427,48,7,280,18,0,0
85,14/09/2026 12:43,72,entity,838,78652,444,62,9,300,22,0,0
86,14/09/2026 12:43,72,entity,814,78652,456,50,7,282,18,0,0
87,14/09/2026 12:43,72,entity,795,78652,439,47,7,283,18,0,0
88,14/09/2026 12:43,72,entity,788,78652,431,47,7,283,18,0,0
89,14/09/2026 12:43,72,entity,802,78652,439,54,7,282,18,0,0
90,14/09/2026 12:43,72,entity,793,78652,430,53,7,283,18,0,0
91,14/09/2026 12:43,72,entity,799,78652,431,51,8,289,18,0,0
92,14/09/2026 12:44,72,entity,795,78652,432,49,7,287,18,0,0
93,14/09/2026 12:44,72,entity,779,78652,424,48,7,280,18,0,0
94,14/09/2026 12:44,72,entity,787,78652,431,50,7,280,18,0,0
95,14/09/2026 12:44,72,entity,797,78652,443,49,6,279,18,0,0
96,14/09/2026 12:44,72,entity,789,78652,430,48,7,284,18,0,0
97,14/09/2026 12:44,72,entity,814,78652,430,48,7,309,18,0,0
98,14/09/2026 12:44,72,entity,791,78652,432,49,7,283,18,0,0
99,14/09/2026 12:44,72,entity,781,78652,427,47,7,280,18,0,0
100,14/09/2026 12:44,72,entity,806,78652,434,51,12,289,18,0,0
101,14/09/2026 12:44,72,entity,783,78652,428,49,7,280,18,0,0
102,14/09/2026 12:44,72,entity,786,78652,430,48,7,281,18,0,0
103,14/09/2026 12:44,72,entity,790,78652,430,50,7,284,17,0,0
104,14/09/2026 12:44,72,entity,790,78652,431,48,7,285,18,0,0
105,14/09/2026 12:44,72,entity,817,78652,439,60,8,289,18,0,0
106,14/09/2026 12:44,72,entity,780,78652,427,47,7,280,18,0,0
107,14/09/2026 12:44,72,entity,781,78652,425,49,7,280,18,0,0
108,14/09/2026 12:44,72,entity,792,78652,432,49,7,284,18,0,0
109,14/09/2026 12:44,72,entity,787,78652,428,49,7,283,17,0,0
110,14/09/2026 12:44,72,entity,784,78652,424,50,7,283,18,0,0
111,14/09/2026 12:44,72,entity,783,78652,429,48,7,279,18,0,0
112,14/09/2026 12:44,72,entity,784,78652,429,47,7,282,18,0,0
113,14/09/2026 12:44,72,entity,794,78652,434,50,7,284,18,0,0
114,14/09/2026 12:44,72,entity,803,78652,427,51,8,298,18,0,0
115,14/09/2026 12:44,72,entity,781,78652,426,46,6,283,18,0,0
116,14/09/2026 12:44,72,entity,782,78652,425,49,7,281,18,0,0
117,14/09/2026 12:44,72,entity,788,78652,429,50,7,282,18,0,0
118,14/09/2026 12:44,72,entity,817,78652,442,58,11,287,18,0,0
119,14/09/2026 12:44,72,entity,794,78652,439,47,7,281,18,0,0
120,14/09/2026 12:44,72,entity,789,78652,427,50,7,285,18,0,0
121,14/09/2026 12:44,72,entity,789,78652,433,50,7,280,18,0,0
122,14/09/2026 12:44,72,entity,789,78652,430,49,6,284,18,0,0
123,14/09/2026 12:44,72,entity,782,78652,426,46,7,282,19,0,0
124,14/09/2026 12:44,72,entity,829,78652,429,49,7,322,20,0,0
125,14/09/2026 12:44,72,entity,790,78652,432,49,7,283,18,0,0
126,14/09/2026 12:44,72,entity,810,78652,430,55,7,298,18,0,0
127,14/09/2026 12:44,72,entity,782,78652,428,50,6,278,18,0,0
128,14/09/2026 12:44,72,entity,812,78652,444,53,8,287,18,0,0
129,14/09/2026 12:44,72,entity,785,78652,428,50,7,281,18,0,0
130,14/09/2026 12:44,72,entity,817,78652,447,61,7,282,18,0,0
131,14/09/2026 12:44,72,entity,782,78652,428,46,7,281,18,0,0
132,14/09/2026 12:44,72,entity,790,78652,432,49,7,282,18,0,0
133,14/09/2026 12:44,72,entity,796,78652,428,47,7,295,18,0,0
134,14/09/2026 12:44,72,entity,785,78652,430,47,7,281,18,0,0
135,14/09/2026 12:44,72,entity,784,78652,431,47,7,279,18,0,0
136,14/09/2026 12:44,72,entity,791,78652,433,48,7,283,18,0,0
137,14/09/2026 12:44,72,entity,786,78652,428,48,7,283,19,0,0
138,14/09/2026 12:44,72,entity,788,78652,431,49,6,281,18,0,0
139,14/09/2026 12:44,72,entity,795,78652,437,50,7,282,18,0,0
140,14/09/2026 12:44,72,entity,815,78652,446,55,8,285,18,0,0
141,14/09/2026 12:44,72,entity,797,78652,441,50,7,281,17,0,0
142,14/09/2026 12:44,72,entity,784,78652,430,49,7,279,18,0,0
143,14/09/2026 12:44,72,entity,824,78652,431,49,7,317,18,0,0
144,14/09/2026 12:44,72,entity,789,78652,432,50,7,281,18,0,0
145,14/09/2026 12:44,72,entity,793,78653,432,49,7,285,18,0,0
146,14/09/2026 12:44,72,entity,814,78652,427,48,7,307,23,0,0
147,14/09/2026 12:44,72,entity,792,78652,432,48,7,285,18,0,0
148,14/09/2026 12:44,72,entity,829,78652,435,49,7,318,18,0,0
149,14/09/2026 12:44,72,entity,783,78652,427,49,6,280,18,0,0
150,14/09/2026 12:44,72,entity,794,78652,439,49,7,280,18,0,0
151,14/09/2026 12:44,72,entity,782,78652,428,47,7,280,18,0,0
152,14/09/2026 12:44,72,entity,781,78652,425,50,7,279,18,0,0
153,14/09/2026 12:44,72,entity,784,78652,428,49,6,281,18,0,0
154,14/09/2026 12:44,72,entity,790,78652,435,49,7,279,18,0,0
155,14/09/2026 12:44,72,entity,812,78652,457,47,7,281,18,0,0
156,14/09/2026 12:44,72,entity,789,78652,430,50,7,282,18,0,0
157,14/09/2026 12:44,72,entity,787,78652,428,49,7,283,18,0,0
158,14/09/2026 12:45,72,entity,795,78652,436,49,7,283,18,0,0
159,14/09/2026 12:45,72,entity,785,78652,429,47,7,282,18,0,0
160,14/09/2026 12:45,72,entity,784,78652,429,47,7,282,18,0,0
161,14/09/2026 12:45,72,entity,798,78652,436,48,7,287,18,0,0
162,14/09/2026 12:45,72,entity,794,78652,433,48,7,286,18,0,0
163,14/09/2026 12:45,72,entity,823,78652,444,54,8,297,18,0,0
164,14/09/2026 12:45,72,entity,790,78652,433,49,7,281,18,0,0
165,14/09/2026 12:45,72,entity,858,78652,463,52,7,314,19,0,0
166,14/09/2026 12:45,72,entity,790,78652,433,49,7,281,18,0,0
167,14/09/2026 12:45,72,entity,786,78652,426,49,7,283,18,0,0
168,14/09/2026 12:45,72,entity,784,78652,427,49,6,282,18,0,0
169,14/09/2026 12:45,72,entity,783,78652,428,46,7,283,18,0,0
170,14/09/2026 12:45,72,entity,819,78652,451,54,7,287,18,0,0
171,14/09/2026 12:45,72,entity,787,78652,430,48,7,282,18,0,0
172,14/09/2026 12:45,72,entity,792,78652,435,48,7,282,18,0,0
173,14/09/2026 12:45,72,entity,781,78652,426,48,6,280,18,0,0
174,14/09/2026 12:45,72,entity,802,78652,431,61,7,283,17,0,0
175,14/09/2026 12:45,72,entity,786,78652,428,48,7,282,18,0,0
176,14/09/2026 12:45,72,entity,785,78652,431,49,7,280,18,0,0
177,14/09/2026 12:45,72,entity,795,78652,432,48,7,287,18,0,0
178,14/09/2026 12:45,72,entity,797,78652,441,47,7,281,18,0,0
179,14/09/2026 12:45,72,entity,793,78652,435,48,7,283,19,0,0
180,14/09/2026 12:45,72,entity,803,78652,427,56,8,291,18,0,0
181,14/09/2026 12:45,72,entity,785,78652,428,49,7,282,18,0,0
182,14/09/2026 12:45,72,entity,781,78652,426,48,7,280,18,0,0
183,14/09/2026 12:45,72,entity,780,78652,425,49,7,280,18,0,0
184,14/09/2026 12:45,72,entity,790,78652,432,47,7,284,19,0,0
185,14/09/2026 12:45,72,entity,807,78652,427,49,7,304,18,0,0
186,14/09/2026 12:45,72,entity,781,78652,426,47,7,281,18,0,0
187,14/09/2026 12:45,72,entity,813,78652,428,50,8,305,20,0,0
188,14/09/2026 12:45,72,entity,788,78652,429,50,7,283,18,0,0
189,14/09/2026 12:45,72,entity,802,78652,446,47,7,282,18,0,0
190,14/09/2026 12:45,72,entity,839,78652,435,64,9,311,18,0,0
191,14/09/2026 12:45,72,entity,828,78652,449,62,10,287,18,0,0
192,14/09/2026 12:45,72,entity,786,78652,427,50,7,282,18,0,0
193,14/09/2026 12:45,72,entity,789,78652,432,48,7,282,18,0,0
194,14/09/2026 12:45,72,entity,797,78652,441,48,7,282,18,0,0
195,14/09/2026 12:45,72,entity,790,78652,432,49,7,282,18,0,0
196,14/09/2026 12:45,72,entity,784,78652,429,48,7,280,18,0,0
197,14/09/2026 12:45,72,entity,795,78652,433,50,7,285,18,0,0
198,14/09/2026 12:45,72,entity,789,78652,427,49,7,285,18,0,0
199,14/09/2026 12:45,72,entity,795,78652,438,50,7,281,18,0,0
200,14/09/2026 12:45,72,entity,803,78652,442,49,7,285,18,0,0
1,14/09/2026 12:48,9,action,946,68182,559,56,6,304,18,0,0
2,14/09/2026 12:48,9,action,731,68182,431,15,5,261,17,0,0
3,14/09/2026 12:48,9,action,728,68182,428,14,5,262,17,0,0
4,14/09/2026 12:48,9,action,741,68183,440,15,5,263,17,0,0
5,14/09/2026 12:48,9,action,734,68182,433,15,5,262,17,0,0
6,14/09/2026 12:48,9,action,728,68182,428,14,5,261,18,0,0
7,14/09/2026 12:48,9,action,745,68182,430,14,6,275,17,0,0
8,14/09/2026 12:48,9,action,732,68182,430,15,5,263,17,0,0
9,14/09/2026 12:48,9,action,741,68182,426,14,5,277,17,0,0
10,14/09/2026 12:48,9,action,742,68182,435,14,5,269,17,0,0
11,14/09/2026 12:48,9,action,750,68182,429,17,6,279,18,0,0
12,14/09/2026 12:48,9,action,743,68182,430,15,5,274,17,0,0
13,14/09/2026 12:48,9,action,729,68182,428,15,5,262,17,0,0
14,14/09/2026 12:48,9,action,735,68182,431,15,5,265,17,0,0
15,14/09/2026 12:48,9,action,781,68182,447,20,5,289,18,0,0
16,14/09/2026 12:49,9,action,757,68182,432,17,5,282,19,0,0
17,14/09/2026 12:49,9,action,753,68182,427,14,5,287,18,0,0
18,14/09/2026 12:49,9,action,751,68183,431,17,5,278,18,0,0
19,14/09/2026 12:49,9,action,729,68182,430,14,5,261,18,0,0
20,14/09/2026 12:49,9,action,767,68182,436,19,6,285,18,0,0
21,14/09/2026 12:49,9,action,737,68182,433,15,5,267,16,0,0
22,14/09/2026 12:49,9,action,728,68182,429,14,5,261,18,0,0
23,14/09/2026 12:49,9,action,729,68182,428,15,5,262,17,0,0
24,14/09/2026 12:49,9,action,732,68182,427,15,5,266,17,0,0
25,14/09/2026 12:49,9,action,751,68182,448,15,6,263,17,0,0
26,14/09/2026 12:49,9,action,745,68182,434,15,5,271,18,0,0
27,14/09/2026 12:49,9,action,752,68182,433,15,5,279,17,0,0
28,14/09/2026 12:49,9,action,734,68182,431,14,5,265,17,0,0
29,14/09/2026 12:49,9,action,728,68182,424,14,5,265,17,0,0
30,14/09/2026 12:49,9,action,728,68182,428,15,5,261,17,0,0
31,14/09/2026 12:49,9,action,736,68182,431,15,6,265,18,0,0
32,14/09/2026 12:49,9,action,772,68182,452,18,5,276,19,0,0
33,14/09/2026 12:49,9,action,746,68182,433,15,5,273,18,0,0
34,14/09/2026 12:49,9,action,737,68182,434,15,5,264,18,0,0
35,14/09/2026 12:49,9,action,755,68183,428,14,5,289,18,0,0
36,14/09/2026 12:49,9,action,730,68182,425,15,6,266,17,0,0
37,14/09/2026 12:49,9,action,734,68182,432,15,6,262,17,0,0
38,14/09/2026 12:49,9,action,733,68182,428,15,5,265,18,0,0
39,14/09/2026 12:49,9,action,740,68183,438,14,5,263,18,0,0
40,14/09/2026 12:49,9,action,739,68182,435,15,5,263,18,0,0
41,14/09/2026 12:49,9,action,735,68182,432,15,5,264,17,0,0
42,14/09/2026 12:49,9,action,732,68182,429,14,5,265,17,0,0
43,14/09/2026 12:49,9,action,729,68182,430,14,5,260,17,0,0
44,14/09/2026 12:49,9,action,773,68182,447,17,6,282,17,0,0
45,14/09/2026 12:49,9,action,739,68182,432,15,5,268,17,0,0
46,14/09/2026 12:49,9,action,733,68182,429,14,5,265,17,0,0
47,14/09/2026 12:49,9,action,733,68182,429,15,5,264,17,0,0
48,14/09/2026 12:49,9,action,733,68182,430,15,5,263,17,0,0
49,14/09/2026 12:49,9,action,729,68182,427,14,5,263,17,0,0
50,14/09/2026 12:49,9,action,730,68182,427,15,5,264,18,0,0
51,14/09/2026 12:49,9,action,762,68182,443,20,6,274,18,0,0
52,14/09/2026 12:49,9,action,730,68182,429,15,5,262,17,0,0
53,14/09/2026 12:49,9,action,762,68182,432,15,5,289,18,0,0
54,14/09/2026 12:49,9,action,734,68182,430,14,5,266,17,0,0
55,14/09/2026 12:49,9,action,730,68182,428,14,5,263,18,0,0
56,14/09/2026 12:49,9,action,731,68182,430,14,5,263,17,0,0
57,14/09/2026 12:49,9,action,743,68182,438,15,5,266,17,0,0
58,14/09/2026 12:49,9,action,771,68182,449,16,5,281,18,0,0
59,14/09/2026 12:49,9,action,747,68182,439,16,5,268,17,0,0
60,14/09/2026 12:49,9,action,729,68182,427,15,5,262,17,0,0
61,14/09/2026 12:49,9,action,729,68182,428,15,5,262,17,0,0
62,14/09/2026 12:49,9,action,734,68182,431,15,5,264,17,0,0
63,14/09/2026 12:49,9,action,727,68183,427,14,5,261,17,0,0
64,14/09/2026 12:49,9,action,740,68183,433,15,5,268,17,0,0
65,14/09/2026 12:49,9,action,728,68182,428,14,5,261,17,0,0
66,14/09/2026 12:49,9,action,743,68183,439,14,5,265,17,0,0
67,14/09/2026 12:49,9,action,734,68182,432,15,5,263,17,0,0
68,14/09/2026 12:49,9,action,738,68182,433,15,5,266,17,0,0
69,14/09/2026 12:49,9,action,733,68183,430,15,5,263,17,0,0
70,14/09/2026 12:49,9,action,733,68182,430,16,5,262,18,0,0
71,14/09/2026 12:49,9,action,733,68182,429,14,5,264,18,0,0
72,14/09/2026 12:49,9,action,737,68182,435,14,5,264,17,0,0
73,14/09/2026 12:49,9,action,727,68182,426,14,5,261,18,0,0
74,14/09/2026 12:49,9,action,730,68182,429,15,5,263,17,0,0
75,14/09/2026 12:49,9,action,732,68182,428,15,5,265,17,0,0
76,14/09/2026 12:49,9,action,741,68182,426,15,5,274,18,0,0
77,14/09/2026 12:49,9,action,729,68182,428,15,5,261,17,0,0
78,14/09/2026 12:49,9,action,732,68183,430,14,5,263,17,0,0
79,14/09/2026 12:49,9,action,727,68182,426,14,5,263,16,0,0
80,14/09/2026 12:49,9,action,780,68182,458,18,6,277,18,0,0
81,14/09/2026 12:49,9,action,731,68182,428,14,5,264,18,0,0
82,14/09/2026 12:49,9,action,746,68182,442,16,5,264,17,0,0
83,14/09/2026 12:49,9,action,735,68183,429,14,5,268,17,0,0
84,14/09/2026 12:49,9,action,769,68182,443,15,5,286,18,0,0
85,14/09/2026 12:49,9,action,734,68182,428,15,6,266,18,0,0
86,14/09/2026 12:49,9,action,735,68182,431,15,5,264,18,0,0
87,14/09/2026 12:50,9,action,731,68183,428,15,5,263,17,0,0
88,14/09/2026 12:50,9,action,767,68182,444,19,6,280,17,0,0
89,14/09/2026 12:50,9,action,732,68182,430,14,5,264,17,0,0
90,14/09/2026 12:50,9,action,732,68183,429,15,5,264,18,0,0
91,14/09/2026 12:50,9,action,750,68182,442,14,5,269,17,0,0
92,14/09/2026 12:50,9,action,733,68182,429,15,5,264,18,0,0
93,14/09/2026 12:50,9,action,741,68182,439,15,5,264,17,0,0
94,14/09/2026 12:50,9,action,739,68182,433,15,5,267,17,0,0
95,14/09/2026 12:50,9,action,729,68182,429,14,5,262,18,0,0
96,14/09/2026 12:50,9,action,729,68182,426,14,5,264,18,0,0
97,14/09/2026 12:50,9,action,757,68182,445,20,6,266,17,0,0
98,14/09/2026 12:50,9,action,740,68182,430,15,5,271,17,0,0
99,14/09/2026 12:50,9,action,729,68182,428,14,5,263,17,0,0
100,14/09/2026 12:50,9,action,733,68182,429,15,5,264,18,0,0
101,14/09/2026 12:50,9,action,745,68182,428,15,5,276,18,0,0
102,14/09/2026 12:50,9,action,731,68182,428,14,5,264,18,0,0
103,14/09/2026 12:50,9,action,728,68182,427,15,5,263,17,0,0
104,14/09/2026 12:50,9,action,731,68182,428,14,5,265,17,0,0
105,14/09/2026 12:50,9,action,758,68182,428,14,5,290,19,0,0
106,14/09/2026 12:50,9,action,729,68182,428,15,5,262,17,0,0
107,14/09/2026 12:50,9,action,733,68182,430,15,5,264,17,0,0
108,14/09/2026 12:50,9,action,736,68182,431,15,6,265,17,0,0
109,14/09/2026 12:50,9,action,731,68183,427,15,5,264,17,0,0
110,14/09/2026 12:50,9,action,731,68182,428,14,5,264,17,0,0
111,14/09/2026 12:50,9,action,739,68182,434,15,5,268,17,0,0
112,14/09/2026 12:50,9,action,734,68182,430,15,5,265,18,0,0
113,14/09/2026 12:50,9,action,756,68182,432,17,5,282,18,0,0
114,14/09/2026 12:50,9,action,746,68182,430,14,5,276,19,0,0
115,14/09/2026 12:50,9,action,760,68182,449,25,5,262,17,0,0
116,14/09/2026 12:50,9,action,734,68183,431,14,5,263,18,0,0
117,14/09/2026 12:50,9,action,730,68182,427,15,5,264,17,0,0
118,14/09/2026 12:50,9,action,734,68182,434,14,5,260,17,0,0
119,14/09/2026 12:50,9,action,725,68182,423,15,5,263,17,0,0
120,14/09/2026 12:50,9,action,734,68184,430,14,5,266,17,0,0
121,14/09/2026 12:50,9,action,770,68182,443,18,6,281,20,0,0
122,14/09/2026 12:50,9,action,750,68182,429,14,5,282,18,0,0
123,14/09/2026 12:50,9,action,728,68182,427,14,5,263,17,0,0
124,14/09/2026 12:50,9,action,807,68182,465,24,6,294,18,0,0
125,14/09/2026 12:50,9,action,735,68182,431,14,6,265,17,0,0
126,14/09/2026 12:50,9,action,756,68182,434,14,6,283,18,0,0
127,14/09/2026 12:50,9,action,768,68182,441,20,6,280,19,0,0
128,14/09/2026 12:50,9,action,761,68182,440,17,6,280,17,0,0
129,14/09/2026 12:50,9,action,747,68182,435,15,6,272,17,0,0
130,14/09/2026 12:50,9,action,735,68182,431,15,5,265,18,0,0
131,14/09/2026 12:50,9,action,738,68182,431,14,5,268,18,0,0
132,14/09/2026 12:50,9,action,728,68182,428,15,5,261,17,0,0
133,14/09/2026 12:50,9,action,731,68182,429,14,5,263,18,0,0
134,14/09/2026 12:50,9,action,733,68182,429,15,5,264,17,0,0
135,14/09/2026 12:50,9,action,732,68182,428,14,5,266,17,0,0
136,14/09/2026 12:50,9,action,730,68182,429,14,5,263,17,0,0
137,14/09/2026 12:50,9,action,729,68182,426,15,5,263,18,0,0
138,14/09/2026 12:50,9,action,758,68182,434,14,6,285,18,0,0
139,14/09/2026 12:50,9,action,732,68183,429,14,5,264,17,0,0
140,14/09/2026 12:50,9,action,730,68182,428,15,5,263,17,0,0
141,14/09/2026 12:50,9,action,733,68182,430,15,5,263,18,0,0
142,14/09/2026 12:50,9,action,738,68182,432,15,5,267,17,0,0
143,14/09/2026 12:50,9,action,741,68182,437,14,5,265,17,0,0
144,14/09/2026 12:50,9,action,733,68183,428,15,5,266,17,0,0
145,14/09/2026 12:50,9,action,732,68182,431,15,5,261,17,0,0
146,14/09/2026 12:50,9,action,731,68182,429,15,5,263,18,0,0
147,14/09/2026 12:50,9,action,731,68182,427,15,6,263,17,0,0
148,14/09/2026 12:50,9,action,760,68182,434,17,6,283,18,0,0
149,14/09/2026 12:50,9,action,783,68183,449,20,7,288,17,0,0
150,14/09/2026 12:50,9,action,734,68182,428,15,6,266,17,0,0
151,14/09/2026 12:50,9,action,732,68182,429,14,5,264,17,0,0
152,14/09/2026 12:50,9,action,734,68183,430,15,5,264,17,0,0
153,14/09/2026 12:50,9,action,737,68182,431,15,5,266,17,0,0
154,14/09/2026 12:50,9,action,734,68182,431,14,5,264,17,0,0
155,14/09/2026 12:50,9,action,726,68182,424,14,5,263,17,0,0
156,14/09/2026 12:50,9,action,729,68182,426,15,5,264,17,0,0
157,14/09/2026 12:51,9,action,730,68182,428,15,5,264,17,0,0
158,14/09/2026 12:51,9,action,736,68182,432,14,6,264,17,0,0
159,14/09/2026 12:51,9,action,728,68182,427,14,5,263,17,0,0
160,14/09/2026 12:51,9,action,731,68182,428,14,5,264,18,0,0
161,14/09/2026 12:51,9,action,731,68182,428,15,5,263,17,0,0
162,14/09/2026 12:51,9,action,728,68182,428,14,5,262,17,0,0
163,14/09/2026 12:51,9,action,764,68182,436,17,5,280,25,0,0
164,14/09/2026 12:51,9,action,742,68182,435,15,5,267,17,0,0
165,14/09/2026 12:51,9,action,737,68182,437,15,5,262,17,0,0
166,14/09/2026 12:51,9,action,746,68182,441,14,5,266,17,0,0
167,14/09/2026 12:51,9,action,758,68182,442,17,6,273,17,0,0
168,14/09/2026 12:51,9,action,772,68182,445,17,5,284,17,0,0
169,14/09/2026 12:51,9,action,743,68182,438,15,5,265,18,0,0
170,14/09/2026 12:51,9,action,724,68182,424,15,5,261,17,0,0
171,14/09/2026 12:51,9,action,731,68183,428,16,5,262,18,0,0
172,14/09/2026 12:51,9,action,735,68183,428,15,5,268,17,0,0
173,14/09/2026 12:51,9,action,735,68182,433,14,5,264,17,0,0
174,14/09/2026 12:51,9,action,727,68182,428,14,6,261,17,0,0
175,14/09/2026 12:51,9,action,733,68182,428,15,5,265,17,0,0
176,14/09/2026 12:51,9,action,739,68182,432,15,5,267,17,0,0
177,14/09/2026 12:51,9,action,757,68182,430,22,5,280,18,0,0
178,14/09/2026 12:51,9,action,731,68182,427,15,5,264,18,0,0
179,14/09/2026 12:51,9,action,740,68182,433,14,5,267,18,0,0
180,14/09/2026 12:51,9,action,736,68182,431,15,5,265,17,0,0
181,14/09/2026 12:51,9,action,730,68182,427,15,6,264,17,0,0
182,14/09/2026 12:51,9,action,734,68182,429,14,5,266,17,0,0
183,14/09/2026 12:51,9,action,735,68182,430,15,6,266,17,0,0
184,14/09/2026 12:51,9,action,728,68182,427,14,5,263,17,0,0
185,14/09/2026 12:51,9,action,736,68182,431,14,5,266,18,0,0
186,14/09/2026 12:51,9,action,732,68182,429,15,5,264,18,0,0
187,14/09/2026 12:51,9,action,732,68183,427,15,6,266,17,0,0
188,14/09/2026 12:51,9,action,727,68183,427,14,5,261,18,0,0
189,14/09/2026 12:51,9,action,759,68182,437,17,5,279,18,0,0
190,14/09/2026 12:51,9,action,765,68182,432,15,5,293,17,0,0
191,14/09/2026 12:51,9,action,738,68182,435,14,5,265,18,0,0
192,14/09/2026 12:51,9,action,730,68182,426,15,5,264,18,0,0
193,14/09/2026 12:51,9,action,784,68183,454,17,6,284,21,0,0
194,14/09/2026 12:51,9,action,731,68183,430,15,5,262,17,0,0
195,14/09/2026 12:51,9,action,737,68182,433,14,6,264,18,0,0
196,14/09/2026 12:51,9,action,729,68183,428,15,5,263,16,0,0
197,14/09/2026 12:51,9,action,741,68183,432,15,5,269,17,0,0
198,14/09/2026 12:51,9,action,767,68182,453,16,6,272,17,0,0
199,14/09/2026 12:51,9,action,735,68182,431,14,5,265,18,0,0
200,14/09/2026 12:51,9,action,757,68182,446,18,7,268,17,0,0
1,14/09/2026 12:51,18,action,925,73425,509,76,6,314,17,0,0
2,14/09/2026 12:51,18,action,770,73425,427,25,6,292,18,0,0
3,14/09/2026 12:51,18,action,768,73425,431,22,5,291,18,0,0
4,14/09/2026 12:51,18,action,740,73425,427,22,5,266,17,0,0
5,14/09/2026 12:51,18,action,773,73425,430,24,6,291,21,0,0
6,14/09/2026 12:51,18,action,749,73425,437,22,6,265,17,0,0
7,14/09/2026 12:51,18,action,788,73425,446,24,6,292,18,0,0
8,14/09/2026 12:51,18,action,746,73425,430,23,6,269,17,0,0
9,14/09/2026 12:51,18,action,740,73425,429,21,5,266,17,0,0
10,14/09/2026 12:51,18,action,739,73425,428,22,5,265,17,0,0
11,14/09/2026 12:51,18,action,740,73425,427,23,6,265,17,0,0
12,14/09/2026 12:51,18,action,759,73425,442,22,5,270,17,0,0
13,14/09/2026 12:51,18,action,748,73425,430,22,6,271,17,0,0
14,14/09/2026 12:51,18,action,748,73425,433,21,6,268,17,0,0
15,14/09/2026 12:51,18,action,744,73425,428,23,6,268,17,0,0
16,14/09/2026 12:51,18,action,753,73425,443,22,5,264,17,0,0
17,14/09/2026 12:51,18,action,755,73425,432,22,6,277,16,0,0
18,14/09/2026 12:51,18,action,740,73425,428,22,5,266,17,0,0
19,14/09/2026 12:51,18,action,746,73425,431,23,6,268,17,0,0
20,14/09/2026 12:51,18,action,742,73425,427,22,5,269,17,0,0
21,14/09/2026 12:51,18,action,762,73425,433,22,5,282,18,0,0
22,14/09/2026 12:51,18,action,759,73425,431,20,5,280,20,0,0
23,14/09/2026 12:51,18,action,742,73425,430,21,6,266,17,0,0
24,14/09/2026 12:51,18,action,777,73425,432,26,6,293,18,0,0
25,14/09/2026 12:51,18,action,759,73425,445,23,6,267,17,0,0
26,14/09/2026 12:52,18,action,743,73425,428,23,5,268,17,0,0
27,14/09/2026 12:52,18,action,740,73425,427,21,6,268,17,0,0
28,14/09/2026 12:52,18,action,741,73425,427,22,5,268,17,0,0
29,14/09/2026 12:52,18,action,789,73425,446,22,6,296,17,0,0
30,14/09/2026 12:52,18,action,744,73425,429,22,5,268,17,0,0
31,14/09/2026 12:52,18,action,741,73425,427,22,5,267,18,0,0
32,14/09/2026 12:52,18,action,743,73425,429,22,6,267,17,0,0
33,14/09/2026 12:52,18,action,745,73425,428,22,5,270,17,0,0
34,14/09/2026 12:52,18,action,738,73425,427,21,6,265,17,0,0
35,14/09/2026 12:52,18,action,771,73425,431,24,6,291,17,0,0
36,14/09/2026 12:52,18,action,799,73425,437,30,6,306,18,0,0
37,14/09/2026 12:52,18,action,747,73425,430,24,6,269,17,0,0
38,14/09/2026 12:52,18,action,740,73425,429,21,5,266,18,0,0
39,14/09/2026 12:52,18,action,740,73425,428,23,6,265,17,0,0
40,14/09/2026 12:52,18,action,739,73425,426,22,5,267,17,0,0
41,14/09/2026 12:52,18,action,748,73425,428,23,5,272,17,0,0
42,14/09/2026 12:52,18,action,766,73425,431,23,6,288,17,0,0
43,14/09/2026 12:52,18,action,741,73425,431,22,5,263,17,0,0
44,14/09/2026 12:52,18,action,740,73425,429,22,5,265,17,0,0
45,14/09/2026 12:52,18,action,754,73425,428,22,5,280,17,0,0
46,14/09/2026 12:52,18,action,741,73425,430,21,5,265,17,0,0
47,14/09/2026 12:52,18,action,768,73425,431,23,5,289,18,0,0
48,14/09/2026 12:52,18,action,745,73425,430,22,5,269,17,0,0
49,14/09/2026 12:52,18,action,737,73425,426,22,6,264,17,0,0
50,14/09/2026 12:52,18,action,740,73425,426,22,6,266,18,0,0
51,14/09/2026 12:52,18,action,752,73425,428,22,6,277,17,0,0
52,14/09/2026 12:52,18,action,746,73425,431,22,6,268,17,0,0
53,14/09/2026 12:52,18,action,740,73425,428,22,5,266,18,0,0
54,14/09/2026 12:52,18,action,740,73425,429,22,6,265,17,0,0
55,14/09/2026 12:52,18,action,743,73425,429,22,5,268,17,0,0
56,14/09/2026 12:52,18,action,739,73425,427,21,5,266,17,0,0
57,14/09/2026 12:52,18,action,751,73425,437,22,6,267,17,0,0
58,14/09/2026 12:52,18,action,740,73425,429,21,5,267,17,0,0
59,14/09/2026 12:52,18,action,752,73425,436,22,5,271,16,0,0
60,14/09/2026 12:52,18,action,742,73425,429,22,5,266,17,0,0
61,14/09/2026 12:52,18,action,739,73425,428,21,5,265,16,0,0
62,14/09/2026 12:52,18,action,773,73425,429,22,6,292,22,0,0
63,14/09/2026 12:52,18,action,737,73425,426,22,5,265,17,0,0
64,14/09/2026 12:52,18,action,792,73425,442,30,6,295,18,0,0
65,14/09/2026 12:52,18,action,744,73425,428,22,5,270,17,0,0
66,14/09/2026 12:52,18,action,743,73425,430,21,5,268,17,0,0
67,14/09/2026 12:52,18,action,741,73425,429,22,5,266,17,0,0
68,14/09/2026 12:52,18,action,752,73425,436,23,6,268,17,0,0
69,14/09/2026 12:52,18,action,738,73425,427,22,6,264,17,0,0
70,14/09/2026 12:52,18,action,738,73425,427,22,5,265,17,0,0
71,14/09/2026 12:52,18,action,742,73425,429,22,5,267,17,0,0
72,14/09/2026 12:52,18,action,749,73425,429,21,5,275,17,0,0
73,14/09/2026 12:52,18,action,738,73425,428,21,6,265,17,0,0
74,14/09/2026 12:52,18,action,742,73425,430,21,5,267,17,0,0
75,14/09/2026 12:52,18,action,741,73425,428,22,5,267,17,0,0
76,14/09/2026 12:52,18,action,787,73425,444,22,6,296,17,0,0
77,14/09/2026 12:52,18,action,746,73425,432,22,6,268,17,0,0
78,14/09/2026 12:52,18,action,749,73425,428,22,6,273,17,0,0
79,14/09/2026 12:52,18,action,739,73425,429,22,5,263,17,0,0
80,14/09/2026 12:52,18,action,795,73425,442,31,6,296,17,0,0
81,14/09/2026 12:52,18,action,735,73425,424,22,5,266,17,0,0
82,14/09/2026 12:52,18,action,773,73425,444,24,6,279,18,0,0
83,14/09/2026 12:52,18,action,743,73425,428,22,6,268,18,0,0
84,14/09/2026 12:52,18,action,743,73425,427,23,6,267,17,0,0
85,14/09/2026 12:52,18,action,779,73425,440,25,6,288,18,0,0
86,14/09/2026 12:52,18,action,777,73425,442,23,6,288,17,0,0
87,14/09/2026 12:52,18,action,739,73425,429,21,5,264,17,0,0
88,14/09/2026 12:52,18,action,763,73425,428,21,5,290,16,0,0
89,14/09/2026 12:52,18,action,744,73425,430,22,6,267,17,0,0
90,14/09/2026 12:52,18,action,758,73425,427,21,5,285,17,0,0
91,14/09/2026 12:52,18,action,740,73425,427,22,5,267,17,0,0
92,14/09/2026 12:52,18,action,745,73425,432,21,5,267,17,0,0
93,14/09/2026 12:52,18,action,747,73425,431,22,5,269,17,0,0
94,14/09/2026 12:52,18,action,742,73425,428,22,5,268,17,0,0
95,14/09/2026 12:53,18,action,751,73425,439,22,5,264,18,0,0
96,14/09/2026 12:53,18,action,744,73425,429,22,5,270,17,0,0
97,14/09/2026 12:53,18,action,747,73425,434,22,6,267,17,0,0
98,14/09/2026 12:53,18,action,745,73425,430,21,6,268,17,0,0
99,14/09/2026 12:53,18,action,737,73425,427,21,5,264,17,0,0
100,14/09/2026 12:53,18,action,752,73425,434,23,6,271,17,0,0
101,14/09/2026 12:53,18,action,743,73426,427,22,6,269,17,0,0
102,14/09/2026 12:53,18,action,752,73425,437,21,5,269,17,0,0
103,14/09/2026 12:53,18,action,741,73425,427,21,6,268,17,0,0
104,14/09/2026 12:53,18,action,755,73425,430,31,5,270,17,0,0
105,14/09/2026 12:53,18,action,748,73425,433,21,6,269,17,0,0
106,14/09/2026 12:53,18,action,769,73425,430,27,6,287,18,0,0
107,14/09/2026 12:53,18,action,741,73425,429,22,5,267,17,0,0
108,14/09/2026 12:53,18,action,769,73425,457,22,5,267,17,0,0
109,14/09/2026 12:53,18,action,749,73425,434,22,6,267,17,0,0
110,14/09/2026 12:53,18,action,747,73425,432,22,5,270,17,0,0
111,14/09/2026 12:53,18,action,776,73425,434,21,6,295,17,0,0
112,14/09/2026 12:53,18,action,740,73425,427,22,6,266,17,0,0
113,14/09/2026 12:53,18,action,770,73425,447,24,6,274,17,0,0
114,14/09/2026 12:53,18,action,743,73425,430,21,5,268,16,0,0
115,14/09/2026 12:53,18,action,741,73425,428,22,6,266,18,0,0
116,14/09/2026 12:53,18,action,742,73425,428,22,6,268,17,0,0
117,14/09/2026 12:53,18,action,768,73425,443,22,12,272,17,0,0
118,14/09/2026 12:53,18,action,777,73425,443,22,6,287,17,0,0
119,14/09/2026 12:53,18,action,737,73425,425,21,6,266,17,0,0
120,14/09/2026 12:53,18,action,781,73425,440,26,5,289,18,0,0
121,14/09/2026 12:53,18,action,740,73425,425,24,6,267,17,0,0
122,14/09/2026 12:53,18,action,742,73425,428,22,5,268,17,0,0
123,14/09/2026 12:53,18,action,751,73425,428,22,5,277,17,0,0
124,14/09/2026 12:53,18,action,782,73425,444,24,6,289,17,0,0
125,14/09/2026 12:53,18,action,772,73425,436,25,6,287,17,0,0
126,14/09/2026 12:53,18,action,747,73425,433,22,5,268,17,0,0
127,14/09/2026 12:53,18,action,739,73425,427,22,6,265,17,0,0
128,14/09/2026 12:53,18,action,741,73425,426,23,6,267,17,0,0
129,14/09/2026 12:53,18,action,741,73425,426,22,5,268,17,0,0
130,14/09/2026 12:53,18,action,741,73425,428,23,6,266,17,0,0
131,14/09/2026 12:53,18,action,756,73425,440,21,6,270,17,0,0
132,14/09/2026 12:53,18,action,755,73425,443,23,5,265,17,0,0
133,14/09/2026 12:53,18,action,803,73425,457,27,6,293,17,0,0
134,14/09/2026 12:53,18,action,747,73425,433,21,5,268,17,0,0
135,14/09/2026 12:53,18,action,743,73425,430,22,5,267,17,0,0
136,14/09/2026 12:53,18,action,741,73425,426,23,5,267,18,0,0
137,14/09/2026 12:53,18,action,786,73425,444,22,6,295,17,0,0
138,14/09/2026 12:53,18,action,745,73425,429,22,5,268,17,0,0
139,14/09/2026 12:53,18,action,780,73425,448,29,6,279,17,0,0
140,14/09/2026 12:53,18,action,784,73425,443,23,6,292,17,0,0
141,14/09/2026 12:53,18,action,740,73425,425,22,5,269,17,0,0
142,14/09/2026 12:53,18,action,741,73425,429,22,6,266,17,0,0
143,14/09/2026 12:53,18,action,746,73425,432,22,5,268,17,0,0
144,14/09/2026 12:53,18,action,744,73425,429,22,6,268,17,0,0
145,14/09/2026 12:53,18,action,741,73425,428,21,6,268,17,0,0
146,14/09/2026 12:53,18,action,755,73425,430,21,5,280,17,0,0
147,14/09/2026 12:53,18,action,746,73425,430,22,5,269,17,0,0
148,14/09/2026 12:53,18,action,737,73425,425,21,5,266,17,0,0
149,14/09/2026 12:53,18,action,769,73425,444,23,6,277,18,0,0
150,14/09/2026 12:53,18,action,751,73425,430,22,5,275,17,0,0
151,14/09/2026 12:53,18,action,771,73425,440,22,6,284,17,0,0
152,14/09/2026 12:53,18,action,746,73425,431,22,6,268,16,0,0
153,14/09/2026 12:53,18,action,742,73425,428,23,6,267,17,0,0
154,14/09/2026 12:53,18,action,748,73425,429,22,5,271,17,0,0
155,14/09/2026 12:53,18,action,742,73425,427,23,5,267,18,0,0
156,14/09/2026 12:53,18,action,779,73425,429,27,6,298,18,0,0
157,14/09/2026 12:53,18,action,747,73425,432,21,5,269,18,0,0
158,14/09/2026 12:53,18,action,779,73425,441,25,6,287,18,0,0
159,14/09/2026 12:53,18,action,769,73425,447,23,6,274,17,0,0
160,14/09/2026 12:53,18,action,742,73426,427,22,5,267,18,0,0
161,14/09/2026 12:53,18,action,792,73425,446,24,5,298,17,0,0
162,14/09/2026 12:53,18,action,759,73425,447,22,5,265,17,0,0
163,14/09/2026 12:53,18,action,742,73425,428,21,5,268,17,0,0
164,14/09/2026 12:54,18,action,743,73425,429,22,6,267,17,0,0
165,14/09/2026 12:54,18,action,785,73425,446,25,6,289,17,0,0
166,14/09/2026 12:54,18,action,737,73425,426,22,5,266,17,0,0
167,14/09/2026 12:54,18,action,738,73425,426,22,5,266,17,0,0
168,14/09/2026 12:54,18,action,741,73425,428,22,5,267,17,0,0
169,14/09/2026 12:54,18,action,751,73425,432,23,6,270,18,0,0
170,14/09/2026 12:54,18,action,741,73425,428,22,5,266,17,0,0
171,14/09/2026 12:54,18,action,743,73425,429,23,5,267,17,0,0
172,14/09/2026 12:54,18,action,745,73425,430,22,5,269,17,0,0
173,14/09/2026 12:54,18,action,776,73425,443,25,6,282,17,0,0
174,14/09/2026 12:54,18,action,763,73425,426,22,6,291,17,0,0
175,14/09/2026 12:54,18,action,749,73425,432,22,6,270,17,0,0
176,14/09/2026 12:54,18,action,750,73425,433,22,6,269,17,0,0
177,14/09/2026 12:54,18,action,742,73425,428,21,5,268,17,0,0
178,14/09/2026 12:54,18,action,739,73425,426,22,5,266,17,0,0
179,14/09/2026 12:54,18,action,740,73425,426,22,5,267,17,0,0
180,14/09/2026 12:54,18,action,796,73425,447,29,8,293,17,0,0
181,14/09/2026 12:54,18,action,741,73425,426,22,5,269,17,0,0
182,14/09/2026 12:54,18,action,741,73425,428,21,5,267,17,0,0
183,14/09/2026 12:54,18,action,746,73425,430,23,5,268,17,0,0
184,14/09/2026 12:54,18,action,776,73425,442,26,5,283,18,0,0
185,14/09/2026 12:54,18,action,738,73425,425,22,5,267,17,0,0
186,14/09/2026 12:54,18,action,749,73425,435,22,6,267,17,0,0
187,14/09/2026 12:54,18,action,743,73425,429,23,6,267,17,0,0
188,14/09/2026 12:54,18,action,744,73425,428,23,6,269,17,0,0
189,14/09/2026 12:54,18,action,749,73425,433,22,5,269,17,0,0
190,14/09/2026 12:54,18,action,743,73425,428,22,5,268,17,0,0
191,14/09/2026 12:54,18,action,789,73425,439,30,6,295,17,0,0
192,14/09/2026 12:54,18,action,755,73425,443,21,6,267,17,0,0
193,14/09/2026 12:54,18,action,800,73425,452,24,6,299,17,0,0
194,14/09/2026 12:54,18,action,740,73425,428,22,5,266,17,0,0
195,14/09/2026 12:54,18,action,791,73425,435,24,6,305,18,0,0
196,14/09/2026 12:54,18,action,744,73425,431,23,5,267,17,0,0
197,14/09/2026 12:54,18,action,759,73425,435,31,5,269,17,0,0
198,14/09/2026 12:54,18,action,746,73425,429,22,5,270,17,0,0
199,14/09/2026 12:54,18,action,748,73425,434,21,5,268,17,0,0
200,14/09/2026 12:54,18,action,756,73425,442,22,5,267,18,0,0
1,14/09/2026 12:54,27,action,960,73409,544,80,8,308,18,0,0
2,14/09/2026 12:54,27,action,784,73409,426,28,6,304,18,0,0
3,14/09/2026 12:54,27,action,751,73409,430,27,6,268,17,0,0
4,14/09/2026 12:54,27,action,756,73409,430,28,5,272,18,0,0
5,14/09/2026 12:54,27,action,799,73409,435,37,7,301,18,0,0
6,14/09/2026 12:54,27,action,773,73409,441,28,5,279,18,0,0
7,14/09/2026 12:54,27,action,809,73409,452,32,6,294,23,0,0
8,14/09/2026 12:54,27,action,748,73409,427,28,5,268,18,0,0
9,14/09/2026 12:54,27,action,752,73410,428,27,5,272,18,0,0
10,14/09/2026 12:54,27,action,751,73409,428,29,5,270,18,0,0
11,14/09/2026 12:54,27,action,753,73409,429,29,6,270,18,0,0
12,14/09/2026 12:54,27,action,770,73409,444,29,6,271,18,0,0
13,14/09/2026 12:54,27,action,764,73409,439,27,6,271,18,0,0
14,14/09/2026 12:54,27,action,774,73409,428,27,6,294,18,0,0
15,14/09/2026 12:54,27,action,746,73409,427,27,5,268,17,0,0
16,14/09/2026 12:54,27,action,756,73409,430,28,6,273,18,0,0
17,14/09/2026 12:54,27,action,781,73409,434,33,6,288,18,0,0
18,14/09/2026 12:54,27,action,750,73409,428,27,5,270,17,0,0
19,14/09/2026 12:54,27,action,766,73409,440,29,6,273,17,0,0
20,14/09/2026 12:54,27,action,805,73409,440,37,7,301,18,0,0
21,14/09/2026 12:54,27,action,757,73409,430,29,5,273,18,0,0
22,14/09/2026 12:54,27,action,754,73409,429,28,5,272,18,0,0
23,14/09/2026 12:54,27,action,749,73409,426,28,5,270,18,0,0
24,14/09/2026 12:54,27,action,750,73409,430,27,5,267,17,0,0
25,14/09/2026 12:54,27,action,752,73409,429,28,6,270,18,0,0
26,14/09/2026 12:54,27,action,804,73409,457,31,8,287,18,0,0
27,14/09/2026 12:54,27,action,755,73409,429,28,6,273,18,0,0
28,14/09/2026 12:54,27,action,786,73409,444,29,8,285,18,0,0
29,14/09/2026 12:54,27,action,765,73409,438,29,6,273,18,0,0
30,14/09/2026 12:54,27,action,752,73409,428,28,5,270,18,0,0
31,14/09/2026 12:55,27,action,752,73409,431,28,5,269,17,0,0
32,14/09/2026 12:55,27,action,795,73409,432,27,6,311,18,0,0
33,14/09/2026 12:55,27,action,780,73409,426,33,6,293,19,0,0
34,14/09/2026 12:55,27,action,798,73409,436,32,8,302,18,0,0
35,14/09/2026 12:55,27,action,749,73409,428,28,5,268,18,0,0
36,14/09/2026 12:55,27,action,799,73409,448,31,7,292,20,0,0
37,14/09/2026 12:55,27,action,754,73409,431,29,5,270,18,0,0
38,14/09/2026 12:55,27,action,748,73409,428,27,5,268,17,0,0
39,14/09/2026 12:55,27,action,750,73409,427,27,5,271,18,0,0
40,14/09/2026 12:55,27,action,759,73410,432,29,6,272,18,0,0
41,14/09/2026 12:55,27,action,754,73409,429,27,6,272,18,0,0
42,14/09/2026 12:55,27,action,779,73409,432,29,6,291,19,0,0
43,14/09/2026 12:55,27,action,747,73409,426,28,6,268,18,0,0
44,14/09/2026 12:55,27,action,751,73409,428,27,5,271,18,0,0
45,14/09/2026 12:55,27,action,753,73409,430,28,6,270,18,0,0
46,14/09/2026 12:55,27,action,798,73409,437,34,6,299,20,0,0
47,14/09/2026 12:55,27,action,750,73409,427,28,6,270,17,0,0
48,14/09/2026 12:55,27,action,750,73411,428,28,6,269,17,0,0
49,14/09/2026 12:55,27,action,752,73409,429,28,6,270,17,0,0
50,14/09/2026 12:55,27,action,744,73409,425,28,5,266,17,0,0
51,14/09/2026 12:55,27,action,750,73409,429,28,5,269,17,0,0
52,14/09/2026 12:55,27,action,763,73409,431,27,5,280,18,0,0
53,14/09/2026 12:55,27,action,768,73409,436,30,5,277,18,0,0
54,14/09/2026 12:55,27,action,763,73409,436,28,6,273,18,0,0
55,14/09/2026 12:55,27,action,755,73409,427,31,5,272,17,0,0
56,14/09/2026 12:55,27,action,752,73409,427,27,6,272,18,0,0
57,14/09/2026 12:55,27,action,759,73409,432,29,6,274,18,0,0
58,14/09/2026 12:55,27,action,768,73409,430,28,6,284,18,0,0
59,14/09/2026 12:55,27,action,751,73409,427,27,5,272,18,0,0
60,14/09/2026 12:55,27,action,769,73409,443,28,5,273,18,0,0
61,14/09/2026 12:55,27,action,777,73409,434,29,6,288,18,0,0
62,14/09/2026 12:55,27,action,759,73410,432,28,6,273,18,0,0
63,14/09/2026 12:55,27,action,752,73409,426,28,6,272,18,0,0
64,14/09/2026 12:55,27,action,753,73409,430,28,5,270,18,0,0
65,14/09/2026 12:55,27,action,755,73409,431,27,5,272,18,0,0
66,14/09/2026 12:55,27,action,755,73409,431,28,6,271,18,0,0
67,14/09/2026 12:55,27,action,751,73409,430,26,6,269,18,0,0
68,14/09/2026 12:55,27,action,761,73409,436,28,5,272,18,0,0
69,14/09/2026 12:55,27,action,760,73409,432,28,5,274,18,0,0
70,14/09/2026 12:55,27,action,806,73409,448,34,6,298,18,0,0
71,14/09/2026 12:55,27,action,748,73409,428,27,5,268,18,0,0
72,14/09/2026 12:55,27,action,753,73409,431,28,6,269,18,0,0
73,14/09/2026 12:55,27,action,785,73409,437,30,6,291,20,0,0
74,14/09/2026 12:55,27,action,758,73409,432,29,6,273,18,0,0
75,14/09/2026 12:55,27,action,757,73409,433,28,5,271,18,0,0
76,14/09/2026 12:55,27,action,755,73409,430,28,6,271,18,0,0
77,14/09/2026 12:55,27,action,757,73409,428,27,5,274,19,0,0
78,14/09/2026 12:55,27,action,750,73409,429,27,5,268,18,0,0
79,14/09/2026 12:55,27,action,750,73409,425,28,5,271,18,0,0
80,14/09/2026 12:55,27,action,783,73409,446,30,6,282,18,0,0
81,14/09/2026 12:55,27,action,747,73409,428,27,6,267,17,0,0
82,14/09/2026 12:55,27,action,750,73410,426,28,5,271,17,0,0
83,14/09/2026 12:55,27,action,802,73409,446,35,7,292,20,0,0
84,14/09/2026 12:55,27,action,785,73409,427,28,5,306,17,0,0
85,14/09/2026 12:55,27,action,752,73409,427,29,5,271,18,0,0
86,14/09/2026 12:55,27,action,741,73410,418,27,5,271,18,0,0
87,14/09/2026 12:55,27,action,749,73409,426,28,5,270,18,0,0
88,14/09/2026 12:55,27,action,746,73409,426,27,5,268,18,0,0
89,14/09/2026 12:55,27,action,827,73409,466,35,6,299,18,0,0
90,14/09/2026 12:55,27,action,760,73409,426,27,5,281,18,0,0
91,14/09/2026 12:55,27,action,750,73409,428,28,5,270,17,0,0
92,14/09/2026 12:55,27,action,803,73409,441,32,6,304,18,0,0
93,14/09/2026 12:55,27,action,751,73409,430,27,5,268,18,0,0
94,14/09/2026 12:55,27,action,768,73409,429,28,6,287,17,0,0
95,14/09/2026 12:55,27,action,749,73409,428,27,5,269,17,0,0
96,14/09/2026 12:55,27,action,751,73409,431,27,6,267,18,0,0
97,14/09/2026 12:55,27,action,752,73409,427,28,5,272,17,0,0
98,14/09/2026 12:55,27,action,783,73409,431,30,6,294,20,0,0
99,14/09/2026 12:56,27,action,750,73409,429,27,6,269,18,0,0
100,14/09/2026 12:56,27,action,749,73411,427,28,5,269,18,0,0
101,14/09/2026 12:56,27,action,761,73409,436,28,5,273,18,0,0
102,14/09/2026 12:56,27,action,752,73409,428,28,6,271,17,0,0
103,14/09/2026 12:56,27,action,769,73409,433,29,8,280,18,0,0
104,14/09/2026 12:56,27,action,748,73409,427,27,6,269,17,0,0
105,14/09/2026 12:56,27,action,750,73409,427,28,6,269,18,0,0
106,14/09/2026 12:56,27,action,758,73409,438,27,5,268,18,0,0
107,14/09/2026 12:56,27,action,764,73409,437,27,6,275,17,0,0
108,14/09/2026 12:56,27,action,779,73409,428,29,5,297,18,0,0
109,14/09/2026 12:56,27,action,752,73409,429,28,5,270,18,0,0
110,14/09/2026 12:56,27,action,778,73409,429,26,5,297,19,0,0
111,14/09/2026 12:56,27,action,749,73409,427,27,5,271,18,0,0
112,14/09/2026 12:56,27,action,748,73409,428,26,5,269,17,0,0
113,14/09/2026 12:56,27,action,749,73409,426,28,6,270,17,0,0
114,14/09/2026 12:56,27,action,799,73409,447,31,7,293,20,0,0
115,14/09/2026 12:56,27,action,759,73409,437,28,5,269,18,0,0
116,14/09/2026 12:56,27,action,764,73409,440,28,6,271,18,0,0
117,14/09/2026 12:56,27,action,793,73409,443,34,8,288,18,0,0
118,14/09/2026 12:56,27,action,753,73409,429,28,5,271,17,0,0
119,14/09/2026 12:56,27,action,750,73409,428,27,5,269,18,0,0
120,14/09/2026 12:56,27,action,754,73409,431,28,5,270,18,0,0
121,14/09/2026 12:56,27,action,757,73409,432,27,6,272,17,0,0
122,14/09/2026 12:56,27,action,750,73409,428,27,6,270,17,0,0
123,14/09/2026 12:56,27,action,782,73409,437,34,7,284,17,0,0
124,14/09/2026 12:56,27,action,778,73409,426,29,6,298,18,0,0
125,14/09/2026 12:56,27,action,758,73409,430,30,6,272,18,0,0
126,14/09/2026 12:56,27,action,753,73409,429,28,5,270,18,0,0
127,14/09/2026 12:56,27,action,751,73410,427,28,5,270,17,0,0
128,14/09/2026 12:56,27,action,784,73409,432,31,7,294,18,0,0
129,14/09/2026 12:56,27,action,779,73409,430,27,6,295,19,0,0
130,14/09/2026 12:56,27,action,746,73409,425,29,5,268,17,0,0
131,14/09/2026 12:56,27,action,751,73409,429,27,6,269,17,0,0
132,14/09/2026 12:56,27,action,750,73409,428,27,5,270,18,0,0
133,14/09/2026 12:56,27,action,777,73409,434,29,6,287,19,0,0
134,14/09/2026 12:56,27,action,756,73409,430,29,5,271,18,0,0
135,14/09/2026 12:56,27,action,751,73410,427,28,5,271,18,0,0
136,14/09/2026 12:56,27,action,752,73409,429,28,5,270,18,0,0
137,14/09/2026 12:56,27,action,770,73409,429,27,6,287,19,0,0
138,14/09/2026 12:56,27,action,754,73409,430,28,6,271,18,0,0
139,14/09/2026 12:56,27,action,778,73409,444,29,5,280,18,0,0
140,14/09/2026 12:56,27,action,753,73409,431,27,5,269,18,0,0
141,14/09/2026 12:56,27,action,749,73409,428,27,5,269,18,0,0
142,14/09/2026 12:56,27,action,757,73409,426,28,5,278,17,0,0
143,14/09/2026 12:56,27,action,749,73409,425,28,5,271,18,0,0
144,14/09/2026 12:56,27,action,811,73409,455,29,6,298,22,0,0
145,14/09/2026 12:56,27,action,752,73409,429,29,6,270,18,0,0
146,14/09/2026 12:56,27,action,749,73409,427,28,5,269,18,0,0
147,14/09/2026 12:56,27,action,753,73409,429,28,6,271,18,0,0
148,14/09/2026 12:56,27,action,764,73409,440,28,6,271,18,0,0
149,14/09/2026 12:56,27,action,812,73409,453,36,7,296,18,0,0
150,14/09/2026 12:56,27,action,753,73409,430,29,5,270,17,0,0
151,14/09/2026 12:56,27,action,747,73409,426,27,5,270,17,0,0
152,14/09/2026 12:56,27,action,749,73409,428,28,6,268,18,0,0
153,14/09/2026 12:56,27,action,750,73409,427,27,5,270,18,0,0
154,14/09/2026 12:56,27,action,781,73409,438,28,6,290,18,0,0
155,14/09/2026 12:56,27,action,752,73409,429,28,5,270,18,0,0
156,14/09/2026 12:56,27,action,753,73409,426,28,5,274,18,0,0
157,14/09/2026 12:56,27,action,752,73409,429,28,6,269,17,0,0
158,14/09/2026 12:56,27,action,765,73409,432,28,6,280,17,0,0
159,14/09/2026 12:56,27,action,760,73409,426,28,5,281,18,0,0
160,14/09/2026 12:56,27,action,751,73409,426,28,6,272,18,0,0
161,14/09/2026 12:56,27,action,751,73409,428,28,5,270,17,0,0
162,14/09/2026 12:56,27,action,761,73409,435,29,6,273,17,0,0
163,14/09/2026 12:56,27,action,760,73409,438,29,5,269,18,0,0
164,14/09/2026 12:56,27,action,759,73409,426,38,6,270,17,0,0
165,14/09/2026 12:56,27,action,759,73409,434,28,6,272,17,0,0
166,14/09/2026 12:56,27,action,762,73409,437,28,6,271,18,0,0
167,14/09/2026 12:57,27,action,769,73409,442,28,5,274,18,0,0
168,14/09/2026 12:57,27,action,756,73409,433,27,5,271,18,0,0
169,14/09/2026 12:57,27,action,748,73409,428,27,5,268,18,0,0
170,14/09/2026 12:57,27,action,749,73409,427,28,6,269,18,0,0
171,14/09/2026 12:57,27,action,758,73409,438,27,6,268,17,0,0
172,14/09/2026 12:57,27,action,765,73409,429,29,5,281,19,0,0
173,14/09/2026 12:57,27,action,793,73409,439,33,6,295,18,0,0
174,14/09/2026 12:57,27,action,753,73410,428,28,5,272,18,0,0
175,14/09/2026 12:57,27,action,778,73409,435,29,6,288,18,0,0
176,14/09/2026 12:57,27,action,817,73409,451,36,6,304,18,0,0
177,14/09/2026 12:57,27,action,751,73409,430,27,6,269,17,0,0
178,14/09/2026 12:57,27,action,797,73409,448,36,6,287,18,0,0
179,14/09/2026 12:57,27,action,745,73409,423,28,6,269,18,0,0
180,14/09/2026 12:57,27,action,754,73409,428,29,5,272,18,0,0
181,14/09/2026 12:57,27,action,751,73409,428,28,6,270,18,0,0
182,14/09/2026 12:57,27,action,776,73409,440,30,6,280,18,0,0
183,14/09/2026 12:57,27,action,761,73409,434,27,6,275,18,0,0
184,14/09/2026 12:57,27,action,783,73409,448,29,6,281,18,0,0
185,14/09/2026 12:57,27,action,767,73409,430,29,5,282,18,0,0
186,14/09/2026 12:57,27,action,771,73409,438,27,5,280,18,0,0
187,14/09/2026 12:57,27,action,797,73409,445,29,6,297,19,0,0
188,14/09/2026 12:57,27,action,753,73409,431,27,5,270,18,0,0
189,14/09/2026 12:57,27,action,803,73409,448,36,7,293,18,0,0
190,14/09/2026 12:57,27,action,752,73409,430,27,5,270,18,0,0
191,14/09/2026 12:57,27,action,767,73409,441,29,5,272,17,0,0
192,14/09/2026 12:57,27,action,752,73409,429,28,5,270,18,0,0
193,14/09/2026 12:57,27,action,754,73409,431,27,5,271,18,0,0
194,14/09/2026 12:57,27,action,750,73409,429,27,5,269,18,0,0
195,14/09/2026 12:57,27,action,752,73409,430,28,6,268,18,0,0
196,14/09/2026 12:57,27,action,750,73409,427,27,5,270,18,0,0
197,14/09/2026 12:57,27,action,768,73409,440,29,6,272,18,0,0
198,14/09/2026 12:57,27,action,788,73409,429,32,7,298,19,0,0
199,14/09/2026 12:57,27,action,751,73409,426,28,5,272,18,0,0
200,14/09/2026 12:57,27,action,753,73409,432,27,5,269,18,0,0
1,14/09/2026 12:57,36,action,917,73410,499,76,7,315,18,0,0
2,14/09/2026 12:57,36,action,776,73410,426,34,5,291,18,0,0
3,14/09/2026 12:57,36,action,761,73410,430,32,6,273,18,0,0
4,14/09/2026 12:57,36,action,758,73410,428,33,6,271,18,0,0
5,14/09/2026 12:57,36,action,775,73411,424,33,6,292,18,0,0
6,14/09/2026 12:57,36,action,761,73409,429,33,6,273,18,0,0
7,14/09/2026 12:57,36,action,789,73409,430,32,6,300,18,0,0
8,14/09/2026 12:57,36,action,762,73409,430,33,6,273,18,0,0
9,14/09/2026 12:57,36,action,801,73410,441,36,6,298,18,0,0
10,14/09/2026 12:57,36,action,764,73410,429,35,6,274,18,0,0
11,14/09/2026 12:57,36,action,753,73409,427,31,6,269,18,0,0
12,14/09/2026 12:57,36,action,763,73410,433,32,6,272,18,0,0
13,14/09/2026 12:57,36,action,754,73410,428,33,5,269,18,0,0
14,14/09/2026 12:57,36,action,761,73409,425,33,6,277,18,0,0
15,14/09/2026 12:57,36,action,756,73410,428,32,6,270,18,0,0
16,14/09/2026 12:57,36,action,759,73410,429,33,6,272,18,0,0
17,14/09/2026 12:57,36,action,770,73410,438,35,6,272,18,0,0
18,14/09/2026 12:57,36,action,831,73410,446,37,6,308,32,0,0
19,14/09/2026 12:57,36,action,817,73410,473,40,6,279,18,0,0
20,14/09/2026 12:57,36,action,757,73409,427,33,6,271,18,0,0
21,14/09/2026 12:57,36,action,774,73410,443,32,6,273,18,0,0
22,14/09/2026 12:57,36,action,766,73410,434,32,6,274,18,0,0
23,14/09/2026 12:57,36,action,759,73410,429,32,6,272,18,0,0
24,14/09/2026 12:57,36,action,799,73410,446,40,8,284,18,0,0
25,14/09/2026 12:57,36,action,755,73409,425,33,6,272,18,0,0
26,14/09/2026 12:57,36,action,787,73410,432,32,6,298,18,0,0
27,14/09/2026 12:57,36,action,761,73410,430,33,6,271,18,0,0
28,14/09/2026 12:57,36,action,770,73410,433,37,6,274,18,0,0
29,14/09/2026 12:57,36,action,818,73409,450,40,7,296,23,0,0
30,14/09/2026 12:57,36,action,755,73410,426,32,6,271,18,0,0
31,14/09/2026 12:57,36,action,758,73410,428,34,6,270,18,0,0
32,14/09/2026 12:57,36,action,797,73411,438,37,6,295,19,0,0
33,14/09/2026 12:58,36,action,762,73409,426,37,6,273,18,0,0
34,14/09/2026 12:58,36,action,760,73410,428,34,6,273,18,0,0
35,14/09/2026 12:58,36,action,757,73410,427,33,6,272,18,0,0
36,14/09/2026 12:58,36,action,757,73410,428,33,5,271,18,0,0
37,14/09/2026 12:58,36,action,761,73410,432,33,6,271,18,0,0
38,14/09/2026 12:58,36,action,759,73410,429,33,6,272,18,0,0
39,14/09/2026 12:58,36,action,771,73409,439,33,6,273,18,0,0
40,14/09/2026 12:58,36,action,758,73409,428,33,6,272,18,0,0
41,14/09/2026 12:58,36,action,795,73409,434,37,6,298,18,0,0
42,14/09/2026 12:58,36,action,757,73409,427,34,5,272,18,0,0
43,14/09/2026 12:58,36,action,755,73410,427,32,6,271,18,0,0
44,14/09/2026 12:58,36,action,771,73410,439,34,6,273,18,0,0
45,14/09/2026 12:58,36,action,755,73409,426,32,6,272,18,0,0
46,14/09/2026 12:58,36,action,759,73409,432,33,5,269,18,0,0
47,14/09/2026 12:58,36,action,751,73409,423,34,6,269,17,0,0
48,14/09/2026 12:58,36,action,764,73410,432,33,6,273,18,0,0
49,14/09/2026 12:58,36,action,764,73410,432,34,6,272,18,0,0
50,14/09/2026 12:58,36,action,821,73409,454,40,6,299,19,0,0
51,14/09/2026 12:58,36,action,802,73410,445,42,8,286,18,0,0
52,14/09/2026 12:58,36,action,758,73409,428,33,6,272,18,0,0
53,14/09/2026 12:58,36,action,776,73410,427,33,6,289,19,0,0
54,14/09/2026 12:58,36,action,752,73410,425,32,5,269,18,0,0
55,14/09/2026 12:58,36,action,763,73410,431,32,6,274,18,0,0
56,14/09/2026 12:58,36,action,764,73410,427,31,6,278,19,0,0
57,14/09/2026 12:58,36,action,786,73410,438,39,6,282,18,0,0
58,14/09/2026 12:58,36,action,757,73409,429,33,6,269,18,0,0
59,14/09/2026 12:58,36,action,760,73409,430,33,6,272,18,0,0
60,14/09/2026 12:58,36,action,758,73409,429,33,6,271,18,0,0
61,14/09/2026 12:58,36,action,756,73410,428,32,6,270,18,0,0
62,14/09/2026 12:58,36,action,759,73410,429,34,6,271,18,0,0
63,14/09/2026 12:58,36,action,787,73411,441,39,9,278,18,0,0
64,14/09/2026 12:58,36,action,758,73410,427,34,6,271,18,0,0
65,14/09/2026 12:58,36,action,814,73409,452,35,6,301,18,0,0
66,14/09/2026 12:58,36,action,762,73410,432,32,6,272,18,0,0
67,14/09/2026 12:58,36,action,777,73409,428,33,6,290,18,0,0
68,14/09/2026 12:58,36,action,775,73409,436,32,5,282,18,0,0
69,14/09/2026 12:58,36,action,756,73410,427,33,6,270,18,0,0
70,14/09/2026 12:58,36,action,796,73410,443,40,9,284,18,0,0
71,14/09/2026 12:58,36,action,781,73410,455,31,6,269,18,0,0
72,14/09/2026 12:58,36,action,763,73409,437,33,6,268,18,0,0
73,14/09/2026 12:58,36,action,765,73410,429,35,6,275,18,0,0
74,14/09/2026 12:58,36,action,760,73410,429,33,6,272,18,0,0
75,14/09/2026 12:58,36,action,764,73409,429,33,6,276,19,0,0
76,14/09/2026 12:58,36,action,761,73410,430,32,6,272,18,0,0
77,14/09/2026 12:58,36,action,756,73410,426,32,6,272,19,0,0
78,14/09/2026 12:58,36,action,757,73410,426,33,6,272,18,0,0
79,14/09/2026 12:58,36,action,806,73410,432,39,8,305,19,0,0
80,14/09/2026 12:58,36,action,762,73409,432,33,6,272,18,0,0
81,14/09/2026 12:58,36,action,765,73410,431,34,5,275,18,0,0
82,14/09/2026 12:58,36,action,760,73410,430,33,6,271,17,0,0
83,14/09/2026 12:58,36,action,755,73410,427,33,6,270,17,0,0
84,14/09/2026 12:58,36,action,758,73409,428,32,6,271,18,0,0
85,14/09/2026 12:58,36,action,764,73410,429,33,5,277,18,0,0
86,14/09/2026 12:58,36,action,784,73410,428,36,5,285,27,0,0
87,14/09/2026 12:58,36,action,796,73410,437,41,9,288,18,0,0
88,14/09/2026 12:58,36,action,765,73410,433,33,5,273,18,0,0
89,14/09/2026 12:58,36,action,761,73409,430,33,6,272,18,0,0
90,14/09/2026 12:58,36,action,814,73409,445,45,7,296,20,0,0
91,14/09/2026 12:58,36,action,758,73410,429,32,6,271,18,0,0
92,14/09/2026 12:58,36,action,765,73410,435,33,6,271,18,0,0
93,14/09/2026 12:58,36,action,765,73410,430,32,6,278,18,0,0
94,14/09/2026 12:58,36,action,785,73410,428,34,6,296,18,0,0
95,14/09/2026 12:58,36,action,786,73409,429,32,6,294,23,0,0
96,14/09/2026 12:58,36,action,825,73410,441,39,6,305,32,0,0
97,14/09/2026 12:58,36,action,757,73410,428,33,5,271,18,0,0
98,14/09/2026 12:58,36,action,791,73409,439,36,6,291,18,0,0
99,14/09/2026 12:58,36,action,782,73410,440,33,6,283,19,0,0
100,14/09/2026 12:58,36,action,761,73409,430,33,5,273,18,0,0
101,14/09/2026 12:59,36,action,763,73410,432,32,6,273,18,0,0
102,14/09/2026 12:59,36,action,778,73409,426,32,6,294,19,0,0
103,14/09/2026 12:59,36,action,759,73409,429,32,6,273,18,0,0
104,14/09/2026 12:59,36,action,830,73409,457,43,7,303,18,0,0
105,14/09/2026 12:59,36,action,774,73410,441,35,6,273,18,0,0
106,14/09/2026 12:59,36,action,805,73409,448,36,6,295,18,0,0
107,14/09/2026 12:59,36,action,764,73409,432,33,6,273,18,0,0
108,14/09/2026 12:59,36,action,763,73410,431,36,6,271,18,0,0
109,14/09/2026 12:59,36,action,756,73410,426,33,6,271,18,0,0
110,14/09/2026 12:59,36,action,776,73410,433,34,6,283,18,0,0
111,14/09/2026 12:59,36,action,759,73410,428,33,6,272,18,0,0
112,14/09/2026 12:59,36,action,786,73410,432,33,6,296,18,0,0
113,14/09/2026 12:59,36,action,839,73410,459,48,7,304,20,0,0
114,14/09/2026 12:59,36,action,764,73409,432,34,5,273,18,0,0
115,14/09/2026 12:59,36,action,765,73410,429,34,6,277,18,0,0
116,14/09/2026 12:59,36,action,767,73409,434,33,5,275,18,0,0
117,14/09/2026 12:59,36,action,800,73410,439,35,7,295,22,0,0
118,14/09/2026 12:59,36,action,760,73409,431,33,6,271,18,0,0
119,14/09/2026 12:59,36,action,782,73409,427,35,6,294,19,0,0
120,14/09/2026 12:59,36,action,756,73410,426,34,6,271,18,0,0
121,14/09/2026 12:59,36,action,814,73409,439,42,7,307,18,0,0
122,14/09/2026 12:59,36,action,772,73410,442,33,6,272,18,0,0
123,14/09/2026 12:59,36,action,766,73410,432,32,6,275,18,0,0
124,14/09/2026 12:59,36,action,789,73410,440,37,6,284,20,0,0
125,14/09/2026 12:59,36,action,755,73409,427,32,6,269,18,0,0
126,14/09/2026 12:59,36,action,757,73410,428,32,6,272,18,0,0
127,14/09/2026 12:59,36,action,770,73410,439,33,6,273,18,0,0
128,14/09/2026 12:59,36,action,788,73409,430,33,6,299,18,0,0
129,14/09/2026 12:59,36,action,753,73410,427,31,6,269,18,0,0
130,14/09/2026 12:59,36,action,759,73410,429,33,6,272,18,0,0
131,14/09/2026 12:59,36,action,757,73410,429,33,6,269,19,0,0
132,14/09/2026 12:59,36,action,806,73410,429,34,7,311,23,0,0
133,14/09/2026 12:59,36,action,757,73410,428,33,6,270,18,0,0
134,14/09/2026 12:59,36,action,756,73409,426,34,6,271,18,0,0
135,14/09/2026 12:59,36,action,756,73409,427,33,6,271,18,0,0
136,14/09/2026 12:59,36,action,758,73409,427,33,6,272,18,0,0
137,14/09/2026 12:59,36,action,757,73410,426,33,6,273,18,0,0
138,14/09/2026 12:59,36,action,781,73410,431,33,6,290,19,0,0
139,14/09/2026 12:59,36,action,756,73410,427,33,6,271,18,0,0
140,14/09/2026 12:59,36,action,763,73410,433,33,5,272,18,0,0
141,14/09/2026 12:59,36,action,762,73409,428,34,6,274,18,0,0
142,14/09/2026 12:59,36,action,759,73410,429,32,6,272,18,0,0
143,14/09/2026 12:59,36,action,757,73409,427,33,6,270,18,0,0
144,14/09/2026 12:59,36,action,757,73410,427,33,6,272,18,0,0
145,14/09/2026 12:59,36,action,761,73411,427,34,6,275,17,0,0
146,14/09/2026 12:59,36,action,759,73410,427,34,6,273,18,0,0
147,14/09/2026 12:59,36,action,755,73409,427,32,6,270,18,0,0
148,14/09/2026 12:59,36,action,763,73410,432,33,6,273,18,0,0
149,14/09/2026 12:59,36,action,798,73410,441,39,6,292,18,0,0
150,14/09/2026 12:59,36,action,759,73409,427,34,6,272,18,0,0
151,14/09/2026 12:59,36,action,752,73409,426,32,6,268,17,0,0
152,14/09/2026 12:59,36,action,759,73410,428,33,6,272,18,0,0
153,14/09/2026 12:59,36,action,756,73409,428,32,6,270,18,0,0
154,14/09/2026 12:59,36,action,779,73409,427,33,6,294,18,0,0
155,14/09/2026 12:59,36,action,831,73410,445,40,8,317,18,0,0
156,14/09/2026 12:59,36,action,758,73410,427,33,6,272,18,0,0
157,14/09/2026 12:59,36,action,800,73410,437,42,6,295,18,0,0
158,14/09/2026 12:59,36,action,757,73409,429,32,6,271,18,0,0
159,14/09/2026 12:59,36,action,758,73409,429,33,6,270,18,0,0
160,14/09/2026 12:59,36,action,752,73410,427,31,5,268,18,0,0
161,14/09/2026 12:59,36,action,761,73409,430,33,6,272,18,0,0
162,14/09/2026 12:59,36,action,755,73410,427,32,6,271,18,0,0
163,14/09/2026 12:59,36,action,761,73409,426,33,6,276,18,0,0
164,14/09/2026 12:59,36,action,758,73425,431,32,6,270,18,0,0
165,14/09/2026 12:59,36,action,771,73409,427,33,5,287,18,0,0
166,14/09/2026 12:59,36,action,756,73409,427,33,5,270,18,0,0
167,14/09/2026 12:59,36,action,795,73410,428,33,7,307,18,0,0
168,14/09/2026 13:00,36,action,771,73410,430,33,6,277,24,0,0
169,14/09/2026 13:00,36,action,799,73409,437,39,7,291,23,0,0
170,14/09/2026 13:00,36,action,760,73410,429,33,6,272,18,0,0
171,14/09/2026 13:00,36,action,787,73410,437,39,6,285,18,0,0
172,14/09/2026 13:00,36,action,788,73409,441,40,9,278,18,0,0
173,14/09/2026 13:00,36,action,761,73409,427,33,6,275,18,0,0
174,14/09/2026 13:00,36,action,805,73410,437,42,6,300,18,0,0
175,14/09/2026 13:00,36,action,757,73409,429,32,6,270,18,0,0
176,14/09/2026 13:00,36,action,761,73410,430,32,6,273,19,0,0
177,14/09/2026 13:00,36,action,763,73411,430,34,6,273,18,0,0
178,14/09/2026 13:00,36,action,758,73410,429,32,6,271,18,0,0
179,14/09/2026 13:00,36,action,754,73410,426,32,6,271,18,0,0
180,14/09/2026 13:00,36,action,759,73409,428,32,6,273,18,0,0
181,14/09/2026 13:00,36,action,757,73410,429,32,6,270,18,0,0
182,14/09/2026 13:00,36,action,760,73410,429,33,6,272,18,0,0
183,14/09/2026 13:00,36,action,798,73410,440,36,6,295,19,0,0
184,14/09/2026 13:00,36,action,764,73410,434,33,6,271,18,0,0
185,14/09/2026 13:00,36,action,754,73410,427,33,6,268,18,0,0
186,14/09/2026 13:00,36,action,811,73410,443,38,8,302,18,0,0
187,14/09/2026 13:00,36,action,759,73410,429,32,6,272,18,0,0
188,14/09/2026 13:00,36,action,769,73410,437,32,6,274,18,0,0
189,14/09/2026 13:00,36,action,756,73409,426,33,6,272,18,0,0
190,14/09/2026 13:00,36,action,756,73409,427,32,6,271,18,0,0
191,14/09/2026 13:00,36,action,786,73410,432,35,7,291,18,0,0
192,14/09/2026 13:00,36,action,760,73409,428,34,6,272,18,0,0
193,14/09/2026 13:00,36,action,768,73410,432,33,6,278,18,0,0
194,14/09/2026 13:00,36,action,791,73409,433,34,6,298,18,0,0
195,14/09/2026 13:00,36,action,766,73410,433,33,5,274,18,0,0
196,14/09/2026 13:00,36,action,756,73409,428,33,6,270,18,0,0
197,14/09/2026 13:00,36,action,755,73410,425,33,6,271,17,0,0
198,14/09/2026 13:00,36,action,762,73410,431,34,6,271,17,0,0
199,14/09/2026 13:00,36,action,762,73409,429,33,6,273,19,0,0
200,14/09/2026 13:00,36,action,772,73409,431,42,6,271,19,0,0
1,14/09/2026 13:00,45,action,975,73409,519,100,7,328,19,0,0
2,14/09/2026 13:00,45,action,780,73410,435,44,6,274,18,0,0
3,14/09/2026 13:00,45,action,768,73409,427,37,6,277,19,0,0
4,14/09/2026 13:00,45,action,768,73409,430,39,6,273,18,0,0
5,14/09/2026 13:00,45,action,768,73409,430,36,6,275,19,0,0
6,14/09/2026 13:00,45,action,777,73409,432,41,6,277,18,0,0
7,14/09/2026 13:00,45,action,771,73409,432,37,6,275,18,0,0
8,14/09/2026 13:00,45,action,775,73409,431,39,7,277,19,0,0
9,14/09/2026 13:00,45,action,764,73409,428,37,6,273,18,0,0
10,14/09/2026 13:00,45,action,769,73409,429,38,6,276,18,0,0
11,14/09/2026 13:00,45,action,769,73409,431,37,6,275,18,0,0
12,14/09/2026 13:00,45,action,772,73409,431,38,6,277,19,0,0
13,14/09/2026 13:00,45,action,761,73409,424,38,6,271,18,0,0
14,14/09/2026 13:00,45,action,766,73409,430,36,6,274,19,0,0
15,14/09/2026 13:00,45,action,818,73409,440,45,9,304,19,0,0
16,14/09/2026 13:00,45,action,798,73409,447,46,7,278,18,0,0
17,14/09/2026 13:00,45,action,769,73409,421,37,6,286,18,0,0
18,14/09/2026 13:00,45,action,823,73409,443,47,7,304,20,0,0
19,14/09/2026 13:00,45,action,829,73409,455,48,7,299,19,0,0
20,14/09/2026 13:00,45,action,767,73409,429,37,6,273,18,0,0
21,14/09/2026 13:00,45,action,771,73409,430,39,6,275,18,0,0
22,14/09/2026 13:00,45,action,788,73409,434,38,6,285,23,0,0
23,14/09/2026 13:00,45,action,822,73409,457,47,7,291,18,0,0
24,14/09/2026 13:00,45,action,763,73409,424,38,6,275,18,0,0
25,14/09/2026 13:00,45,action,801,73409,427,44,7,303,19,0,0
26,14/09/2026 13:00,45,action,766,73409,428,39,6,273,18,0,0
27,14/09/2026 13:00,45,action,782,73409,441,39,6,276,18,0,0
28,14/09/2026 13:00,45,action,763,73409,426,36,6,275,18,0,0
29,14/09/2026 13:00,45,action,790,73409,432,39,6,293,18,0,0
30,14/09/2026 13:00,45,action,803,73409,435,47,9,292,18,0,0
31,14/09/2026 13:00,45,action,764,73409,428,37,6,272,18,0,0
32,14/09/2026 13:00,45,action,764,73409,429,39,6,271,18,0,0
33,14/09/2026 13:00,45,action,780,73409,427,48,6,279,18,0,0
34,14/09/2026 13:01,45,action,773,73409,432,39,6,275,19,0,0
35,14/09/2026 13:01,45,action,784,73409,431,39,6,284,23,0,0
36,14/09/2026 13:01,45,action,801,73409,426,49,7,298,19,0,0
37,14/09/2026 13:01,45,action,771,73409,428,39,6,277,19,0,0
38,14/09/2026 13:01,45,action,823,73409,434,43,7,319,18,0,0
39,14/09/2026 13:01,45,action,781,73410,436,38,6,281,19,0,0
40,14/09/2026 13:01,45,action,820,73409,446,41,7,305,19,0,0
41,14/09/2026 13:01,45,action,818,73409,436,44,7,311,18,0,0
42,14/09/2026 13:01,45,action,760,73409,426,37,6,271,18,0,0
43,14/09/2026 13:01,45,action,757,73409,422,38,6,271,18,0,0
44,14/09/2026 13:01,45,action,812,73409,433,48,7,302,19,0,0
45,14/09/2026 13:01,45,action,780,73409,441,36,6,276,19,0,0
46,14/09/2026 13:01,45,action,763,73409,428,38,6,271,18,0,0
47,14/09/2026 13:01,45,action,764,73409,428,38,6,272,18,0,0
48,14/09/2026 13:01,45,action,766,73409,428,39,6,274,18,0,0
49,14/09/2026 13:01,45,action,772,73409,432,38,6,275,19,0,0
50,14/09/2026 13:01,45,action,764,73409,427,38,6,274,18,0,0
51,14/09/2026 13:01,45,action,811,73409,451,43,6,290,19,0,0
52,14/09/2026 13:01,45,action,762,73409,425,38,6,274,18,0,0
53,14/09/2026 13:01,45,action,794,73409,428,39,6,298,20,0,0
54,14/09/2026 13:01,45,action,813,73409,440,45,7,296,23,0,0
55,14/09/2026 13:01,45,action,773,73409,437,37,6,273,18,0,0
56,14/09/2026 13:01,45,action,764,73409,427,38,6,272,18,0,0
57,14/09/2026 13:01,45,action,760,73409,426,36,6,271,18,0,0
58,14/09/2026 13:01,45,action,765,73409,428,38,6,273,18,0,0
59,14/09/2026 13:01,45,action,777,73409,437,37,6,277,18,0,0
60,14/09/2026 13:01,45,action,775,73409,431,39,6,278,19,0,0
61,14/09/2026 13:01,45,action,763,73409,425,38,6,273,18,0,0
62,14/09/2026 13:01,45,action,809,73409,439,46,6,297,19,0,0
63,14/09/2026 13:01,45,action,767,73409,427,39,6,275,18,0,0
64,14/09/2026 13:01,45,action,800,73409,442,48,9,280,18,0,0
65,14/09/2026 13:01,45,action,762,73409,424,38,6,273,18,0,0
66,14/09/2026 13:01,45,action,774,73409,434,37,6,276,19,0,0
67,14/09/2026 13:01,45,action,774,73409,434,37,6,276,18,0,0
68,14/09/2026 13:01,45,action,767,73409,429,38,6,273,18,0,0
69,14/09/2026 13:01,45,action,772,73409,430,38,6,277,18,0,0
70,14/09/2026 13:01,45,action,778,73409,439,37,6,275,18,0,0
71,14/09/2026 13:01,45,action,768,73409,428,39,6,275,18,0,0
72,14/09/2026 13:01,45,action,765,73409,426,39,6,274,18,0,0
73,14/09/2026 13:01,45,action,786,73409,433,37,6,289,19,0,0
74,14/09/2026 13:01,45,action,814,73410,429,47,9,309,18,0,0
75,14/09/2026 13:01,45,action,786,73409,445,42,6,273,18,0,0
76,14/09/2026 13:01,45,action,770,73409,429,39,6,275,19,0,0
77,14/09/2026 13:01,45,action,776,73409,438,38,6,274,19,0,0
78,14/09/2026 13:01,45,action,773,73409,426,38,6,283,18,0,0
79,14/09/2026 13:01,45,action,764,73409,428,39,6,272,18,0,0
80,14/09/2026 13:01,45,action,789,73409,439,48,9,273,18,0,0
81,14/09/2026 13:01,45,action,765,73409,428,38,6,273,18,0,0
82,14/09/2026 13:01,45,action,766,73409,427,39,6,272,19,0,0
83,14/09/2026 13:01,45,action,807,73409,431,37,6,298,32,0,0
84,14/09/2026 13:01,45,action,767,73409,429,38,6,273,20,0,0
85,14/09/2026 13:01,45,action,763,73409,428,36,6,273,18,0,0
86,14/09/2026 13:01,45,action,764,73409,427,37,6,274,18,0,0
87,14/09/2026 13:01,45,action,763,73409,427,38,6,272,18,0,0
88,14/09/2026 13:01,45,action,775,73409,437,38,6,273,18,0,0
89,14/09/2026 13:01,45,action,773,73409,436,37,6,274,18,0,0
90,14/09/2026 13:01,45,action,782,73409,438,38,6,279,18,0,0
91,14/09/2026 13:01,45,action,766,73409,428,37,6,275,18,0,0
92,14/09/2026 13:01,45,action,786,73409,448,38,6,273,18,0,0
93,14/09/2026 13:01,45,action,764,73409,429,37,6,272,18,0,0
94,14/09/2026 13:01,45,action,773,73409,432,39,6,275,18,0,0
95,14/09/2026 13:01,45,action,762,73409,426,38,6,271,18,0,0
96,14/09/2026 13:01,45,action,769,73409,431,38,6,275,18,0,0
97,14/09/2026 13:01,45,action,775,73409,433,39,6,276,18,0,0
98,14/09/2026 13:01,45,action,794,73409,429,37,7,300,20,0,0
99,14/09/2026 13:01,45,action,765,73409,426,40,6,273,18,0,0
100,14/09/2026 13:02,45,action,763,73409,425,37,6,274,19,0,0
101,14/09/2026 13:02,45,action,786,73409,444,38,6,277,19,0,0
102,14/09/2026 13:02,45,action,772,73409,436,37,6,273,18,0,0
103,14/09/2026 13:02,45,action,818,73409,444,43,7,302,19,0,0
104,14/09/2026 13:02,45,action,772,73409,428,37,6,281,18,0,0
105,14/09/2026 13:02,45,action,770,73409,429,35,6,280,19,0,0
106,14/09/2026 13:02,45,action,774,73409,440,36,6,271,18,0,0
107,14/09/2026 13:02,45,action,804,73409,442,45,6,291,18,0,0
108,14/09/2026 13:02,45,action,766,73409,427,39,6,274,18,0,0
109,14/09/2026 13:02,45,action,768,73409,430,38,6,274,18,0,0
110,14/09/2026 13:02,45,action,767,73409,428,39,6,273,18,0,0
111,14/09/2026 13:02,45,action,774,73409,426,38,6,282,20,0,0
112,14/09/2026 13:02,45,action,793,73409,429,43,6,294,18,0,0
113,14/09/2026 13:02,45,action,776,73409,427,37,6,285,19,0,0
114,14/09/2026 13:02,45,action,767,73409,430,37,6,274,18,0,0
115,14/09/2026 13:02,45,action,766,73409,427,38,6,274,18,0,0
116,14/09/2026 13:02,45,action,762,73409,427,35,6,273,18,0,0
117,14/09/2026 13:02,45,action,769,73410,429,38,6,275,18,0,0
118,14/09/2026 13:02,45,action,764,73409,429,37,6,272,18,0,0
119,14/09/2026 13:02,45,action,806,73409,435,43,7,301,18,0,0
120,14/09/2026 13:02,45,action,779,73409,434,37,6,282,19,0,0
121,14/09/2026 13:02,45,action,798,73409,437,45,9,287,18,0,0
122,14/09/2026 13:02,45,action,768,73409,426,39,7,275,18,0,0
123,14/09/2026 13:02,45,action,766,73409,429,38,6,273,18,0,0
124,14/09/2026 13:02,45,action,775,73409,432,38,6,278,19,0,0
125,14/09/2026 13:02,45,action,779,73409,430,37,6,284,19,0,0
126,14/09/2026 13:02,45,action,794,73409,430,36,6,301,18,0,0
127,14/09/2026 13:02,45,action,771,73409,428,37,6,278,19,0,0
128,14/09/2026 13:02,45,action,766,73409,429,38,6,273,19,0,0
129,14/09/2026 13:02,45,action,764,73409,428,37,6,272,18,0,0
130,14/09/2026 13:02,45,action,768,73409,429,37,6,276,18,0,0
131,14/09/2026 13:02,45,action,763,73409,428,37,6,272,18,0,0
132,14/09/2026 13:02,45,action,766,73409,427,39,6,274,18,0,0
133,14/09/2026 13:02,45,action,766,73409,430,36,6,273,18,0,0
134,14/09/2026 13:02,45,action,769,73409,427,39,6,276,18,0,0
135,14/09/2026 13:02,45,action,768,73409,428,39,6,274,18,0,0
136,14/09/2026 13:02,45,action,761,73409,425,38,6,272,18,0,0
137,14/09/2026 13:02,45,action,763,73409,426,38,6,273,18,0,0
138,14/09/2026 13:02,45,action,802,73409,466,37,6,273,18,0,0
139,14/09/2026 13:02,45,action,765,73409,427,39,6,273,18,0,0
140,14/09/2026 13:02,45,action,765,73409,430,37,6,273,18,0,0
141,14/09/2026 13:02,45,action,786,73409,450,38,6,272,18,0,0
142,14/09/2026 13:02,45,action,766,73409,429,38,6,273,18,0,0
143,14/09/2026 13:02,45,action,773,73409,431,39,6,277,19,0,0
144,14/09/2026 13:02,45,action,789,73409,438,41,6,283,18,0,0
145,14/09/2026 13:02,45,action,772,73409,432,38,6,275,18,0,0
146,14/09/2026 13:02,45,action,767,73409,430,39,6,272,18,0,0
147,14/09/2026 13:02,45,action,769,73409,431,38,6,273,18,0,0
148,14/09/2026 13:02,45,action,768,73409,429,37,6,275,18,0,0
149,14/09/2026 13:02,45,action,766,73409,428,37,6,275,18,0,0
150,14/09/2026 13:02,45,action,783,73409,428,48,6,280,18,0,0
151,14/09/2026 13:02,45,action,788,73409,451,39,6,273,18,0,0
152,14/09/2026 13:02,45,action,806,73409,447,46,7,286,19,0,0
153,14/09/2026 13:02,45,action,781,73409,445,37,6,273,18,0,0
154,14/09/2026 13:02,45,action,767,73409,430,37,6,274,18,0,0
155,14/09/2026 13:02,45,action,764,73409,428,37,6,273,18,0,0
156,14/09/2026 13:02,45,action,782,73409,432,39,6,283,20,0,0
157,14/09/2026 13:02,45,action,762,73409,426,37,6,272,18,0,0
158,14/09/2026 13:02,45,action,788,73409,434,39,6,290,18,0,0
159,14/09/2026 13:02,45,action,796,73409,446,41,6,282,19,0,0
160,14/09/2026 13:02,45,action,765,73409,430,39,6,271,18,0,0
161,14/09/2026 13:02,45,action,767,73409,429,38,6,274,18,0,0
162,14/09/2026 13:02,45,action,808,73409,432,43,7,304,20,0,0
163,14/09/2026 13:02,45,action,768,73409,432,36,6,275,18,0,0
164,14/09/2026 13:02,45,action,780,73409,425,38,6,290,19,0,0
165,14/09/2026 13:02,45,action,766,73409,427,38,6,275,18,0,0
166,14/09/2026 13:02,45,action,766,73409,428,37,6,274,18,0,0
167,14/09/2026 13:03,45,action,761,73409,426,37,6,272,18,0,0
168,14/09/2026 13:03,45,action,848,73409,456,45,9,317,18,0,0
169,14/09/2026 13:03,45,action,764,73409,429,36,6,272,18,0,0
170,14/09/2026 13:03,45,action,818,73409,435,45,7,309,19,0,0
171,14/09/2026 13:03,45,action,806,73409,429,37,7,313,19,0,0
172,14/09/2026 13:03,45,action,764,73410,428,37,6,273,18,0,0
173,14/09/2026 13:03,45,action,777,73409,430,40,6,280,18,0,0
174,14/09/2026 13:03,45,action,767,73409,429,38,6,274,18,0,0
175,14/09/2026 13:03,45,action,789,73409,445,40,6,277,19,0,0
176,14/09/2026 13:03,45,action,767,73409,430,37,6,274,18,0,0
177,14/09/2026 13:03,45,action,772,73409,435,37,6,273,18,0,0
178,14/09/2026 13:03,45,action,794,73410,456,38,6,274,18,0,0
179,14/09/2026 13:03,45,action,772,73409,431,37,6,277,18,0,0
180,14/09/2026 13:03,45,action,773,73409,431,38,6,277,19,0,0
181,14/09/2026 13:03,45,action,764,73409,429,36,6,273,18,0,0
182,14/09/2026 13:03,45,action,828,73409,450,42,7,307,20,0,0
183,14/09/2026 13:03,45,action,779,73409,429,42,6,281,19,0,0
184,14/09/2026 13:03,45,action,802,73409,428,45,7,300,20,0,0
185,14/09/2026 13:03,45,action,825,73409,443,45,8,307,20,0,0
186,14/09/2026 13:03,45,action,829,73409,442,41,7,309,28,0,0
187,14/09/2026 13:03,45,action,764,73409,425,39,6,273,18,0,0
188,14/09/2026 13:03,45,action,789,73409,429,38,6,296,19,0,0
189,14/09/2026 13:03,45,action,764,73409,427,39,6,272,18,0,0
190,14/09/2026 13:03,45,action,766,73409,428,39,6,274,18,0,0
191,14/09/2026 13:03,45,action,769,73409,430,40,6,273,18,0,0
192,14/09/2026 13:03,45,action,817,73409,459,44,6,288,18,0,0
193,14/09/2026 13:03,45,action,826,73409,434,47,6,313,24,0,0
194,14/09/2026 13:03,45,action,768,73409,430,37,6,275,18,0,0
195,14/09/2026 13:03,45,action,766,73409,430,37,6,273,18,0,0
196,14/09/2026 13:03,45,action,770,73409,428,40,6,276,18,0,0
197,14/09/2026 13:03,45,action,769,73409,429,37,6,276,18,0,0
198,14/09/2026 13:03,45,action,765,73409,431,35,6,272,18,0,0
199,14/09/2026 13:03,45,action,763,73409,426,37,6,273,18,0,0
200,14/09/2026 13:03,45,action,769,73409,431,38,6,274,18,0,0
1,14/09/2026 13:03,54,action,895,73425,510,70,7,287,18,0,0
2,14/09/2026 13:03,54,action,779,73425,436,43,6,273,19,0,0
3,14/09/2026 13:03,54,action,804,73425,432,40,7,300,23,0,0
4,14/09/2026 13:03,54,action,772,73425,428,41,7,277,18,0,0
5,14/09/2026 13:03,54,action,784,73425,428,41,7,286,22,0,0
6,14/09/2026 13:03,54,action,773,73425,426,41,7,277,19,0,0
7,14/09/2026 13:03,54,action,788,73425,444,41,6,277,18,0,0
8,14/09/2026 13:03,54,action,771,73425,428,41,7,276,18,0,0
9,14/09/2026 13:03,54,action,777,73425,430,42,7,279,18,0,0
10,14/09/2026 13:03,54,action,839,73425,433,59,8,319,18,0,0
11,14/09/2026 13:03,54,action,841,73425,454,50,10,307,18,0,0
12,14/09/2026 13:03,54,action,773,73425,429,40,7,277,18,0,0
13,14/09/2026 13:03,54,action,778,73425,430,43,7,279,18,0,0
14,14/09/2026 13:03,54,action,775,73425,430,40,7,279,18,0,0
15,14/09/2026 13:03,54,action,770,73425,427,40,7,275,18,0,0
16,14/09/2026 13:03,54,action,780,73425,434,41,7,278,18,0,0
17,14/09/2026 13:03,54,action,772,73425,429,41,7,274,18,0,0
18,14/09/2026 13:03,54,action,834,73425,443,55,10,307,18,0,0
19,14/09/2026 13:03,54,action,801,73425,425,41,7,304,22,0,0
20,14/09/2026 13:03,54,action,829,73425,447,47,9,306,19,0,0
21,14/09/2026 13:03,54,action,778,73425,431,41,6,279,18,0,0
22,14/09/2026 13:03,54,action,783,73425,438,43,7,276,18,0,0
23,14/09/2026 13:03,54,action,775,73425,427,43,6,278,18,0,0
24,14/09/2026 13:03,54,action,785,73425,433,44,6,282,18,0,0
25,14/09/2026 13:03,54,action,786,73425,434,45,7,281,18,0,0
26,14/09/2026 13:03,54,action,773,73425,429,41,6,276,18,0,0
27,14/09/2026 13:03,54,action,770,73425,427,41,6,275,18,0,0
28,14/09/2026 13:03,54,action,770,73425,426,41,6,277,18,0,0
29,14/09/2026 13:03,54,action,790,73425,430,41,7,293,18,0,0
30,14/09/2026 13:03,54,action,784,73425,433,43,6,281,18,0,0
31,14/09/2026 13:03,54,action,778,73425,431,42,7,278,18,0,0
32,14/09/2026 13:04,54,action,814,73425,426,42,7,315,22,0,0
33,14/09/2026 13:04,54,action,814,73425,448,49,11,286,19,0,0
34,14/09/2026 13:04,54,action,787,73425,442,41,6,277,18,0,0
35,14/09/2026 13:04,54,action,825,73425,426,52,8,320,18,0,0
36,14/09/2026 13:04,54,action,780,73425,431,42,7,280,18,0,0
37,14/09/2026 13:04,54,action,813,73425,432,49,8,301,20,0,0
38,14/09/2026 13:04,54,action,773,73425,430,41,7,275,18,0,0
39,14/09/2026 13:04,54,action,777,73425,430,43,6,277,18,0,0
40,14/09/2026 13:04,54,action,772,73425,429,41,7,274,18,0,0
41,14/09/2026 13:04,54,action,819,73425,442,46,10,301,18,0,0
42,14/09/2026 13:04,54,action,779,73425,434,42,6,277,18,0,0
43,14/09/2026 13:04,54,action,772,73425,427,41,7,277,18,0,0
44,14/09/2026 13:04,54,action,769,73425,425,41,7,277,18,0,0
45,14/09/2026 13:04,54,action,780,73425,433,41,7,278,18,0,0
46,14/09/2026 13:04,54,action,771,73425,427,41,7,276,17,0,0
47,14/09/2026 13:04,54,action,779,73425,428,41,6,284,18,0,0
48,14/09/2026 13:04,54,action,775,73425,429,42,7,277,18,0,0
49,14/09/2026 13:04,54,action,775,73425,429,42,7,277,18,0,0
50,14/09/2026 13:04,54,action,780,73425,432,41,7,281,18,0,0
51,14/09/2026 13:04,54,action,805,73425,431,42,7,305,18,0,0
52,14/09/2026 13:04,54,action,769,73425,427,42,7,275,18,0,0
53,14/09/2026 13:04,54,action,826,73425,452,51,10,293,19,0,0
54,14/09/2026 13:04,54,action,773,73425,429,42,7,276,18,0,0
55,14/09/2026 13:04,54,action,780,73426,437,42,6,274,18,0,0
56,14/09/2026 13:04,54,action,779,73425,431,42,7,280,18,0,0
57,14/09/2026 13:04,54,action,807,73425,458,41,7,281,18,0,0
58,14/09/2026 13:04,54,action,768,73425,426,40,7,276,18,0,0
59,14/09/2026 13:04,54,action,773,73425,428,42,6,277,18,0,0
60,14/09/2026 13:04,54,action,774,73425,426,42,7,278,19,0,0
61,14/09/2026 13:04,54,action,791,73425,442,42,6,280,18,0,0
62,14/09/2026 13:04,54,action,778,73425,430,42,7,279,18,0,0
63,14/09/2026 13:04,54,action,775,73425,432,41,7,276,18,0,0
64,14/09/2026 13:04,54,action,772,73425,427,41,7,277,18,0,0
65,14/09/2026 13:04,54,action,770,73425,427,42,7,275,18,0,0
66,14/09/2026 13:04,54,action,775,73425,429,42,7,278,18,0,0
67,14/09/2026 13:04,54,action,770,73425,426,42,7,275,18,0,0
68,14/09/2026 13:04,54,action,766,73425,424,40,7,275,18,0,0
69,14/09/2026 13:04,54,action,769,73425,427,41,6,276,18,0,0
70,14/09/2026 13:04,54,action,801,73425,431,41,7,300,19,0,0
71,14/09/2026 13:04,54,action,774,73425,429,40,7,278,18,0,0
72,14/09/2026 13:04,54,action,793,73425,427,42,6,297,19,0,0
73,14/09/2026 13:04,54,action,786,73425,426,42,7,290,18,0,0
74,14/09/2026 13:04,54,action,775,73425,428,42,7,278,18,0,0
75,14/09/2026 13:04,54,action,775,73425,428,42,7,278,18,0,0
76,14/09/2026 13:04,54,action,779,73425,436,39,7,277,18,0,0
77,14/09/2026 13:04,54,action,788,73425,425,42,6,295,18,0,0
78,14/09/2026 13:04,54,action,780,73425,439,40,7,275,18,0,0
79,14/09/2026 13:04,54,action,772,73425,428,42,7,275,18,0,0
80,14/09/2026 13:04,54,action,795,73425,429,59,9,278,18,0,0
81,14/09/2026 13:04,54,action,773,73425,428,40,8,277,18,0,0
82,14/09/2026 13:04,54,action,780,73425,426,41,7,286,18,0,0
83,14/09/2026 13:04,54,action,779,73425,431,41,6,280,18,0,0
84,14/09/2026 13:04,54,action,778,73425,432,41,6,278,18,0,0
85,14/09/2026 13:04,54,action,842,73425,446,55,10,310,19,0,0
86,14/09/2026 13:04,54,action,774,73425,428,42,7,277,18,0,0
87,14/09/2026 13:04,54,action,774,73425,428,42,7,278,18,0,0
88,14/09/2026 13:04,54,action,825,73425,451,48,7,299,18,0,0
89,14/09/2026 13:04,54,action,779,73425,429,42,7,281,18,0,0
90,14/09/2026 13:04,54,action,775,73425,430,41,6,278,18,0,0
91,14/09/2026 13:04,54,action,780,73425,430,43,6,281,18,0,0
92,14/09/2026 13:04,54,action,767,73425,425,41,6,274,18,0,0
93,14/09/2026 13:04,54,action,773,73425,429,42,7,276,18,0,0
94,14/09/2026 13:04,54,action,793,73425,431,40,7,296,18,0,0
95,14/09/2026 13:04,54,action,777,73425,431,41,7,278,19,0,0
96,14/09/2026 13:04,54,action,786,73425,442,41,7,277,18,0,0
97,14/09/2026 13:04,54,action,773,73425,428,42,7,276,18,0,0
98,14/09/2026 13:05,54,action,811,73425,429,49,10,303,18,0,0
99,14/09/2026 13:05,54,action,769,73425,425,41,7,276,18,0,0
100,14/09/2026 13:05,54,action,814,73425,434,48,7,304,19,0,0
101,14/09/2026 13:05,54,action,778,73425,432,41,6,279,18,0,0
102,14/09/2026 13:05,54,action,771,73425,424,43,7,277,18,0,0
103,14/09/2026 13:05,54,action,779,73425,432,41,6,279,18,0,0
104,14/09/2026 13:05,54,action,777,73425,429,41,7,280,18,0,0
105,14/09/2026 13:05,54,action,786,73425,431,41,7,286,19,0,0
106,14/09/2026 13:05,54,action,794,73425,445,42,7,281,18,0,0
107,14/09/2026 13:05,54,action,808,73425,444,48,10,285,18,0,0
108,14/09/2026 13:05,54,action,781,73425,430,43,7,281,18,0,0
109,14/09/2026 13:05,54,action,805,73425,430,42,8,304,20,0,0
110,14/09/2026 13:05,54,action,780,73425,431,41,7,281,18,0,0
111,14/09/2026 13:05,54,action,778,73427,431,42,7,278,18,0,0
112,14/09/2026 13:05,54,action,791,73425,439,47,7,279,18,0,0
113,14/09/2026 13:05,54,action,775,73425,428,42,6,278,18,0,0
114,14/09/2026 13:05,54,action,786,73425,434,44,7,280,18,0,0
115,14/09/2026 13:05,54,action,799,73425,433,43,7,297,18,0,0
116,14/09/2026 13:05,54,action,785,73425,429,40,7,289,18,0,0
117,14/09/2026 13:05,54,action,770,73425,427,40,7,276,19,0,0
118,14/09/2026 13:05,54,action,777,73425,431,41,7,278,18,0,0
119,14/09/2026 13:05,54,action,769,73425,428,41,7,274,18,0,0
120,14/09/2026 13:05,54,action,817,73425,444,49,7,297,18,0,0
121,14/09/2026 13:05,54,action,768,73425,427,40,6,274,18,0,0
122,14/09/2026 13:05,54,action,794,73425,448,42,7,277,18,0,0
123,14/09/2026 13:05,54,action,783,73425,433,45,7,278,18,0,0
124,14/09/2026 13:05,54,action,781,73425,432,42,7,280,18,0,0
125,14/09/2026 13:05,54,action,837,73425,454,50,7,306,18,0,0
126,14/09/2026 13:05,54,action,792,73425,426,40,7,298,18,0,0
127,14/09/2026 13:05,54,action,773,73425,429,41,6,277,18,0,0
128,14/09/2026 13:05,54,action,781,73425,431,42,6,281,18,0,0
129,14/09/2026 13:05,54,action,800,73425,434,40,7,298,18,0,0
130,14/09/2026 13:05,54,action,800,73425,445,46,8,282,18,0,0
131,14/09/2026 13:05,54,action,775,73425,430,41,7,277,18,0,0
132,14/09/2026 13:05,54,action,788,73425,428,42,7,290,18,0,0
133,14/09/2026 13:05,54,action,773,73425,427,42,6,277,18,0,0
134,14/09/2026 13:05,54,action,777,73425,429,42,7,279,18,0,0
135,14/09/2026 13:05,54,action,823,73425,471,50,7,274,18,0,0
136,14/09/2026 13:05,54,action,777,73425,429,43,6,279,18,0,0
137,14/09/2026 13:05,54,action,786,73425,429,41,6,289,18,0,0
138,14/09/2026 13:05,54,action,834,73426,448,53,10,303,18,0,0
139,14/09/2026 13:05,54,action,828,73425,443,53,10,302,18,0,0
140,14/09/2026 13:05,54,action,770,73425,426,43,6,275,18,0,0
141,14/09/2026 13:05,54,action,773,73425,429,41,6,276,18,0,0
142,14/09/2026 13:05,54,action,812,73426,454,45,8,285,18,0,0
143,14/09/2026 13:05,54,action,776,73425,428,42,7,280,18,0,0
144,14/09/2026 13:05,54,action,782,73425,434,43,7,279,18,0,0
145,14/09/2026 13:05,54,action,770,73426,424,41,7,277,18,0,0
146,14/09/2026 13:05,54,action,780,73425,433,41,7,278,18,0,0
147,14/09/2026 13:05,54,action,783,73425,432,43,7,282,18,0,0
148,14/09/2026 13:05,54,action,772,73425,429,40,7,276,18,0,0
149,14/09/2026 13:05,54,action,777,73425,432,41,7,278,18,0,0
150,14/09/2026 13:05,54,action,778,73425,432,40,6,279,18,0,0
151,14/09/2026 13:05,54,action,778,73425,431,41,7,279,18,0,0
152,14/09/2026 13:05,54,action,818,73425,448,48,8,294,18,0,0
153,14/09/2026 13:05,54,action,783,73425,434,41,6,281,18,0,0
154,14/09/2026 13:05,54,action,786,73425,434,42,7,282,18,0,0
155,14/09/2026 13:05,54,action,783,73425,434,42,7,281,18,0,0
156,14/09/2026 13:05,54,action,775,73425,430,40,7,277,18,0,0
157,14/09/2026 13:05,54,action,837,73425,438,50,10,314,23,0,0
158,14/09/2026 13:05,54,action,777,73425,430,41,7,279,18,0,0
159,14/09/2026 13:05,54,action,806,73425,429,41,6,309,18,0,0
160,14/09/2026 13:05,54,action,783,73426,429,41,7,286,18,0,0
161,14/09/2026 13:05,54,action,772,73425,428,42,6,276,18,0,0
162,14/09/2026 13:05,54,action,769,73425,427,41,7,276,18,0,0
163,14/09/2026 13:05,54,action,786,73425,434,42,6,283,18,0,0
164,14/09/2026 13:06,54,action,787,73425,434,42,7,284,18,0,0
165,14/09/2026 13:06,54,action,772,73425,425,42,7,279,18,0,0
166,14/09/2026 13:06,54,action,811,73425,426,40,7,319,18,0,0
167,14/09/2026 13:06,54,action,771,73425,427,41,7,277,18,0,0
168,14/09/2026 13:06,54,action,775,73425,428,40,7,279,18,0,0
169,14/09/2026 13:06,54,action,791,73425,442,42,7,279,18,0,0
170,14/09/2026 13:06,54,action,778,73425,432,42,6,277,18,0,0
171,14/09/2026 13:06,54,action,774,73425,429,41,7,277,18,0,0
172,14/09/2026 13:06,54,action,775,73425,428,41,7,278,18,0,0
173,14/09/2026 13:06,54,action,777,73425,429,42,7,279,18,0,0
174,14/09/2026 13:06,54,action,784,73425,434,42,7,281,18,0,0
175,14/09/2026 13:06,54,action,771,73425,427,41,7,277,18,0,0
176,14/09/2026 13:06,54,action,822,73425,436,44,8,314,18,0,0
177,14/09/2026 13:06,54,action,793,73425,444,41,6,281,18,0,0
178,14/09/2026 13:06,54,action,783,73425,436,42,7,279,18,0,0
179,14/09/2026 13:06,54,action,770,73425,424,41,7,278,18,0,0
180,14/09/2026 13:06,54,action,839,73425,447,48,9,315,19,0,0
181,14/09/2026 13:06,54,action,786,73425,441,40,7,278,18,0,0
182,14/09/2026 13:06,54,action,782,73425,427,45,7,282,19,0,0
183,14/09/2026 13:06,54,action,776,73425,433,40,7,276,18,0,0
184,14/09/2026 13:06,54,action,773,73425,427,42,6,277,18,0,0
185,14/09/2026 13:06,54,action,784,73425,435,41,7,281,18,0,0
186,14/09/2026 13:06,54,action,781,73425,434,41,7,279,18,0,0
187,14/09/2026 13:06,54,action,779,73425,426,42,6,285,18,0,0
188,14/09/2026 13:06,54,action,771,73425,427,42,6,276,18,0,0
189,14/09/2026 13:06,54,action,773,73425,428,41,7,278,18,0,0
190,14/09/2026 13:06,54,action,772,73425,427,41,7,277,18,0,0
191,14/09/2026 13:06,54,action,827,73425,451,49,8,299,18,0,0
192,14/09/2026 13:06,54,action,797,73425,429,42,6,300,18,0,0
193,14/09/2026 13:06,54,action,774,73425,428,42,7,278,18,0,0
194,14/09/2026 13:06,54,action,772,73425,428,43,6,276,18,0,0
195,14/09/2026 13:06,54,action,785,73425,426,42,6,290,18,0,0
196,14/09/2026 13:06,54,action,774,73425,430,42,7,276,18,0,0
197,14/09/2026 13:06,54,action,776,73425,428,45,6,276,18,0,0
198,14/09/2026 13:06,54,action,788,73425,440,42,7,278,18,0,0
199,14/09/2026 13:06,54,action,771,73425,425,43,7,277,18,0,0
200,14/09/2026 13:06,54,action,772,73425,427,42,6,275,18,0,0
1,14/09/2026 13:06,63,action,966,78652,540,93,9,305,18,0,0
2,14/09/2026 13:06,63,action,814,78652,449,53,10,282,18,0,0
3,14/09/2026 13:06,63,action,779,78652,430,45,7,278,18,0,0
4,14/09/2026 13:06,63,action,844,78652,449,58,10,303,23,0,0
5,14/09/2026 13:06,63,action,781,78652,426,47,7,281,18,0,0
6,14/09/2026 13:06,63,action,784,78652,430,45,6,283,18,0,0
7,14/09/2026 13:06,63,action,785,78652,428,52,7,278,18,0,0
8,14/09/2026 13:06,63,action,782,78653,431,46,6,279,18,0,0
9,14/09/2026 13:06,63,action,780,78652,429,48,6,277,18,0,0
10,14/09/2026 13:06,63,action,808,78652,439,47,6,296,18,0,0
11,14/09/2026 13:06,63,action,797,78652,428,44,6,298,18,0,0
12,14/09/2026 13:06,63,action,785,78652,427,45,6,286,18,0,0
13,14/09/2026 13:06,63,action,774,78652,425,46,7,276,18,0,0
14,14/09/2026 13:06,63,action,784,78652,430,46,7,281,18,0,0
15,14/09/2026 13:06,63,action,781,78652,431,44,6,280,18,0,0
16,14/09/2026 13:06,63,action,779,78652,427,45,6,280,18,0,0
17,14/09/2026 13:06,63,action,790,78652,436,43,7,283,19,0,0
18,14/09/2026 13:06,63,action,796,78652,427,45,7,297,19,0,0
19,14/09/2026 13:06,63,action,785,78652,430,44,7,284,18,0,0
20,14/09/2026 13:06,63,action,819,78652,429,44,8,318,18,0,0
21,14/09/2026 13:06,63,action,775,78652,426,44,6,278,18,0,0
22,14/09/2026 13:06,63,action,784,78652,431,46,6,280,19,0,0
23,14/09/2026 13:06,63,action,803,78652,430,45,7,301,18,0,0
24,14/09/2026 13:06,63,action,777,78652,428,44,7,278,18,0,0
25,14/09/2026 13:06,63,action,777,78652,429,43,6,278,18,0,0
26,14/09/2026 13:06,63,action,777,78652,428,45,7,277,18,0,0
27,14/09/2026 13:06,63,action,775,78652,425,47,7,276,18,0,0
28,14/09/2026 13:07,63,action,783,78652,430,46,7,281,18,0,0
29,14/09/2026 13:07,63,action,782,78652,428,46,7,281,18,0,0
30,14/09/2026 13:07,63,action,789,78652,437,45,6,281,18,0,0
31,14/09/2026 13:07,63,action,782,78652,431,44,7,280,18,0,0
32,14/09/2026 13:07,63,action,793,78652,435,47,7,284,18,0,0
33,14/09/2026 13:07,63,action,821,78652,450,51,7,292,19,0,0
34,14/09/2026 13:07,63,action,785,78652,432,45,7,282,18,0,0
35,14/09/2026 13:07,63,action,780,78652,430,46,6,278,18,0,0
36,14/09/2026 13:07,63,action,805,78652,439,54,7,284,18,0,0
37,14/09/2026 13:07,63,action,790,78652,429,45,6,289,18,0,0
38,14/09/2026 13:07,63,action,805,78652,433,46,7,299,18,0,0
39,14/09/2026 13:07,63,action,818,78652,443,51,7,296,18,0,0
40,14/09/2026 13:07,63,action,839,78652,457,60,8,294,18,0,0
41,14/09/2026 13:07,63,action,781,78652,426,46,6,282,19,0,0
42,14/09/2026 13:07,63,action,780,78652,429,45,7,280,18,0,0
43,14/09/2026 13:07,63,action,800,78652,443,45,7,285,18,0,0
44,14/09/2026 13:07,63,action,799,78652,426,44,6,301,19,0,0
45,14/09/2026 13:07,63,action,782,78652,431,46,6,279,18,0,0
46,14/09/2026 13:07,63,action,777,78652,428,45,7,277,18,0,0
47,14/09/2026 13:07,63,action,777,78652,428,44,6,278,18,0,0
48,14/09/2026 13:07,63,action,784,78652,432,46,6,280,18,0,0
49,14/09/2026 13:07,63,action,788,78652,431,46,6,285,18,0,0
50,14/09/2026 13:07,63,action,777,78652,428,45,6,278,18,0,0
51,14/09/2026 13:07,63,action,796,78652,440,47,7,282,18,0,0
52,14/09/2026 13:07,63,action,779,78652,428,44,6,280,18,0,0
53,14/09/2026 13:07,63,action,813,78652,445,59,7,282,18,0,0
54,14/09/2026 13:07,63,action,846,78652,451,60,8,307,18,0,0
55,14/09/2026 13:07,63,action,793,78652,430,47,7,290,19,0,0
56,14/09/2026 13:07,63,action,785,78652,432,44,7,282,18,0,0
57,14/09/2026 13:07,63,action,781,78652,427,46,7,281,18,0,0
58,14/09/2026 13:07,63,action,780,78652,428,45,6,280,18,0,0
59,14/09/2026 13:07,63,action,781,78653,428,45,6,281,18,0,0
60,14/09/2026 13:07,63,action,803,78652,454,42,7,280,18,0,0
61,14/09/2026 13:07,63,action,778,78652,428,45,7,278,18,0,0
62,14/09/2026 13:07,63,action,786,78652,431,45,7,283,18,0,0
63,14/09/2026 13:07,63,action,781,78652,430,43,7,280,18,0,0
64,14/09/2026 13:07,63,action,779,78652,426,45,6,282,18,0,0
65,14/09/2026 13:07,63,action,808,78652,429,47,7,304,18,0,0
66,14/09/2026 13:07,63,action,781,78652,430,47,7,277,18,0,0
67,14/09/2026 13:07,63,action,797,78652,428,44,7,299,18,0,0
68,14/09/2026 13:07,63,action,782,78652,429,44,7,282,19,0,0
69,14/09/2026 13:07,63,action,778,78652,428,43,7,280,18,0,0
70,14/09/2026 13:07,63,action,783,78652,429,45,7,283,18,0,0
71,14/09/2026 13:07,63,action,781,78652,428,47,6,279,18,0,0
72,14/09/2026 13:07,63,action,788,78652,432,46,7,284,18,0,0
73,14/09/2026 13:07,63,action,792,78652,440,46,7,280,18,0,0
74,14/09/2026 13:07,63,action,779,78652,427,45,7,281,18,0,0
75,14/09/2026 13:07,63,action,829,78652,433,59,8,309,18,0,0
76,14/09/2026 13:07,63,action,781,78652,431,45,7,278,18,0,0
77,14/09/2026 13:07,63,action,778,78652,428,44,7,279,18,0,0
78,14/09/2026 13:07,63,action,820,78652,428,46,7,315,22,0,0
79,14/09/2026 13:07,63,action,789,78652,428,45,7,289,18,0,0
80,14/09/2026 13:07,63,action,777,78652,426,45,7,280,18,0,0
81,14/09/2026 13:07,63,action,775,78652,428,43,6,278,18,0,0
82,14/09/2026 13:07,63,action,811,78652,437,60,10,283,18,0,0
83,14/09/2026 13:07,63,action,777,78652,427,45,7,278,18,0,0
84,14/09/2026 13:07,63,action,783,78652,431,46,7,279,18,0,0
85,14/09/2026 13:07,63,action,780,78652,429,44,7,280,18,0,0
86,14/09/2026 13:07,63,action,846,78652,445,60,8,313,18,0,0
87,14/09/2026 13:07,63,action,782,78652,429,45,7,281,18,0,0
88,14/09/2026 13:07,63,action,809,78652,427,45,7,310,18,0,0
89,14/09/2026 13:07,63,action,832,78652,433,58,8,309,23,0,0
90,14/09/2026 13:07,63,action,782,78652,428,47,6,280,18,0,0
91,14/09/2026 13:07,63,action,775,78652,427,44,6,278,18,0,0
92,14/09/2026 13:07,63,action,781,78652,428,45,6,280,19,0,0
93,14/09/2026 13:07,63,action,798,78652,445,47,6,279,18,0,0
94,14/09/2026 13:08,63,action,793,78652,434,44,7,287,18,0,0
95,14/09/2026 13:08,63,action,823,78652,445,47,8,301,19,0,0
96,14/09/2026 13:08,63,action,812,78652,453,51,7,281,18,0,0
97,14/09/2026 13:08,63,action,806,78652,434,46,6,299,18,0,0
98,14/09/2026 13:08,63,action,821,78652,448,52,10,291,18,0,0
99,14/09/2026 13:08,63,action,790,78652,432,46,7,284,18,0,0
100,14/09/2026 13:08,63,action,778,78652,428,44,7,279,18,0,0
101,14/09/2026 13:08,63,action,784,78652,436,45,7,276,18,0,0
102,14/09/2026 13:08,63,action,845,78652,455,56,8,306,18,0,0
103,14/09/2026 13:08,63,action,780,78652,429,46,7,279,18,0,0
104,14/09/2026 13:08,63,action,777,78652,425,46,7,279,18,0,0
105,14/09/2026 13:08,63,action,782,78652,429,46,7,281,18,0,0
106,14/09/2026 13:08,63,action,783,78652,429,46,7,281,18,0,0
107,14/09/2026 13:08,63,action,785,78652,431,45,7,282,18,0,0
108,14/09/2026 13:08,63,action,780,78653,427,46,6,281,18,0,0
109,14/09/2026 13:08,63,action,777,78652,425,47,6,279,18,0,0
110,14/09/2026 13:08,63,action,811,78652,432,44,7,308,18,0,0
111,14/09/2026 13:08,63,action,784,78652,433,46,7,278,18,0,0
112,14/09/2026 13:08,63,action,784,78652,430,44,7,283,18,0,0
113,14/09/2026 13:08,63,action,777,78652,428,45,7,278,18,0,0
114,14/09/2026 13:08,63,action,787,78652,432,48,7,281,18,0,0
115,14/09/2026 13:08,63,action,829,78652,433,54,7,314,18,0,0
116,14/09/2026 13:08,63,action,805,78652,441,45,6,293,18,0,0
117,14/09/2026 13:08,63,action,781,78652,429,43,6,281,19,0,0
118,14/09/2026 13:08,63,action,776,78652,426,44,6,279,18,0,0
119,14/09/2026 13:08,63,action,801,78652,444,46,6,284,19,0,0
120,14/09/2026 13:08,63,action,847,78652,452,59,9,307,18,0,0
121,14/09/2026 13:08,63,action,786,78652,429,50,6,282,18,0,0
122,14/09/2026 13:08,63,action,785,78652,432,45,7,281,18,0,0
123,14/09/2026 13:08,63,action,779,78652,428,45,6,279,18,0,0
124,14/09/2026 13:08,63,action,803,78652,428,57,9,288,18,0,0
125,14/09/2026 13:08,63,action,778,78652,429,44,6,278,18,0,0
126,14/09/2026 13:08,63,action,784,78652,430,46,7,281,18,0,0
127,14/09/2026 13:08,63,action,836,78652,451,57,10,299,18,0,0
128,14/09/2026 13:08,63,action,805,78652,428,44,7,306,18,0,0
129,14/09/2026 13:08,63,action,789,78652,434,46,7,283,18,0,0
130,14/09/2026 13:08,63,action,781,78652,430,45,7,279,18,0,0
131,14/09/2026 13:08,63,action,780,78652,429,44,7,281,18,0,0
132,14/09/2026 13:08,63,action,781,78652,428,43,7,283,18,0,0
133,14/09/2026 13:08,63,action,784,78652,431,46,6,281,18,0,0
134,14/09/2026 13:08,63,action,776,78652,429,46,6,275,18,0,0
135,14/09/2026 13:08,63,action,775,78652,427,43,6,278,18,0,0
136,14/09/2026 13:08,63,action,825,78652,444,49,6,304,19,0,0
137,14/09/2026 13:08,63,action,820,78652,424,61,8,307,18,0,0
138,14/09/2026 13:08,63,action,783,78652,431,45,6,280,18,0,0
139,14/09/2026 13:08,63,action,792,78652,431,46,7,288,18,0,0
140,14/09/2026 13:08,63,action,829,78652,456,58,10,284,18,0,0
141,14/09/2026 13:08,63,action,815,78652,452,56,6,280,18,0,0
142,14/09/2026 13:08,63,action,784,78652,426,46,7,283,19,0,0
143,14/09/2026 13:08,63,action,821,78652,429,46,6,318,19,0,0
144,14/09/2026 13:08,63,action,776,78652,427,44,7,278,18,0,0
145,14/09/2026 13:08,63,action,781,78652,429,46,7,280,18,0,0
146,14/09/2026 13:08,63,action,785,78652,434,45,6,279,18,0,0
147,14/09/2026 13:08,63,action,780,78652,428,45,6,280,19,0,0
148,14/09/2026 13:08,63,action,784,78652,430,44,7,284,18,0,0
149,14/09/2026 13:08,63,action,795,78652,431,47,6,289,19,0,0
150,14/09/2026 13:08,63,action,783,78653,430,46,6,280,19,0,0
151,14/09/2026 13:08,63,action,781,78652,431,43,6,280,18,0,0
152,14/09/2026 13:08,63,action,803,78652,428,45,7,303,18,0,0
153,14/09/2026 13:08,63,action,785,78652,433,46,7,280,18,0,0
154,14/09/2026 13:08,63,action,788,78652,438,46,6,276,18,0,0
155,14/09/2026 13:08,63,action,787,78652,431,48,8,280,18,0,0
156,14/09/2026 13:08,63,action,793,78652,434,47,7,284,19,0,0
157,14/09/2026 13:08,63,action,775,78652,427,44,6,279,18,0,0
158,14/09/2026 13:08,63,action,778,78652,427,45,6,280,18,0,0
159,14/09/2026 13:09,63,action,782,78652,430,44,7,281,18,0,0
160,14/09/2026 13:09,63,action,780,78652,429,46,7,279,18,0,0
161,14/09/2026 13:09,63,action,789,78652,434,45,7,284,18,0,0
162,14/09/2026 13:09,63,action,784,78652,429,45,7,283,18,0,0
163,14/09/2026 13:09,63,action,778,78652,426,46,7,280,18,0,0
164,14/09/2026 13:09,63,action,782,78652,429,44,7,282,18,0,0
165,14/09/2026 13:09,63,action,816,78652,427,46,7,310,23,0,0
166,14/09/2026 13:09,63,action,808,78652,439,54,8,286,18,0,0
167,14/09/2026 13:09,63,action,777,78653,429,44,7,278,18,0,0
168,14/09/2026 13:09,63,action,777,78652,428,43,6,280,18,0,0
169,14/09/2026 13:09,63,action,789,78652,435,45,7,283,18,0,0
170,14/09/2026 13:09,63,action,794,78652,434,44,7,283,25,0,0
171,14/09/2026 13:09,63,action,778,78652,427,46,7,279,18,0,0
172,14/09/2026 13:09,63,action,785,78652,430,45,7,282,18,0,0
173,14/09/2026 13:09,63,action,782,78653,430,47,6,279,18,0,0
174,14/09/2026 13:09,63,action,777,78652,428,45,6,277,18,0,0
175,14/09/2026 13:09,63,action,776,78652,426,44,7,279,18,0,0
176,14/09/2026 13:09,63,action,796,78652,440,45,6,284,18,0,0
177,14/09/2026 13:09,63,action,780,78652,429,45,6,280,18,0,0
178,14/09/2026 13:09,63,action,793,78652,433,48,7,285,18,0,0
179,14/09/2026 13:09,63,action,788,78652,432,46,7,283,19,0,0
180,14/09/2026 13:09,63,action,821,78652,447,58,10,285,19,0,0
181,14/09/2026 13:09,63,action,791,78652,431,46,6,287,18,0,0
182,14/09/2026 13:09,63,action,775,78652,429,44,6,276,18,0,0
183,14/09/2026 13:09,63,action,777,78652,427,46,6,278,18,0,0
184,14/09/2026 13:09,63,action,778,78652,428,44,7,278,18,0,0
185,14/09/2026 13:09,63,action,778,78652,429,44,7,278,18,0,0
186,14/09/2026 13:09,63,action,779,78652,429,44,7,279,18,0,0
187,14/09/2026 13:09,63,action,853,78652,448,52,7,322,22,0,0
188,14/09/2026 13:09,63,action,779,78652,428,45,7,278,19,0,0
189,14/09/2026 13:09,63,action,778,78652,429,42,6,280,18,0,0
190,14/09/2026 13:09,63,action,779,78652,427,44,7,280,18,0,0
191,14/09/2026 13:09,63,action,781,78652,430,43,7,281,18,0,0
192,14/09/2026 13:09,63,action,778,78652,428,44,7,280,18,0,0
193,14/09/2026 13:09,63,action,778,78652,427,45,6,280,18,0,0
194,14/09/2026 13:09,63,action,802,78652,431,61,6,283,18,0,0
195,14/09/2026 13:09,63,action,795,78652,438,47,6,284,18,0,0
196,14/09/2026 13:09,63,action,791,78652,440,45,6,280,18,0,0
197,14/09/2026 13:09,63,action,780,78652,428,44,6,282,18,0,0
198,14/09/2026 13:09,63,action,778,78652,429,46,7,277,18,0,0
199,14/09/2026 13:09,63,action,778,78652,425,46,7,280,18,0,0
200,14/09/2026 13:09,63,action,787,78652,432,47,6,281,18,0,0
1,14/09/2026 13:09,72,action,943,78652,517,92,10,304,18,0,0
2,14/09/2026 13:09,72,action,863,78652,447,66,10,316,21,0,0
3,14/09/2026 13:09,72,action,787,78652,428,49,7,282,18,0,0
4,14/09/2026 13:09,72,action,787,78652,428,47,7,285,19,0,0
5,14/09/2026 13:09,72,action,784,78652,429,48,7,281,18,0,0
6,14/09/2026 13:09,72,action,803,78652,423,46,7,297,28,0,0
7,14/09/2026 13:09,72,action,790,78652,429,50,7,283,18,0,0
8,14/09/2026 13:09,72,action,778,78652,426,48,7,278,18,0,0
9,14/09/2026 13:09,72,action,785,78652,427,49,7,281,19,0,0
10,14/09/2026 13:09,72,action,784,78652,428,47,7,282,19,0,0
11,14/09/2026 13:09,72,action,791,78652,427,49,7,287,18,0,0
12,14/09/2026 13:09,72,action,800,78652,442,49,7,282,18,0,0
13,14/09/2026 13:09,72,action,790,78652,432,48,7,283,18,0,0
14,14/09/2026 13:09,72,action,797,78652,440,49,7,282,18,0,0
15,14/09/2026 13:09,72,action,798,78652,440,48,7,283,18,0,0
16,14/09/2026 13:09,72,action,818,78652,445,56,8,289,18,0,0
17,14/09/2026 13:09,72,action,786,78652,428,49,7,281,18,0,0
18,14/09/2026 13:09,72,action,789,78652,431,47,7,284,18,0,0
19,14/09/2026 13:09,72,action,791,78652,430,50,7,283,18,0,0
20,14/09/2026 13:09,72,action,789,78652,431,49,7,282,18,0,0
21,14/09/2026 13:09,72,action,787,78652,429,49,7,281,19,0,0
22,14/09/2026 13:09,72,action,786,78652,429,49,7,281,18,0,0
23,14/09/2026 13:09,72,action,783,78652,428,47,7,281,18,0,0
24,14/09/2026 13:10,72,action,787,78652,428,48,6,284,18,0,0
25,14/09/2026 13:10,72,action,782,78652,429,48,7,279,18,0,0
26,14/09/2026 13:10,72,action,782,78652,427,49,7,280,18,0,0
27,14/09/2026 13:10,72,action,834,78652,425,69,11,308,19,0,0
28,14/09/2026 13:10,72,action,783,78652,427,50,7,279,18,0,0
29,14/09/2026 13:10,72,action,783,78652,427,48,7,280,18,0,0
30,14/09/2026 13:10,72,action,786,78652,429,49,7,280,18,0,0
31,14/09/2026 13:10,72,action,786,78652,429,49,7,280,18,0,0
32,14/09/2026 13:10,72,action,790,78652,434,48,7,282,18,0,0
33,14/09/2026 13:10,72,action,787,78652,427,52,6,283,18,0,0
34,14/09/2026 13:10,72,action,780,78652,425,48,6,280,18,0,0
35,14/09/2026 13:10,72,action,787,78652,432,49,7,279,18,0,0
36,14/09/2026 13:10,72,action,782,78652,427,48,7,280,18,0,0
37,14/09/2026 13:10,72,action,792,78652,435,47,7,282,18,0,0
38,14/09/2026 13:10,72,action,783,78652,429,48,7,280,18,0,0
39,14/09/2026 13:10,72,action,821,78652,448,62,8,282,18,0,0
40,14/09/2026 13:10,72,action,782,78652,427,48,7,280,18,0,0
41,14/09/2026 13:10,72,action,782,78652,426,48,7,280,19,0,0
42,14/09/2026 13:10,72,action,827,78652,429,61,8,308,19,0,0
43,14/09/2026 13:10,72,action,828,78652,442,58,9,299,19,0,0
44,14/09/2026 13:10,72,action,783,78652,430,48,7,278,18,0,0
45,14/09/2026 13:10,72,action,789,78652,432,50,7,281,18,0,0
46,14/09/2026 13:10,72,action,785,78652,429,48,7,281,18,0,0
47,14/09/2026 13:10,72,action,783,78652,428,49,7,279,18,0,0
48,14/09/2026 13:10,72,action,789,78652,430,49,7,284,18,0,0
49,14/09/2026 13:10,72,action,799,78652,434,50,7,287,20,0,0
50,14/09/2026 13:10,72,action,783,78652,426,49,6,281,18,0,0
51,14/09/2026 13:10,72,action,782,78652,428,47,7,280,18,0,0
52,14/09/2026 13:10,72,action,782,78652,426,50,6,279,19,0,0
53,14/09/2026 13:10,72,action,789,78652,429,48,6,284,18,0,0
54,14/09/2026 13:10,72,action,812,78652,430,47,6,304,23,0,0
55,14/09/2026 13:10,72,action,807,78652,427,47,7,306,18,0,0
56,14/09/2026 13:10,72,action,783,78652,430,45,7,281,18,0,0
57,14/09/2026 13:10,72,action,784,78652,427,50,7,280,18,0,0
58,14/09/2026 13:10,72,action,787,78652,432,49,6,280,18,0,0
59,14/09/2026 13:10,72,action,782,78652,430,47,7,279,18,0,0
60,14/09/2026 13:10,72,action,795,78652,436,49,7,282,19,0,0
61,14/09/2026 13:10,72,action,788,78652,433,46,7,282,19,0,0
62,14/09/2026 13:10,72,action,817,78652,437,64,10,285,18,0,0
63,14/09/2026 13:10,72,action,849,78652,435,57,7,330,18,0,0
64,14/09/2026 13:10,72,action,784,78652,427,49,7,280,18,0,0
65,14/09/2026 13:10,72,action,782,78652,428,48,6,279,18,0,0
66,14/09/2026 13:10,72,action,787,78652,430,48,7,282,18,0,0
67,14/09/2026 13:10,72,action,835,78652,437,56,8,311,20,0,0
68,14/09/2026 13:10,72,action,841,78652,438,60,9,313,20,0,0
69,14/09/2026 13:10,72,action,787,78652,431,49,7,280,18,0,0
70,14/09/2026 13:10,72,action,790,78652,430,49,7,283,19,0,0
71,14/09/2026 13:10,72,action,784,78652,428,49,7,281,18,0,0
72,14/09/2026 13:10,72,action,786,78652,428,49,7,282,18,0,0
73,14/09/2026 13:10,72,action,784,78652,426,50,7,281,18,0,0
74,14/09/2026 13:10,72,action,782,78653,425,48,7,282,19,0,0
75,14/09/2026 13:10,72,action,787,78652,430,49,7,282,18,0,0
76,14/09/2026 13:10,72,action,782,78652,427,49,7,279,18,0,0
77,14/09/2026 13:10,72,action,795,78652,437,48,6,283,19,0,0
78,14/09/2026 13:10,72,action,787,78652,429,50,6,282,18,0,0
79,14/09/2026 13:10,72,action,810,78652,442,48,7,293,18,0,0
80,14/09/2026 13:10,72,action,780,78652,426,48,7,279,18,0,0
81,14/09/2026 13:10,72,action,784,78652,428,49,7,280,19,0,0
82,14/09/2026 13:10,72,action,784,78652,430,47,6,280,18,0,0
83,14/09/2026 13:10,72,action,814,78652,434,48,7,305,18,0,0
84,14/09/2026 13:10,72,action,814,78653,439,57,9,289,18,0,0
85,14/09/2026 13:10,72,action,818,78652,432,48,7,311,18,0,0
86,14/09/2026 13:10,72,action,842,78652,447,52,9,314,19,0,0
87,14/09/2026 13:10,72,action,789,78652,430,48,7,283,19,0,0
88,14/09/2026 13:10,72,action,781,78652,426,47,7,281,19,0,0
89,14/09/2026 13:11,72,action,785,78652,430,49,7,279,18,0,0
90,14/09/2026 13:11,72,action,792,78652,433,48,7,282,19,0,0
91,14/09/2026 13:11,72,action,783,78652,426,47,7,282,19,0,0
92,14/09/2026 13:11,72,action,783,78652,426,49,7,282,18,0,0
93,14/09/2026 13:11,72,action,784,78652,428,49,7,281,18,0,0
94,14/09/2026 13:11,72,action,813,78652,428,50,7,308,18,0,0
95,14/09/2026 13:11,72,action,787,78652,430,47,7,283,18,0,0
96,14/09/2026 13:11,72,action,784,78652,429,48,7,281,18,0,0
97,14/09/2026 13:11,72,action,790,78652,431,50,7,282,18,0,0
98,14/09/2026 13:11,72,action,788,78652,428,49,9,282,18,0,0
99,14/09/2026 13:11,72,action,796,78652,441,48,6,280,18,0,0
100,14/09/2026 13:11,72,action,787,78652,429,47,7,283,18,0,0
101,14/09/2026 13:11,72,action,841,78652,437,57,8,315,21,0,0
102,14/09/2026 13:11,72,action,819,78652,432,50,7,310,19,0,0
103,14/09/2026 13:11,72,action,798,78652,429,55,7,287,18,0,0
104,14/09/2026 13:11,72,action,812,78652,428,49,7,307,19,0,0
105,14/09/2026 13:11,72,action,806,78652,427,49,7,302,18,0,0
106,14/09/2026 13:11,72,action,791,78652,433,49,7,282,18,0,0
107,14/09/2026 13:11,72,action,784,78652,428,51,7,278,18,0,0
108,14/09/2026 13:11,72,action,786,78652,429,49,7,280,18,0,0
109,14/09/2026 13:11,72,action,842,78652,441,52,8,317,22,0,0
110,14/09/2026 13:11,72,action,804,78652,443,48,7,285,19,0,0
111,14/09/2026 13:11,72,action,780,78652,424,48,7,281,18,0,0
112,14/09/2026 13:11,72,action,798,78652,440,48,7,283,18,0,0
113,14/09/2026 13:11,72,action,795,78652,428,51,7,288,18,0,0
114,14/09/2026 13:11,72,action,788,78652,430,48,7,282,18,0,0
115,14/09/2026 13:11,72,action,785,78652,427,48,7,282,18,0,0
116,14/09/2026 13:11,72,action,786,78652,430,47,7,281,19,0,0
117,14/09/2026 13:11,72,action,785,78652,429,49,7,281,18,0,0
118,14/09/2026 13:11,72,action,782,78652,425,49,7,281,18,0,0
119,14/09/2026 13:11,72,action,782,78652,428,49,7,279,18,0,0
120,14/09/2026 13:11,72,action,791,78652,433,50,7,281,18,0,0
121,14/09/2026 13:11,72,action,813,78652,425,69,8,290,19,0,0
122,14/09/2026 13:11,72,action,789,78652,428,49,7,284,18,0,0
123,14/09/2026 13:11,72,action,794,78652,433,49,7,284,19,0,0
124,14/09/2026 13:11,72,action,863,78652,447,61,9,326,18,0,0
125,14/09/2026 13:11,72,action,784,78652,426,49,6,283,18,0,0
126,14/09/2026 13:11,72,action,857,78652,445,64,9,319,18,0,0
127,14/09/2026 13:11,72,action,825,78652,454,48,7,296,18,0,0
128,14/09/2026 13:11,72,action,795,78652,434,49,7,285,19,0,0
129,14/09/2026 13:11,72,action,824,78652,426,48,8,321,19,0,0
130,14/09/2026 13:11,72,action,839,78652,449,52,8,310,18,0,0
131,14/09/2026 13:11,72,action,787,78652,430,47,6,284,18,0,0
132,14/09/2026 13:11,72,action,800,78652,432,53,7,288,18,0,0
133,14/09/2026 13:11,72,action,786,78652,430,48,7,281,18,0,0
134,14/09/2026 13:11,72,action,789,78652,430,49,7,283,18,0,0
135,14/09/2026 13:11,72,action,816,78652,443,48,7,298,19,0,0
136,14/09/2026 13:11,72,action,800,78652,431,49,6,292,20,0,0
137,14/09/2026 13:11,72,action,785,78652,428,49,7,282,18,0,0
138,14/09/2026 13:11,72,action,784,78652,428,48,7,281,18,0,0
139,14/09/2026 13:11,72,action,793,78652,438,49,7,280,18,0,0
140,14/09/2026 13:11,72,action,780,78652,424,51,7,279,18,0,0
141,14/09/2026 13:11,72,action,783,78652,427,49,6,280,18,0,0
142,14/09/2026 13:11,72,action,830,78652,429,56,9,315,18,0,0
143,14/09/2026 13:11,72,action,815,78652,429,49,7,310,18,0,0
144,14/09/2026 13:11,72,action,785,78652,430,49,7,279,18,0,0
145,14/09/2026 13:11,72,action,789,78652,431,48,7,284,18,0,0
146,14/09/2026 13:11,72,action,791,78652,432,49,7,283,18,0,0
147,14/09/2026 13:11,72,action,789,78652,430,49,7,283,18,0,0
148,14/09/2026 13:11,72,action,851,78652,457,63,8,302,18,0,0
149,14/09/2026 13:11,72,action,789,78652,432,50,7,279,19,0,0
150,14/09/2026 13:11,72,action,781,78652,425,47,7,282,18,0,0
151,14/09/2026 13:11,72,action,787,78652,430,49,7,280,18,0,0
152,14/09/2026 13:11,72,action,795,78652,433,49,7,286,18,0,0
153,14/09/2026 13:11,72,action,786,78652,428,48,7,283,18,0,0
154,14/09/2026 13:12,72,action,804,78652,433,66,8,277,19,0,0
155,14/09/2026 13:12,72,action,788,78652,430,49,7,282,18,0,0
156,14/09/2026 13:12,72,action,824,78652,437,63,10,293,18,0,0
157,14/09/2026 13:12,72,action,798,78652,435,48,7,288,19,0,0
158,14/09/2026 13:12,72,action,808,78652,429,50,7,303,19,0,0
159,14/09/2026 13:12,72,action,801,78652,433,48,7,289,21,0,0
160,14/09/2026 13:12,72,action,788,78652,429,50,6,282,18,0,0
161,14/09/2026 13:12,72,action,788,78652,430,50,7,282,18,0,0
162,14/09/2026 13:12,72,action,804,78652,428,48,7,301,18,0,0
163,14/09/2026 13:12,72,action,810,78652,432,48,7,301,20,0,0
164,14/09/2026 13:12,72,action,782,78652,426,49,7,280,18,0,0
165,14/09/2026 13:12,72,action,786,78652,430,49,7,281,18,0,0
166,14/09/2026 13:12,72,action,784,78652,428,48,6,281,18,0,0
167,14/09/2026 13:12,72,action,791,78652,433,49,7,282,18,0,0
168,14/09/2026 13:12,72,action,786,78652,428,50,7,281,18,0,0
169,14/09/2026 13:12,72,action,784,78652,428,48,7,280,19,0,0
170,14/09/2026 13:12,72,action,797,78652,438,49,7,283,19,0,0
171,14/09/2026 13:12,72,action,792,78652,433,49,7,282,19,0,0
172,14/09/2026 13:12,72,action,783,78652,428,49,7,279,19,0,0
173,14/09/2026 13:12,72,action,784,78652,427,49,7,280,19,0,0
174,14/09/2026 13:12,72,action,808,78652,426,48,7,306,20,0,0
175,14/09/2026 13:12,72,action,790,78652,428,51,7,282,19,0,0
176,14/09/2026 13:12,72,action,802,78652,436,50,6,289,18,0,0
177,14/09/2026 13:12,72,action,789,78652,431,50,7,281,18,0,0
178,14/09/2026 13:12,72,action,805,78652,431,49,7,296,21,0,0
179,14/09/2026 13:12,72,action,787,78652,429,50,7,282,18,0,0
180,14/09/2026 13:12,72,action,792,78652,440,48,7,278,18,0,0
181,14/09/2026 13:12,72,action,838,78652,429,59,7,320,20,0,0
182,14/09/2026 13:12,72,action,784,78652,430,49,7,280,18,0,0
183,14/09/2026 13:12,72,action,842,78652,452,54,8,305,20,0,0
184,14/09/2026 13:12,72,action,789,78652,431,48,7,283,18,0,0
185,14/09/2026 13:12,72,action,812,78652,431,49,7,304,19,0,0
186,14/09/2026 13:12,72,action,840,78652,458,53,8,300,18,0,0
187,14/09/2026 13:12,72,action,784,78652,428,50,7,279,18,0,0
188,14/09/2026 13:12,72,action,797,78652,432,51,7,284,21,0,0
189,14/09/2026 13:12,72,action,814,78652,442,61,8,283,19,0,0
190,14/09/2026 13:12,72,action,786,78652,429,48,7,281,18,0,0
191,14/09/2026 13:12,72,action,803,78652,444,49,7,282,19,0,0
192,14/09/2026 13:12,72,action,785,78652,428,48,7,282,18,0,0
193,14/09/2026 13:12,72,action,796,78652,429,48,7,292,18,0,0
194,14/09/2026 13:12,72,action,780,78652,426,48,7,279,18,0,0
195,14/09/2026 13:12,72,action,843,78652,446,60,8,307,19,0,0
196,14/09/2026 13:12,72,action,816,78652,453,53,7,282,19,0,0
197,14/09/2026 13:12,72,action,812,78652,439,48,6,299,18,0,0
198,14/09/2026 13:12,72,action,802,78652,429,48,7,298,18,0,0
199,14/09/2026 13:12,72,action,795,78652,431,47,7,290,18,0,0
200,14/09/2026 13:12,72,action,802,78652,427,52,8,294,19,0,0
1,14/09/2026 13:15,9,resource,896,73425,527,46,6,298,17,0,0
2,14/09/2026 13:15,9,resource,728,73426,425,14,5,264,17,0,0
3,14/09/2026 13:15,9,resource,731,73425,427,15,5,265,18,0,0
4,14/09/2026 13:15,9,resource,755,73425,432,19,5,280,17,0,0
5,14/09/2026 13:15,9,resource,733,73425,431,14,5,263,18,0,0
6,14/09/2026 13:15,9,resource,733,73425,430,15,5,264,17,0,0
7,14/09/2026 13:15,9,resource,729,73425,427,15,5,263,17,0,0
8,14/09/2026 13:15,9,resource,730,73425,429,14,5,262,17,0,0
9,14/09/2026 13:15,9,resource,759,73425,441,17,5,277,17,0,0
10,14/09/2026 13:15,9,resource,735,73425,431,15,5,266,17,0,0
11,14/09/2026 13:15,9,resource,738,73426,431,16,5,268,17,0,0
12,14/09/2026 13:16,9,resource,755,73426,429,15,5,286,18,0,0
13,14/09/2026 13:16,9,resource,731,73425,427,15,5,265,17,0,0
14,14/09/2026 13:16,9,resource,730,73425,427,14,6,263,18,0,0
15,14/09/2026 13:16,9,resource,734,73425,430,14,5,265,18,0,0
16,14/09/2026 13:16,9,resource,733,73425,428,15,5,266,17,0,0
17,14/09/2026 13:16,9,resource,735,73426,428,15,6,267,18,0,0
18,14/09/2026 13:16,9,resource,737,73425,436,15,5,263,17,0,0
19,14/09/2026 13:16,9,resource,744,73425,429,16,5,276,17,0,0
20,14/09/2026 13:16,9,resource,740,73425,433,14,5,268,18,0,0
21,14/09/2026 13:16,9,resource,792,73425,456,17,6,293,18,0,0
22,14/09/2026 13:16,9,resource,778,73425,456,19,6,278,17,0,0
23,14/09/2026 13:16,9,resource,732,73425,427,15,5,265,17,0,0
24,14/09/2026 13:16,9,resource,754,73425,430,15,5,285,17,0,0
25,14/09/2026 13:16,9,resource,732,73425,428,16,5,264,17,0,0
26,14/09/2026 13:16,9,resource,731,73426,429,14,5,263,17,0,0
27,14/09/2026 13:16,9,resource,729,73425,428,14,5,262,17,0,0
28,14/09/2026 13:16,9,resource,726,73425,426,14,5,262,17,0,0
29,14/09/2026 13:16,9,resource,728,73425,426,16,5,263,17,0,0
30,14/09/2026 13:16,9,resource,731,73425,428,15,5,265,16,0,0
31,14/09/2026 13:16,9,resource,766,73425,441,18,6,281,18,0,0
32,14/09/2026 13:16,9,resource,769,73425,441,18,5,285,18,0,0
33,14/09/2026 13:16,9,resource,770,73425,436,20,6,288,19,0,0
34,14/09/2026 13:16,9,resource,757,73425,426,15,6,291,18,0,0
35,14/09/2026 13:16,9,resource,734,73425,429,14,5,266,17,0,0
36,14/09/2026 13:16,9,resource,730,73425,427,15,5,264,18,0,0
37,14/09/2026 13:16,9,resource,730,73425,426,14,5,265,17,0,0
38,14/09/2026 13:16,9,resource,769,73425,456,16,5,272,18,0,0
39,14/09/2026 13:16,9,resource,730,73425,428,14,5,264,17,0,0
40,14/09/2026 13:16,9,resource,770,73425,439,16,5,290,18,0,0
41,14/09/2026 13:16,9,resource,762,73425,440,19,5,279,18,0,0
42,14/09/2026 13:16,9,resource,730,73425,429,14,5,262,17,0,0
43,14/09/2026 13:16,9,resource,726,73425,427,15,5,261,17,0,0
44,14/09/2026 13:16,9,resource,735,73425,428,16,5,267,17,0,0
45,14/09/2026 13:16,9,resource,738,73425,432,15,5,267,17,0,0
46,14/09/2026 13:16,9,resource,747,73425,443,14,5,266,17,0,0
47,14/09/2026 13:16,9,resource,739,73425,432,15,5,266,18,0,0
48,14/09/2026 13:16,9,resource,735,73425,430,14,5,266,18,0,0
49,14/09/2026 13:16,9,resource,738,73425,427,15,5,271,17,0,0
50,14/09/2026 13:16,9,resource,728,73425,427,14,5,262,18,0,0
51,14/09/2026 13:16,9,resource,732,73425,429,14,5,265,17,0,0
52,14/09/2026 13:16,9,resource,760,73426,433,16,5,282,22,0,0
53,14/09/2026 13:16,9,resource,759,73425,431,17,6,281,22,0,0
54,14/09/2026 13:16,9,resource,771,73425,427,17,6,301,18,0,0
55,14/09/2026 13:16,9,resource,758,73425,433,17,5,283,17,0,0
56,14/09/2026 13:16,9,resource,732,73425,430,15,5,263,17,0,0
57,14/09/2026 13:16,9,resource,731,73425,431,14,5,262,17,0,0
58,14/09/2026 13:16,9,resource,730,73425,426,16,5,264,17,0,0
59,14/09/2026 13:16,9,resource,777,73425,444,17,5,284,24,0,0
60,14/09/2026 13:16,9,resource,730,73425,430,14,5,262,17,0,0
61,14/09/2026 13:16,9,resource,778,73425,443,19,6,290,19,0,0
62,14/09/2026 13:16,9,resource,728,73425,428,15,5,260,18,0,0
63,14/09/2026 13:16,9,resource,739,73425,427,15,6,271,18,0,0
64,14/09/2026 13:16,9,resource,730,73425,427,14,5,265,17,0,0
65,14/09/2026 13:16,9,resource,753,73425,431,14,5,282,18,0,0
66,14/09/2026 13:16,9,resource,736,73425,430,15,5,267,17,0,0
67,14/09/2026 13:16,9,resource,733,73425,429,15,5,265,17,0,0
68,14/09/2026 13:16,9,resource,754,73425,429,14,5,287,18,0,0
69,14/09/2026 13:16,9,resource,727,73425,426,14,5,262,18,0,0
70,14/09/2026 13:16,9,resource,733,73425,430,14,5,264,18,0,0
71,14/09/2026 13:16,9,resource,732,73425,427,15,5,266,18,0,0
72,14/09/2026 13:16,9,resource,762,73425,438,17,5,278,22,0,0
73,14/09/2026 13:16,9,resource,740,73425,435,14,5,267,18,0,0
74,14/09/2026 13:16,9,resource,758,73425,431,17,5,285,18,0,0
75,14/09/2026 13:16,9,resource,758,73425,443,16,5,275,17,0,0
76,14/09/2026 13:16,9,resource,738,73425,427,15,5,272,18,0,0
77,14/09/2026 13:16,9,resource,731,73425,429,15,5,262,17,0,0
78,14/09/2026 13:16,9,resource,728,73425,427,15,5,262,17,0,0
79,14/09/2026 13:16,9,resource,721,73425,423,14,5,260,17,0,0
80,14/09/2026 13:16,9,resource,726,73425,428,14,5,260,17,0,0
81,14/09/2026 13:16,9,resource,737,73425,432,15,5,266,17,0,0
82,14/09/2026 13:17,9,resource,727,73426,426,15,5,262,17,0,0
83,14/09/2026 13:17,9,resource,727,73425,427,14,5,263,17,0,0
84,14/09/2026 13:17,9,resource,729,73425,428,15,5,262,17,0,0
85,14/09/2026 13:17,9,resource,738,73425,432,14,5,266,17,0,0
86,14/09/2026 13:17,9,resource,736,73425,433,14,5,264,17,0,0
87,14/09/2026 13:17,9,resource,728,73425,425,15,5,263,17,0,0
88,14/09/2026 13:17,9,resource,731,73425,428,15,6,263,17,0,0
89,14/09/2026 13:17,9,resource,738,73425,433,15,5,266,18,0,0
90,14/09/2026 13:17,9,resource,739,73425,426,15,6,273,17,0,0
91,14/09/2026 13:17,9,resource,732,73425,429,15,5,264,18,0,0
92,14/09/2026 13:17,9,resource,731,73425,428,16,5,263,18,0,0
93,14/09/2026 13:17,9,resource,738,73425,438,14,5,261,17,0,0
94,14/09/2026 13:17,9,resource,728,73425,427,14,5,263,17,0,0
95,14/09/2026 13:17,9,resource,739,73425,431,15,6,269,17,0,0
96,14/09/2026 13:17,9,resource,735,73425,431,15,5,265,17,0,0
97,14/09/2026 13:17,9,resource,737,73425,432,14,6,266,17,0,0
98,14/09/2026 13:17,9,resource,736,73425,432,15,5,265,17,0,0
99,14/09/2026 13:17,9,resource,727,73425,425,15,5,262,18,0,0
100,14/09/2026 13:17,9,resource,750,73425,428,14,5,283,17,0,0
101,14/09/2026 13:17,9,resource,784,73425,447,21,6,291,18,0,0
102,14/09/2026 13:17,9,resource,746,73425,425,16,12,273,17,0,0
103,14/09/2026 13:17,9,resource,759,73425,440,19,5,276,18,0,0
104,14/09/2026 13:17,9,resource,730,73425,428,14,5,263,17,0,0
105,14/09/2026 13:17,9,resource,766,73425,436,19,6,285,18,0,0
106,14/09/2026 13:17,9,resource,753,73425,425,15,6,287,19,0,0
107,14/09/2026 13:17,9,resource,727,73425,428,14,5,261,17,0,0
108,14/09/2026 13:17,9,resource,769,73425,440,22,6,281,19,0,0
109,14/09/2026 13:17,9,resource,728,73425,426,15,5,262,18,0,0
110,14/09/2026 13:17,9,resource,741,73425,437,14,5,265,17,0,0
111,14/09/2026 13:17,9,resource,745,73425,432,15,5,272,18,0,0
112,14/09/2026 13:17,9,resource,741,73425,439,15,5,262,18,0,0
113,14/09/2026 13:17,9,resource,742,73426,440,15,5,263,17,0,0
114,14/09/2026 13:17,9,resource,727,73425,424,15,5,262,18,0,0
115,14/09/2026 13:17,9,resource,737,73425,433,16,5,264,17,0,0
116,14/09/2026 13:17,9,resource,760,73425,426,14,5,290,22,0,0
117,14/09/2026 13:17,9,resource,738,73425,432,15,5,266,18,0,0
118,14/09/2026 13:17,9,resource,750,73425,440,16,5,269,17,0,0
119,14/09/2026 13:17,9,resource,729,73425,428,15,5,262,17,0,0
120,14/09/2026 13:17,9,resource,728,73425,426,15,5,263,17,0,0
121,14/09/2026 13:17,9,resource,751,73425,430,16,5,281,17,0,0
122,14/09/2026 13:17,9,resource,770,73425,434,21,6,290,19,0,0
123,14/09/2026 13:17,9,resource,732,73425,431,14,5,262,17,0,0
124,14/09/2026 13:17,9,resource,731,73425,430,13,5,262,18,0,0
125,14/09/2026 13:17,9,resource,731,73425,430,15,5,262,17,0,0
126,14/09/2026 13:17,9,resource,731,73425,428,15,5,263,17,0,0
127,14/09/2026 13:17,9,resource,728,73425,425,14,5,263,17,0,0
128,14/09/2026 13:17,9,resource,732,73425,427,15,5,265,18,0,0
129,14/09/2026 13:17,9,resource,738,73425,431,14,5,267,19,0,0
130,14/09/2026 13:17,9,resource,727,73425,427,15,5,260,18,0,0
131,14/09/2026 13:17,9,resource,736,73425,437,14,6,261,17,0,0
132,14/09/2026 13:17,9,resource,744,73425,439,14,5,266,18,0,0
133,14/09/2026 13:17,9,resource,763,73425,428,15,5,295,19,0,0
134,14/09/2026 13:17,9,resource,724,73425,426,14,5,260,17,0,0
135,14/09/2026 13:17,9,resource,729,73425,428,14,5,263,17,0,0
136,14/09/2026 13:17,9,resource,730,73425,427,15,5,265,17,0,0
137,14/09/2026 13:17,9,resource,725,73425,426,14,5,261,17,0,0
138,14/09/2026 13:17,9,resource,778,73425,467,20,6,265,18,0,0
139,14/09/2026 13:17,9,resource,731,73425,428,14,5,264,17,0,0
140,14/09/2026 13:17,9,resource,743,73425,439,15,5,263,18,0,0
141,14/09/2026 13:17,9,resource,732,73425,428,15,5,265,17,0,0
142,14/09/2026 13:17,9,resource,733,73425,429,14,5,266,17,0,0
143,14/09/2026 13:17,9,resource,740,73425,439,14,5,261,18,0,0
144,14/09/2026 13:17,9,resource,743,73425,435,15,5,268,17,0,0
145,14/09/2026 13:17,9,resource,727,73425,426,15,5,261,17,0,0
146,14/09/2026 13:17,9,resource,743,73425,442,15,5,262,17,0,0
147,14/09/2026 13:17,9,resource,739,73425,432,15,5,267,19,0,0
148,14/09/2026 13:17,9,resource,745,73425,426,17,5,278,17,0,0
149,14/09/2026 13:17,9,resource,731,73425,428,15,5,262,18,0,0
150,14/09/2026 13:17,9,resource,732,73425,428,14,5,265,17,0,0
151,14/09/2026 13:17,9,resource,731,73425,429,15,5,263,17,0,0
152,14/09/2026 13:17,9,resource,797,73425,466,20,6,283,19,0,0
153,14/09/2026 13:18,9,resource,741,73425,442,14,5,261,17,0,0
154,14/09/2026 13:18,9,resource,727,73426,426,14,5,263,17,0,0
155,14/09/2026 13:18,9,resource,727,73425,426,14,5,262,17,0,0
156,14/09/2026 13:18,9,resource,729,73425,425,15,5,265,17,0,0
157,14/09/2026 13:18,9,resource,730,73425,426,15,5,264,18,0,0
158,14/09/2026 13:18,9,resource,730,73425,428,16,5,262,17,0,0
159,14/09/2026 13:18,9,resource,751,73425,446,15,5,265,18,0,0
160,14/09/2026 13:18,9,resource,724,73425,427,14,5,258,17,0,0
161,14/09/2026 13:18,9,resource,736,73425,430,16,5,266,17,0,0
162,14/09/2026 13:18,9,resource,731,73425,429,15,6,263,17,0,0
163,14/09/2026 13:18,9,resource,730,73425,429,15,5,262,18,0,0
164,14/09/2026 13:18,9,resource,751,73426,431,15,5,281,17,0,0
165,14/09/2026 13:18,9,resource,736,73425,428,15,5,269,18,0,0
166,14/09/2026 13:18,9,resource,739,73425,434,14,5,266,17,0,0
167,14/09/2026 13:18,9,resource,744,73425,441,17,5,261,17,0,0
168,14/09/2026 13:18,9,resource,739,73425,435,15,5,264,18,0,0
169,14/09/2026 13:18,9,resource,737,73425,430,15,5,267,18,0,0
170,14/09/2026 13:18,9,resource,735,73425,431,14,5,265,17,0,0
171,14/09/2026 13:18,9,resource,736,73425,425,15,5,269,20,0,0
172,14/09/2026 13:18,9,resource,733,73425,429,15,5,265,17,0,0
173,14/09/2026 13:18,9,resource,730,73425,428,14,5,263,17,0,0
174,14/09/2026 13:18,9,resource,739,73425,433,15,5,266,18,0,0
175,14/09/2026 13:18,9,resource,725,73425,423,14,5,263,17,0,0
176,14/09/2026 13:18,9,resource,731,73425,429,14,5,264,17,0,0
177,14/09/2026 13:18,9,resource,738,73425,433,15,5,266,18,0,0
178,14/09/2026 13:18,9,resource,729,73425,428,15,6,262,17,0,0
179,14/09/2026 13:18,9,resource,731,73425,428,14,5,264,17,0,0
180,14/09/2026 13:18,9,resource,730,73425,427,15,5,264,17,0,0
181,14/09/2026 13:18,9,resource,727,73425,429,14,5,260,17,0,0
182,14/09/2026 13:18,9,resource,783,73425,447,22,6,289,18,0,0
183,14/09/2026 13:18,9,resource,729,73425,427,15,5,263,17,0,0
184,14/09/2026 13:18,9,resource,728,73425,428,15,5,261,18,0,0
185,14/09/2026 13:18,9,resource,752,73426,441,17,5,268,18,0,0
186,14/09/2026 13:18,9,resource,734,73425,432,15,5,263,18,0,0
187,14/09/2026 13:18,9,resource,742,73425,429,14,5,274,18,0,0
188,14/09/2026 13:18,9,resource,730,73425,427,14,5,264,17,0,0
189,14/09/2026 13:18,9,resource,730,73425,427,15,5,263,18,0,0
190,14/09/2026 13:18,9,resource,764,73425,446,17,5,276,17,0,0
191,14/09/2026 13:18,9,resource,731,73425,428,15,5,264,17,0,0
192,14/09/2026 13:18,9,resource,733,73425,430,15,5,264,17,0,0
193,14/09/2026 13:18,9,resource,730,73425,430,14,5,262,17,0,0
194,14/09/2026 13:18,9,resource,731,73425,427,14,5,265,17,0,0
195,14/09/2026 13:18,9,resource,736,73425,432,15,5,265,18,0,0
196,14/09/2026 13:18,9,resource,745,73425,432,15,5,273,18,0,0
197,14/09/2026 13:18,9,resource,739,73426,440,15,5,259,17,0,0
198,14/09/2026 13:18,9,resource,757,73425,441,17,5,275,18,0,0
199,14/09/2026 13:18,9,resource,729,73427,430,14,5,260,17,0,0
200,14/09/2026 13:18,9,resource,748,73425,444,16,5,265,17,0,0
1,14/09/2026 13:18,18,resource,888,73425,516,61,6,286,16,0,0
2,14/09/2026 13:18,18,resource,779,73425,444,27,6,283,18,0,0
3,14/09/2026 13:18,18,resource,748,73425,425,27,5,270,18,0,0
4,14/09/2026 13:18,18,resource,764,73425,448,22,5,270,17,0,0
5,14/09/2026 13:18,18,resource,740,73425,426,22,6,268,17,0,0
6,14/09/2026 13:18,18,resource,739,73425,427,22,5,266,17,0,0
7,14/09/2026 13:18,18,resource,736,73425,425,22,5,265,17,0,0
8,14/09/2026 13:18,18,resource,773,73425,458,22,6,268,17,0,0
9,14/09/2026 13:18,18,resource,765,73425,429,21,6,289,18,0,0
10,14/09/2026 13:18,18,resource,736,73425,425,21,5,266,16,0,0
11,14/09/2026 13:18,18,resource,749,73425,438,21,5,266,17,0,0
12,14/09/2026 13:18,18,resource,782,73425,460,23,6,274,17,0,0
13,14/09/2026 13:18,18,resource,742,73425,429,21,5,267,17,0,0
14,14/09/2026 13:18,18,resource,740,73425,429,22,5,266,17,0,0
15,14/09/2026 13:18,18,resource,775,73425,439,24,6,287,17,0,0
16,14/09/2026 13:18,18,resource,787,73425,458,30,7,274,17,0,0
17,14/09/2026 13:18,18,resource,740,73425,428,21,5,267,17,0,0
18,14/09/2026 13:18,18,resource,748,73425,437,21,6,266,17,0,0
19,14/09/2026 13:18,18,resource,739,73425,426,23,6,266,17,0,0
20,14/09/2026 13:18,18,resource,740,73425,427,21,5,267,17,0,0
21,14/09/2026 13:18,18,resource,736,73425,426,22,6,264,17,0,0
22,14/09/2026 13:19,18,resource,741,73425,428,22,6,267,17,0,0
23,14/09/2026 13:19,18,resource,744,73425,430,21,6,268,17,0,0
24,14/09/2026 13:19,18,resource,746,73425,433,21,5,267,17,0,0
25,14/09/2026 13:19,18,resource,756,73425,430,22,5,280,17,0,0
26,14/09/2026 13:19,18,resource,792,73425,442,24,5,296,22,0,0
27,14/09/2026 13:19,18,resource,740,73425,426,22,6,267,17,0,0
28,14/09/2026 13:19,18,resource,741,73425,428,22,5,265,18,0,0
29,14/09/2026 13:19,18,resource,738,73425,426,21,5,266,17,0,0
30,14/09/2026 13:19,18,resource,786,73425,434,33,6,294,17,0,0
31,14/09/2026 13:19,18,resource,738,73425,425,21,6,267,17,0,0
32,14/09/2026 13:19,18,resource,739,73425,428,21,6,265,17,0,0
33,14/09/2026 13:19,18,resource,749,73425,437,22,5,266,17,0,0
34,14/09/2026 13:19,18,resource,745,73425,431,21,6,268,17,0,0
35,14/09/2026 13:19,18,resource,744,73425,430,22,5,269,17,0,0
36,14/09/2026 13:19,18,resource,741,73425,427,22,5,268,17,0,0
37,14/09/2026 13:19,18,resource,773,73425,433,22,5,292,18,0,0
38,14/09/2026 13:19,18,resource,739,73425,428,21,5,266,17,0,0
39,14/09/2026 13:19,18,resource,738,73425,427,22,5,266,17,0,0
40,14/09/2026 13:19,18,resource,747,73425,432,22,6,268,17,0,0
41,14/09/2026 13:19,18,resource,784,73425,429,29,6,300,18,0,0
42,14/09/2026 13:19,18,resource,751,73425,436,22,5,269,17,0,0
43,14/09/2026 13:19,18,resource,755,73425,427,23,5,280,18,0,0
44,14/09/2026 13:19,18,resource,741,73425,429,21,5,267,17,0,0
45,14/09/2026 13:19,18,resource,745,73425,429,22,6,269,17,0,0
46,14/09/2026 13:19,18,resource,799,73425,458,26,6,288,18,0,0
47,14/09/2026 13:19,18,resource,771,73425,432,24,6,290,18,0,0
48,14/09/2026 13:19,18,resource,744,73425,427,22,5,271,18,0,0
49,14/09/2026 13:19,18,resource,748,73425,432,22,6,270,17,0,0
50,14/09/2026 13:19,18,resource,778,73425,428,23,5,303,17,0,0
51,14/09/2026 13:19,18,resource,738,73425,426,22,5,266,17,0,0
52,14/09/2026 13:19,18,resource,791,73425,459,31,7,275,17,0,0
53,14/09/2026 13:19,18,resource,741,73425,428,22,5,266,17,0,0
54,14/09/2026 13:19,18,resource,741,73425,428,22,6,267,17,0,0
55,14/09/2026 13:19,18,resource,740,73425,428,22,5,266,18,0,0
56,14/09/2026 13:19,18,resource,759,73425,435,23,6,277,17,0,0
57,14/09/2026 13:19,18,resource,746,73425,431,22,6,269,17,0,0
58,14/09/2026 13:19,18,resource,742,73425,426,23,6,268,17,0,0
59,14/09/2026 13:19,18,resource,742,73425,431,22,5,265,17,0,0
60,14/09/2026 13:19,18,resource,740,73425,428,22,5,266,17,0,0
61,14/09/2026 13:19,18,resource,741,73425,429,22,5,265,17,0,0
62,14/09/2026 13:19,18,resource,744,73425,428,22,6,269,17,0,0
63,14/09/2026 13:19,18,resource,763,73425,442,24,5,273,18,0,0
64,14/09/2026 13:19,18,resource,745,73425,429,23,5,269,17,0,0
65,14/09/2026 13:19,18,resource,743,73425,430,23,5,266,17,0,0
66,14/09/2026 13:19,18,resource,740,73425,428,22,5,266,17,0,0
67,14/09/2026 13:19,18,resource,748,73425,428,22,5,274,17,0,0
68,14/09/2026 13:19,18,resource,740,73425,429,21,5,266,17,0,0
69,14/09/2026 13:19,18,resource,734,73425,425,21,6,264,17,0,0
70,14/09/2026 13:19,18,resource,736,73425,428,22,6,261,17,0,0
71,14/09/2026 13:19,18,resource,733,73425,423,22,5,264,17,0,0
72,14/09/2026 13:19,18,resource,762,73426,427,21,6,289,17,0,0
73,14/09/2026 13:19,18,resource,738,73425,426,22,6,266,17,0,0
74,14/09/2026 13:19,18,resource,750,73425,437,22,5,266,18,0,0
75,14/09/2026 13:19,18,resource,742,73425,426,23,5,269,17,0,0
76,14/09/2026 13:19,18,resource,748,73425,432,23,6,269,17,0,0
77,14/09/2026 13:19,18,resource,736,73425,425,23,5,264,17,0,0
78,14/09/2026 13:19,18,resource,746,73425,432,22,6,267,18,0,0
79,14/09/2026 13:19,18,resource,742,73425,429,22,5,266,17,0,0
80,14/09/2026 13:19,18,resource,758,73425,428,23,5,283,18,0,0
81,14/09/2026 13:19,18,resource,736,73425,428,21,6,263,17,0,0
82,14/09/2026 13:19,18,resource,737,73425,424,23,5,266,17,0,0
83,14/09/2026 13:19,18,resource,740,73425,426,22,6,267,17,0,0
84,14/09/2026 13:19,18,resource,743,73425,428,22,5,268,17,0,0
85,14/09/2026 13:19,18,resource,738,73425,427,21,5,265,17,0,0
86,14/09/2026 13:19,18,resource,739,73425,427,22,6,266,17,0,0
87,14/09/2026 13:19,18,resource,741,73425,428,21,5,267,17,0,0
88,14/09/2026 13:19,18,resource,749,73425,434,23,5,268,17,0,0
89,14/09/2026 13:19,18,resource,744,73425,429,21,5,268,18,0,0
90,14/09/2026 13:19,18,resource,744,73425,430,23,5,267,17,0,0
91,14/09/2026 13:20,18,resource,788,73425,439,27,7,294,19,0,0
92,14/09/2026 13:20,18,resource,740,73425,426,22,5,267,17,0,0
93,14/09/2026 13:20,18,resource,744,73425,431,21,5,266,17,0,0
94,14/09/2026 13:20,18,resource,740,73425,428,22,5,265,17,0,0
95,14/09/2026 13:20,18,resource,759,73425,429,22,5,285,16,0,0
96,14/09/2026 13:20,18,resource,740,73425,428,22,6,266,17,0,0
97,14/09/2026 13:20,18,resource,740,73425,429,22,5,265,17,0,0
98,14/09/2026 13:20,18,resource,743,73425,429,22,5,267,17,0,0
99,14/09/2026 13:20,18,resource,740,73425,428,22,5,266,17,0,0
100,14/09/2026 13:20,18,resource,738,73425,427,21,5,265,17,0,0
101,14/09/2026 13:20,18,resource,739,73425,426,21,5,266,17,0,0
102,14/09/2026 13:20,18,resource,744,73425,428,22,5,269,17,0,0
103,14/09/2026 13:20,18,resource,772,73425,428,25,7,293,17,0,0
104,14/09/2026 13:20,18,resource,767,73425,439,21,6,282,17,0,0
105,14/09/2026 13:20,18,resource,745,73425,431,22,5,268,17,0,0
106,14/09/2026 13:20,18,resource,743,73425,429,22,5,268,17,0,0
107,14/09/2026 13:20,18,resource,737,73425,424,22,5,267,17,0,0
108,14/09/2026 13:20,18,resource,737,73425,427,21,5,264,17,0,0
109,14/09/2026 13:20,18,resource,737,73425,426,22,6,265,17,0,0
110,14/09/2026 13:20,18,resource,743,73425,428,22,5,267,18,0,0
111,14/09/2026 13:20,18,resource,739,73425,428,21,5,266,17,0,0
112,14/09/2026 13:20,18,resource,741,73425,428,23,5,265,17,0,0
113,14/09/2026 13:20,18,resource,749,73425,428,21,5,276,17,0,0
114,14/09/2026 13:20,18,resource,744,73425,431,21,6,267,17,0,0
115,14/09/2026 13:20,18,resource,738,73425,427,22,6,264,17,0,0
116,14/09/2026 13:20,18,resource,739,73425,427,23,6,265,17,0,0
117,14/09/2026 13:20,18,resource,741,73426,428,22,6,266,17,0,0
118,14/09/2026 13:20,18,resource,743,73425,429,22,6,268,17,0,0
119,14/09/2026 13:20,18,resource,763,73425,429,22,5,289,17,0,0
120,14/09/2026 13:20,18,resource,738,73425,427,21,5,265,17,0,0
121,14/09/2026 13:20,18,resource,737,73425,425,22,5,266,17,0,0
122,14/09/2026 13:20,18,resource,766,73425,444,24,6,273,18,0,0
123,14/09/2026 13:20,18,resource,738,73425,427,21,5,265,17,0,0
124,14/09/2026 13:20,18,resource,742,73425,428,22,6,267,17,0,0
125,14/09/2026 13:20,18,resource,740,73425,429,22,5,264,17,0,0
126,14/09/2026 13:20,18,resource,775,73425,439,22,5,290,17,0,0
127,14/09/2026 13:20,18,resource,744,73425,430,23,6,266,17,0,0
128,14/09/2026 13:20,18,resource,741,73425,429,22,5,265,17,0,0
129,14/09/2026 13:20,18,resource,754,73425,439,22,6,268,17,0,0
130,14/09/2026 13:20,18,resource,736,73425,425,22,5,265,17,0,0
131,14/09/2026 13:20,18,resource,747,73425,431,23,5,268,17,0,0
132,14/09/2026 13:20,18,resource,733,73425,424,22,5,263,17,0,0
133,14/09/2026 13:20,18,resource,747,73425,436,21,5,266,17,0,0
134,14/09/2026 13:20,18,resource,744,73425,430,22,6,266,18,0,0
135,14/09/2026 13:20,18,resource,739,73425,428,22,6,265,17,0,0
136,14/09/2026 13:20,18,resource,747,73425,430,21,5,271,17,0,0
137,14/09/2026 13:20,18,resource,738,73426,427,22,6,265,17,0,0
138,14/09/2026 13:20,18,resource,736,73425,425,22,5,266,17,0,0
139,14/09/2026 13:20,18,resource,742,73425,429,22,5,268,17,0,0
140,14/09/2026 13:20,18,resource,767,73425,428,22,5,292,18,0,0
141,14/09/2026 13:20,18,resource,739,73425,428,22,6,264,17,0,0
142,14/09/2026 13:20,18,resource,739,73425,426,21,5,267,17,0,0
143,14/09/2026 13:20,18,resource,743,73425,428,22,6,269,17,0,0
144,14/09/2026 13:20,18,resource,779,73425,443,25,6,282,21,0,0
145,14/09/2026 13:20,18,resource,743,73425,429,22,5,266,18,0,0
146,14/09/2026 13:20,18,resource,770,73425,428,22,5,295,17,0,0
147,14/09/2026 13:20,18,resource,748,73425,430,22,5,270,17,0,0
148,14/09/2026 13:20,18,resource,741,73425,431,21,5,265,17,0,0
149,14/09/2026 13:20,18,resource,790,73425,446,25,5,294,17,0,0
150,14/09/2026 13:20,18,resource,756,73425,430,23,5,278,17,0,0
151,14/09/2026 13:20,18,resource,742,73425,428,22,6,267,17,0,0
152,14/09/2026 13:20,18,resource,753,73425,427,22,5,279,18,0,0
153,14/09/2026 13:20,18,resource,746,73425,431,21,5,269,17,0,0
154,14/09/2026 13:20,18,resource,741,73425,426,22,5,268,17,0,0
155,14/09/2026 13:20,18,resource,742,73425,427,23,5,268,17,0,0
156,14/09/2026 13:20,18,resource,742,73425,427,22,5,268,18,0,0
157,14/09/2026 13:20,18,resource,748,73425,433,22,5,269,17,0,0
158,14/09/2026 13:20,18,resource,781,73425,447,25,6,285,17,0,0
159,14/09/2026 13:20,18,resource,733,73425,428,22,5,259,17,0,0
160,14/09/2026 13:21,18,resource,787,73425,444,28,6,291,17,0,0
161,14/09/2026 13:21,18,resource,783,73425,440,28,6,291,17,0,0
162,14/09/2026 13:21,18,resource,743,73425,430,21,6,267,17,0,0
163,14/09/2026 13:21,18,resource,751,73425,431,23,6,272,17,0,0
164,14/09/2026 13:21,18,resource,748,73425,433,22,5,269,17,0,0
165,14/09/2026 13:21,18,resource,736,73425,427,21,5,265,16,0,0
166,14/09/2026 13:21,18,resource,751,73425,431,24,5,272,17,0,0
167,14/09/2026 13:21,18,resource,745,73425,430,22,5,269,17,0,0
168,14/09/2026 13:21,18,resource,743,73425,429,22,6,268,17,0,0
169,14/09/2026 13:21,18,resource,748,73425,432,23,5,270,17,0,0
170,14/09/2026 13:21,18,resource,740,73425,426,23,5,266,17,0,0
171,14/09/2026 13:21,18,resource,746,73425,431,23,5,267,18,0,0
172,14/09/2026 13:21,18,resource,772,73425,447,25,6,276,17,0,0
173,14/09/2026 13:21,18,resource,741,73425,429,21,5,267,17,0,0
174,14/09/2026 13:21,18,resource,742,73425,430,22,5,266,17,0,0
175,14/09/2026 13:21,18,resource,736,73425,425,21,5,265,17,0,0
176,14/09/2026 13:21,18,resource,748,73425,436,22,5,266,17,0,0
177,14/09/2026 13:21,18,resource,741,73425,427,23,5,267,17,0,0
178,14/09/2026 13:21,18,resource,759,73425,433,23,6,279,17,0,0
179,14/09/2026 13:21,18,resource,796,73425,429,23,6,319,17,0,0
180,14/09/2026 13:21,18,resource,745,73425,429,21,6,268,19,0,0
181,14/09/2026 13:21,18,resource,736,73425,423,22,6,266,17,0,0
182,14/09/2026 13:21,18,resource,759,73425,434,24,6,277,17,0,0
183,14/09/2026 13:21,18,resource,742,73425,429,22,5,266,17,0,0
184,14/09/2026 13:21,18,resource,753,73425,430,23,5,276,17,0,0
185,14/09/2026 13:21,18,resource,743,73425,430,22,5,267,17,0,0
186,14/09/2026 13:21,18,resource,783,73425,444,24,6,290,17,0,0
187,14/09/2026 13:21,18,resource,739,73425,426,22,6,267,17,0,0
188,14/09/2026 13:21,18,resource,790,73425,434,23,6,307,18,0,0
189,14/09/2026 13:21,18,resource,740,73425,428,23,5,265,17,0,0
190,14/09/2026 13:21,18,resource,742,73425,425,24,5,268,18,0,0
191,14/09/2026 13:21,18,resource,745,73425,430,22,5,268,17,0,0
192,14/09/2026 13:21,18,resource,773,73425,429,22,6,298,17,0,0
193,14/09/2026 13:21,18,resource,735,73426,426,20,5,265,17,0,0
194,14/09/2026 13:21,18,resource,743,73425,428,22,5,268,17,0,0
195,14/09/2026 13:21,18,resource,745,73425,431,21,5,267,17,0,0
196,14/09/2026 13:21,18,resource,743,73425,428,23,5,268,17,0,0
197,14/09/2026 13:21,18,resource,734,73425,423,22,5,265,17,0,0
198,14/09/2026 13:21,18,resource,736,73425,425,21,5,265,17,0,0
199,14/09/2026 13:21,18,resource,746,73425,431,22,6,269,17,0,0
200,14/09/2026 13:21,18,resource,738,73425,426,22,6,265,17,0,0
1,14/09/2026 13:21,27,resource,956,73410,524,82,6,321,21,0,0
2,14/09/2026 13:21,27,resource,753,73410,429,26,6,272,18,0,0
3,14/09/2026 13:21,27,resource,760,73409,432,31,6,272,18,0,0
4,14/09/2026 13:21,27,resource,768,73409,427,28,5,282,24,0,0
5,14/09/2026 13:21,27,resource,751,73409,428,27,5,270,18,0,0
6,14/09/2026 13:21,27,resource,757,73409,431,31,5,270,18,0,0
7,14/09/2026 13:21,27,resource,755,73409,429,29,6,271,18,0,0
8,14/09/2026 13:21,27,resource,762,73410,433,34,5,270,18,0,0
9,14/09/2026 13:21,27,resource,773,73409,444,33,6,270,18,0,0
10,14/09/2026 13:21,27,resource,758,73410,436,28,6,269,18,0,0
11,14/09/2026 13:21,27,resource,801,73409,451,29,6,291,23,0,0
12,14/09/2026 13:21,27,resource,822,73410,470,28,6,296,21,0,0
13,14/09/2026 13:21,27,resource,793,73410,436,31,8,297,19,0,0
14,14/09/2026 13:21,27,resource,761,73409,439,27,5,269,18,0,0
15,14/09/2026 13:21,27,resource,752,73410,429,29,5,270,18,0,0
16,14/09/2026 13:21,27,resource,790,73409,437,32,8,291,19,0,0
17,14/09/2026 13:21,27,resource,749,73410,427,28,5,270,18,0,0
18,14/09/2026 13:21,27,resource,757,73409,433,28,5,271,18,0,0
19,14/09/2026 13:21,27,resource,749,73409,428,28,5,268,18,0,0
20,14/09/2026 13:21,27,resource,749,73409,425,28,6,270,18,0,0
21,14/09/2026 13:21,27,resource,739,73410,420,27,5,267,18,0,0
22,14/09/2026 13:21,27,resource,751,73409,426,28,6,271,18,0,0
23,14/09/2026 13:21,27,resource,754,73409,432,28,6,270,18,0,0
24,14/09/2026 13:21,27,resource,747,73409,426,27,5,269,18,0,0
25,14/09/2026 13:21,27,resource,777,73409,428,30,5,293,19,0,0
26,14/09/2026 13:21,27,resource,758,73409,432,28,5,273,18,0,0
27,14/09/2026 13:21,27,resource,845,73409,467,32,8,317,18,0,0
28,14/09/2026 13:22,27,resource,789,73409,443,31,6,289,18,0,0
29,14/09/2026 13:22,27,resource,775,73409,444,26,5,279,18,0,0
30,14/09/2026 13:22,27,resource,766,73409,434,27,5,280,18,0,0
31,14/09/2026 13:22,27,resource,752,73410,429,27,6,271,18,0,0
32,14/09/2026 13:22,27,resource,751,73409,428,29,6,268,18,0,0
33,14/09/2026 13:22,27,resource,756,73410,432,29,5,270,19,0,0
34,14/09/2026 13:22,27,resource,752,73410,428,27,5,272,18,0,0
35,14/09/2026 13:22,27,resource,750,73410,427,28,5,269,18,0,0
36,14/09/2026 13:22,27,resource,749,73409,426,28,5,268,18,0,0
37,14/09/2026 13:22,27,resource,762,73409,431,28,5,278,18,0,0
38,14/09/2026 13:22,27,resource,759,73409,437,27,5,269,18,0,0
39,14/09/2026 13:22,27,resource,748,73409,427,28,5,268,18,0,0
40,14/09/2026 13:22,27,resource,760,73410,437,27,5,270,18,0,0
41,14/09/2026 13:22,27,resource,758,73409,433,28,5,272,18,0,0
42,14/09/2026 13:22,27,resource,748,73409,424,28,5,270,18,0,0
43,14/09/2026 13:22,27,resource,827,73409,443,32,8,321,21,0,0
44,14/09/2026 13:22,27,resource,790,73409,431,28,6,295,29,0,0
45,14/09/2026 13:22,27,resource,750,73409,428,28,6,268,18,0,0
46,14/09/2026 13:22,27,resource,749,73409,429,27,5,268,18,0,0
47,14/09/2026 13:22,27,resource,750,73410,428,27,5,269,18,0,0
48,14/09/2026 13:22,27,resource,755,73410,429,28,6,273,18,0,0
49,14/09/2026 13:22,27,resource,750,73409,427,27,5,270,18,0,0
50,14/09/2026 13:22,27,resource,787,73409,432,31,8,296,18,0,0
51,14/09/2026 13:22,27,resource,798,73409,454,30,6,289,18,0,0
52,14/09/2026 13:22,27,resource,750,73409,429,27,5,270,18,0,0
53,14/09/2026 13:22,27,resource,749,73409,429,27,5,268,18,0,0
54,14/09/2026 13:22,27,resource,760,73409,434,30,6,271,18,0,0
55,14/09/2026 13:22,27,resource,747,73409,426,28,6,268,17,0,0
56,14/09/2026 13:22,27,resource,785,73409,446,29,6,285,18,0,0
57,14/09/2026 13:22,27,resource,764,73409,437,28,5,273,18,0,0
58,14/09/2026 13:22,27,resource,756,73409,431,28,5,272,18,0,0
59,14/09/2026 13:22,27,resource,747,73411,425,29,5,268,18,0,0
60,14/09/2026 13:22,27,resource,801,73410,437,31,8,305,18,0,0
61,14/09/2026 13:22,27,resource,798,73410,426,35,7,305,23,0,0
62,14/09/2026 13:22,27,resource,777,73409,437,28,5,286,19,0,0
63,14/09/2026 13:22,27,resource,755,73409,430,29,5,271,18,0,0
64,14/09/2026 13:22,27,resource,756,73409,429,28,5,274,18,0,0
65,14/09/2026 13:22,27,resource,751,73409,428,27,5,271,18,0,0
66,14/09/2026 13:22,27,resource,786,73410,424,28,6,298,28,0,0
67,14/09/2026 13:22,27,resource,751,73409,427,28,5,270,18,0,0
68,14/09/2026 13:22,27,resource,749,73409,426,28,6,270,18,0,0
69,14/09/2026 13:22,27,resource,749,73409,426,28,5,269,17,0,0
70,14/09/2026 13:22,27,resource,794,73409,442,29,6,293,23,0,0
71,14/09/2026 13:22,27,resource,759,73409,432,28,6,273,18,0,0
72,14/09/2026 13:22,27,resource,761,73410,426,28,5,281,19,0,0
73,14/09/2026 13:22,27,resource,751,73409,427,27,5,272,18,0,0
74,14/09/2026 13:22,27,resource,751,73410,427,27,5,271,18,0,0
75,14/09/2026 13:22,27,resource,802,73409,449,32,6,290,23,0,0
76,14/09/2026 13:22,27,resource,746,73409,425,28,6,268,18,0,0
77,14/09/2026 13:22,27,resource,747,73409,426,28,5,268,18,0,0
78,14/09/2026 13:22,27,resource,748,73409,427,27,5,269,18,0,0
79,14/09/2026 13:22,27,resource,797,73409,439,36,6,296,18,0,0
80,14/09/2026 13:22,27,resource,776,73410,451,29,5,271,18,0,0
81,14/09/2026 13:22,27,resource,755,73409,428,29,6,272,18,0,0
82,14/09/2026 13:22,27,resource,795,73409,438,31,6,300,18,0,0
83,14/09/2026 13:22,27,resource,774,73410,433,27,6,285,23,0,0
84,14/09/2026 13:22,27,resource,752,73410,428,27,6,271,18,0,0
85,14/09/2026 13:22,27,resource,759,73410,432,28,6,273,18,0,0
86,14/09/2026 13:22,27,resource,754,73409,429,29,5,272,18,0,0
87,14/09/2026 13:22,27,resource,755,73409,430,29,6,271,18,0,0
88,14/09/2026 13:22,27,resource,793,73409,440,31,6,296,18,0,0
89,14/09/2026 13:22,27,resource,780,73409,428,28,5,299,18,0,0
90,14/09/2026 13:22,27,resource,751,73409,430,27,5,270,17,0,0
91,14/09/2026 13:22,27,resource,755,73409,427,29,5,274,18,0,0
92,14/09/2026 13:22,27,resource,747,73411,427,27,6,268,18,0,0
93,14/09/2026 13:22,27,resource,747,73409,426,28,5,268,17,0,0
94,14/09/2026 13:22,27,resource,748,73409,425,28,5,270,18,0,0
95,14/09/2026 13:23,27,resource,811,73410,441,30,8,307,23,0,0
96,14/09/2026 13:23,27,resource,758,73409,432,28,6,273,17,0,0
97,14/09/2026 13:23,27,resource,754,73409,430,27,6,271,18,0,0
98,14/09/2026 13:23,27,resource,751,73410,428,28,6,269,18,0,0
99,14/09/2026 13:23,27,resource,749,73409,427,28,5,270,18,0,0
100,14/09/2026 13:23,27,resource,759,73409,435,27,5,271,19,0,0
101,14/09/2026 13:23,27,resource,796,73409,442,31,6,295,19,0,0
102,14/09/2026 13:23,27,resource,766,73410,427,27,5,287,19,0,0
103,14/09/2026 13:23,27,resource,785,73410,431,33,6,295,18,0,0
104,14/09/2026 13:23,27,resource,749,73409,427,28,6,269,17,0,0
105,14/09/2026 13:23,27,resource,760,73410,433,28,5,273,18,0,0
106,14/09/2026 13:23,27,resource,746,73409,427,28,6,266,18,0,0
107,14/09/2026 13:23,27,resource,750,73410,428,28,5,269,18,0,0
108,14/09/2026 13:23,27,resource,757,73410,436,28,5,268,17,0,0
109,14/09/2026 13:23,27,resource,751,73410,429,28,5,270,17,0,0
110,14/09/2026 13:23,27,resource,748,73409,427,28,5,268,18,0,0
111,14/09/2026 13:23,27,resource,764,73410,430,28,5,279,19,0,0
112,14/09/2026 13:23,27,resource,757,73409,428,27,5,276,19,0,0
113,14/09/2026 13:23,27,resource,793,73409,430,29,6,294,32,0,0
114,14/09/2026 13:23,27,resource,756,73409,430,28,6,272,18,0,0
115,14/09/2026 13:23,27,resource,748,73409,429,26,5,268,17,0,0
116,14/09/2026 13:23,27,resource,749,73409,428,28,5,268,18,0,0
117,14/09/2026 13:23,27,resource,749,73410,429,27,6,269,17,0,0
118,14/09/2026 13:23,27,resource,750,73410,426,29,5,271,18,0,0
119,14/09/2026 13:23,27,resource,752,73409,430,28,6,269,18,0,0
120,14/09/2026 13:23,27,resource,750,73409,427,28,5,270,18,0,0
121,14/09/2026 13:23,27,resource,753,73410,430,28,5,270,18,0,0
122,14/09/2026 13:23,27,resource,802,73410,447,32,6,297,18,0,0
123,14/09/2026 13:23,27,resource,755,73409,430,29,5,270,18,0,0
124,14/09/2026 13:23,27,resource,754,73410,433,28,6,267,18,0,0
125,14/09/2026 13:23,27,resource,806,73409,450,30,6,297,21,0,0
126,14/09/2026 13:23,27,resource,786,73409,427,30,6,292,30,0,0
127,14/09/2026 13:23,27,resource,747,73410,424,28,5,270,18,0,0
128,14/09/2026 13:23,27,resource,747,73409,427,26,5,269,18,0,0
129,14/09/2026 13:23,27,resource,756,73409,430,30,6,270,18,0,0
130,14/09/2026 13:23,27,resource,758,73410,431,28,6,272,19,0,0
131,14/09/2026 13:23,27,resource,786,73409,437,29,5,294,18,0,0
132,14/09/2026 13:23,27,resource,746,73410,427,27,5,267,17,0,0
133,14/09/2026 13:23,27,resource,755,73410,431,28,6,272,18,0,0
134,14/09/2026 13:23,27,resource,801,73410,446,30,6,299,18,0,0
135,14/09/2026 13:23,27,resource,752,73409,428,29,5,270,18,0,0
136,14/09/2026 13:23,27,resource,750,73410,427,27,5,272,18,0,0
137,14/09/2026 13:23,27,resource,755,73409,429,29,5,271,18,0,0
138,14/09/2026 13:23,27,resource,774,73409,430,28,6,290,18,0,0
139,14/09/2026 13:23,27,resource,754,73409,429,28,6,271,18,0,0
140,14/09/2026 13:23,27,resource,752,73410,428,28,6,270,18,0,0
141,14/09/2026 13:23,27,resource,763,73410,440,29,6,269,18,0,0
142,14/09/2026 13:23,27,resource,758,73410,432,30,5,271,18,0,0
143,14/09/2026 13:23,27,resource,747,73409,425,28,5,269,17,0,0
144,14/09/2026 13:23,27,resource,768,73409,431,29,6,282,18,0,0
145,14/09/2026 13:23,27,resource,752,73410,429,29,5,269,17,0,0
146,14/09/2026 13:23,27,resource,752,73409,429,28,5,270,17,0,0
147,14/09/2026 13:23,27,resource,758,73409,432,28,6,273,18,0,0
148,14/09/2026 13:23,27,resource,748,73409,427,27,5,269,17,0,0
149,14/09/2026 13:23,27,resource,761,73409,433,28,6,274,18,0,0
150,14/09/2026 13:23,27,resource,762,73409,435,29,5,273,18,0,0
151,14/09/2026 13:23,27,resource,774,73410,451,27,5,271,18,0,0
152,14/09/2026 13:23,27,resource,749,73410,427,27,6,270,18,0,0
153,14/09/2026 13:23,27,resource,751,73410,428,26,5,271,18,0,0
154,14/09/2026 13:23,27,resource,753,73409,430,30,5,269,18,0,0
155,14/09/2026 13:23,27,resource,749,73409,427,28,5,268,18,0,0
156,14/09/2026 13:23,27,resource,765,73409,429,28,5,282,19,0,0
157,14/09/2026 13:23,27,resource,749,73410,427,27,5,270,18,0,0
158,14/09/2026 13:23,27,resource,750,73409,427,28,5,270,18,0,0
159,14/09/2026 13:23,27,resource,752,73409,428,28,6,271,18,0,0
160,14/09/2026 13:23,27,resource,781,73409,439,27,6,285,23,0,0
161,14/09/2026 13:23,27,resource,747,73409,426,28,5,268,18,0,0
162,14/09/2026 13:23,27,resource,789,73409,456,30,6,278,18,0,0
163,14/09/2026 13:24,27,resource,799,73409,446,32,8,293,18,0,0
164,14/09/2026 13:24,27,resource,747,73410,426,28,6,268,17,0,0
165,14/09/2026 13:24,27,resource,749,73409,428,27,5,268,18,0,0
166,14/09/2026 13:24,27,resource,761,73409,438,29,6,269,18,0,0
167,14/09/2026 13:24,27,resource,752,73409,430,27,5,269,17,0,0
168,14/09/2026 13:24,27,resource,753,73409,431,27,5,270,18,0,0
169,14/09/2026 13:24,27,resource,750,73410,428,28,5,269,17,0,0
170,14/09/2026 13:24,27,resource,750,73409,429,26,5,269,18,0,0
171,14/09/2026 13:24,27,resource,751,73409,427,28,5,270,18,0,0
172,14/09/2026 13:24,27,resource,762,73409,438,29,6,269,18,0,0
173,14/09/2026 13:24,27,resource,763,73409,427,29,5,282,18,0,0
174,14/09/2026 13:24,27,resource,780,73410,433,32,6,289,18,0,0
175,14/09/2026 13:24,27,resource,751,73410,427,28,5,271,18,0,0
176,14/09/2026 13:24,27,resource,750,73409,427,27,6,271,18,0,0
177,14/09/2026 13:24,27,resource,754,73409,431,27,5,270,19,0,0
178,14/09/2026 13:24,27,resource,749,73409,427,27,5,270,18,0,0
179,14/09/2026 13:24,27,resource,816,73410,462,29,6,295,23,0,0
180,14/09/2026 13:24,27,resource,754,73409,430,31,5,268,18,0,0
181,14/09/2026 13:24,27,resource,752,73409,429,28,6,271,18,0,0
182,14/09/2026 13:24,27,resource,765,73410,439,28,6,272,18,0,0
183,14/09/2026 13:24,27,resource,753,73409,428,29,5,271,17,0,0
184,14/09/2026 13:24,27,resource,759,73410,433,29,5,272,18,0,0
185,14/09/2026 13:24,27,resource,800,73410,435,38,8,299,19,0,0
186,14/09/2026 13:24,27,resource,756,73410,430,29,6,271,18,0,0
187,14/09/2026 13:24,27,resource,799,73410,443,32,6,297,19,0,0
188,14/09/2026 13:24,27,resource,772,73410,432,32,7,280,19,0,0
189,14/09/2026 13:24,27,resource,797,73409,445,33,6,294,18,0,0
190,14/09/2026 13:24,27,resource,749,73409,426,27,5,271,18,0,0
191,14/09/2026 13:24,27,resource,747,73409,426,28,5,268,18,0,0
192,14/09/2026 13:24,27,resource,753,73409,428,28,5,271,18,0,0
193,14/09/2026 13:24,27,resource,750,73409,427,28,6,269,18,0,0
194,14/09/2026 13:24,27,resource,765,73410,433,28,6,278,19,0,0
195,14/09/2026 13:24,27,resource,753,73410,427,28,6,272,18,0,0
196,14/09/2026 13:24,27,resource,765,73410,432,28,6,279,19,0,0
197,14/09/2026 13:24,27,resource,753,73409,429,28,6,271,18,0,0
198,14/09/2026 13:24,27,resource,753,73410,430,28,6,269,18,0,0
199,14/09/2026 13:24,27,resource,749,73409,429,27,5,269,17,0,0
200,14/09/2026 13:24,27,resource,800,73409,443,30,6,300,19,0,0
1,14/09/2026 13:24,36,resource,907,73410,527,62,6,292,18,0,0
2,14/09/2026 13:24,36,resource,778,73410,436,35,6,281,18,0,0
3,14/09/2026 13:24,36,resource,765,73409,433,33,6,274,18,0,0
4,14/09/2026 13:24,36,resource,761,73409,429,33,6,274,18,0,0
5,14/09/2026 13:24,36,resource,777,73409,431,33,6,287,18,0,0
6,14/09/2026 13:24,36,resource,754,73410,428,32,6,269,18,0,0
7,14/09/2026 13:24,36,resource,777,73409,428,33,6,291,18,0,0
8,14/09/2026 13:24,36,resource,764,73409,430,34,6,274,18,0,0
9,14/09/2026 13:24,36,resource,757,73409,428,33,6,270,18,0,0
10,14/09/2026 13:24,36,resource,755,73410,427,31,6,271,18,0,0
11,14/09/2026 13:24,36,resource,772,73409,439,33,6,275,18,0,0
12,14/09/2026 13:24,36,resource,767,73410,438,32,6,271,18,0,0
13,14/09/2026 13:24,36,resource,763,73410,431,34,6,273,18,0,0
14,14/09/2026 13:24,36,resource,768,73410,438,32,6,271,18,0,0
15,14/09/2026 13:24,36,resource,753,73410,425,33,6,270,18,0,0
16,14/09/2026 13:24,36,resource,761,73409,428,34,6,273,18,0,0
17,14/09/2026 13:24,36,resource,758,73409,429,33,6,270,18,0,0
18,14/09/2026 13:24,36,resource,758,73410,429,32,6,272,18,0,0
19,14/09/2026 13:24,36,resource,763,73410,427,33,6,273,23,0,0
20,14/09/2026 13:24,36,resource,758,73409,428,33,5,272,18,0,0
21,14/09/2026 13:24,36,resource,765,73410,437,32,6,270,18,0,0
22,14/09/2026 13:24,36,resource,760,73410,428,34,6,272,18,0,0
23,14/09/2026 13:24,36,resource,759,73410,430,33,6,271,18,0,0
24,14/09/2026 13:24,36,resource,749,73411,418,33,6,272,18,0,0
25,14/09/2026 13:24,36,resource,788,73410,428,40,7,294,18,0,0
26,14/09/2026 13:24,36,resource,763,73410,428,32,5,278,18,0,0
27,14/09/2026 13:24,36,resource,763,73410,430,33,6,274,18,0,0
28,14/09/2026 13:24,36,resource,764,73410,429,35,10,270,18,0,0
29,14/09/2026 13:24,36,resource,767,73410,434,34,5,273,18,0,0
30,14/09/2026 13:25,36,resource,756,73410,427,33,5,271,18,0,0
31,14/09/2026 13:25,36,resource,788,73410,461,33,6,268,18,0,0
32,14/09/2026 13:25,36,resource,816,73410,432,39,9,315,20,0,0
33,14/09/2026 13:25,36,resource,765,73409,430,38,6,272,18,0,0
34,14/09/2026 13:25,36,resource,765,73410,437,32,5,271,18,0,0
35,14/09/2026 13:25,36,resource,756,73409,428,33,6,270,18,0,0
36,14/09/2026 13:25,36,resource,776,73409,426,32,5,293,18,0,0
37,14/09/2026 13:25,36,resource,758,73410,428,34,6,269,18,0,0
38,14/09/2026 13:25,36,resource,810,73409,436,40,8,305,18,0,0
39,14/09/2026 13:25,36,resource,758,73410,429,31,6,272,18,0,0
40,14/09/2026 13:25,36,resource,787,73410,429,32,6,295,22,0,0
41,14/09/2026 13:25,36,resource,763,73409,428,33,6,276,18,0,0
42,14/09/2026 13:25,36,resource,762,73410,431,33,6,272,18,0,0
43,14/09/2026 13:25,36,resource,771,73410,439,33,6,273,18,0,0
44,14/09/2026 13:25,36,resource,755,73410,428,32,6,269,18,0,0
45,14/09/2026 13:25,36,resource,775,73410,428,42,8,277,18,0,0
46,14/09/2026 13:25,36,resource,763,73410,431,32,5,274,18,0,0
47,14/09/2026 13:25,36,resource,771,73409,442,33,6,271,18,0,0
48,14/09/2026 13:25,36,resource,752,73410,425,33,6,268,18,0,0
49,14/09/2026 13:25,36,resource,815,73410,446,44,7,297,19,0,0
50,14/09/2026 13:25,36,resource,762,73410,429,34,6,272,18,0,0
51,14/09/2026 13:25,36,resource,814,73410,450,41,7,295,19,0,0
52,14/09/2026 13:25,36,resource,776,73409,437,44,6,270,18,0,0
53,14/09/2026 13:25,36,resource,784,73410,429,33,6,296,18,0,0
54,14/09/2026 13:25,36,resource,768,73410,429,33,6,280,18,0,0
55,14/09/2026 13:25,36,resource,760,73409,430,32,6,272,18,0,0
56,14/09/2026 13:25,36,resource,797,73410,455,45,6,271,18,0,0
57,14/09/2026 13:25,36,resource,787,73410,435,46,7,279,18,0,0
58,14/09/2026 13:25,36,resource,765,73410,435,34,6,270,18,0,0
59,14/09/2026 13:25,36,resource,762,73410,430,33,6,273,18,0,0
60,14/09/2026 13:25,36,resource,759,73410,427,33,6,273,18,0,0
61,14/09/2026 13:25,36,resource,758,73410,427,34,6,271,18,0,0
62,14/09/2026 13:25,36,resource,752,73410,426,32,6,269,17,0,0
63,14/09/2026 13:25,36,resource,758,73410,429,32,6,272,18,0,0
64,14/09/2026 13:25,36,resource,755,73410,427,31,6,271,18,0,0
65,14/09/2026 13:25,36,resource,758,73410,430,32,5,270,18,0,0
66,14/09/2026 13:25,36,resource,757,73410,428,33,5,271,18,0,0
67,14/09/2026 13:25,36,resource,817,73410,438,37,6,302,31,0,0
68,14/09/2026 13:25,36,resource,756,73410,428,32,6,270,18,0,0
69,14/09/2026 13:25,36,resource,800,73410,458,42,7,274,18,0,0
70,14/09/2026 13:25,36,resource,752,73409,426,34,6,267,18,0,0
71,14/09/2026 13:25,36,resource,762,73410,428,34,6,275,18,0,0
72,14/09/2026 13:25,36,resource,765,73409,433,33,6,273,18,0,0
73,14/09/2026 13:25,36,resource,763,73410,428,32,6,278,18,0,0
74,14/09/2026 13:25,36,resource,808,73410,448,45,6,288,19,0,0
75,14/09/2026 13:25,36,resource,762,73410,432,34,6,271,18,0,0
76,14/09/2026 13:25,36,resource,757,73410,429,32,6,271,18,0,0
77,14/09/2026 13:25,36,resource,757,73410,428,33,6,270,18,0,0
78,14/09/2026 13:25,36,resource,787,73410,428,32,6,301,18,0,0
79,14/09/2026 13:25,36,resource,758,73410,427,33,6,272,18,0,0
80,14/09/2026 13:25,36,resource,773,73410,437,31,6,279,18,0,0
81,14/09/2026 13:25,36,resource,756,73410,428,33,6,270,18,0,0
82,14/09/2026 13:25,36,resource,758,73410,428,33,5,272,18,0,0
83,14/09/2026 13:25,36,resource,755,73409,427,32,6,270,18,0,0
84,14/09/2026 13:25,36,resource,792,73410,428,41,8,294,18,0,0
85,14/09/2026 13:25,36,resource,753,73410,425,33,6,270,18,0,0
86,14/09/2026 13:25,36,resource,768,73409,436,36,5,271,18,0,0
87,14/09/2026 13:25,36,resource,756,73409,427,33,6,271,18,0,0
88,14/09/2026 13:25,36,resource,755,73409,427,32,6,271,18,0,0
89,14/09/2026 13:25,36,resource,778,73409,431,34,6,287,19,0,0
90,14/09/2026 13:25,36,resource,760,73410,431,32,6,272,18,0,0
91,14/09/2026 13:25,36,resource,763,73410,428,35,6,274,18,0,0
92,14/09/2026 13:25,36,resource,755,73410,426,32,6,271,18,0,0
93,14/09/2026 13:25,36,resource,759,73410,428,33,5,273,18,0,0
94,14/09/2026 13:25,36,resource,754,73410,428,32,5,269,18,0,0
95,14/09/2026 13:25,36,resource,757,73410,429,32,6,271,18,0,0
96,14/09/2026 13:25,36,resource,762,73409,431,32,6,273,18,0,0
97,14/09/2026 13:26,36,resource,803,73410,433,43,7,301,18,0,0
98,14/09/2026 13:26,36,resource,757,73410,430,33,6,269,18,0,0
99,14/09/2026 13:26,36,resource,779,73409,430,31,6,292,19,0,0
100,14/09/2026 13:26,36,resource,757,73409,426,34,6,272,18,0,0
101,14/09/2026 13:26,36,resource,761,73409,431,33,5,272,18,0,0
102,14/09/2026 13:26,36,resource,764,73409,437,31,6,270,18,0,0
103,14/09/2026 13:26,36,resource,757,73409,427,33,6,271,18,0,0
104,14/09/2026 13:26,36,resource,765,73411,431,33,6,275,18,0,0
105,14/09/2026 13:26,36,resource,754,73409,428,31,6,269,18,0,0
106,14/09/2026 13:26,36,resource,757,73411,428,32,6,271,18,0,0
107,14/09/2026 13:26,36,resource,769,73409,440,33,6,270,18,0,0
108,14/09/2026 13:26,36,resource,761,73409,432,32,6,272,18,0,0
109,14/09/2026 13:26,36,resource,756,73410,429,33,6,270,17,0,0
110,14/09/2026 13:26,36,resource,764,73410,432,32,6,274,18,0,0
111,14/09/2026 13:26,36,resource,759,73410,427,34,6,273,18,0,0
112,14/09/2026 13:26,36,resource,756,73410,427,32,6,271,18,0,0
113,14/09/2026 13:26,36,resource,784,73409,427,34,5,297,18,0,0
114,14/09/2026 13:26,36,resource,756,73410,428,31,5,272,18,0,0
115,14/09/2026 13:26,36,resource,758,73409,426,34,6,272,18,0,0
116,14/09/2026 13:26,36,resource,756,73411,427,32,6,271,18,0,0
117,14/09/2026 13:26,36,resource,759,73409,427,34,6,272,20,0,0
118,14/09/2026 13:26,36,resource,797,73409,428,43,6,298,20,0,0
119,14/09/2026 13:26,36,resource,755,73410,427,33,6,269,18,0,0
120,14/09/2026 13:26,36,resource,755,73410,428,32,6,270,18,0,0
121,14/09/2026 13:26,36,resource,762,73410,431,33,6,273,18,0,0
122,14/09/2026 13:26,36,resource,762,73410,430,34,6,273,18,0,0
123,14/09/2026 13:26,36,resource,754,73410,425,33,6,270,18,0,0
124,14/09/2026 13:26,36,resource,773,73409,427,34,6,286,18,0,0
125,14/09/2026 13:26,36,resource,757,73409,428,33,6,271,18,0,0
126,14/09/2026 13:26,36,resource,783,73410,434,34,6,285,23,0,0
127,14/09/2026 13:26,36,resource,754,73410,429,33,5,267,18,0,0
128,14/09/2026 13:26,36,resource,812,73409,446,38,6,302,18,0,0
129,14/09/2026 13:26,36,resource,813,73410,449,39,6,296,22,0,0
130,14/09/2026 13:26,36,resource,759,73410,428,34,6,271,18,0,0
131,14/09/2026 13:26,36,resource,757,73410,429,33,6,268,18,0,0
132,14/09/2026 13:26,36,resource,755,73410,425,34,6,270,18,0,0
133,14/09/2026 13:26,36,resource,793,73411,428,44,7,294,18,0,0
134,14/09/2026 13:26,36,resource,758,73410,428,33,6,271,18,0,0
135,14/09/2026 13:26,36,resource,774,73410,433,33,6,281,19,0,0
136,14/09/2026 13:26,36,resource,761,73409,430,32,6,273,18,0,0
137,14/09/2026 13:26,36,resource,768,73410,437,34,6,272,18,0,0
138,14/09/2026 13:26,36,resource,791,73409,428,39,6,297,18,0,0
139,14/09/2026 13:26,36,resource,804,73410,450,40,9,285,18,0,0
140,14/09/2026 13:26,36,resource,759,73410,429,33,6,271,18,0,0
141,14/09/2026 13:26,36,resource,756,73410,427,33,6,270,18,0,0
142,14/09/2026 13:26,36,resource,762,73410,433,34,5,270,18,0,0
143,14/09/2026 13:26,36,resource,754,73410,427,31,6,271,18,0,0
144,14/09/2026 13:26,36,resource,762,73410,431,33,6,272,18,0,0
145,14/09/2026 13:26,36,resource,753,73410,425,33,6,270,18,0,0
146,14/09/2026 13:26,36,resource,760,73410,430,32,6,272,18,0,0
147,14/09/2026 13:26,36,resource,755,73410,428,33,6,269,18,0,0
148,14/09/2026 13:26,36,resource,758,73410,426,33,6,273,18,0,0
149,14/09/2026 13:26,36,resource,758,73410,428,33,6,271,18,0,0
150,14/09/2026 13:26,36,resource,801,73410,432,35,7,304,22,0,0
151,14/09/2026 13:26,36,resource,763,73410,432,33,6,272,18,0,0
152,14/09/2026 13:26,36,resource,757,73410,427,32,5,272,18,0,0
153,14/09/2026 13:26,36,resource,762,73410,428,33,6,275,18,0,0
154,14/09/2026 13:26,36,resource,762,73410,432,34,6,271,18,0,0
155,14/09/2026 13:26,36,resource,762,73410,430,34,6,271,18,0,0
156,14/09/2026 13:26,36,resource,802,73409,444,34,6,296,20,0,0
157,14/09/2026 13:26,36,resource,763,73410,432,33,6,272,18,0,0
158,14/09/2026 13:26,36,resource,770,73410,437,33,6,273,19,0,0
159,14/09/2026 13:26,36,resource,770,73410,432,33,6,279,18,0,0
160,14/09/2026 13:26,36,resource,792,73409,447,37,6,282,18,0,0
161,14/09/2026 13:26,36,resource,788,73410,439,35,6,287,19,0,0
162,14/09/2026 13:26,36,resource,763,73410,433,33,6,271,18,0,0
163,14/09/2026 13:26,36,resource,758,73410,427,34,6,271,18,0,0
164,14/09/2026 13:26,36,resource,762,73410,430,33,6,272,18,0,0
165,14/09/2026 13:27,36,resource,756,73410,427,33,6,271,18,0,0
166,14/09/2026 13:27,36,resource,760,73410,426,34,6,274,18,0,0
167,14/09/2026 13:27,36,resource,760,73410,429,32,5,273,18,0,0
168,14/09/2026 13:27,36,resource,756,73410,427,32,6,271,18,0,0
169,14/09/2026 13:27,36,resource,777,73409,442,33,6,273,23,0,0
170,14/09/2026 13:27,36,resource,755,73410,427,32,5,270,18,0,0
171,14/09/2026 13:27,36,resource,761,73410,430,33,6,272,18,0,0
172,14/09/2026 13:27,36,resource,761,73410,430,32,6,272,18,0,0
173,14/09/2026 13:27,36,resource,756,73409,429,32,6,271,18,0,0
174,14/09/2026 13:27,36,resource,797,73410,436,39,6,296,19,0,0
175,14/09/2026 13:27,36,resource,754,73410,427,32,5,270,18,0,0
176,14/09/2026 13:27,36,resource,813,73410,444,42,6,300,19,0,0
177,14/09/2026 13:27,36,resource,760,73410,429,33,6,272,18,0,0
178,14/09/2026 13:27,36,resource,758,73410,427,34,6,272,18,0,0
179,14/09/2026 13:27,36,resource,801,73410,434,36,6,305,18,0,0
180,14/09/2026 13:27,36,resource,762,73410,431,33,5,273,18,0,0
181,14/09/2026 13:27,36,resource,777,73410,426,33,6,292,18,0,0
182,14/09/2026 13:27,36,resource,758,73410,429,33,6,271,17,0,0
183,14/09/2026 13:27,36,resource,761,73410,427,33,6,275,18,0,0
184,14/09/2026 13:27,36,resource,766,73410,433,34,6,273,19,0,0
185,14/09/2026 13:27,36,resource,769,73410,438,33,5,272,18,0,0
186,14/09/2026 13:27,36,resource,758,73410,428,33,6,272,18,0,0
187,14/09/2026 13:27,36,resource,770,73410,431,39,6,274,18,0,0
188,14/09/2026 13:27,36,resource,760,73410,428,33,6,273,18,0,0
189,14/09/2026 13:27,36,resource,768,73410,428,33,6,282,18,0,0
190,14/09/2026 13:27,36,resource,761,73410,427,32,6,276,19,0,0
191,14/09/2026 13:27,36,resource,760,73410,430,34,6,271,18,0,0
192,14/09/2026 13:27,36,resource,760,73409,431,32,6,271,18,0,0
193,14/09/2026 13:27,36,resource,756,73409,429,32,6,269,18,0,0
194,14/09/2026 13:27,36,resource,762,73410,431,34,6,271,18,0,0
195,14/09/2026 13:27,36,resource,767,73410,436,33,6,273,18,0,0
196,14/09/2026 13:27,36,resource,761,73410,430,31,6,275,18,0,0
197,14/09/2026 13:27,36,resource,755,73409,426,33,6,270,18,0,0
198,14/09/2026 13:27,36,resource,757,73409,426,33,6,272,18,0,0
199,14/09/2026 13:27,36,resource,760,73409,430,33,6,271,18,0,0
200,14/09/2026 13:27,36,resource,759,73410,428,33,6,271,18,0,0
1,14/09/2026 13:27,45,resource,865,73409,485,65,7,288,18,0,0
2,14/09/2026 13:27,45,resource,771,73409,432,37,6,275,18,0,0
3,14/09/2026 13:27,45,resource,789,73409,438,53,6,272,18,0,0
4,14/09/2026 13:27,45,resource,766,73409,429,38,6,272,19,0,0
5,14/09/2026 13:27,45,resource,767,73409,427,38,6,275,19,0,0
6,14/09/2026 13:27,45,resource,776,73409,441,36,6,272,18,0,0
7,14/09/2026 13:27,45,resource,771,73409,430,37,6,277,19,0,0
8,14/09/2026 13:27,45,resource,778,73409,438,36,6,276,19,0,0
9,14/09/2026 13:27,45,resource,794,73409,426,38,6,303,19,0,0
10,14/09/2026 13:27,45,resource,808,73409,438,45,6,299,19,0,0
11,14/09/2026 13:27,45,resource,778,73409,437,39,6,275,18,0,0
12,14/09/2026 13:27,45,resource,774,73409,432,38,6,277,18,0,0
13,14/09/2026 13:27,45,resource,766,73409,429,37,6,274,18,0,0
14,14/09/2026 13:27,45,resource,770,73409,435,37,6,271,18,0,0
15,14/09/2026 13:27,45,resource,765,73409,427,36,6,275,18,0,0
16,14/09/2026 13:27,45,resource,764,73409,425,39,6,274,18,0,0
17,14/09/2026 13:27,45,resource,761,73409,425,39,6,271,18,0,0
18,14/09/2026 13:27,45,resource,806,73409,450,46,9,280,19,0,0
19,14/09/2026 13:27,45,resource,769,73409,430,38,6,274,19,0,0
20,14/09/2026 13:27,45,resource,772,73409,431,38,6,276,19,0,0
21,14/09/2026 13:27,45,resource,773,73409,434,40,6,273,18,0,0
22,14/09/2026 13:27,45,resource,765,73409,429,37,6,273,18,0,0
23,14/09/2026 13:27,45,resource,767,73409,429,39,6,272,18,0,0
24,14/09/2026 13:27,45,resource,766,73409,429,38,6,272,19,0,0
25,14/09/2026 13:27,45,resource,769,73409,433,37,6,273,18,0,0
26,14/09/2026 13:27,45,resource,765,73409,427,36,6,275,18,0,0
27,14/09/2026 13:27,45,resource,765,73409,429,37,6,273,18,0,0
28,14/09/2026 13:27,45,resource,766,73409,428,37,6,274,18,0,0
29,14/09/2026 13:27,45,resource,763,73409,427,38,6,272,18,0,0
30,14/09/2026 13:27,45,resource,767,73409,430,37,6,274,19,0,0
31,14/09/2026 13:28,45,resource,810,73409,427,46,7,309,18,0,0
32,14/09/2026 13:28,45,resource,767,73409,428,37,6,274,19,0,0
33,14/09/2026 13:28,45,resource,773,73409,432,38,6,276,19,0,0
34,14/09/2026 13:28,45,resource,764,73409,428,37,6,273,18,0,0
35,14/09/2026 13:28,45,resource,803,73409,435,46,6,296,18,0,0
36,14/09/2026 13:28,45,resource,790,73409,428,36,6,297,21,0,0
37,14/09/2026 13:28,45,resource,810,73409,431,43,7,308,19,0,0
38,14/09/2026 13:28,45,resource,766,73409,427,38,6,276,18,0,0
39,14/09/2026 13:28,45,resource,774,73409,434,38,6,276,19,0,0
40,14/09/2026 13:28,45,resource,784,73410,441,38,6,278,18,0,0
41,14/09/2026 13:28,45,resource,812,73409,431,44,7,310,19,0,0
42,14/09/2026 13:28,45,resource,776,73409,432,44,6,275,18,0,0
43,14/09/2026 13:28,45,resource,767,73409,429,39,6,273,18,0,0
44,14/09/2026 13:28,45,resource,780,73409,437,38,6,279,18,0,0
45,14/09/2026 13:28,45,resource,811,73409,450,43,6,292,18,0,0
46,14/09/2026 13:28,45,resource,763,73409,428,37,6,271,18,0,0
47,14/09/2026 13:28,45,resource,791,73409,441,36,6,287,18,0,0
48,14/09/2026 13:28,45,resource,772,73409,426,39,7,280,18,0,0
49,14/09/2026 13:28,45,resource,766,73409,430,36,6,274,18,0,0
50,14/09/2026 13:28,45,resource,791,73409,429,38,6,295,20,0,0
51,14/09/2026 13:28,45,resource,767,73409,428,38,6,274,19,0,0
52,14/09/2026 13:28,45,resource,767,73409,428,39,6,274,18,0,0
53,14/09/2026 13:28,45,resource,768,73409,425,42,6,274,18,0,0
54,14/09/2026 13:28,45,resource,771,73409,431,38,6,276,18,0,0
55,14/09/2026 13:28,45,resource,817,73409,437,48,7,303,19,0,0
56,14/09/2026 13:28,45,resource,770,73409,430,37,6,276,19,0,0
57,14/09/2026 13:28,45,resource,807,73409,447,47,7,285,18,0,0
58,14/09/2026 13:28,45,resource,775,73409,433,39,6,276,19,0,0
59,14/09/2026 13:28,45,resource,848,73409,444,44,10,331,19,0,0
60,14/09/2026 13:28,45,resource,769,73410,428,39,6,275,18,0,0
61,14/09/2026 13:28,45,resource,766,73410,430,37,6,273,18,0,0
62,14/09/2026 13:28,45,resource,762,73409,427,37,6,272,18,0,0
63,14/09/2026 13:28,45,resource,765,73409,429,38,6,273,18,0,0
64,14/09/2026 13:28,45,resource,760,73409,424,38,6,271,18,0,0
65,14/09/2026 13:28,45,resource,774,73409,433,37,6,277,19,0,0
66,14/09/2026 13:28,45,resource,824,73409,446,49,7,301,19,0,0
67,14/09/2026 13:28,45,resource,773,73409,431,38,6,278,18,0,0
68,14/09/2026 13:28,45,resource,842,73409,437,55,8,320,20,0,0
69,14/09/2026 13:28,45,resource,763,73409,428,37,6,272,18,0,0
70,14/09/2026 13:28,45,resource,817,73409,432,48,8,299,29,0,0
71,14/09/2026 13:28,45,resource,769,73409,430,38,6,275,18,0,0
72,14/09/2026 13:28,45,resource,765,73409,427,37,6,274,18,0,0
73,14/09/2026 13:28,45,resource,767,73409,430,37,6,274,18,0,0
74,14/09/2026 13:28,45,resource,837,73409,462,45,8,302,18,0,0
75,14/09/2026 13:28,45,resource,772,73409,432,37,6,277,18,0,0
76,14/09/2026 13:28,45,resource,819,73409,452,50,7,289,19,0,0
77,14/09/2026 13:28,45,resource,765,73409,425,39,6,274,18,0,0
78,14/09/2026 13:28,45,resource,767,73409,427,37,6,276,18,0,0
79,14/09/2026 13:28,45,resource,782,73409,446,38,6,272,18,0,0
80,14/09/2026 13:28,45,resource,762,73409,427,38,6,271,18,0,0
81,14/09/2026 13:28,45,resource,769,73409,429,38,6,274,19,0,0
82,14/09/2026 13:28,45,resource,768,73409,428,37,6,276,18,0,0
83,14/09/2026 13:28,45,resource,766,73409,428,39,6,273,18,0,0
84,14/09/2026 13:28,45,resource,793,73409,438,48,9,276,19,0,0
85,14/09/2026 13:28,45,resource,804,73409,429,39,6,310,19,0,0
86,14/09/2026 13:28,45,resource,777,73409,435,42,6,274,18,0,0
87,14/09/2026 13:28,45,resource,766,73409,426,38,6,276,18,0,0
88,14/09/2026 13:28,45,resource,762,73409,428,36,6,272,18,0,0
89,14/09/2026 13:28,45,resource,766,73409,430,37,6,272,18,0,0
90,14/09/2026 13:28,45,resource,774,73409,437,39,6,271,18,0,0
91,14/09/2026 13:28,45,resource,765,73409,427,38,6,273,18,0,0
92,14/09/2026 13:28,45,resource,766,73409,426,39,6,274,19,0,0
93,14/09/2026 13:28,45,resource,795,73409,429,37,6,295,27,0,0
94,14/09/2026 13:28,45,resource,769,73409,431,37,6,275,18,0,0
95,14/09/2026 13:28,45,resource,762,73409,427,37,6,271,19,0,0
96,14/09/2026 13:28,45,resource,768,73409,431,38,6,272,18,0,0
97,14/09/2026 13:28,45,resource,775,73409,438,37,6,273,19,0,0
98,14/09/2026 13:29,45,resource,766,73409,430,37,6,271,19,0,0
99,14/09/2026 13:29,45,resource,793,73409,430,39,6,297,18,0,0
100,14/09/2026 13:29,45,resource,808,73409,430,42,6,308,20,0,0
101,14/09/2026 13:29,45,resource,765,73409,427,38,6,273,18,0,0
102,14/09/2026 13:29,45,resource,770,73409,432,37,6,274,18,0,0
103,14/09/2026 13:29,45,resource,784,73409,432,37,6,289,18,0,0
104,14/09/2026 13:29,45,resource,764,73409,426,39,6,272,19,0,0
105,14/09/2026 13:29,45,resource,772,73409,429,38,6,278,18,0,0
106,14/09/2026 13:29,45,resource,762,73409,427,38,6,271,18,0,0
107,14/09/2026 13:29,45,resource,805,73409,458,48,6,272,18,0,0
108,14/09/2026 13:29,45,resource,767,73409,432,36,6,273,18,0,0
109,14/09/2026 13:29,45,resource,813,73409,438,42,6,306,19,0,0
110,14/09/2026 13:29,45,resource,766,73409,425,39,6,276,18,0,0
111,14/09/2026 13:29,45,resource,769,73409,430,39,6,274,19,0,0
112,14/09/2026 13:29,45,resource,810,73409,426,56,8,296,23,0,0
113,14/09/2026 13:29,45,resource,762,73409,426,38,6,272,18,0,0
114,14/09/2026 13:29,45,resource,766,73409,429,37,6,274,18,0,0
115,14/09/2026 13:29,45,resource,766,73409,429,37,6,273,18,0,0
116,14/09/2026 13:29,45,resource,763,73409,426,38,6,273,18,0,0
117,14/09/2026 13:29,45,resource,829,73409,450,47,7,304,19,0,0
118,14/09/2026 13:29,45,resource,777,73409,434,39,6,278,19,0,0
119,14/09/2026 13:29,45,resource,767,73409,428,38,6,274,18,0,0
120,14/09/2026 13:29,45,resource,794,73409,430,38,7,298,18,0,0
121,14/09/2026 13:29,45,resource,765,73409,426,39,7,272,18,0,0
122,14/09/2026 13:29,45,resource,803,73409,440,42,7,288,23,0,0
123,14/09/2026 13:29,45,resource,766,73409,432,38,6,270,18,0,0
124,14/09/2026 13:29,45,resource,758,73409,422,37,6,272,18,0,0
125,14/09/2026 13:29,45,resource,767,73409,427,38,6,275,19,0,0
126,14/09/2026 13:29,45,resource,764,73409,428,38,6,272,18,0,0
127,14/09/2026 13:29,45,resource,765,73409,426,39,6,273,18,0,0
128,14/09/2026 13:29,45,resource,774,73409,432,39,6,277,18,0,0
129,14/09/2026 13:29,45,resource,763,73409,429,37,6,271,18,0,0
130,14/09/2026 13:29,45,resource,801,73409,428,38,6,307,19,0,0
131,14/09/2026 13:29,45,resource,770,73409,432,37,6,275,18,0,0
132,14/09/2026 13:29,45,resource,776,73409,427,37,6,286,18,0,0
133,14/09/2026 13:29,45,resource,764,73409,427,37,6,273,19,0,0
134,14/09/2026 13:29,45,resource,771,73409,429,38,6,277,18,0,0
135,14/09/2026 13:29,45,resource,768,73409,428,38,6,275,18,0,0
136,14/09/2026 13:29,45,resource,799,73409,430,39,7,302,19,0,0
137,14/09/2026 13:29,45,resource,833,73409,445,52,7,308,19,0,0
138,14/09/2026 13:29,45,resource,767,73409,431,39,6,271,18,0,0
139,14/09/2026 13:29,45,resource,764,73409,427,38,6,273,18,0,0
140,14/09/2026 13:29,45,resource,790,73409,427,38,6,298,19,0,0
141,14/09/2026 13:29,45,resource,765,73409,427,38,6,273,18,0,0
142,14/09/2026 13:29,45,resource,780,73409,442,37,6,275,18,0,0
143,14/09/2026 13:29,45,resource,776,73409,429,38,6,282,19,0,0
144,14/09/2026 13:29,45,resource,766,73409,429,38,6,273,19,0,0
145,14/09/2026 13:29,45,resource,763,73409,429,36,6,272,18,0,0
146,14/09/2026 13:29,45,resource,764,73409,428,37,6,273,19,0,0
147,14/09/2026 13:29,45,resource,772,73409,433,37,6,276,19,0,0
148,14/09/2026 13:29,45,resource,785,73409,428,37,6,293,18,0,0
149,14/09/2026 13:29,45,resource,801,73409,434,42,6,298,18,0,0
150,14/09/2026 13:29,45,resource,771,73409,428,38,6,278,19,0,0
151,14/09/2026 13:29,45,resource,774,73409,434,38,6,275,18,0,0
152,14/09/2026 13:29,45,resource,765,73409,429,39,6,271,18,0,0
153,14/09/2026 13:29,45,resource,764,73409,427,38,6,272,19,0,0
154,14/09/2026 13:29,45,resource,804,73409,435,46,7,295,19,0,0
155,14/09/2026 13:29,45,resource,828,73409,443,47,9,309,18,0,0
156,14/09/2026 13:29,45,resource,762,73409,427,37,6,272,18,0,0
157,14/09/2026 13:29,45,resource,773,73409,432,38,6,276,19,0,0
158,14/09/2026 13:29,45,resource,772,73409,426,38,6,281,18,0,0
159,14/09/2026 13:29,45,resource,791,73409,435,41,6,289,18,0,0
160,14/09/2026 13:29,45,resource,764,73409,427,36,6,275,18,0,0
161,14/09/2026 13:29,45,resource,764,73409,427,38,6,273,18,0,0
162,14/09/2026 13:29,45,resource,820,73409,440,44,7,307,20,0,0
163,14/09/2026 13:29,45,resource,823,73409,453,43,6,300,19,0,0
164,14/09/2026 13:30,45,resource,765,73409,428,36,6,275,18,0,0
165,14/09/2026 13:30,45,resource,803,73409,445,49,11,278,18,0,0
166,14/09/2026 13:30,45,resource,773,73409,435,40,6,272,18,0,0
167,14/09/2026 13:30,45,resource,765,73409,426,37,6,274,19,0,0
168,14/09/2026 13:30,45,resource,772,73409,436,39,6,271,18,0,0
169,14/09/2026 13:30,45,resource,766,73409,429,37,6,273,18,0,0
170,14/09/2026 13:30,45,resource,766,73409,430,37,6,273,18,0,0
171,14/09/2026 13:30,45,resource,791,73409,429,36,6,295,23,0,0
172,14/09/2026 13:30,45,resource,794,73409,443,39,6,285,19,0,0
173,14/09/2026 13:30,45,resource,836,73409,458,52,7,299,19,0,0
174,14/09/2026 13:30,45,resource,806,73409,426,38,6,314,20,0,0
175,14/09/2026 13:30,45,resource,822,73409,444,49,7,301,18,0,0
176,14/09/2026 13:30,45,resource,776,73409,435,37,6,277,19,0,0
177,14/09/2026 13:30,45,resource,762,73409,424,37,6,274,18,0,0
178,14/09/2026 13:30,45,resource,767,73409,429,38,6,275,18,0,0
179,14/09/2026 13:30,45,resource,764,73409,428,37,6,273,18,0,0
180,14/09/2026 13:30,45,resource,767,73409,428,39,6,275,18,0,0
181,14/09/2026 13:30,45,resource,766,73409,429,39,6,273,18,0,0
182,14/09/2026 13:30,45,resource,766,73409,429,38,6,272,19,0,0
183,14/09/2026 13:30,45,resource,763,73409,426,37,6,274,18,0,0
184,14/09/2026 13:30,45,resource,772,73409,432,38,6,276,19,0,0
185,14/09/2026 13:30,45,resource,772,73409,429,39,6,277,18,0,0
186,14/09/2026 13:30,45,resource,797,73409,426,38,6,307,18,0,0
187,14/09/2026 13:30,45,resource,765,73409,427,36,6,274,19,0,0
188,14/09/2026 13:30,45,resource,771,73409,428,39,6,277,19,0,0
189,14/09/2026 13:30,45,resource,763,73409,426,38,6,273,18,0,0
190,14/09/2026 13:30,45,resource,764,73409,426,38,6,273,18,0,0
191,14/09/2026 13:30,45,resource,769,73409,428,40,6,275,18,0,0
192,14/09/2026 13:30,45,resource,816,73409,442,48,9,296,18,0,0
193,14/09/2026 13:30,45,resource,766,73409,429,38,6,273,18,0,0
194,14/09/2026 13:30,45,resource,777,73409,431,37,6,277,23,0,0
195,14/09/2026 13:30,45,resource,783,73409,427,38,6,291,19,0,0
196,14/09/2026 13:30,45,resource,766,73409,427,38,6,274,18,0,0
197,14/09/2026 13:30,45,resource,765,73409,428,37,6,274,18,0,0
198,14/09/2026 13:30,45,resource,768,73409,430,38,6,274,18,0,0
199,14/09/2026 13:30,45,resource,805,73409,430,44,6,305,18,0,0
200,14/09/2026 13:30,45,resource,767,73409,429,38,6,273,18,0,0
1,14/09/2026 13:30,54,resource,973,73425,544,76,7,327,18,0,0
2,14/09/2026 13:30,54,resource,825,73426,440,46,10,309,18,0,0
3,14/09/2026 13:30,54,resource,771,73425,427,41,6,277,18,0,0
4,14/09/2026 13:30,54,resource,765,73425,427,40,7,271,18,0,0
5,14/09/2026 13:30,54,resource,771,73425,428,41,6,276,18,0,0
6,14/09/2026 13:30,54,resource,775,73425,427,41,7,279,18,0,0
7,14/09/2026 13:30,54,resource,772,73425,427,40,7,278,18,0,0
8,14/09/2026 13:30,54,resource,776,73425,428,41,7,280,18,0,0
9,14/09/2026 13:30,54,resource,791,73425,431,40,7,291,20,0,0
10,14/09/2026 13:30,54,resource,778,73425,432,41,6,280,18,0,0
11,14/09/2026 13:30,54,resource,768,73425,425,42,7,274,18,0,0
12,14/09/2026 13:30,54,resource,780,73425,432,42,6,278,19,0,0
13,14/09/2026 13:30,54,resource,773,73425,429,41,7,277,18,0,0
14,14/09/2026 13:30,54,resource,781,73425,432,41,6,281,18,0,0
15,14/09/2026 13:30,54,resource,771,73425,426,41,6,278,18,0,0
16,14/09/2026 13:30,54,resource,844,73425,449,58,8,308,19,0,0
17,14/09/2026 13:30,54,resource,791,73425,427,40,7,297,18,0,0
18,14/09/2026 13:30,54,resource,829,73425,443,47,7,312,18,0,0
19,14/09/2026 13:30,54,resource,823,73425,429,51,10,313,18,0,0
20,14/09/2026 13:30,54,resource,806,73425,431,41,7,307,18,0,0
21,14/09/2026 13:30,54,resource,803,73425,436,47,10,290,18,0,0
22,14/09/2026 13:30,54,resource,827,73425,439,50,10,307,19,0,0
23,14/09/2026 13:30,54,resource,776,73425,428,42,7,278,18,0,0
24,14/09/2026 13:30,54,resource,831,73425,429,51,10,321,18,0,0
25,14/09/2026 13:30,54,resource,769,73425,427,42,6,274,18,0,0
26,14/09/2026 13:30,54,resource,772,73425,427,41,7,276,18,0,0
27,14/09/2026 13:30,54,resource,815,73425,434,51,10,299,18,0,0
28,14/09/2026 13:30,54,resource,809,73426,432,45,10,301,18,0,0
29,14/09/2026 13:31,54,resource,765,73425,424,41,6,274,18,0,0
30,14/09/2026 13:31,54,resource,773,73425,430,40,7,277,18,0,0
31,14/09/2026 13:31,54,resource,772,73425,427,41,7,276,18,0,0
32,14/09/2026 13:31,54,resource,770,73425,429,41,6,274,18,0,0
33,14/09/2026 13:31,54,resource,783,73425,434,43,7,278,19,0,0
34,14/09/2026 13:31,54,resource,778,73425,428,42,7,280,18,0,0
35,14/09/2026 13:31,54,resource,788,73425,442,41,7,278,18,0,0
36,14/09/2026 13:31,54,resource,781,73425,433,43,7,278,18,0,0
37,14/09/2026 13:31,54,resource,771,73425,428,40,6,276,19,0,0
38,14/09/2026 13:31,54,resource,787,73425,431,41,7,287,19,0,0
39,14/09/2026 13:31,54,resource,773,73425,427,43,6,276,18,0,0
40,14/09/2026 13:31,54,resource,773,73425,428,40,7,277,18,0,0
41,14/09/2026 13:31,54,resource,829,73425,435,62,8,303,20,0,0
42,14/09/2026 13:31,54,resource,783,73425,430,49,9,275,18,0,0
43,14/09/2026 13:31,54,resource,785,73425,441,40,7,276,18,0,0
44,14/09/2026 13:31,54,resource,808,73425,426,52,7,301,20,0,0
45,14/09/2026 13:31,54,resource,777,73425,430,42,7,279,18,0,0
46,14/09/2026 13:31,54,resource,829,73425,449,47,7,300,24,0,0
47,14/09/2026 13:31,54,resource,777,73425,430,42,6,277,18,0,0
48,14/09/2026 13:31,54,resource,796,73425,443,46,7,280,18,0,0
49,14/09/2026 13:31,54,resource,770,73425,426,42,7,275,18,0,0
50,14/09/2026 13:31,54,resource,806,73425,451,50,7,279,18,0,0
51,14/09/2026 13:31,54,resource,773,73425,430,40,7,276,18,0,0
52,14/09/2026 13:31,54,resource,779,73425,430,42,7,279,18,0,0
53,14/09/2026 13:31,54,resource,770,73425,424,43,7,276,18,0,0
54,14/09/2026 13:31,54,resource,830,73425,457,47,10,296,18,0,0
55,14/09/2026 13:31,54,resource,774,73425,428,41,7,277,18,0,0
56,14/09/2026 13:31,54,resource,770,73425,426,41,7,276,17,0,0
57,14/09/2026 13:31,54,resource,805,73426,432,42,7,303,19,0,0
58,14/09/2026 13:31,54,resource,773,73425,430,40,7,276,18,0,0
59,14/09/2026 13:31,54,resource,772,73425,427,41,7,277,18,0,0
60,14/09/2026 13:31,54,resource,767,73425,423,42,6,275,18,0,0
61,14/09/2026 13:31,54,resource,774,73425,429,42,7,276,19,0,0
62,14/09/2026 13:31,54,resource,773,73425,428,41,6,277,18,0,0
63,14/09/2026 13:31,54,resource,812,73425,429,50,8,305,18,0,0
64,14/09/2026 13:31,54,resource,770,73425,428,41,7,275,18,0,0
65,14/09/2026 13:31,54,resource,773,73425,428,40,7,278,18,0,0
66,14/09/2026 13:31,54,resource,779,73425,430,41,7,281,18,0,0
67,14/09/2026 13:31,54,resource,772,73425,428,40,7,277,18,0,0
68,14/09/2026 13:31,54,resource,779,73425,432,42,7,278,18,0,0
69,14/09/2026 13:31,54,resource,780,73425,433,41,7,279,19,0,0
70,14/09/2026 13:31,54,resource,771,73425,427,42,7,276,18,0,0
71,14/09/2026 13:31,54,resource,793,73425,430,41,7,294,19,0,0
72,14/09/2026 13:31,54,resource,771,73425,425,42,6,278,18,0,0
73,14/09/2026 13:31,54,resource,771,73425,428,41,6,276,18,0,0
74,14/09/2026 13:31,54,resource,774,73425,429,41,6,277,18,0,0
75,14/09/2026 13:31,54,resource,772,73425,426,42,7,277,18,0,0
76,14/09/2026 13:31,54,resource,772,73425,428,41,7,276,18,0,0
77,14/09/2026 13:31,54,resource,775,73425,430,41,7,277,18,0,0
78,14/09/2026 13:31,54,resource,769,73426,426,41,7,276,18,0,0
79,14/09/2026 13:31,54,resource,769,73425,426,41,7,274,18,0,0
80,14/09/2026 13:31,54,resource,770,73425,428,40,7,275,18,0,0
81,14/09/2026 13:31,54,resource,775,73425,429,42,7,277,18,0,0
82,14/09/2026 13:31,54,resource,770,73425,427,41,7,276,18,0,0
83,14/09/2026 13:31,54,resource,796,73425,430,41,7,297,19,0,0
84,14/09/2026 13:31,54,resource,784,73425,427,43,6,288,18,0,0
85,14/09/2026 13:31,54,resource,777,73425,430,41,6,279,18,0,0
86,14/09/2026 13:31,54,resource,775,73425,430,41,7,277,18,0,0
87,14/09/2026 13:31,54,resource,770,73425,426,42,6,275,18,0,0
88,14/09/2026 13:31,54,resource,801,73425,429,47,7,297,18,0,0
89,14/09/2026 13:31,54,resource,857,73425,471,54,10,302,18,0,0
90,14/09/2026 13:31,54,resource,775,73425,432,40,7,276,18,0,0
91,14/09/2026 13:31,54,resource,776,73425,429,41,7,278,19,0,0
92,14/09/2026 13:31,54,resource,830,73425,438,50,8,314,18,0,0
93,14/09/2026 13:31,54,resource,797,73425,428,41,6,301,18,0,0
94,14/09/2026 13:31,54,resource,771,73425,429,40,6,276,18,0,0
95,14/09/2026 13:32,54,resource,791,73425,448,41,7,276,18,0,0
96,14/09/2026 13:32,54,resource,770,73425,427,42,6,275,18,0,0
97,14/09/2026 13:32,54,resource,795,73425,425,41,7,297,22,0,0
98,14/09/2026 13:32,54,resource,772,73425,430,40,7,275,18,0,0
99,14/09/2026 13:32,54,resource,798,73425,446,47,7,278,18,0,0
100,14/09/2026 13:32,54,resource,805,73425,431,41,7,305,19,0,0
101,14/09/2026 13:32,54,resource,771,73425,428,41,7,276,18,0,0
102,14/09/2026 13:32,54,resource,769,73425,427,40,7,275,18,0,0
103,14/09/2026 13:32,54,resource,804,73425,446,48,7,282,18,0,0
104,14/09/2026 13:32,54,resource,812,73425,431,43,7,306,23,0,0
105,14/09/2026 13:32,54,resource,771,73425,427,42,7,275,18,0,0
106,14/09/2026 13:32,54,resource,797,73425,424,41,6,303,21,0,0
107,14/09/2026 13:32,54,resource,786,73425,440,40,6,280,18,0,0
108,14/09/2026 13:32,54,resource,773,73425,429,40,7,277,18,0,0
109,14/09/2026 13:32,54,resource,780,73426,435,41,6,278,18,0,0
110,14/09/2026 13:32,54,resource,811,73425,427,50,8,307,18,0,0
111,14/09/2026 13:32,54,resource,785,73425,432,40,7,286,18,0,0
112,14/09/2026 13:32,54,resource,776,73425,428,42,7,279,18,0,0
113,14/09/2026 13:32,54,resource,773,73425,428,41,7,277,18,0,0
114,14/09/2026 13:32,54,resource,767,73425,424,41,7,276,18,0,0
115,14/09/2026 13:32,54,resource,771,73425,430,40,7,274,18,0,0
116,14/09/2026 13:32,54,resource,773,73425,428,41,7,278,18,0,0
117,14/09/2026 13:32,54,resource,786,73425,435,42,7,280,19,0,0
118,14/09/2026 13:32,54,resource,777,73425,429,42,7,279,18,0,0
119,14/09/2026 13:32,54,resource,773,73425,431,39,7,277,18,0,0
120,14/09/2026 13:32,54,resource,794,73426,428,49,10,288,18,0,0
121,14/09/2026 13:32,54,resource,774,73425,429,41,7,278,18,0,0
122,14/09/2026 13:32,54,resource,778,73425,433,40,7,279,18,0,0
123,14/09/2026 13:32,54,resource,781,73425,435,41,6,278,19,0,0
124,14/09/2026 13:32,54,resource,783,73425,432,41,7,280,21,0,0
125,14/09/2026 13:32,54,resource,771,73425,428,40,7,276,18,0,0
126,14/09/2026 13:32,54,resource,814,73425,454,52,7,281,18,0,0
127,14/09/2026 13:32,54,resource,785,73425,440,41,6,277,18,0,0
128,14/09/2026 13:32,54,resource,780,73425,435,40,7,277,19,0,0
129,14/09/2026 13:32,54,resource,836,73425,442,47,8,317,20,0,0
130,14/09/2026 13:32,54,resource,778,73425,433,41,7,277,18,0,0
131,14/09/2026 13:32,54,resource,771,73425,426,41,7,277,18,0,0
132,14/09/2026 13:32,54,resource,775,73425,428,43,7,278,18,0,0
133,14/09/2026 13:32,54,resource,773,73425,428,41,7,277,18,0,0
134,14/09/2026 13:32,54,resource,774,73425,428,41,6,280,18,0,0
135,14/09/2026 13:32,54,resource,771,73425,428,40,6,276,18,0,0
136,14/09/2026 13:32,54,resource,797,73425,427,40,7,303,18,0,0
137,14/09/2026 13:32,54,resource,782,73425,433,40,7,281,19,0,0
138,14/09/2026 13:32,54,resource,770,73425,425,43,7,276,18,0,0
139,14/09/2026 13:32,54,resource,831,73425,445,48,7,309,20,0,0
140,14/09/2026 13:32,54,resource,804,73425,429,43,8,304,18,0,0
141,14/09/2026 13:32,54,resource,780,73425,429,41,7,282,19,0,0
142,14/09/2026 13:32,54,resource,771,73425,427,42,7,276,17,0,0
143,14/09/2026 13:32,54,resource,796,73425,452,42,6,276,18,0,0
144,14/09/2026 13:32,54,resource,775,73425,429,42,6,278,18,0,0
145,14/09/2026 13:32,54,resource,773,73425,429,40,7,277,18,0,0
146,14/09/2026 13:32,54,resource,780,73425,438,40,6,276,18,0,0
147,14/09/2026 13:32,54,resource,769,73425,423,43,6,276,18,0,0
148,14/09/2026 13:32,54,resource,777,73425,428,42,7,279,18,0,0
149,14/09/2026 13:32,54,resource,776,73425,429,42,6,279,18,0,0
150,14/09/2026 13:32,54,resource,796,73425,428,40,7,300,18,0,0
151,14/09/2026 13:32,54,resource,830,73425,443,51,9,306,19,0,0
152,14/09/2026 13:32,54,resource,783,73425,429,42,14,279,18,0,0
153,14/09/2026 13:32,54,resource,795,73425,428,42,7,299,18,0,0
154,14/09/2026 13:32,54,resource,837,73425,430,43,7,336,19,0,0
155,14/09/2026 13:32,54,resource,815,73425,453,53,8,280,18,0,0
156,14/09/2026 13:32,54,resource,800,73425,434,45,7,292,20,0,0
157,14/09/2026 13:32,54,resource,785,73425,434,43,7,281,17,0,0
158,14/09/2026 13:32,54,resource,799,73425,430,53,12,284,19,0,0
159,14/09/2026 13:32,54,resource,785,73425,438,42,7,279,18,0,0
160,14/09/2026 13:32,54,resource,781,73425,434,41,7,278,18,0,0
161,14/09/2026 13:33,54,resource,773,73425,426,42,6,279,18,0,0
162,14/09/2026 13:33,54,resource,772,73425,428,41,7,276,18,0,0
163,14/09/2026 13:33,54,resource,772,73425,428,42,7,275,18,0,0
164,14/09/2026 13:33,54,resource,816,73425,446,48,8,294,18,0,0
165,14/09/2026 13:33,54,resource,808,73425,429,53,10,296,18,0,0
166,14/09/2026 13:33,54,resource,772,73425,428,40,7,276,18,0,0
167,14/09/2026 13:33,54,resource,805,73425,437,47,8,293,19,0,0
168,14/09/2026 13:33,54,resource,778,73425,430,43,6,279,18,0,0
169,14/09/2026 13:33,54,resource,774,73425,427,42,6,278,18,0,0
170,14/09/2026 13:33,54,resource,823,73426,445,49,8,300,19,0,0
171,14/09/2026 13:33,54,resource,776,73425,427,42,7,279,19,0,0
172,14/09/2026 13:33,54,resource,806,73425,429,42,6,309,18,0,0
173,14/09/2026 13:33,54,resource,775,73425,430,41,7,277,18,0,0
174,14/09/2026 13:33,54,resource,825,73425,436,46,11,312,18,0,0
175,14/09/2026 13:33,54,resource,780,73425,436,42,7,276,18,0,0
176,14/09/2026 13:33,54,resource,781,73425,434,42,7,279,18,0,0
177,14/09/2026 13:33,54,resource,773,73425,427,41,7,278,18,0,0
178,14/09/2026 13:33,54,resource,795,73425,449,41,7,278,19,0,0
179,14/09/2026 13:33,54,resource,792,73425,430,41,7,294,19,0,0
180,14/09/2026 13:33,54,resource,824,73425,460,60,7,277,18,0,0
181,14/09/2026 13:33,54,resource,767,73425,424,41,7,277,18,0,0
182,14/09/2026 13:33,54,resource,826,73425,437,52,10,307,18,0,0
183,14/09/2026 13:33,54,resource,777,73425,432,42,7,277,18,0,0
184,14/09/2026 13:33,54,resource,781,73425,433,42,7,279,18,0,0
185,14/09/2026 13:33,54,resource,831,73425,446,56,8,302,18,0,0
186,14/09/2026 13:33,54,resource,819,73425,435,53,9,302,18,0,0
187,14/09/2026 13:33,54,resource,804,73425,429,41,7,308,18,0,0
188,14/09/2026 13:33,54,resource,778,73425,431,41,7,279,18,0,0
189,14/09/2026 13:33,54,resource,805,73425,429,43,7,306,18,0,0
190,14/09/2026 13:33,54,resource,779,73425,429,42,6,281,18,0,0
191,14/09/2026 13:33,54,resource,780,73425,429,42,6,283,18,0,0
192,14/09/2026 13:33,54,resource,793,73425,447,42,6,277,18,0,0
193,14/09/2026 13:33,54,resource,775,73425,428,44,7,277,18,0,0
194,14/09/2026 13:33,54,resource,816,73425,438,54,9,295,18,0,0
195,14/09/2026 13:33,54,resource,771,73425,430,41,7,273,18,0,0
196,14/09/2026 13:33,54,resource,773,73425,427,41,7,279,18,0,0
197,14/09/2026 13:33,54,resource,802,73425,433,43,7,294,23,0,0
198,14/09/2026 13:33,54,resource,780,73425,429,44,6,279,18,0,0
199,14/09/2026 13:33,54,resource,803,73425,425,41,8,308,19,0,0
200,14/09/2026 13:33,54,resource,774,73425,430,39,7,278,18,0,0
1,14/09/2026 13:33,63,resource,1072,78652,577,120,8,342,23,0,0
2,14/09/2026 13:33,63,resource,778,78652,428,45,7,278,19,0,0
3,14/09/2026 13:33,63,resource,857,78652,463,57,8,309,18,0,0
4,14/09/2026 13:33,63,resource,781,78652,429,44,7,280,19,0,0
5,14/09/2026 13:33,63,resource,793,78652,431,46,7,288,19,0,0
6,14/09/2026 13:33,63,resource,793,78652,432,60,7,275,18,0,0
7,14/09/2026 13:33,63,resource,791,78652,432,46,7,286,19,0,0
8,14/09/2026 13:33,63,resource,781,78652,429,44,7,280,18,0,0
9,14/09/2026 13:33,63,resource,813,78652,433,46,6,306,19,0,0
10,14/09/2026 13:33,63,resource,784,78652,430,45,6,281,18,0,0
11,14/09/2026 13:33,63,resource,810,78652,440,46,7,297,18,0,0
12,14/09/2026 13:33,63,resource,790,78652,428,53,7,281,18,0,0
13,14/09/2026 13:33,63,resource,787,78652,431,45,7,283,18,0,0
14,14/09/2026 13:33,63,resource,781,78652,429,45,6,280,18,0,0
15,14/09/2026 13:33,63,resource,787,78652,437,45,7,278,18,0,0
16,14/09/2026 13:33,63,resource,835,78652,444,54,8,309,18,0,0
17,14/09/2026 13:33,63,resource,778,78652,425,46,6,280,19,0,0
18,14/09/2026 13:33,63,resource,833,78652,432,59,9,312,19,0,0
19,14/09/2026 13:33,63,resource,778,78652,427,44,6,280,18,0,0
20,14/09/2026 13:33,63,resource,784,78652,431,46,7,280,18,0,0
21,14/09/2026 13:33,63,resource,822,78652,431,55,8,308,18,0,0
22,14/09/2026 13:33,63,resource,781,78652,428,46,6,280,19,0,0
23,14/09/2026 13:33,63,resource,781,78652,428,46,6,282,18,0,0
24,14/09/2026 13:33,63,resource,787,78652,428,45,6,287,18,0,0
25,14/09/2026 13:33,63,resource,792,78652,440,47,7,279,18,0,0
26,14/09/2026 13:34,63,resource,774,78652,426,43,6,279,18,0,0
27,14/09/2026 13:34,63,resource,780,78652,428,46,6,278,18,0,0
28,14/09/2026 13:34,63,resource,779,78652,430,45,7,278,18,0,0
29,14/09/2026 13:34,63,resource,799,78653,427,45,6,299,18,0,0
30,14/09/2026 13:34,63,resource,798,78652,426,45,7,300,18,0,0
31,14/09/2026 13:34,63,resource,776,78652,427,47,6,275,18,0,0
32,14/09/2026 13:34,63,resource,846,78652,451,62,9,304,19,0,0
33,14/09/2026 13:34,63,resource,852,78652,431,59,10,331,19,0,0
34,14/09/2026 13:34,63,resource,774,78652,425,44,6,278,18,0,0
35,14/09/2026 13:34,63,resource,785,78652,429,45,7,284,18,0,0
36,14/09/2026 13:34,63,resource,784,78652,428,47,7,281,19,0,0
37,14/09/2026 13:34,63,resource,779,78652,428,45,6,280,18,0,0
38,14/09/2026 13:34,63,resource,814,78652,433,45,6,309,19,0,0
39,14/09/2026 13:34,63,resource,780,78652,430,45,6,279,18,0,0
40,14/09/2026 13:34,63,resource,775,78652,425,46,6,277,18,0,0
41,14/09/2026 13:34,63,resource,778,78652,427,45,7,281,18,0,0
42,14/09/2026 13:34,63,resource,796,78652,432,43,7,291,21,0,0
43,14/09/2026 13:34,63,resource,778,78652,427,45,6,280,18,0,0
44,14/09/2026 13:34,63,resource,832,78652,439,54,10,309,18,0,0
45,14/09/2026 13:34,63,resource,846,78652,445,59,8,314,18,0,0
46,14/09/2026 13:34,63,resource,790,78652,429,53,7,281,18,0,0
47,14/09/2026 13:34,63,resource,774,78652,428,44,7,275,18,0,0
48,14/09/2026 13:34,63,resource,783,78652,429,48,6,281,18,0,0
49,14/09/2026 13:34,63,resource,807,78652,427,46,7,306,19,0,0
50,14/09/2026 13:34,63,resource,775,78652,427,45,7,276,18,0,0
51,14/09/2026 13:34,63,resource,824,78652,448,51,8,297,18,0,0
52,14/09/2026 13:34,63,resource,780,78652,428,46,7,279,18,0,0
53,14/09/2026 13:34,63,resource,785,78652,430,46,6,283,18,0,0
54,14/09/2026 13:34,63,resource,783,78652,432,44,6,280,18,0,0
55,14/09/2026 13:34,63,resource,775,78652,425,44,7,278,18,0,0
56,14/09/2026 13:34,63,resource,781,78652,428,45,7,281,18,0,0
57,14/09/2026 13:34,63,resource,779,78652,428,44,7,280,18,0,0
58,14/09/2026 13:34,63,resource,776,78652,426,45,7,279,18,0,0
59,14/09/2026 13:34,63,resource,815,78652,425,46,7,318,18,0,0
60,14/09/2026 13:34,63,resource,781,78652,430,44,7,280,18,0,0
61,14/09/2026 13:34,63,resource,785,78652,430,47,7,281,18,0,0
62,14/09/2026 13:34,63,resource,776,78652,426,45,6,278,18,0,0
63,14/09/2026 13:34,63,resource,777,78652,426,46,6,278,18,0,0
64,14/09/2026 13:34,63,resource,785,78652,430,45,7,284,18,0,0
65,14/09/2026 13:34,63,resource,783,78652,430,44,7,282,18,0,0
66,14/09/2026 13:34,63,resource,785,78652,430,47,6,282,18,0,0
67,14/09/2026 13:34,63,resource,784,78652,438,43,6,277,18,0,0
68,14/09/2026 13:34,63,resource,786,78652,434,44,6,281,19,0,0
69,14/09/2026 13:34,63,resource,781,78652,429,45,7,279,18,0,0
70,14/09/2026 13:34,63,resource,785,78652,433,46,7,279,18,0,0
71,14/09/2026 13:34,63,resource,788,78652,434,46,7,282,18,0,0
72,14/09/2026 13:34,63,resource,777,78652,427,44,7,279,18,0,0
73,14/09/2026 13:34,63,resource,783,78652,428,45,7,283,18,0,0
74,14/09/2026 13:34,63,resource,780,78652,429,44,6,280,18,0,0
75,14/09/2026 13:34,63,resource,795,78652,427,45,7,294,20,0,0
76,14/09/2026 13:34,63,resource,775,78652,424,46,7,278,18,0,0
77,14/09/2026 13:34,63,resource,786,78652,431,46,7,282,18,0,0
78,14/09/2026 13:34,63,resource,787,78652,437,46,7,278,18,0,0
79,14/09/2026 13:34,63,resource,779,78652,429,45,6,279,18,0,0
80,14/09/2026 13:34,63,resource,783,78652,428,43,7,284,18,0,0
81,14/09/2026 13:34,63,resource,799,78652,427,44,7,300,19,0,0
82,14/09/2026 13:34,63,resource,776,78652,426,46,6,278,18,0,0
83,14/09/2026 13:34,63,resource,776,78652,428,45,6,277,18,0,0
84,14/09/2026 13:34,63,resource,776,78652,428,45,6,277,18,0,0
85,14/09/2026 13:34,63,resource,782,78652,430,44,7,281,19,0,0
86,14/09/2026 13:34,63,resource,773,78652,423,47,7,276,18,0,0
87,14/09/2026 13:34,63,resource,786,78652,434,45,7,281,18,0,0
88,14/09/2026 13:34,63,resource,775,78653,426,44,6,278,18,0,0
89,14/09/2026 13:34,63,resource,828,78652,433,59,7,308,19,0,0
90,14/09/2026 13:34,63,resource,819,78652,450,52,10,287,18,0,0
91,14/09/2026 13:35,63,resource,777,78652,427,45,6,279,18,0,0
92,14/09/2026 13:35,63,resource,782,78652,431,45,7,279,19,0,0
93,14/09/2026 13:35,63,resource,786,78652,431,45,6,283,19,0,0
94,14/09/2026 13:35,63,resource,784,78652,431,44,6,281,19,0,0
95,14/09/2026 13:35,63,resource,780,78652,427,43,6,282,18,0,0
96,14/09/2026 13:35,63,resource,814,78652,431,56,10,297,18,0,0
97,14/09/2026 13:35,63,resource,780,78652,427,46,7,281,18,0,0
98,14/09/2026 13:35,63,resource,777,78652,425,46,6,280,18,0,0
99,14/09/2026 13:35,63,resource,779,78652,427,46,7,280,18,0,0
100,14/09/2026 13:35,63,resource,777,78652,427,46,7,278,18,0,0
101,14/09/2026 13:35,63,resource,832,78652,433,60,8,308,22,0,0
102,14/09/2026 13:35,63,resource,799,78652,433,46,7,292,18,0,0
103,14/09/2026 13:35,63,resource,787,78652,434,45,7,282,18,0,0
104,14/09/2026 13:35,63,resource,814,78652,432,45,6,302,26,0,0
105,14/09/2026 13:35,63,resource,780,78652,427,46,6,281,18,0,0
106,14/09/2026 13:35,63,resource,805,78652,432,46,6,300,19,0,0
107,14/09/2026 13:35,63,resource,828,78652,439,57,7,304,19,0,0
108,14/09/2026 13:35,63,resource,782,78652,429,45,7,281,18,0,0
109,14/09/2026 13:35,63,resource,790,78652,434,46,7,283,18,0,0
110,14/09/2026 13:35,63,resource,785,78652,432,45,6,281,19,0,0
111,14/09/2026 13:35,63,resource,783,78652,431,44,7,280,19,0,0
112,14/09/2026 13:35,63,resource,794,78652,426,45,6,296,18,0,0
113,14/09/2026 13:35,63,resource,778,78652,428,45,6,279,18,0,0
114,14/09/2026 13:35,63,resource,780,78652,427,45,6,281,18,0,0
115,14/09/2026 13:35,63,resource,788,78652,424,47,7,290,18,0,0
116,14/09/2026 13:35,63,resource,832,78652,447,54,10,302,18,0,0
117,14/09/2026 13:35,63,resource,778,78652,429,44,6,278,18,0,0
118,14/09/2026 13:35,63,resource,844,78652,456,59,10,299,18,0,0
119,14/09/2026 13:35,63,resource,801,78652,431,45,7,298,18,0,0
120,14/09/2026 13:35,63,resource,776,78652,427,44,6,278,18,0,0
121,14/09/2026 13:35,63,resource,799,78652,432,44,6,295,18,0,0
122,14/09/2026 13:35,63,resource,794,78653,433,47,7,286,18,0,0
123,14/09/2026 13:35,63,resource,790,78652,434,45,7,284,18,0,0
124,14/09/2026 13:35,63,resource,783,78652,428,47,6,280,19,0,0
125,14/09/2026 13:35,63,resource,782,78652,431,45,7,279,18,0,0
126,14/09/2026 13:35,63,resource,793,78652,442,44,7,280,18,0,0
127,14/09/2026 13:35,63,resource,801,78652,429,44,6,297,23,0,0
128,14/09/2026 13:35,63,resource,785,78652,433,45,7,281,18,0,0
129,14/09/2026 13:35,63,resource,785,78652,431,46,6,282,18,0,0
130,14/09/2026 13:35,63,resource,851,78652,465,58,8,300,18,0,0
131,14/09/2026 13:35,63,resource,784,78652,429,46,7,281,18,0,0
132,14/09/2026 13:35,63,resource,812,78652,427,45,7,313,18,0,0
133,14/09/2026 13:35,63,resource,782,78652,431,45,7,280,18,0,0
134,14/09/2026 13:35,63,resource,782,78652,427,46,7,282,19,0,0
135,14/09/2026 13:35,63,resource,802,78652,435,60,10,277,18,0,0
136,14/09/2026 13:35,63,resource,852,78652,458,63,7,303,18,0,0
137,14/09/2026 13:35,63,resource,781,78652,429,46,6,279,18,0,0
138,14/09/2026 13:35,63,resource,780,78652,429,45,6,280,18,0,0
139,14/09/2026 13:35,63,resource,784,78652,433,45,6,279,18,0,0
140,14/09/2026 13:35,63,resource,781,78652,430,44,7,281,18,0,0
141,14/09/2026 13:35,63,resource,813,78652,429,54,10,300,18,0,0
142,14/09/2026 13:35,63,resource,811,78652,434,53,9,294,18,0,0
143,14/09/2026 13:35,63,resource,789,78652,427,46,7,289,18,0,0
144,14/09/2026 13:35,63,resource,783,78652,427,44,6,285,18,0,0
145,14/09/2026 13:35,63,resource,777,78652,428,45,7,277,18,0,0
146,14/09/2026 13:35,63,resource,779,78652,426,48,6,279,18,0,0
147,14/09/2026 13:35,63,resource,783,78652,430,44,6,282,19,0,0
148,14/09/2026 13:35,63,resource,779,78652,428,45,6,280,18,0,0
149,14/09/2026 13:35,63,resource,778,78652,428,46,6,276,18,0,0
150,14/09/2026 13:35,63,resource,802,78652,443,53,7,280,18,0,0
151,14/09/2026 13:35,63,resource,810,78652,426,44,8,313,18,0,0
152,14/09/2026 13:35,63,resource,784,78652,432,44,6,282,18,0,0
153,14/09/2026 13:35,63,resource,814,78652,440,45,7,302,19,0,0
154,14/09/2026 13:35,63,resource,789,78652,431,45,7,286,18,0,0
155,14/09/2026 13:35,63,resource,782,78652,430,46,6,279,18,0,0
156,14/09/2026 13:35,63,resource,785,78652,432,46,6,281,18,0,0
157,14/09/2026 13:36,63,resource,807,78652,428,48,8,303,19,0,0
158,14/09/2026 13:36,63,resource,830,78652,434,54,10,313,18,0,0
159,14/09/2026 13:36,63,resource,781,78652,430,47,6,279,18,0,0
160,14/09/2026 13:36,63,resource,802,78652,441,56,8,277,18,0,0
161,14/09/2026 13:36,63,resource,831,78652,451,52,10,298,18,0,0
162,14/09/2026 13:36,63,resource,780,78652,428,45,6,280,18,0,0
163,14/09/2026 13:36,63,resource,771,78652,422,46,7,277,18,0,0
164,14/09/2026 13:36,63,resource,782,78652,433,45,7,278,18,0,0
165,14/09/2026 13:36,63,resource,788,78652,433,45,7,282,18,0,0
166,14/09/2026 13:36,63,resource,805,78652,431,46,6,303,18,0,0
167,14/09/2026 13:36,63,resource,786,78652,438,45,7,276,19,0,0
168,14/09/2026 13:36,63,resource,783,78652,430,46,7,280,18,0,0
169,14/09/2026 13:36,63,resource,801,78652,425,57,10,288,19,0,0
170,14/09/2026 13:36,63,resource,803,78653,442,49,7,284,18,0,0
171,14/09/2026 13:36,63,resource,786,78652,434,47,6,279,18,0,0
172,14/09/2026 13:36,63,resource,784,78652,429,48,6,280,18,0,0
173,14/09/2026 13:36,63,resource,777,78652,426,43,7,281,18,0,0
174,14/09/2026 13:36,63,resource,782,78652,428,44,6,282,18,0,0
175,14/09/2026 13:36,63,resource,812,78652,447,51,10,283,18,0,0
176,14/09/2026 13:36,63,resource,781,78652,429,46,6,279,18,0,0
177,14/09/2026 13:36,63,resource,815,78653,426,45,6,314,21,0,0
178,14/09/2026 13:36,63,resource,824,78652,451,59,10,285,18,0,0
179,14/09/2026 13:36,63,resource,776,78652,427,44,7,278,18,0,0
180,14/09/2026 13:36,63,resource,778,78652,428,44,6,279,19,0,0
181,14/09/2026 13:36,63,resource,776,78652,425,45,7,278,19,0,0
182,14/09/2026 13:36,63,resource,772,78652,424,45,6,277,18,0,0
183,14/09/2026 13:36,63,resource,785,78652,430,47,6,281,18,0,0
184,14/09/2026 13:36,63,resource,793,78652,428,46,7,293,17,0,0
185,14/09/2026 13:36,63,resource,824,78652,456,52,7,289,18,0,0
186,14/09/2026 13:36,63,resource,791,78652,433,47,7,284,19,0,0
187,14/09/2026 13:36,63,resource,787,78652,438,45,7,276,18,0,0
188,14/09/2026 13:36,63,resource,777,78652,427,46,7,278,18,0,0
189,14/09/2026 13:36,63,resource,778,78653,428,44,7,280,18,0,0
190,14/09/2026 13:36,63,resource,776,78652,426,44,6,279,19,0,0
191,14/09/2026 13:36,63,resource,783,78652,429,45,6,282,18,0,0
192,14/09/2026 13:36,63,resource,783,78652,431,45,7,280,18,0,0
193,14/09/2026 13:36,63,resource,787,78652,431,46,7,283,18,0,0
194,14/09/2026 13:36,63,resource,776,78652,426,46,6,277,18,0,0
195,14/09/2026 13:36,63,resource,834,78652,442,54,8,310,19,0,0
196,14/09/2026 13:36,63,resource,779,78652,427,45,6,280,18,0,0
197,14/09/2026 13:36,63,resource,774,78652,426,46,6,277,18,0,0
198,14/09/2026 13:36,63,resource,787,78652,431,48,7,282,18,0,0
199,14/09/2026 13:36,63,resource,776,78652,428,44,6,278,18,0,0
200,14/09/2026 13:36,63,resource,796,78652,428,45,7,296,19,0,0
1,14/09/2026 13:36,72,resource,968,78652,519,107,7,314,19,0,0
2,14/09/2026 13:36,72,resource,808,78652,433,56,10,288,19,0,0
3,14/09/2026 13:36,72,resource,848,78652,437,55,8,328,19,0,0
4,14/09/2026 13:36,72,resource,789,78652,430,51,7,281,19,0,0
5,14/09/2026 13:36,72,resource,787,78652,429,49,7,282,18,0,0
6,14/09/2026 13:36,72,resource,787,78652,430,49,7,282,18,0,0
7,14/09/2026 13:36,72,resource,795,78652,437,50,7,281,19,0,0
8,14/09/2026 13:36,72,resource,791,78652,430,49,7,283,21,0,0
9,14/09/2026 13:36,72,resource,828,78652,427,63,7,310,18,0,0
10,14/09/2026 13:36,72,resource,786,78652,428,48,6,283,19,0,0
11,14/09/2026 13:36,72,resource,787,78652,425,49,7,287,18,0,0
12,14/09/2026 13:36,72,resource,813,78652,427,48,7,309,20,0,0
13,14/09/2026 13:36,72,resource,817,78652,428,48,7,313,19,0,0
14,14/09/2026 13:36,72,resource,828,78652,442,62,11,293,18,0,0
15,14/09/2026 13:36,72,resource,786,78652,429,49,6,281,19,0,0
16,14/09/2026 13:36,72,resource,787,78652,430,47,7,283,18,0,0
17,14/09/2026 13:36,72,resource,857,78652,431,54,11,341,19,0,0
18,14/09/2026 13:36,72,resource,865,78652,463,61,8,312,19,0,0
19,14/09/2026 13:36,72,resource,819,78652,427,52,8,311,20,0,0
20,14/09/2026 13:36,72,resource,794,78652,433,49,7,285,19,0,0
21,14/09/2026 13:37,72,resource,803,78652,424,47,7,303,19,0,0
22,14/09/2026 13:37,72,resource,781,78652,425,49,7,280,19,0,0
23,14/09/2026 13:37,72,resource,779,78652,424,47,7,280,18,0,0
24,14/09/2026 13:37,72,resource,841,78652,439,67,8,305,20,0,0
25,14/09/2026 13:37,72,resource,802,78652,435,49,7,290,19,0,0
26,14/09/2026 13:37,72,resource,783,78652,428,48,7,281,18,0,0
27,14/09/2026 13:37,72,resource,790,78652,432,49,7,282,18,0,0
28,14/09/2026 13:37,72,resource,845,78652,441,64,8,310,19,0,0
29,14/09/2026 13:37,72,resource,783,78652,427,49,7,280,18,0,0
30,14/09/2026 13:37,72,resource,784,78653,429,46,6,281,19,0,0
31,14/09/2026 13:37,72,resource,853,78652,441,57,10,322,22,0,0
32,14/09/2026 13:37,72,resource,784,78652,429,48,6,280,18,0,0
33,14/09/2026 13:37,72,resource,785,78652,427,48,7,283,18,0,0
34,14/09/2026 13:37,72,resource,788,78652,429,47,7,284,18,0,0
35,14/09/2026 13:37,72,resource,822,78652,432,54,8,308,19,0,0
36,14/09/2026 13:37,72,resource,842,78652,428,56,10,327,19,0,0
37,14/09/2026 13:37,72,resource,824,78652,431,53,7,307,24,0,0
38,14/09/2026 13:37,72,resource,786,78652,429,50,7,280,19,0,0
39,14/09/2026 13:37,72,resource,835,78652,439,55,7,312,20,0,0
40,14/09/2026 13:37,72,resource,780,78652,427,46,7,280,18,0,0
41,14/09/2026 13:37,72,resource,785,78652,427,48,7,283,18,0,0
42,14/09/2026 13:37,72,resource,829,78652,443,63,10,291,19,0,0
43,14/09/2026 13:37,72,resource,788,78652,429,49,7,283,18,0,0
44,14/09/2026 13:37,72,resource,791,78652,432,48,7,284,19,0,0
45,14/09/2026 13:37,72,resource,785,78652,430,49,7,279,18,0,0
46,14/09/2026 13:37,72,resource,787,78652,426,48,6,286,19,0,0
47,14/09/2026 13:37,72,resource,795,78652,429,49,7,291,18,0,0
48,14/09/2026 13:37,72,resource,809,78652,436,59,10,284,18,0,0
49,14/09/2026 13:37,72,resource,784,78652,427,47,6,283,18,0,0
50,14/09/2026 13:37,72,resource,799,78652,429,52,7,290,18,0,0
51,14/09/2026 13:37,72,resource,821,78652,442,59,9,290,18,0,0
52,14/09/2026 13:37,72,resource,797,78652,438,50,7,283,18,0,0
53,14/09/2026 13:37,72,resource,786,78652,428,48,7,283,19,0,0
54,14/09/2026 13:37,72,resource,783,78652,428,47,7,281,18,0,0
55,14/09/2026 13:37,72,resource,785,78652,428,48,7,281,18,0,0
56,14/09/2026 13:37,72,resource,795,78652,439,47,7,282,18,0,0
57,14/09/2026 13:37,72,resource,788,78652,429,49,7,282,18,0,0
58,14/09/2026 13:37,72,resource,802,78652,446,48,6,281,18,0,0
59,14/09/2026 13:37,72,resource,795,78652,431,49,7,288,19,0,0
60,14/09/2026 13:37,72,resource,782,78652,427,47,7,280,18,0,0
61,14/09/2026 13:37,72,resource,851,78652,436,65,10,314,24,0,0
62,14/09/2026 13:37,72,resource,780,78652,424,48,7,281,18,0,0
63,14/09/2026 13:37,72,resource,799,78652,439,50,7,282,19,0,0
64,14/09/2026 13:37,72,resource,792,78652,433,50,7,282,18,0,0
65,14/09/2026 13:37,72,resource,831,78652,432,57,8,313,19,0,0
66,14/09/2026 13:37,72,resource,807,78652,455,48,7,278,18,0,0
67,14/09/2026 13:37,72,resource,789,78652,430,49,7,282,18,0,0
68,14/09/2026 13:37,72,resource,785,78652,429,49,6,281,18,0,0
69,14/09/2026 13:37,72,resource,803,78652,439,56,7,282,18,0,0
70,14/09/2026 13:37,72,resource,781,78652,427,47,7,279,18,0,0
71,14/09/2026 13:37,72,resource,807,78652,429,53,8,298,18,0,0
72,14/09/2026 13:37,72,resource,791,78652,428,52,7,284,18,0,0
73,14/09/2026 13:37,72,resource,781,78652,425,48,6,280,19,0,0
74,14/09/2026 13:37,72,resource,783,78652,427,47,7,281,19,0,0
75,14/09/2026 13:37,72,resource,786,78652,429,50,7,280,18,0,0
76,14/09/2026 13:37,72,resource,788,78652,430,49,7,282,18,0,0
77,14/09/2026 13:37,72,resource,805,78652,427,55,8,296,18,0,0
78,14/09/2026 13:37,72,resource,785,78652,429,49,7,281,19,0,0
79,14/09/2026 13:37,72,resource,781,78652,427,48,7,279,18,0,0
80,14/09/2026 13:37,72,resource,781,78652,426,49,7,279,18,0,0
81,14/09/2026 13:37,72,resource,795,78652,431,50,7,286,19,0,0
82,14/09/2026 13:37,72,resource,786,78652,426,50,6,283,18,0,0
83,14/09/2026 13:37,72,resource,786,78652,428,49,7,282,19,0,0
84,14/09/2026 13:37,72,resource,786,78652,429,50,7,281,18,0,0
85,14/09/2026 13:37,72,resource,779,78652,424,48,7,280,18,0,0
86,14/09/2026 13:38,72,resource,784,78652,428,50,6,280,18,0,0
87,14/09/2026 13:38,72,resource,786,78652,428,50,7,282,18,0,0
88,14/09/2026 13:38,72,resource,807,78652,430,51,7,298,20,0,0
89,14/09/2026 13:38,72,resource,782,78652,426,48,7,281,18,0,0
90,14/09/2026 13:38,72,resource,781,78652,428,47,7,279,18,0,0
91,14/09/2026 13:38,72,resource,799,78652,435,50,7,287,19,0,0
92,14/09/2026 13:38,72,resource,777,78652,424,47,7,279,18,0,0
93,14/09/2026 13:38,72,resource,786,78653,429,48,7,282,18,0,0
94,14/09/2026 13:38,72,resource,816,78652,446,59,9,283,18,0,0
95,14/09/2026 13:38,72,resource,799,78652,431,55,9,284,18,0,0
96,14/09/2026 13:38,72,resource,782,78652,429,46,6,280,18,0,0
97,14/09/2026 13:38,72,resource,798,78652,438,49,7,284,18,0,0
98,14/09/2026 13:38,72,resource,788,78652,430,50,7,282,19,0,0
99,14/09/2026 13:38,72,resource,787,78652,429,50,7,280,20,0,0
100,14/09/2026 13:38,72,resource,779,78652,425,49,6,278,18,0,0
101,14/09/2026 13:38,72,resource,830,78652,432,54,11,313,20,0,0
102,14/09/2026 13:38,72,resource,813,78652,426,48,6,312,19,0,0
103,14/09/2026 13:38,72,resource,781,78652,427,47,7,280,18,0,0
104,14/09/2026 13:38,72,resource,788,78652,430,49,7,282,18,0,0
105,14/09/2026 13:38,72,resource,794,78652,438,47,7,281,18,0,0
106,14/09/2026 13:38,72,resource,795,78652,430,58,8,281,18,0,0
107,14/09/2026 13:38,72,resource,791,78652,432,49,7,283,18,0,0
108,14/09/2026 13:38,72,resource,782,78653,426,48,7,281,18,0,0
109,14/09/2026 13:38,72,resource,791,78652,432,49,7,283,18,0,0
110,14/09/2026 13:38,72,resource,784,78652,429,49,7,279,19,0,0
111,14/09/2026 13:38,72,resource,841,78652,431,56,8,315,28,0,0
112,14/09/2026 13:38,72,resource,785,78652,429,49,7,280,18,0,0
113,14/09/2026 13:38,72,resource,783,78652,428,48,7,280,18,0,0
114,14/09/2026 13:38,72,resource,810,78652,429,47,7,306,19,0,0
115,14/09/2026 13:38,72,resource,784,78652,427,48,7,282,19,0,0
116,14/09/2026 13:38,72,resource,835,78652,440,57,8,309,19,0,0
117,14/09/2026 13:38,72,resource,781,78652,427,49,7,278,19,0,0
118,14/09/2026 13:38,72,resource,787,78652,429,47,7,283,18,0,0
119,14/09/2026 13:38,72,resource,819,78652,448,62,7,282,18,0,0
120,14/09/2026 13:38,72,resource,786,78652,432,46,7,281,18,0,0
121,14/09/2026 13:38,72,resource,792,78652,433,49,7,283,19,0,0
122,14/09/2026 13:38,72,resource,801,78652,434,52,8,286,18,0,0
123,14/09/2026 13:38,72,resource,818,78652,437,68,9,284,18,0,0
124,14/09/2026 13:38,72,resource,860,78652,451,65,9,315,18,0,0
125,14/09/2026 13:38,72,resource,784,78652,427,48,7,282,19,0,0
126,14/09/2026 13:38,72,resource,788,78652,428,49,7,284,18,0,0
127,14/09/2026 13:38,72,resource,792,78652,431,50,7,284,18,0,0
128,14/09/2026 13:38,72,resource,798,78652,431,55,7,281,22,0,0
129,14/09/2026 13:38,72,resource,790,78652,430,49,7,284,18,0,0
130,14/09/2026 13:38,72,resource,786,78652,429,48,7,282,18,0,0
131,14/09/2026 13:38,72,resource,787,78652,430,49,7,281,18,0,0
132,14/09/2026 13:38,72,resource,787,78653,428,50,7,282,18,0,0
133,14/09/2026 13:38,72,resource,792,78652,435,50,7,280,19,0,0
134,14/09/2026 13:38,72,resource,790,78652,432,50,7,282,18,0,0
135,14/09/2026 13:38,72,resource,790,78652,431,49,7,283,19,0,0
136,14/09/2026 13:38,72,resource,843,78653,447,64,10,302,19,0,0
137,14/09/2026 13:38,72,resource,810,78652,432,49,7,302,18,0,0
138,14/09/2026 13:38,72,resource,794,78652,431,49,7,288,18,0,0
139,14/09/2026 13:38,72,resource,782,78652,424,50,7,281,18,0,0
140,14/09/2026 13:38,72,resource,788,78652,431,47,7,282,19,0,0
141,14/09/2026 13:38,72,resource,784,78652,428,49,7,280,19,0,0
142,14/09/2026 13:38,72,resource,780,78652,426,46,7,280,19,0,0
143,14/09/2026 13:38,72,resource,789,78652,436,47,7,278,18,0,0
144,14/09/2026 13:38,72,resource,783,78652,425,49,6,281,18,0,0
145,14/09/2026 13:38,72,resource,787,78652,429,50,7,281,18,0,0
146,14/09/2026 13:38,72,resource,786,78652,428,50,6,283,18,0,0
147,14/09/2026 13:38,72,resource,824,78652,431,56,8,306,20,0,0
148,14/09/2026 13:38,72,resource,836,78652,448,62,8,297,18,0,0
149,14/09/2026 13:38,72,resource,777,78652,426,47,7,277,18,0,0
150,14/09/2026 13:38,72,resource,809,78652,428,49,7,304,19,0,0
151,14/09/2026 13:38,72,resource,781,78652,426,48,7,279,18,0,0
152,14/09/2026 13:39,72,resource,782,78652,426,49,7,280,18,0,0
153,14/09/2026 13:39,72,resource,789,78652,430,48,6,283,19,0,0
154,14/09/2026 13:39,72,resource,792,78652,430,50,7,285,18,0,0
155,14/09/2026 13:39,72,resource,835,78652,441,61,8,305,19,0,0
156,14/09/2026 13:39,72,resource,784,78652,427,50,7,281,18,0,0
157,14/09/2026 13:39,72,resource,788,78652,430,47,7,283,18,0,0
158,14/09/2026 13:39,72,resource,782,78652,427,48,7,280,18,0,0
159,14/09/2026 13:39,72,resource,787,78652,432,46,7,282,19,0,0
160,14/09/2026 13:39,72,resource,788,78652,429,48,7,283,18,0,0
161,14/09/2026 13:39,72,resource,815,78652,432,51,7,303,20,0,0
162,14/09/2026 13:39,72,resource,789,78652,430,48,7,283,19,0,0
163,14/09/2026 13:39,72,resource,785,78652,428,49,7,282,18,0,0
164,14/09/2026 13:39,72,resource,786,78652,428,50,7,281,18,0,0
165,14/09/2026 13:39,72,resource,787,78652,431,48,7,281,18,0,0
166,14/09/2026 13:39,72,resource,782,78652,428,47,7,280,19,0,0
167,14/09/2026 13:39,72,resource,790,78652,431,48,7,284,18,0,0
168,14/09/2026 13:39,72,resource,787,78652,430,49,6,282,18,0,0
169,14/09/2026 13:39,72,resource,835,78652,438,54,8,315,18,0,0
170,14/09/2026 13:39,72,resource,790,78652,431,49,7,283,18,0,0
171,14/09/2026 13:39,72,resource,798,78652,426,64,7,281,18,0,0
172,14/09/2026 13:39,72,resource,791,78652,434,50,7,280,17,0,0
173,14/09/2026 13:39,72,resource,785,78652,430,48,7,281,18,0,0
174,14/09/2026 13:39,72,resource,789,78652,430,50,6,282,19,0,0
175,14/09/2026 13:39,72,resource,781,78652,427,46,7,280,18,0,0
176,14/09/2026 13:39,72,resource,773,78652,418,49,6,279,18,0,0
177,14/09/2026 13:39,72,resource,803,78652,431,49,7,294,21,0,0
178,14/09/2026 13:39,72,resource,781,78652,426,47,7,281,18,0,0
179,14/09/2026 13:39,72,resource,782,78652,428,47,6,281,18,0,0
180,14/09/2026 13:39,72,resource,818,78652,430,49,8,310,19,0,0
181,14/09/2026 13:39,72,resource,797,78652,441,49,6,280,18,0,0
182,14/09/2026 13:39,72,resource,785,78653,431,48,7,279,19,0,0
183,14/09/2026 13:39,72,resource,782,78652,428,47,6,279,18,0,0
184,14/09/2026 13:39,72,resource,809,78652,434,53,8,293,19,0,0
185,14/09/2026 13:39,72,resource,780,78652,424,50,7,279,18,0,0
186,14/09/2026 13:39,72,resource,789,78652,431,48,7,282,18,0,0
187,14/09/2026 13:39,72,resource,816,78652,429,60,10,297,18,0,0
188,14/09/2026 13:39,72,resource,785,78652,429,49,7,280,18,0,0
189,14/09/2026 13:39,72,resource,785,78652,431,47,7,280,18,0,0
190,14/09/2026 13:39,72,resource,820,78652,432,51,8,309,18,0,0
191,14/09/2026 13:39,72,resource,793,78652,433,50,7,283,18,0,0
192,14/09/2026 13:39,72,resource,784,78652,428,47,7,282,18,0,0
193,14/09/2026 13:39,72,resource,797,78653,431,49,7,290,18,0,0
194,14/09/2026 13:39,72,resource,777,78652,422,49,6,279,18,0,0
195,14/09/2026 13:39,72,resource,791,78652,431,50,7,283,18,0,0
196,14/09/2026 13:39,72,resource,783,78652,430,46,7,280,18,0,0
197,14/09/2026 13:39,72,resource,791,78652,428,51,7,285,18,0,0
198,14/09/2026 13:39,72,resource,784,78652,428,49,7,281,18,0,0
199,14/09/2026 13:39,72,resource,787,78652,429,50,7,282,19,0,0
200,14/09/2026 13:39,72,resource,780,78652,427,48,6,279,18,0,0
